  0
SECTION
  2
HEADER
  9
$ACADVER
  1
AC1032
  9
$ACADMAINTVER
 90
4
  9
$DWGCODEPAGE
  3
ANSI_1252
  9
$LASTSAVEDBY
  1
ezdxf
  9
$REQUIREDVERSIONS
160
0
  9
$INSBASE
 10
0.0
 20
0.0
 30
0.0
  9
$EXTMIN
 10
1e+20
 20
1e+20
 30
1e+20
  9
$EXTMAX
 10
-1e+20
 20
-1e+20
 30
-1e+20
  9
$LIMMIN
 10
0.0
 20
0.0
  9
$LIMMAX
 10
420.0
 20
297.0
  9
$ORTHOMODE
 70
0
  9
$REGENMODE
 70
1
  9
$FILLMODE
 70
1
  9
$QTEXTMODE
 70
0
  9
$MIRRTEXT
 70
1
  9
$LTSCALE
 40
1.0
  9
$ATTMODE
 70
1
  9
$TEXTSIZE
 40
2.5
  9
$TRACEWID
 40
1.0
  9
$TEXTSTYLE
  7
Standard
  9
$CLAYER
  8
0
  9
$CELTYPE
  6
ByLayer
  9
$CECOLOR
 62
256
  9
$CELTSCALE
 40
1.0
  9
$DISPSILH
 70
0
  9
$DIMSCALE
 40
1.0
  9
$DIMASZ
 40
2.5
  9
$DIMEXO
 40
0.625
  9
$DIMDLI
 40
3.75
  9
$DIMRND
 40
0.0
  9
$DIMDLE
 40
0.0
  9
$DIMEXE
 40
1.25
  9
$DIMTP
 40
0.0
  9
$DIMTM
 40
0.0
  9
$DIMTXT
 40
2.5
  9
$DIMCEN
 40
2.5
  9
$DIMTSZ
 40
0.0
  9
$DIMTOL
 70
0
  9
$DIMLIM
 70
0
  9
$DIMTIH
 70
0
  9
$DIMTOH
 70
0
  9
$DIMSE1
 70
0
  9
$DIMSE2
 70
0
  9
$DIMTAD
 70
1
  9
$DIMZIN
 70
8
  9
$DIMBLK
  1

  9
$DIMASO
 70
1
  9
$DIMSHO
 70
1
  9
$DIMPOST
  1

  9
$DIMAPOST
  1

  9
$DIMALT
 70
0
  9
$DIMALTD
 70
3
  9
$DIMALTF
 40
0.03937007874
  9
$DIMLFAC
 40
1.0
  9
$DIMTOFL
 70
1
  9
$DIMTVP
 40
0.0
  9
$DIMTIX
 70
0
  9
$DIMSOXD
 70
0
  9
$DIMSAH
 70
0
  9
$DIMBLK1
  1

  9
$DIMBLK2
  1

  9
$DIMSTYLE
  2
ISO-25
  9
$DIMCLRD
 70
0
  9
$DIMCLRE
 70
0
  9
$DIMCLRT
 70
0
  9
$DIMTFAC
 40
1.0
  9
$DIMGAP
 40
0.625
  9
$DIMJUST
 70
0
  9
$DIMSD1
 70
0
  9
$DIMSD2
 70
0
  9
$DIMTOLJ
 70
0
  9
$DIMTZIN
 70
8
  9
$DIMALTZ
 70
0
  9
$DIMALTTZ
 70
0
  9
$DIMUPT
 70
0
  9
$DIMDEC
 70
2
  9
$DIMTDEC
 70
2
  9
$DIMALTU
 70
2
  9
$DIMALTTD
 70
3
  9
$DIMTXSTY
  7
Standard
  9
$DIMAUNIT
 70
0
  9
$DIMADEC
 70
0
  9
$DIMALTRND
 40
0.0
  9
$DIMAZIN
 70
0
  9
$DIMDSEP
 70
44
  9
$DIMATFIT
 70
3
  9
$DIMFRAC
 70
0
  9
$DIMLDRBLK
  1

  9
$DIMLUNIT
 70
2
  9
$DIMLWD
 70
-2
  9
$DIMLWE
 70
-2
  9
$DIMTMOVE
 70
0
  9
$DIMFXL
 40
1.0
  9
$DIMFXLON
 70
0
  9
$DIMJOGANG
 40
0.785398163397
  9
$DIMTFILL
 70
0
  9
$DIMTFILLCLR
 70
0
  9
$DIMARCSYM
 70
0
  9
$DIMLTYPE
  6

  9
$DIMLTEX1
  6

  9
$DIMLTEX2
  6

  9
$DIMTXTDIRECTION
 70
0
  9
$LUNITS
 70
2
  9
$LUPREC
 70
4
  9
$SKETCHINC
 40
1.0
  9
$FILLETRAD
 40
10.0
  9
$AUNITS
 70
0
  9
$AUPREC
 70
2
  9
$MENU
  1
.
  9
$ELEVATION
 40
0.0
  9
$PELEVATION
 40
0.0
  9
$THICKNESS
 40
0.0
  9
$LIMCHECK
 70
0
  9
$CHAMFERA
 40
0.0
  9
$CHAMFERB
 40
0.0
  9
$CHAMFERC
 40
0.0
  9
$CHAMFERD
 40
0.0
  9
$SKPOLY
 70
0
  9
$TDCREATE
 40
2461317.3162152776
  9
$TDUCREATE
 40
2458532.153996898
  9
$TDUPDATE
 40
2461317.3162152776
  9
$TDUUPDATE
 40
2458532.1544311
  9
$TDINDWG
 40
0.0
  9
$TDUSRTIMER
 40
0.0
  9
$USRTIMER
 70
1
  9
$ANGBASE
 50
0.0
  9
$ANGDIR
 70
0
  9
$PDMODE
 70
0
  9
$PDSIZE
 40
0.0
  9
$PLINEWID
 40
0.0
  9
$SPLFRAME
 70
0
  9
$SPLINETYPE
 70
6
  9
$SPLINESEGS
 70
8
  9
$HANDSEED
  5
3F2
  9
$SURFTAB1
 70
6
  9
$SURFTAB2
 70
6
  9
$SURFTYPE
 70
6
  9
$SURFU
 70
6
  9
$SURFV
 70
6
  9
$UCSBASE
  2

  9
$UCSNAME
  2

  9
$UCSORG
 10
0.0
 20
0.0
 30
0.0
  9
$UCSXDIR
 10
1.0
 20
0.0
 30
0.0
  9
$UCSYDIR
 10
0.0
 20
1.0
 30
0.0
  9
$UCSORTHOREF
  2

  9
$UCSORTHOVIEW
 70
0
  9
$UCSORGTOP
 10
0.0
 20
0.0
 30
0.0
  9
$UCSORGBOTTOM
 10
0.0
 20
0.0
 30
0.0
  9
$UCSORGLEFT
 10
0.0
 20
0.0
 30
0.0
  9
$UCSORGRIGHT
 10
0.0
 20
0.0
 30
0.0
  9
$UCSORGFRONT
 10
0.0
 20
0.0
 30
0.0
  9
$UCSORGBACK
 10
0.0
 20
0.0
 30
0.0
  9
$PUCSBASE
  2

  9
$PUCSNAME
  2

  9
$PUCSORG
 10
0.0
 20
0.0
 30
0.0
  9
$PUCSXDIR
 10
1.0
 20
0.0
 30
0.0
  9
$PUCSYDIR
 10
0.0
 20
1.0
 30
0.0
  9
$PUCSORTHOREF
  2

  9
$PUCSORTHOVIEW
 70
0
  9
$PUCSORGTOP
 10
0.0
 20
0.0
 30
0.0
  9
$PUCSORGBOTTOM
 10
0.0
 20
0.0
 30
0.0
  9
$PUCSORGLEFT
 10
0.0
 20
0.0
 30
0.0
  9
$PUCSORGRIGHT
 10
0.0
 20
0.0
 30
0.0
  9
$PUCSORGFRONT
 10
0.0
 20
0.0
 30
0.0
  9
$PUCSORGBACK
 10
0.0
 20
0.0
 30
0.0
  9
$USERI1
 70
0
  9
$USERI2
 70
0
  9
$USERI3
 70
0
  9
$USERI4
 70
0
  9
$USERI5
 70
0
  9
$USERR1
 40
0.0
  9
$USERR2
 40
0.0
  9
$USERR3
 40
0.0
  9
$USERR4
 40
0.0
  9
$USERR5
 40
0.0
  9
$WORLDVIEW
 70
1
  9
$SHADEDGE
 70
3
  9
$SHADEDIF
 70
70
  9
$TILEMODE
 70
1
  9
$MAXACTVP
 70
64
  9
$PINSBASE
 10
0.0
 20
0.0
 30
0.0
  9
$PLIMCHECK
 70
0
  9
$PEXTMIN
 10
1e+20
 20
1e+20
 30
1e+20
  9
$PEXTMAX
 10
-1e+20
 20
-1e+20
 30
-1e+20
  9
$PLIMMIN
 10
0.0
 20
0.0
  9
$PLIMMAX
 10
420.0
 20
297.0
  9
$UNITMODE
 70
0
  9
$VISRETAIN
 70
1
  9
$PLINEGEN
 70
0
  9
$PSLTSCALE
 70
1
  9
$TREEDEPTH
 70
3020
  9
$CMLSTYLE
  2
Standard
  9
$CMLJUST
 70
0
  9
$CMLSCALE
 40
20.0
  9
$PROXYGRAPHICS
 70
1
  9
$MEASUREMENT
 70
1
  9
$CELWEIGHT
370
-1
  9
$ENDCAPS
280
0
  9
$JOINSTYLE
280
0
  9
$LWDISPLAY
290
0
  9
$INSUNITS
 70
6
  9
$HYPERLINKBASE
  1

  9
$STYLESHEET
  1

  9
$XEDIT
290
1
  9
$CEPSNTYPE
380
0
  9
$PSTYLEMODE
290
1
  9
$FINGERPRINTGUID
  2
{8324EEC1-6D9A-495A-B314-85D71A437326}
  9
$VERSIONGUID
  2
{F8C81414-1D48-4151-843A-37E4331A114E}
  9
$EXTNAMES
290
1
  9
$PSVPSCALE
 40
0.0
  9
$OLESTARTUP
290
0
  9
$SORTENTS
280
127
  9
$INDEXCTL
280
0
  9
$HIDETEXT
280
1
  9
$XCLIPFRAME
280
1
  9
$HALOGAP
280
0
  9
$OBSCOLOR
 70
257
  9
$OBSLTYPE
280
0
  9
$INTERSECTIONDISPLAY
280
0
  9
$INTERSECTIONCOLOR
 70
257
  9
$DIMASSOC
280
2
  9
$PROJECTNAME
  1

  9
$CAMERADISPLAY
290
0
  9
$LENSLENGTH
 40
50.0
  9
$CAMERAHEIGHT
 40
0.0
  9
$STEPSPERSEC
 40
24.0
  9
$STEPSIZE
 40
100.0
  9
$3DDWFPREC
 40
2.0
  9
$PSOLWIDTH
 40
0.005
  9
$PSOLHEIGHT
 40
0.08
  9
$LOFTANG1
 40
1.570796326795
  9
$LOFTANG2
 40
1.570796326795
  9
$LOFTMAG1
 40
0.0
  9
$LOFTMAG2
 40
0.0
  9
$LOFTPARAM
 70
7
  9
$LOFTNORMALS
280
1
  9
$LATITUDE
 40
37.795
  9
$LONGITUDE
 40
-122.394
  9
$NORTHDIRECTION
 40
0.0
  9
$TIMEZONE
 70
-8000
  9
$LIGHTGLYPHDISPLAY
280
1
  9
$TILEMODELIGHTSYNCH
280
1
  9
$CMATERIAL
347
20
  9
$SOLIDHIST
280
0
  9
$SHOWHIST
280
1
  9
$DWFFRAME
280
2
  9
$DGNFRAME
280
2
  9
$REALWORLDSCALE
290
1
  9
$INTERFERECOLOR
 62
256
  9
$CSHADOW
280
0
  9
$SHADOWPLANELOCATION
 40
0.0
  0
ENDSEC
  0
SECTION
  2
CLASSES
  0
CLASS
  1
ACDBDICTIONARYWDFLT
  2
AcDbDictionaryWithDefault
  3
ObjectDBX Classes
 90
0
 91
0
280
0
281
0
  0
CLASS
  1
SUN
  2
AcDbSun
  3
SCENEOE
 90
1153
 91
0
280
0
281
0
  0
CLASS
  1
VISUALSTYLE
  2
AcDbVisualStyle
  3
ObjectDBX Classes
 90
4095
 91
0
280
0
281
0
  0
CLASS
  1
MATERIAL
  2
AcDbMaterial
  3
ObjectDBX Classes
 90
1153
 91
0
280
0
281
0
  0
CLASS
  1
SCALE
  2
AcDbScale
  3
ObjectDBX Classes
 90
1153
 91
0
280
0
281
0
  0
CLASS
  1
TABLESTYLE
  2
AcDbTableStyle
  3
ObjectDBX Classes
 90
4095
 91
0
280
0
281
0
  0
CLASS
  1
MLEADERSTYLE
  2
AcDbMLeaderStyle
  3
ACDB_MLEADERSTYLE_CLASS
 90
4095
 91
0
280
0
281
0
  0
CLASS
  1
DICTIONARYVAR
  2
AcDbDictionaryVar
  3
ObjectDBX Classes
 90
0
 91
0
280
0
281
0
  0
CLASS
  1
CELLSTYLEMAP
  2
AcDbCellStyleMap
  3
ObjectDBX Classes
 90
1152
 91
0
280
0
281
0
  0
CLASS
  1
MENTALRAYRENDERSETTINGS
  2
AcDbMentalRayRenderSettings
  3
SCENEOE
 90
1024
 91
0
280
0
281
0
  0
CLASS
  1
ACDBDETAILVIEWSTYLE
  2
AcDbDetailViewStyle
  3
ObjectDBX Classes
 90
1025
 91
0
280
0
281
0
  0
CLASS
  1
ACDBSECTIONVIEWSTYLE
  2
AcDbSectionViewStyle
  3
ObjectDBX Classes
 90
1025
 91
0
280
0
281
0
  0
CLASS
  1
RASTERVARIABLES
  2
AcDbRasterVariables
  3
ISM
 90
0
 91
0
280
0
281
0
  0
CLASS
  1
ACDBPLACEHOLDER
  2
AcDbPlaceHolder
  3
ObjectDBX Classes
 90
0
 91
0
280
0
281
0
  0
CLASS
  1
LAYOUT
  2
AcDbLayout
  3
ObjectDBX Classes
 90
0
 91
0
280
0
281
0
  0
ENDSEC
  0
SECTION
  2
TABLES
  0
TABLE
  2
VPORT
  5
8
330
0
100
AcDbSymbolTable
 70
1
  0
VPORT
  5
23
330
8
100
AcDbSymbolTableRecord
100
AcDbViewportTableRecord
  2
*Active
 70
0
 10
0.0
 20
0.0
 11
1.0
 21
1.0
 12
0.0
 22
0.0
 13
0.0
 23
0.0
 14
0.5
 24
0.5
 15
0.5
 25
0.5
 16
0.0
 26
0.0
 36
1.0
 17
0.0
 27
0.0
 37
0.0
 40
1000.0
 41
1.34
 42
50.0
 43
0.0
 44
0.0
 50
0.0
 51
0.0
 71
0
 72
1000
 73
1
 74
3
 75
0
 76
0
 77
0
 78
0
281
0
 65
0
146
0.0
  0
ENDTAB
  0
TABLE
  2
LTYPE
  5
2
330
0
100
AcDbSymbolTable
 70
3
  0
LTYPE
  5
24
330
2
100
AcDbSymbolTableRecord
100
AcDbLinetypeTableRecord
  2
ByBlock
 70
0
  3

 72
65
 73
0
 40
0.0
  0
LTYPE
  5
25
330
2
100
AcDbSymbolTableRecord
100
AcDbLinetypeTableRecord
  2
ByLayer
 70
0
  3

 72
65
 73
0
 40
0.0
  0
LTYPE
  5
26
330
2
100
AcDbSymbolTableRecord
100
AcDbLinetypeTableRecord
  2
Continuous
 70
0
  3

 72
65
 73
0
 40
0.0
  0
ENDTAB
  0
TABLE
  2
LAYER
  5
1
330
0
100
AcDbSymbolTable
 70
12
  0
LAYER
  5
27
330
1
100
AcDbSymbolTableRecord
100
AcDbLayerTableRecord
  2
0
 70
0
 62
7
  6
Continuous
370
-3
390
13
347
21
  0
LAYER
  5
28
330
1
100
AcDbSymbolTableRecord
100
AcDbLayerTableRecord
  2
Defpoints
 70
0
 62
7
  6
Continuous
290
0
370
-3
390
13
347
21
  0
LAYER
  5
2F
330
1
100
AcDbSymbolTableRecord
100
AcDbLayerTableRecord
  2
A-WALL
 70
0
 62
7
  6
Continuous
370
-3
390
13
347
21
  0
LAYER
  5
49
330
1
100
AcDbSymbolTableRecord
100
AcDbLayerTableRecord
  2
A-DOOR
 70
0
 62
7
  6
Continuous
370
-3
390
13
347
21
  0
LAYER
  5
68
330
1
100
AcDbSymbolTableRecord
100
AcDbLayerTableRecord
  2
A-ROOF
 70
0
 62
7
  6
Continuous
370
-3
390
13
347
21
  0
LAYER
  5
7E
330
1
100
AcDbSymbolTableRecord
100
AcDbLayerTableRecord
  2
A-GLAZ-CWMG
 70
0
 62
7
  6
Continuous
370
-3
390
13
347
21
  0
LAYER
  5
92
330
1
100
AcDbSymbolTableRecord
100
AcDbLayerTableRecord
  2
A-CLNG
 70
0
 62
7
  6
Continuous
370
-3
390
13
347
21
  0
LAYER
  5
E9
330
1
100
AcDbSymbolTableRecord
100
AcDbLayerTableRecord
  2
A-FLOR-LEVL
 70
0
 62
7
  6
Continuous
370
-3
390
13
347
21
  0
LAYER
  5
ED
330
1
100
AcDbSymbolTableRecord
100
AcDbLayerTableRecord
  2
0-LOUVRE
 70
0
 62
7
  6
Continuous
370
-3
390
13
347
21
  0
LAYER
  5
F0
330
1
100
AcDbSymbolTableRecord
100
AcDbLayerTableRecord
  2
0-cortes
 70
0
 62
7
  6
Continuous
370
-3
390
13
347
21
  0
LAYER
  5
F2
330
1
100
AcDbSymbolTableRecord
100
AcDbLayerTableRecord
  2
0-VENTANAS
 70
0
 62
7
  6
Continuous
370
-3
390
13
347
21
  0
LAYER
  5
3E6
330
1
100
AcDbSymbolTableRecord
100
AcDbLayerTableRecord
  2
0-COD LOU
 70
0
 62
7
  6
Continuous
370
-3
390
13
347
21
  0
ENDTAB
  0
TABLE
  2
STYLE
  5
5
330
0
100
AcDbSymbolTable
 70
1
  0
STYLE
  5
29
330
5
100
AcDbSymbolTableRecord
100
AcDbTextStyleTableRecord
  2
Standard
 70
0
 40
0.0
 41
1.0
 50
0.0
 71
0
 42
2.5
  3
txt
  4

  0
ENDTAB
  0
TABLE
  2
VIEW
  5
7
330
0
100
AcDbSymbolTable
 70
0
  0
ENDTAB
  0
TABLE
  2
UCS
  5
6
330
0
100
AcDbSymbolTable
 70
0
  0
ENDTAB
  0
TABLE
  2
APPID
  5
3
330
0
100
AcDbSymbolTable
 70
3
  0
APPID
  5
2A
330
3
100
AcDbSymbolTableRecord
100
AcDbRegAppTableRecord
  2
ACAD
 70
0
  0
APPID
  5
3EF
330
3
100
AcDbSymbolTableRecord
100
AcDbRegAppTableRecord
  2
HATCHBACKGROUNDCOLOR
 70
0
  0
APPID
  5
3F0
330
3
100
AcDbSymbolTableRecord
100
AcDbRegAppTableRecord
  2
EZDXF
 70
0
  0
ENDTAB
  0
TABLE
  2
DIMSTYLE
  5
4
330
0
100
AcDbSymbolTable
 70
1
100
AcDbDimStyleTable
  0
DIMSTYLE
105
2B
330
4
100
AcDbSymbolTableRecord
100
AcDbDimStyleTableRecord
  2
Standard
 70
0
 40
1.0
 41
2.5
 42
0.625
 43
3.75
 44
1.25
 45
0.0
 46
0.0
 47
0.0
 48
0.0
 49
2.5
140
2.5
141
2.5
142
0.0
143
0.03937007874
144
1.0
145
0.0
146
1.0
147
0.625
148
0.0
 69
0
 70
0
 71
0
 72
0
 73
0
 74
0
 75
0
 76
0
 77
1
 78
8
 79
3
170
0
171
3
172
1
173
0
174
0
175
0
176
0
177
0
178
0
179
2
271
2
272
2
273
2
274
3
275
0
276
0
277
2
278
44
279
0
280
0
281
0
282
0
283
0
284
8
285
0
286
0
288
0
289
3
290
0
371
-2
372
-2
  0
ENDTAB
  0
TABLE
  2
BLOCK_RECORD
  5
9
330
0
100
AcDbSymbolTable
 70
2
  0
BLOCK_RECORD
  5
17
330
9
100
AcDbSymbolTableRecord
100
AcDbBlockTableRecord
  2
*Model_Space
340
1A
 70
0
280
1
281
0
  0
BLOCK_RECORD
  5
1B
330
9
100
AcDbSymbolTableRecord
100
AcDbBlockTableRecord
  2
*Paper_Space
340
1E
 70
0
280
1
281
0
  0
ENDTAB
  0
ENDSEC
  0
SECTION
  2
BLOCKS
  0
BLOCK
  5
18
330
17
100
AcDbEntity
  8
0
100
AcDbBlockBegin
  2
*Model_Space
 70
0
 10
0.0
 20
0.0
 30
0.0
  3
*Model_Space
  1

  0
ENDBLK
  5
19
330
17
100
AcDbEntity
  8
0
100
AcDbBlockEnd
  0
BLOCK
  5
1C
330
1B
100
AcDbEntity
  8
0
100
AcDbBlockBegin
  2
*Paper_Space
 70
0
 10
0.0
 20
0.0
 30
0.0
  3
*Paper_Space
  1

  0
ENDBLK
  5
1D
330
1B
100
AcDbEntity
  8
0
100
AcDbBlockEnd
  0
ENDSEC
  0
SECTION
  2
ENTITIES
  0
LINE
  5
30
330
17
100
AcDbEntity
  8
A-WALL
100
AcDbLine
 10
188.0964431808746
 20
13.24588453088952
 30
0.0
 11
188.0964431808745
 21
0.0
 31
0.0
  0
LINE
  5
31
330
17
100
AcDbEntity
  8
A-WALL
100
AcDbLine
 10
187.9364431808745
 20
3.260000000000005
 30
0.0
 11
188.0964431808745
 21
3.260000000000005
 31
0.0
  0
LINE
  5
32
330
17
100
AcDbEntity
  8
A-WALL
100
AcDbLine
 10
168.5363098359919
 20
0.0
 30
0.0
 11
168.5363098359919
 21
3.259999999997418
 31
0.0
  0
LINE
  5
33
330
17
100
AcDbEntity
  8
A-WALL
100
AcDbLine
 10
173.6663098359857
 20
-0.0899999999999999
 30
0.0
 11
173.6663098359856
 21
3.259999999997418
 31
0.0
  0
LINE
  5
34
330
17
100
AcDbEntity
  8
A-WALL
100
AcDbLine
 10
173.6663098359856
 20
3.259999999997418
 30
0.0
 11
173.3663098359856
 21
3.259999999997418
 31
0.0
  0
LINE
  5
35
330
17
100
AcDbEntity
  8
A-WALL
100
AcDbLine
 10
173.3663098359856
 20
3.259999999997418
 30
0.0
 11
173.3663098359856
 21
0.4000000000000022
 31
0.0
  0
LINE
  5
36
330
17
100
AcDbEntity
  8
A-WALL
100
AcDbLine
 10
173.3663098359856
 20
0.4000000000000022
 30
0.0
 11
170.0263098359919
 21
0.4000000000000022
 31
0.0
  0
LINE
  5
37
330
17
100
AcDbEntity
  8
A-WALL
100
AcDbLine
 10
170.0263098359919
 20
0.4000000000000022
 30
0.0
 11
170.0263098359919
 21
3.259999999997418
 31
0.0
  0
LINE
  5
38
330
17
100
AcDbEntity
  8
A-WALL
100
AcDbLine
 10
164.0963098359821
 20
1.600000000000001
 30
0.0
 11
165.5813098363212
 21
1.600000000000001
 31
0.0
  0
LINE
  5
39
330
17
100
AcDbEntity
  8
A-WALL
100
AcDbLine
 10
165.5813098363212
 20
1.600000000000001
 30
0.0
 11
165.5813098363212
 21
0.0
 31
0.0
  0
LINE
  5
3A
330
17
100
AcDbEntity
  8
A-WALL
100
AcDbLine
 10
161.8449497174854
 20
0.0
 30
0.0
 11
161.8449497174854
 21
1.600000000000001
 31
0.0
  0
LINE
  5
3B
330
17
100
AcDbEntity
  8
A-WALL
100
AcDbLine
 10
161.8449497174854
 20
1.600000000000001
 30
0.0
 11
163.3449497174854
 21
1.600000000000001
 31
0.0
  0
LINE
  5
3C
330
17
100
AcDbEntity
  8
A-WALL
100
AcDbLine
 10
163.3449497174854
 20
1.600000000000001
 30
0.0
 11
163.3449497174854
 21
0.0
 31
0.0
  0
LINE
  5
3D
330
17
100
AcDbEntity
  8
A-WALL
100
AcDbLine
 10
157.6363098359799
 20
0.0
 30
0.0
 11
157.6363098359799
 21
3.260000000000005
 31
0.0
  0
LINE
  5
3E
330
17
100
AcDbEntity
  8
A-WALL
100
AcDbLine
 10
130.5587925863206
 20
0.0
 30
0.0
 11
130.5587925863206
 21
1.600000000000001
 31
0.0
  0
LINE
  5
3F
330
17
100
AcDbEntity
  8
A-WALL
100
AcDbLine
 10
130.5587925863206
 20
1.600000000000001
 30
0.0
 11
132.0587925863207
 21
1.600000000000001
 31
0.0
  0
LINE
  5
40
330
17
100
AcDbEntity
  8
A-WALL
100
AcDbLine
 10
132.0587925863207
 20
1.600000000000001
 30
0.0
 11
132.0587925863207
 21
0.0
 31
0.0
  0
LINE
  5
41
330
17
100
AcDbEntity
  8
A-WALL
100
AcDbLine
 10
125.2663098359837
 20
1.600000000000001
 30
0.0
 11
126.4113098359837
 21
1.600000000000001
 31
0.0
  0
LINE
  5
42
330
17
100
AcDbEntity
  8
A-WALL
100
AcDbLine
 10
126.4113098359837
 20
1.600000000000001
 30
0.0
 11
126.4113098359837
 21
0.0
 31
0.0
  0
LINE
  5
43
330
17
100
AcDbEntity
  8
A-WALL
100
AcDbLine
 10
128.0864572044129
 20
0.0
 30
0.0
 11
128.0864572044129
 21
1.600000000000001
 31
0.0
  0
LINE
  5
44
330
17
100
AcDbEntity
  8
A-WALL
100
AcDbLine
 10
128.086457204413
 20
1.600000000000001
 30
0.0
 11
129.5864572044129
 21
1.600000000000001
 31
0.0
  0
LINE
  5
45
330
17
100
AcDbEntity
  8
A-WALL
100
AcDbLine
 10
129.5864572044129
 20
1.600000000000001
 30
0.0
 11
129.5864572044129
 21
0.0
 31
0.0
  0
LINE
  5
46
330
17
100
AcDbEntity
  8
A-WALL
100
AcDbLine
 10
117.0913098359144
 20
0.0
 30
0.0
 11
117.0913098359144
 21
2.100000000000001
 31
0.0
  0
LINE
  5
47
330
17
100
AcDbEntity
  8
A-WALL
100
AcDbLine
 10
117.0913098359144
 20
2.100000000000001
 30
0.0
 11
118.0913098359144
 21
2.100000000000001
 31
0.0
  0
LINE
  5
48
330
17
100
AcDbEntity
  8
A-WALL
100
AcDbLine
 10
118.0913098359144
 20
2.100000000000001
 30
0.0
 11
118.0913098359144
 21
0.0
 31
0.0
  0
LINE
  5
4A
330
17
100
AcDbEntity
  8
A-DOOR
  6
CONTINUOUS
100
AcDbLine
 10
117.0913098359144
 20
2.099999999999999
 30
0.0
 11
118.0913098359144
 21
1.049999999999999
 31
0.0
  0
LINE
  5
4B
330
17
100
AcDbEntity
  8
A-DOOR
  6
CONTINUOUS
100
AcDbLine
 10
118.0913098359144
 20
1.049999999999999
 30
0.0
 11
117.0913098359144
 21
0.0
 31
0.0
  0
LINE
  5
4C
330
17
100
AcDbEntity
  8
A-DOOR
100
AcDbLine
 10
163.34494971748535
 20
1.599999999999999
 30
0.0
 11
161.84494971748535
 21
1.599999999999999
 31
0.0
  0
LINE
  5
4D
330
17
100
AcDbEntity
  8
A-DOOR
100
AcDbLine
 10
161.84494971748535
 20
1.599999999999999
 30
0.0
 11
161.84494971748535
 21
1e-16
 31
0.0
  0
LINE
  5
4E
330
17
100
AcDbEntity
  8
A-DOOR
100
AcDbLine
 10
163.34494971748535
 20
1e-16
 30
0.0
 11
163.34494971748535
 21
1.599999999999999
 31
0.0
  0
LINE
  5
4F
330
17
100
AcDbEntity
  8
A-DOOR
  6
CONTINUOUS
100
AcDbLine
 10
162.70494971748536
 20
0.6094744111674235
 30
0.0
 11
162.59494971748535
 21
0.8
 31
0.0
  0
LINE
  5
50
330
17
100
AcDbEntity
  8
A-DOOR
  6
CONTINUOUS
100
AcDbLine
 10
162.59494971748535
 20
0.8
 30
0.0
 11
162.59494971748535
 21
0.34
 31
0.0
  0
LINE
  5
51
330
17
100
AcDbEntity
  8
A-DOOR
  6
CONTINUOUS
100
AcDbLine
 10
162.48494971748534
 20
0.6094744111674235
 30
0.0
 11
162.59494971748535
 21
0.8
 31
0.0
  0
LINE
  5
52
330
17
100
AcDbEntity
  8
A-DOOR
100
AcDbLine
 10
165.5813098363212
 20
1e-16
 30
0.0
 11
165.5813098363212
 21
1.599999999999999
 31
0.0
  0
LINE
  5
53
330
17
100
AcDbEntity
  8
A-DOOR
100
AcDbLine
 10
165.5813098363212
 20
1.599999999999999
 30
0.0
 11
164.09630983598208
 21
1.599999999999999
 31
0.0
  0
LINE
  5
54
330
17
100
AcDbEntity
  8
A-DOOR
  6
CONTINUOUS
100
AcDbLine
 10
164.7213098363212
 20
0.6094744111674235
 30
0.0
 11
164.83130983632122
 21
0.8
 31
0.0
  0
LINE
  5
55
330
17
100
AcDbEntity
  8
A-DOOR
  6
CONTINUOUS
100
AcDbLine
 10
164.83130983632122
 20
0.8
 30
0.0
 11
164.83130983632122
 21
0.34
 31
0.0
  0
LINE
  5
56
330
17
100
AcDbEntity
  8
A-DOOR
  6
CONTINUOUS
100
AcDbLine
 10
164.9413098363212
 20
0.6094744111674235
 30
0.0
 11
164.83130983632122
 21
0.8
 31
0.0
  0
LINE
  5
57
330
17
100
AcDbEntity
  8
A-DOOR
100
AcDbLine
 10
130.5587925863206
 20
1.599999999999999
 30
0.0
 11
130.5587925863206
 21
1e-16
 31
0.0
  0
LINE
  5
58
330
17
100
AcDbEntity
  8
A-DOOR
100
AcDbLine
 10
132.0587925863206
 20
1e-16
 30
0.0
 11
132.0587925863206
 21
1.599999999999999
 31
0.0
  0
LINE
  5
59
330
17
100
AcDbEntity
  8
A-DOOR
100
AcDbLine
 10
132.0587925863206
 20
1.599999999999999
 30
0.0
 11
130.5587925863206
 21
1.599999999999999
 31
0.0
  0
LINE
  5
5A
330
17
100
AcDbEntity
  8
A-DOOR
  6
CONTINUOUS
100
AcDbLine
 10
131.19879258632062
 20
0.6094744111674235
 30
0.0
 11
131.30879258632064
 21
0.8
 31
0.0
  0
LINE
  5
5B
330
17
100
AcDbEntity
  8
A-DOOR
  6
CONTINUOUS
100
AcDbLine
 10
131.30879258632064
 20
0.8
 30
0.0
 11
131.30879258632064
 21
0.34
 31
0.0
  0
LINE
  5
5C
330
17
100
AcDbEntity
  8
A-DOOR
  6
CONTINUOUS
100
AcDbLine
 10
131.41879258632062
 20
0.6094744111674235
 30
0.0
 11
131.30879258632064
 21
0.8
 31
0.0
  0
LINE
  5
5D
330
17
100
AcDbEntity
  8
A-DOOR
100
AcDbLine
 10
128.0864572044129
 20
1.599999999999999
 30
0.0
 11
128.0864572044129
 21
1e-16
 31
0.0
  0
LINE
  5
5E
330
17
100
AcDbEntity
  8
A-DOOR
100
AcDbLine
 10
129.5864572044129
 20
1e-16
 30
0.0
 11
129.5864572044129
 21
1.599999999999999
 31
0.0
  0
LINE
  5
5F
330
17
100
AcDbEntity
  8
A-DOOR
100
AcDbLine
 10
129.5864572044129
 20
1.599999999999999
 30
0.0
 11
128.0864572044129
 21
1.599999999999999
 31
0.0
  0
LINE
  5
60
330
17
100
AcDbEntity
  8
A-DOOR
  6
CONTINUOUS
100
AcDbLine
 10
128.72645720441292
 20
0.6094744111674235
 30
0.0
 11
128.83645720441294
 21
0.8
 31
0.0
  0
LINE
  5
61
330
17
100
AcDbEntity
  8
A-DOOR
  6
CONTINUOUS
100
AcDbLine
 10
128.83645720441294
 20
0.8
 30
0.0
 11
128.83645720441294
 21
0.34
 31
0.0
  0
LINE
  5
62
330
17
100
AcDbEntity
  8
A-DOOR
  6
CONTINUOUS
100
AcDbLine
 10
128.94645720441292
 20
0.6094744111674235
 30
0.0
 11
128.83645720441294
 21
0.8
 31
0.0
  0
LINE
  5
63
330
17
100
AcDbEntity
  8
A-DOOR
100
AcDbLine
 10
126.41130983598363
 20
1e-16
 30
0.0
 11
126.41130983598363
 21
1.599999999999999
 31
0.0
  0
LINE
  5
64
330
17
100
AcDbEntity
  8
A-DOOR
100
AcDbLine
 10
126.41130983598363
 20
1.599999999999999
 30
0.0
 11
125.26630983598363
 21
1.599999999999999
 31
0.0
  0
LINE
  5
65
330
17
100
AcDbEntity
  8
A-DOOR
  6
CONTINUOUS
100
AcDbLine
 10
125.72630983598363
 20
0.6094744111674235
 30
0.0
 11
125.83630983598363
 21
0.8
 31
0.0
  0
LINE
  5
66
330
17
100
AcDbEntity
  8
A-DOOR
  6
CONTINUOUS
100
AcDbLine
 10
125.83630983598363
 20
0.8
 30
0.0
 11
125.83630983598363
 21
0.34
 31
0.0
  0
LINE
  5
67
330
17
100
AcDbEntity
  8
A-DOOR
  6
CONTINUOUS
100
AcDbLine
 10
125.94630983598363
 20
0.6094744111674235
 30
0.0
 11
125.83630983598363
 21
0.8
 31
0.0
  0
LINE
  5
69
330
17
100
AcDbEntity
  8
A-ROOF
100
AcDbLine
 10
188.0663098553548
 20
13.42999999999742
 30
0.0
 11
188.0663098553547
 21
8.009999999997419
 31
0.0
  0
LINE
  5
6A
330
17
100
AcDbEntity
  8
A-ROOF
100
AcDbLine
 10
115.2361765127302
 20
13.42999999999742
 30
0.0
 11
188.0663098553548
 21
13.42999999999742
 31
0.0
  0
LINE
  5
6B
330
17
100
AcDbEntity
  8
A-ROOF
100
AcDbLine
 10
115.2361765127302
 20
11.45117038541936
 30
0.0
 11
188.0663098553548
 21
11.45117038541936
 31
0.0
  0
LINE
  5
6C
330
17
100
AcDbEntity
  8
A-ROOF
100
AcDbLine
 10
115.2361765127301
 20
7.511544914739047
 30
0.0
 11
168.5663098359919
 21
7.511544914739047
 31
0.0
  0
LINE
  5
6D
330
17
100
AcDbEntity
  8
A-ROOF
100
AcDbLine
 10
115.2361765127301
 20
7.325202959828544
 30
0.0
 11
168.5663098359919
 21
7.325202959828544
 31
0.0
  0
LINE
  5
6E
330
17
100
AcDbEntity
  8
A-ROOF
100
AcDbLine
 10
115.2361765127301
 20
7.325202959828544
 30
0.0
 11
115.2361765127302
 21
13.42999999999742
 31
0.0
  0
LINE
  5
6F
330
17
100
AcDbEntity
  8
A-WALL
100
AcDbLine
 10
188.0964431808745
 20
8.009999999997419
 30
0.0
 11
168.5663098359919
 21
8.009999999997426
 31
0.0
  0
LINE
  5
70
330
17
100
AcDbEntity
  8
A-WALL
100
AcDbLine
 10
144.896309843304
 20
-0.0899999999999999
 30
0.0
 11
144.896309843304
 21
7.325202959828544
 31
0.0
  0
LINE
  5
71
330
17
100
AcDbEntity
  8
A-WALL
100
AcDbLine
 10
139.6363098359853
 20
7.325202959828544
 30
0.0
 11
139.6363098359853
 21
0.0
 31
0.0
  0
LINE
  5
72
330
17
100
AcDbEntity
  8
A-WALL
100
AcDbLine
 10
187.9364431808745
 20
3.259999999999998
 30
0.0
 11
187.9364431808745
 21
3.760000000000005
 31
0.0
  0
LINE
  5
73
330
17
100
AcDbEntity
  8
A-WALL
100
AcDbLine
 10
187.0364431808745
 20
6.120000000000004
 30
0.0
 11
187.0364431808745
 21
3.82
 31
0.0
  0
LINE
  5
74
330
17
100
AcDbEntity
  8
A-WALL
100
AcDbLine
 10
187.0364431808745
 20
3.82
 30
0.0
 11
185.0364431808745
 21
3.82
 31
0.0
  0
LINE
  5
75
330
17
100
AcDbEntity
  8
A-WALL
100
AcDbLine
 10
185.0364431808745
 20
3.82
 30
0.0
 11
185.0364431808745
 21
6.120000000000004
 31
0.0
  0
LINE
  5
76
330
17
100
AcDbEntity
  8
A-WALL
100
AcDbLine
 10
185.0364431808745
 20
6.120000000000004
 30
0.0
 11
187.0364431808745
 21
6.120000000000004
 31
0.0
  0
LINE
  5
77
330
17
100
AcDbEntity
  8
A-WALL
100
AcDbLine
 10
187.9364431808745
 20
3.760000000000005
 30
0.0
 11
188.0964431808745
 21
3.760000000000005
 31
0.0
  0
LINE
  5
78
330
17
100
AcDbEntity
  8
A-WALL
100
AcDbLine
 10
141.9794828761164
 20
6.120000000000004
 30
0.0
 11
141.9794828761164
 21
3.82
 31
0.0
  0
LINE
  5
79
330
17
100
AcDbEntity
  8
A-WALL
100
AcDbLine
 10
141.9794828761164
 20
3.82
 30
0.0
 11
139.9794828761164
 21
3.82
 31
0.0
  0
LINE
  5
7A
330
17
100
AcDbEntity
  8
A-WALL
100
AcDbLine
 10
139.9794828761164
 20
3.82
 30
0.0
 11
139.9794828761164
 21
6.120000000000004
 31
0.0
  0
LINE
  5
7B
330
17
100
AcDbEntity
  8
A-WALL
100
AcDbLine
 10
139.9794828761164
 20
6.120000000000004
 30
0.0
 11
141.9794828761164
 21
6.120000000000004
 31
0.0
  0
LINE
  5
7C
330
17
100
AcDbEntity
  8
A-WALL
100
AcDbLine
 10
139.6363098359853
 20
7.009999999997425
 30
0.0
 11
115.2763098359915
 21
7.009999999997425
 31
0.0
  0
LINE
  5
7D
330
17
100
AcDbEntity
  8
A-WALL
100
AcDbLine
 10
168.5663098359919
 20
8.009999999997426
 30
0.0
 11
168.5663098359919
 21
3.260000000000005
 31
0.0
  0
LINE
  5
7F
330
17
100
AcDbEntity
  8
A-GLAZ-CWMG
100
AcDbLine
 10
185.07644318087446
 20
6.079999999999999
 30
0.0
 11
185.07644318087446
 21
6.119999999999999
 31
0.0
  0
LINE
  5
80
330
17
100
AcDbEntity
  8
A-GLAZ-CWMG
100
AcDbLine
 10
186.99644318087448
 20
6.119999999999999
 30
0.0
 11
186.99644318087448
 21
6.079999999999999
 31
0.0
  0
LINE
  5
81
330
17
100
AcDbEntity
  8
A-GLAZ-CWMG
100
AcDbLine
 10
186.99644318087448
 20
6.079999999999999
 30
0.0
 11
185.07644318087446
 21
6.079999999999999
 31
0.0
  0
LINE
  5
82
330
17
100
AcDbEntity
  8
A-GLAZ-CWMG
100
AcDbLine
 10
186.99644318087448
 20
3.859999999999999
 30
0.0
 11
186.99644318087448
 21
3.819999999999999
 31
0.0
  0
LINE
  5
83
330
17
100
AcDbEntity
  8
A-GLAZ-CWMG
100
AcDbLine
 10
185.07644318087446
 20
3.819999999999999
 30
0.0
 11
185.07644318087446
 21
3.859999999999999
 31
0.0
  0
LINE
  5
84
330
17
100
AcDbEntity
  8
A-GLAZ-CWMG
100
AcDbLine
 10
185.07644318087446
 20
3.859999999999999
 30
0.0
 11
186.99644318087448
 21
3.859999999999999
 31
0.0
  0
LINE
  5
85
330
17
100
AcDbEntity
  8
A-GLAZ-CWMG
100
AcDbLine
 10
185.07644318087446
 20
5.899999999999999
 30
0.0
 11
185.07644318087446
 21
3.819999999999999
 31
0.0
  0
LINE
  5
86
330
17
100
AcDbEntity
  8
A-GLAZ-CWMG
100
AcDbLine
 10
186.99644318087448
 20
5.899999999999999
 30
0.0
 11
186.99644318087448
 21
6.119999999999999
 31
0.0
  0
LINE
  5
87
330
17
100
AcDbEntity
  8
A-GLAZ-CWMG
100
AcDbLine
 10
185.07644318087446
 20
6.119999999999999
 30
0.0
 11
185.07644318087446
 21
5.899999999999999
 31
0.0
  0
LINE
  5
88
330
17
100
AcDbEntity
  8
A-GLAZ-CWMG
100
AcDbLine
 10
186.99644318087448
 20
3.82
 30
0.0
 11
186.99644318087448
 21
5.899999999999999
 31
0.0
  0
LINE
  5
89
330
17
100
AcDbEntity
  8
A-GLAZ-CWMG
100
AcDbLine
 10
185.07644318087446
 20
5.879999999999999
 30
0.0
 11
185.07644318087446
 21
5.919999999999999
 31
0.0
  0
LINE
  5
8A
330
17
100
AcDbEntity
  8
A-GLAZ-CWMG
100
AcDbLine
 10
186.99644318087448
 20
5.919999999999999
 30
0.0
 11
186.99644318087448
 21
5.879999999999999
 31
0.0
  0
LINE
  5
8B
330
17
100
AcDbEntity
  8
A-GLAZ-CWMG
100
AcDbLine
 10
186.99644318087448
 20
5.879999999999999
 30
0.0
 11
185.07644318087446
 21
5.879999999999999
 31
0.0
  0
LINE
  5
8C
330
17
100
AcDbEntity
  8
A-GLAZ-CWMG
100
AcDbLine
 10
186.99644318087448
 20
5.919999999999999
 30
0.0
 11
185.07644318087446
 21
5.919999999999999
 31
0.0
  0
LINE
  5
8D
330
17
100
AcDbEntity
  8
A-WALL
100
AcDbLine
 10
115.3063098359915
 20
7.009999999997425
 30
0.0
 11
115.3063098359915
 21
7.325202959828544
 31
0.0
  0
LINE
  5
8E
330
17
100
AcDbEntity
  8
A-WALL
100
AcDbLine
 10
188.0663098553548
 20
13.02588693853624
 30
0.0
 11
188.0964431808746
 21
13.02588693853624
 31
0.0
  0
LINE
  5
8F
330
17
100
AcDbEntity
  8
A-WALL
100
AcDbLine
 10
188.0964431808746
 20
11.28266455326005
 30
0.0
 11
188.0663098553548
 21
11.28266455326005
 31
0.0
  0
LINE
  5
90
330
17
100
AcDbEntity
  8
A-WALL
100
AcDbLine
 10
188.0964431808746
 20
13.24176489996166
 30
0.0
 11
188.0663098553548
 21
13.24176489996166
 31
0.0
  0
LINE
  5
91
330
17
100
AcDbEntity
  8
A-WALL
100
AcDbLine
 10
188.0663098553548
 20
13.24588453088952
 30
0.0
 11
188.0964431808746
 21
13.24588453088952
 31
0.0
  0
LINE
  5
93
330
17
100
AcDbEntity
  8
A-CLNG
100
AcDbLine
 10
139.5664431808745
 20
2.899999999999998
 30
0.0
 11
139.6363098359853
 21
2.899999999999998
 31
0.0
  0
LINE
  5
94
330
17
100
AcDbEntity
  8
A-WALL
100
AcDbLine
 10
188.0964431808746
 20
0.3152000000000008
 30
0.0
 11
188.1963098359922
 21
0.3152000000000008
 31
0.0
  0
LINE
  5
95
330
17
100
AcDbEntity
  8
A-WALL
100
AcDbLine
 10
188.1963098359922
 20
0.5399798914713722
 30
0.0
 11
188.0964431808746
 21
0.5399798914713722
 31
0.0
  0
LINE
  5
96
330
17
100
AcDbEntity
  8
A-WALL
100
AcDbLine
 10
188.1963098359922
 20
1.227589945735413
 30
0.0
 11
188.0964431808747
 21
1.227589945735413
 31
0.0
  0
LINE
  5
97
330
17
100
AcDbEntity
  8
A-WALL
100
AcDbLine
 10
188.1963098359922
 20
1.681005154540795
 30
0.0
 11
188.0964431808748
 21
1.681005154540795
 31
0.0
  0
LINE
  5
98
330
17
100
AcDbEntity
  8
A-WALL
100
AcDbLine
 10
188.1963098359922
 20
2.574790037151615
 30
0.0
 11
188.0964431808748
 21
2.574790037151615
 31
0.0
  0
LINE
  5
99
330
17
100
AcDbEntity
  8
A-WALL
100
AcDbLine
 10
188.0963098359922
 20
3.468574919766069
 30
0.0
 11
188.1963098359922
 21
3.468574919766069
 31
0.0
  0
LINE
  5
9A
330
17
100
AcDbEntity
  8
A-WALL
100
AcDbLine
 10
188.0964431808747
 20
3.882326341523629
 30
0.0
 11
188.1963098359922
 21
3.882326341523629
 31
0.0
  0
LINE
  5
9B
330
17
100
AcDbEntity
  8
A-WALL
100
AcDbLine
 10
188.1963098359922
 20
4.213156403993451
 30
0.0
 11
188.0964431808747
 21
4.213156403993451
 31
0.0
  0
LINE
  5
9C
330
17
100
AcDbEntity
  8
A-WALL
100
AcDbLine
 10
188.0964431808747
 20
4.731679025338053
 30
0.0
 11
188.1963098359922
 21
4.731679025338053
 31
0.0
  0
LINE
  5
9D
330
17
100
AcDbEntity
  8
A-WALL
100
AcDbLine
 10
188.1963098359922
 20
5.05245417561391
 30
0.0
 11
188.0964431808747
 21
5.05245417561391
 31
0.0
  0
LINE
  5
9E
330
17
100
AcDbEntity
  8
A-WALL
100
AcDbLine
 10
188.1964431808746
 20
11.16180978822675
 30
0.0
 11
188.1963098359922
 21
0.3152000000000008
 31
0.0
  0
LINE
  5
9F
330
17
100
AcDbEntity
  8
A-WALL
100
AcDbLine
 10
188.0964431808746
 20
5.237999999999999
 30
0.0
 11
188.1964431808746
 21
5.237999999999999
 31
0.0
  0
LINE
  5
A0
330
17
100
AcDbEntity
  8
A-WALL
100
AcDbLine
 10
188.1964431808746
 20
5.462779891471413
 30
0.0
 11
188.0964431808746
 21
5.462779891471413
 31
0.0
  0
LINE
  5
A1
330
17
100
AcDbEntity
  8
A-WALL
100
AcDbLine
 10
188.1964431808746
 20
6.15038994573549
 30
0.0
 11
188.0964431808746
 21
6.15038994573549
 31
0.0
  0
LINE
  5
A2
330
17
100
AcDbEntity
  8
A-WALL
100
AcDbLine
 10
188.0964431808746
 20
6.603805154540864
 30
0.0
 11
188.1964431808746
 21
6.603805154540864
 31
0.0
  0
LINE
  5
A3
330
17
100
AcDbEntity
  8
A-WALL
100
AcDbLine
 10
188.1964431808746
 20
7.497590037151695
 30
0.0
 11
188.0964431808746
 21
7.497590037151695
 31
0.0
  0
LINE
  5
A4
330
17
100
AcDbEntity
  8
A-WALL
100
AcDbLine
 10
188.1964431808746
 20
8.39137491976615
 30
0.0
 11
188.0964431808746
 21
8.39137491976615
 31
0.0
  0
LINE
  5
A5
330
17
100
AcDbEntity
  8
A-WALL
100
AcDbLine
 10
188.1964431808746
 20
8.805190112166905
 30
0.0
 11
188.0964431808746
 21
8.805190112166905
 31
0.0
  0
LINE
  5
A6
330
17
100
AcDbEntity
  8
A-WALL
100
AcDbLine
 10
188.1964431808746
 20
9.13653218955855
 30
0.0
 11
188.0964431808746
 21
9.13653218955855
 31
0.0
  0
LINE
  5
A7
330
17
100
AcDbEntity
  8
A-WALL
100
AcDbLine
 10
188.1964431808746
 20
9.654479025338127
 30
0.0
 11
188.0964431808746
 21
9.654479025338127
 31
0.0
  0
LINE
  5
A8
330
17
100
AcDbEntity
  8
A-WALL
100
AcDbLine
 10
188.1964431808746
 20
9.975254175614081
 30
0.0
 11
188.0964431808746
 21
9.975254175614076
 31
0.0
  0
LINE
  5
A9
330
17
100
AcDbEntity
  8
A-WALL
100
AcDbLine
 10
188.1964431808746
 20
10.38555538356538
 30
0.0
 11
188.0964431808746
 21
10.38555538356539
 31
0.0
  0
LINE
  5
AA
330
17
100
AcDbEntity
  8
A-WALL
100
AcDbLine
 10
188.1964431808746
 20
11.07316543782943
 30
0.0
 11
188.0964431808746
 21
11.07316543782943
 31
0.0
  0
LINE
  5
AB
330
17
100
AcDbEntity
  8
A-WALL
100
AcDbLine
 10
188.0964431808746
 20
11.13946042758179
 30
0.0
 11
188.1964431808746
 21
11.13946042758178
 31
0.0
  0
LINE
  5
AC
330
17
100
AcDbEntity
  8
A-WALL
100
AcDbLine
 10
188.1964431808746
 20
11.16180978822675
 30
0.0
 11
188.0964431808746
 21
11.16180978822675
 31
0.0
  0
LINE
  5
AD
330
17
100
AcDbEntity
  8
A-GLAZ-CWMG
100
AcDbLine
 10
140.01948287611648
 20
6.079999999999999
 30
0.0
 11
140.01948287611648
 21
6.119999999999999
 31
0.0
  0
LINE
  5
AE
330
17
100
AcDbEntity
  8
A-GLAZ-CWMG
100
AcDbLine
 10
141.9394828761165
 20
6.119999999999999
 30
0.0
 11
141.9394828761165
 21
6.079999999999999
 31
0.0
  0
LINE
  5
AF
330
17
100
AcDbEntity
  8
A-GLAZ-CWMG
100
AcDbLine
 10
141.9394828761165
 20
6.079999999999999
 30
0.0
 11
140.01948287611648
 21
6.079999999999999
 31
0.0
  0
LINE
  5
B0
330
17
100
AcDbEntity
  8
A-GLAZ-CWMG
100
AcDbLine
 10
141.9394828761165
 20
3.859999999999999
 30
0.0
 11
141.9394828761165
 21
3.819999999999999
 31
0.0
  0
LINE
  5
B1
330
17
100
AcDbEntity
  8
A-GLAZ-CWMG
100
AcDbLine
 10
140.01948287611648
 20
3.819999999999999
 30
0.0
 11
140.01948287611648
 21
3.859999999999999
 31
0.0
  0
LINE
  5
B2
330
17
100
AcDbEntity
  8
A-GLAZ-CWMG
100
AcDbLine
 10
140.01948287611648
 20
3.859999999999999
 30
0.0
 11
141.9394828761165
 21
3.859999999999999
 31
0.0
  0
LINE
  5
B3
330
17
100
AcDbEntity
  8
A-GLAZ-CWMG
100
AcDbLine
 10
140.01948287611648
 20
5.899999999999999
 30
0.0
 11
140.01948287611648
 21
3.819999999999999
 31
0.0
  0
LINE
  5
B4
330
17
100
AcDbEntity
  8
A-GLAZ-CWMG
100
AcDbLine
 10
141.9394828761164
 20
5.899999999999999
 30
0.0
 11
141.9394828761164
 21
6.119999999999999
 31
0.0
  0
LINE
  5
B5
330
17
100
AcDbEntity
  8
A-GLAZ-CWMG
100
AcDbLine
 10
140.01948287611648
 20
6.119999999999999
 30
0.0
 11
140.01948287611648
 21
5.899999999999999
 31
0.0
  0
LINE
  5
B6
330
17
100
AcDbEntity
  8
A-GLAZ-CWMG
100
AcDbLine
 10
141.9394828761165
 20
3.82
 30
0.0
 11
141.9394828761165
 21
5.899999999999999
 31
0.0
  0
LINE
  5
B7
330
17
100
AcDbEntity
  8
A-GLAZ-CWMG
100
AcDbLine
 10
140.01948287611648
 20
5.879999999999999
 30
0.0
 11
140.01948287611648
 21
5.919999999999999
 31
0.0
  0
LINE
  5
B8
330
17
100
AcDbEntity
  8
A-GLAZ-CWMG
100
AcDbLine
 10
141.9394828761165
 20
5.919999999999999
 30
0.0
 11
141.9394828761165
 21
5.879999999999999
 31
0.0
  0
LINE
  5
B9
330
17
100
AcDbEntity
  8
A-GLAZ-CWMG
100
AcDbLine
 10
141.9394828761165
 20
5.879999999999999
 30
0.0
 11
140.01948287611648
 21
5.879999999999999
 31
0.0
  0
LINE
  5
BA
330
17
100
AcDbEntity
  8
A-GLAZ-CWMG
100
AcDbLine
 10
141.9394828761165
 20
5.919999999999999
 30
0.0
 11
140.01948287611648
 21
5.919999999999999
 31
0.0
  0
LINE
  5
BB
330
17
100
AcDbEntity
  8
A-WALL
100
AcDbLine
 10
115.7363098359915
 20
0.0
 30
0.0
 11
115.7363098359915
 21
7.009999999997425
 31
0.0
  0
LINE
  5
BC
330
17
100
AcDbEntity
  8
A-WALL
100
AcDbLine
 10
115.2763098359915
 20
0.0
 30
0.0
 11
115.2763098359915
 21
7.009999999997425
 31
0.0
  0
LINE
  5
BD
330
17
100
AcDbEntity
  8
A-WALL
100
AcDbLine
 10
134.4363098359845
 20
3.759999999997418
 30
0.0
 11
115.2763098359915
 21
3.759999999997418
 31
0.0
  0
LINE
  5
BE
330
17
100
AcDbEntity
  8
A-WALL
100
AcDbLine
 10
120.4663098359828
 20
7.009999999997425
 30
0.0
 11
120.4663098359828
 21
0.0
 31
0.0
  0
LINE
  5
BF
330
17
100
AcDbEntity
  8
A-WALL
100
AcDbLine
 10
120.0063098359828
 20
7.009999999997425
 30
0.0
 11
120.0063098359828
 21
0.0
 31
0.0
  0
LINE
  5
C0
330
17
100
AcDbEntity
  8
A-WALL
100
AcDbLine
 10
125.2663098359837
 20
7.009999999997425
 30
0.0
 11
125.2663098359837
 21
0.0
 31
0.0
  0
LINE
  5
C1
330
17
100
AcDbEntity
  8
A-WALL
100
AcDbLine
 10
124.8063098359836
 20
7.009999999997425
 30
0.0
 11
124.8063098359836
 21
0.0
 31
0.0
  0
LINE
  5
C2
330
17
100
AcDbEntity
  8
A-WALL
100
AcDbLine
 10
130.0663098359845
 20
7.009999999997425
 30
0.0
 11
130.0663098359845
 21
0.0
 31
0.0
  0
LINE
  5
C3
330
17
100
AcDbEntity
  8
A-WALL
100
AcDbLine
 10
129.6063098359844
 20
7.009999999997425
 30
0.0
 11
129.6063098359844
 21
0.0
 31
0.0
  0
LINE
  5
C4
330
17
100
AcDbEntity
  8
A-WALL
100
AcDbLine
 10
134.4063098359845
 20
0.0
 30
0.0
 11
134.4063098359845
 21
7.009999999997425
 31
0.0
  0
LINE
  5
C5
330
17
100
AcDbEntity
  8
A-WALL
100
AcDbLine
 10
134.8663098359845
 20
7.009999999997425
 30
0.0
 11
134.8663098359845
 21
0.0
 31
0.0
  0
LINE
  5
C6
330
17
100
AcDbEntity
  8
A-WALL
100
AcDbLine
 10
139.5664431808744
 20
0.0
 30
0.0
 11
139.5664431808744
 21
7.009999999997425
 31
0.0
  0
LINE
  5
C7
330
17
100
AcDbEntity
  8
A-WALL
100
AcDbLine
 10
139.1364431808745
 20
7.009999999997425
 30
0.0
 11
139.1364431808745
 21
0.0
 31
0.0
  0
LINE
  5
C8
330
17
100
AcDbEntity
  8
A-WALL
100
AcDbLine
 10
134.8663098359845
 20
3.259999999997418
 30
0.0
 11
139.1364431808745
 21
3.259999999997418
 31
0.0
  0
LINE
  5
C9
330
17
100
AcDbEntity
  8
A-WALL
100
AcDbLine
 10
139.5664431808744
 20
3.759999999997418
 30
0.0
 11
134.5963098359845
 21
3.759999999997418
 31
0.0
  0
LINE
  5
CA
330
17
100
AcDbEntity
  8
A-WALL
100
AcDbLine
 10
130.0663098359845
 20
3.259999999997418
 30
0.0
 11
134.4063098359845
 21
3.259999999997418
 31
0.0
  0
LINE
  5
CB
330
17
100
AcDbEntity
  8
A-WALL
100
AcDbLine
 10
125.2663098359837
 20
3.259999999997418
 30
0.0
 11
129.6063098359844
 21
3.259999999997418
 31
0.0
  0
LINE
  5
CC
330
17
100
AcDbEntity
  8
A-WALL
100
AcDbLine
 10
149.696309835987
 20
7.009999999997425
 30
0.0
 11
149.696309835987
 21
-0.0899999999999999
 31
0.0
  0
LINE
  5
CD
330
17
100
AcDbEntity
  8
A-WALL
100
AcDbLine
 10
149.2363098359869
 20
7.009999999997425
 30
0.0
 11
149.2363098359869
 21
-0.0899999999999999
 31
0.0
  0
LINE
  5
CE
330
17
100
AcDbEntity
  8
A-WALL
100
AcDbLine
 10
154.4963098359878
 20
7.009999999997425
 30
0.0
 11
154.4963098359877
 21
-0.0899999999999999
 31
0.0
  0
LINE
  5
CF
330
17
100
AcDbEntity
  8
A-WALL
100
AcDbLine
 10
154.0363098359878
 20
7.009999999997425
 30
0.0
 11
154.0363098359878
 21
-0.0899999999999999
 31
0.0
  0
LINE
  5
D0
330
17
100
AcDbEntity
  8
A-WALL
100
AcDbLine
 10
159.2963098359799
 20
0.0
 30
0.0
 11
159.2963098359799
 21
3.259999999997418
 31
0.0
  0
LINE
  5
D1
330
17
100
AcDbEntity
  8
A-WALL
100
AcDbLine
 10
158.8363098359799
 20
7.009999999997425
 30
0.0
 11
158.8363098359799
 21
0.0
 31
0.0
  0
LINE
  5
D2
330
17
100
AcDbEntity
  8
A-WALL
100
AcDbLine
 10
164.0963098359821
 20
0.0
 30
0.0
 11
164.0963098359821
 21
3.259999999997418
 31
0.0
  0
LINE
  5
D3
330
17
100
AcDbEntity
  8
A-WALL
100
AcDbLine
 10
163.6363098359821
 20
3.259999999997418
 30
0.0
 11
163.6363098359821
 21
0.0
 31
0.0
  0
LINE
  5
D4
330
17
100
AcDbEntity
  8
A-WALL
100
AcDbLine
 10
168.4363098359835
 20
3.259999999997418
 30
0.0
 11
168.4363098359835
 21
0.0
 31
0.0
  0
LINE
  5
D5
330
17
100
AcDbEntity
  8
A-WALL
100
AcDbLine
 10
159.2963098359799
 20
3.759999999997418
 30
0.0
 11
159.2963098359799
 21
7.009999999997425
 31
0.0
  0
LINE
  5
D6
330
17
100
AcDbEntity
  8
A-WALL
100
AcDbLine
 10
164.0963098359821
 20
7.009999999997425
 30
0.0
 11
164.0963098359821
 21
3.759999999997418
 31
0.0
  0
LINE
  5
D7
330
17
100
AcDbEntity
  8
A-WALL
100
AcDbLine
 10
163.6363098359821
 20
7.009999999997425
 30
0.0
 11
163.6363098359821
 21
3.759999999997418
 31
0.0
  0
LINE
  5
D8
330
17
100
AcDbEntity
  8
A-WALL
100
AcDbLine
 10
168.4363098359835
 20
7.009999999997425
 30
0.0
 11
168.4363098359835
 21
3.759999999997418
 31
0.0
  0
LINE
  5
D9
330
17
100
AcDbEntity
  8
A-WALL
100
AcDbLine
 10
168.5363098359919
 20
3.759999999997418
 30
0.0
 11
168.5363098359919
 21
6.509999999997425
 31
0.0
  0
LINE
  5
DA
330
17
100
AcDbEntity
  8
A-WALL
100
AcDbLine
 10
168.5663098359919
 20
6.509999999997425
 30
0.0
 11
168.5363098359919
 21
6.509999999997425
 31
0.0
  0
LINE
  5
DB
330
17
100
AcDbEntity
  8
A-WALL
100
AcDbLine
 10
158.8863098359799
 20
3.259999999997418
 30
0.0
 11
170.0263098359919
 21
3.259999999997418
 31
0.0
  0
LINE
  5
DC
330
17
100
AcDbEntity
  8
A-WALL
100
AcDbLine
 10
158.8863098359799
 20
3.759999999997418
 30
0.0
 11
158.8863098359799
 21
3.259999999997418
 31
0.0
  0
LINE
  5
DD
330
17
100
AcDbEntity
  8
A-WALL
100
AcDbLine
 10
154.4963098359878
 20
3.259999999997418
 30
0.0
 11
158.8363098359799
 21
3.259999999997418
 31
0.0
  0
LINE
  5
DE
330
17
100
AcDbEntity
  8
A-WALL
100
AcDbLine
 10
144.896309843304
 20
3.259999999997418
 30
0.0
 11
149.2363098359869
 21
3.259999999997418
 31
0.0
  0
LINE
  5
DF
330
17
100
AcDbEntity
  8
A-WALL
100
AcDbLine
 10
168.5663098359919
 20
3.759999999997418
 30
0.0
 11
139.6363098359853
 21
3.760000000000005
 31
0.0
  0
LINE
  5
E0
330
17
100
AcDbEntity
  8
A-WALL
100
AcDbLine
 10
144.896309843304
 20
2.361980552835859
 30
0.0
 11
149.2363098359869
 21
2.361980552835859
 31
0.0
  0
LINE
  5
E1
330
17
100
AcDbEntity
  8
A-WALL
100
AcDbLine
 10
134.5963098359845
 20
0.0
 30
0.0
 11
134.5963098359845
 21
3.82
 31
0.0
  0
LINE
  5
E2
330
17
100
AcDbEntity
  8
A-WALL
100
AcDbLine
 10
134.5963098359845
 20
3.82
 30
0.0
 11
134.4063098359845
 21
3.82
 31
0.0
  0
LINE
  5
E3
330
17
100
AcDbEntity
  8
A-WALL
100
AcDbLine
 10
134.4363098359845
 20
3.82
 30
0.0
 11
134.4363098359845
 21
0.0
 31
0.0
  0
LINE
  5
E4
330
17
100
AcDbEntity
  8
A-WALL
100
AcDbLine
 10
164.0963098359821
 20
6.509999999997418
 30
0.0
 11
168.4363098359835
 21
6.509999999997418
 31
0.0
  0
LINE
  5
E5
330
17
100
AcDbEntity
  8
A-WALL
100
AcDbLine
 10
159.2963098359799
 20
6.509999999997418
 30
0.0
 11
163.6363098359821
 21
6.509999999997418
 31
0.0
  0
LINE
  5
E6
330
17
100
AcDbEntity
  8
A-WALL
100
AcDbLine
 10
168.5663098359919
 20
7.009999999997425
 30
0.0
 11
144.8963098359861
 21
7.009999999997418
 31
0.0
  0
LINE
  5
E7
330
17
100
AcDbEntity
  8
A-WALL
100
AcDbLine
 10
154.4963098359878
 20
6.509999999997418
 30
0.0
 11
158.8363098359799
 21
6.509999999997418
 31
0.0
  0
LINE
  5
E8
330
17
100
AcDbEntity
  8
A-WALL
 62
11
100
AcDbLine
 10
115.2063098359595
 20
5.619999999999999
 30
0.0
 11
105.206309836102
 21
5.619999999999999
 31
0.0
  0
LINE
  5
EA
330
17
100
AcDbEntity
  8
A-FLOR-LEVL
 62
4
100
AcDbLine
 10
197.5258718217355
 20
-0.0899999999999999
 30
0.0
 11
100.3658089596829
 21
-0.0899999999999999
 31
0.0
  0
LINE
  5
EB
330
17
100
AcDbEntity
  8
A-WALL
 62
11
100
AcDbLine
 10
105.1463098373633
 20
5.619999999999999
 30
0.0
 11
105.1463098373633
 21
-2e-16
 31
0.0
  0
LINE
  5
EC
330
17
100
AcDbEntity
  8
A-WALL
 62
11
100
AcDbLine
 10
105.1463098373633
 20
5.619999999999999
 30
0.0
 11
115.2763098359914
 21
5.619999999999999
 31
0.0
  0
LWPOLYLINE
  5
EE
330
17
100
AcDbEntity
  8
0-LOUVRE
  6
CONTINUOUS
 62
8
100
AcDbPolyline
 90
8
 70
1
 10
109.9042059824888
 20
6.200000000000016
 10
108.9042059824888
 20
5.200000000000005
 10
107.9042059824888
 20
6.200000000000019
 10
106.9042059824888
 20
5.200000000000005
 10
105.9042059824888
 20
6.200000000000016
 10
104.9042059824888
 20
5.233383792237069
 10
104.9042059824888
 20
0.2000000000000233
 10
109.9042059824888
 20
0.2000000000000233
  0
LWPOLYLINE
  5
EF
330
17
100
AcDbEntity
  8
0-LOUVRE
  6
CONTINUOUS
 62
8
100
AcDbPolyline
 90
8
 70
1
 10
109.9042059824888
 20
6.200000000000016
 10
110.9042059824888
 20
5.2
 10
111.9042059824888
 20
6.200000000000009
 10
112.9042059824888
 20
5.199999999999991
 10
113.9042059824888
 20
6.199999999999996
 10
114.9042059824888
 20
5.233383792237045
 10
114.9042059824888
 20
0.1999999999999993
 10
109.9042059824888
 20
0.200000000000023
  0
LWPOLYLINE
  5
F1
330
17
100
AcDbEntity
  8
0-cortes
 62
251
100
AcDbPolyline
 90
195
 70
0
 10
105.8775570168555
 20
1.334024736101607
 10
105.8695382690863
 20
1.376989497611881
 10
105.8653206638805
 20
1.416069416994753
 10
105.875754896736
 20
1.439457420775856
 10
105.8785205133411
 20
1.479189844103312
 10
105.874452196925
 20
1.51005961485226
 10
105.8840837223508
 20
1.537928386499959
 10
105.8846615523198
 20
1.564214256382736
 10
105.9086985870583
 20
1.589304680177461
 10
105.925088158189
 20
1.597874404453163
 10
105.9414841799882
 20
1.609912355285414
 10
105.9717614172382
 20
1.609030575285403
 10
106.0002025384801
 20
1.606827624764715
 10
106.0367393540503
 20
1.59039111852039
 10
106.0606674342203
 20
1.563221404989788
 10
106.0801496797608
 20
1.528259623151229
 10
106.0897060373663
 20
1.503074723081124
 10
106.1027505709146
 20
1.482688957292397
 10
106.1068072448626
 20
1.45819897542613
 10
106.1123773683957
 20
1.438499002770913
 10
106.1179478773804
 20
1.425325972801642
 10
106.1179058528221
 20
1.402731308654431
 10
106.1156008695126
 20
1.389470543146555
 10
106.1218773938134
 20
1.364067779602875
 10
106.1186769887952
 20
1.337038108731066
 10
106.1194430603915
 20
1.325499351580031
 10
106.1323288049722
 20
1.320855332865554
 10
106.1463335844517
 20
1.311173248057297
 10
106.1562756090601
 20
1.291113200933221
 10
106.1594328285611
 20
1.269645203056789
 10
106.1641213397958
 20
1.237764952348443
 10
106.1684960957308
 20
1.208018128887706
 10
106.1730890480214
 20
1.173673735380362
 10
106.1730013213095
 20
1.126507134013329
 10
106.1792723543694
 20
1.091832281670795
 10
106.1780247172559
 20
1.053005687908182
 10
106.1795489385853
 20
1.031988654787186
 10
106.1922182601338
 20
0.9868203988284221
 10
106.2018085896994
 20
0.9526292656338334
 10
106.2085184794886
 20
0.9287073832908209
 10
106.2084631357367
 20
0.8989516039666196
 10
106.2119889400835
 20
0.8604680749497642
 10
106.2195903287819
 20
0.8142982086746052
 10
106.2267827774463
 20
0.775769466161015
 10
106.2267338975649
 20
0.7494890114309674
 10
106.2311895783128
 20
0.718336965789451
 10
106.2363946108086
 20
0.6856157801934173
 10
106.2430184927572
 20
0.6636998060325717
 10
106.2405427812697
 20
0.6408025181021224
 10
106.2333538259688
 20
0.6243321575016743
 10
106.2276948469748
 20
0.6152177599866993
 10
106.3020134302455
 20
0.4301366713968604
 10
106.3225861752461
 20
0.3811143371290382
 10
106.3323297190427
 20
0.3554555655600997
 10
106.3477495383549
 20
0.3039728152371683
 10
106.3606605800348
 20
0.2560525551242172
 10
106.3623516623172
 20
0.2109943034511379
 10
106.3607573221441
 20
0.1690328621136579
 10
106.3568171580695
 20
0.1487298784354207
 10
106.3517299453657
 20
0.1225163516539762
 10
106.3246042974163
 20
0.1137490646684749
 10
106.3022285198558
 20
0.1097209409318167
 10
106.2776405473719
 20
0.0980821644261743
 10
106.2559540817794
 20
0.0981224997961983
 10
106.2349290949088
 20
0.0935863455134531
 10
106.1724051380538
 20
0.0918405373170828
 10
106.1571557647743
 20
0.1085701964821055
 10
106.1640340028594
 20
0.134933933526467
 10
106.1608362484036
 20
0.1535672656899991
 10
106.1451247406347
 20
0.2062151700038961
 10
106.1387509713504
 20
0.2488505247939465
 10
106.1465725827007
 20
0.3147645044571838
 10
106.1553559138796
 20
0.3732155032209414
 10
106.1661169825252
 20
0.4332945593765039
 10
106.197046089125
 20
0.6122608525180407
 10
106.1882199573941
 20
0.6255935128648998
 10
106.1793274139255
 20
0.6348181617689117
 10
106.1766874698359
 20
0.6184161278819374
 10
106.1753977689642
 20
0.6012117121183694
 10
106.1718433836111
 20
0.5924133484068297
 10
106.1595944192281
 20
0.5918410269953749
 10
106.1501836947209
 20
0.5878911725560175
 10
106.1206476255186
 20
0.5891235170596194
 10
106.1100472089941
 20
0.5395832560087146
 10
106.0990038065555
 20
0.4879727331176258
 10
106.0911072968248
 20
0.4427125703306669
 10
106.0878110209036
 20
0.4083754607477608
 10
106.0881439473056
 20
0.3788244252178559
 10
106.0888023581132
 20
0.3599590543900124
 10
106.0928686393553
 20
0.3279950645618084
 10
106.0886974343835
 20
0.2719478970262865
 10
106.0829614593207
 20
0.2151165672710777
 10
106.0678639260684
 20
0.1491713275852238
 10
106.0536824023922
 20
0.0891050322107767
 10
106.0453790043078
 20
0.061182598623069
 10
106.0423216178379
 20
0.0415306673782325
 10
106.0395600999863
 20
0.0103216566351621
 10
106.046227068433
 20
-0.0010681016846936
 10
106.0480086512985
 20
-0.0290668833374803
 10
106.0683674829133
 20
-0.054067108431991
 10
106.0728950117322
 20
-0.0655488719998538
 10
106.0659257036922
 20
-0.090319097593965
 10
105.9863486783108
 20
-0.0908237840098445
 10
105.9775038583667
 20
-0.0748995084345077
 10
105.9828450551935
 20
-0.0533705294720566
 10
105.9805048488483
 20
-0.0286917711961285
 10
105.9805523600454
 20
-0.0031471947941899
 10
105.9876072064978
 20
0.0044160571835965
 10
105.9847301880177
 20
0.1133381765422965
 10
105.9848256983776
 20
0.1646896859672564
 10
105.9817478111544
 20
0.1908927697408802
 10
105.9813772172859
 20
0.2507493694049043
 10
105.9856087338733
 20
0.2823459828598574
 10
105.9876789329866
 20
0.3147272898437516
 10
105.985123180833
 20
0.3435913715544596
 10
105.9830847151964
 20
0.3661899052737429
 10
105.9791909976782
 20
0.3961379004478367
 10
105.9765952571242
 20
0.4161026835167286
 10
105.9766367788653
 20
0.4384270060318963
 10
105.9735459089614
 20
0.4450492837438796
 10
105.9693384382132
 20
0.4327007096396703
 10
105.9656349836935
 20
0.4069517672304941
 10
105.961889981648
 20
0.3809139580771301
 10
105.95336152201
 20
0.3552901618432371
 10
105.9571418202652
 20
0.3338785957588555
 10
105.96212683195
 20
0.3029367314127884
 10
105.9681760635608
 20
0.2754035355649251
 10
105.968125517455
 20
0.2482272289570102
 10
105.9701331268367
 20
0.2153584152145487
 10
105.9689308897364
 20
0.1946216085806518
 10
105.9660931670294
 20
0.1729983878257775
 10
105.9628289521221
 20
0.1369398972631171
 10
105.9597845583977
 20
0.0863553492927167
 10
105.9576759628117
 20
0.0143709247824737
 10
105.9667436050473
 20
0.0044932558669535
 10
105.971285024628
 20
-0.0627171120637358
 10
105.9568607940966
 20
-0.070004299953216
 10
105.9346197377644
 20
-0.0900748773129161
 10
105.8541035917961
 20
-0.0899251226870837
 10
105.8451080694689
 20
-0.0791901267172797
 10
105.8542829981437
 20
-0.056663640871804
 10
105.8746665128862
 20
-0.0367943754614535
 10
105.8871752540328
 20
-0.0103067325282318
 10
105.8915976040997
 20
-0.002501822610895
 10
105.8936106847237
 20
0.0118089159320953
 10
105.9039613272268
 20
0.0155330584419429
 10
105.9061940478105
 20
0.0278597095922599
 10
105.9029173300286
 20
0.0419563230608913
 10
105.8695703300571
 20
0.1492457880111617
 10
105.8684046384853
 20
0.2239942560128694
 10
105.860695936046
 20
0.2819832086146055
 10
105.8604454977476
 20
0.3369251803529623
 10
105.860782392295
 20
0.3979834693905144
 10
105.8608594194663
 20
0.439397421914284
 10
105.8561281439273
 20
0.4677280369662769
 10
105.8490019833842
 20
0.5039786249616154
 10
105.8466834544594
 20
0.5466320331343888
 10
105.8450902368059
 20
0.57594206767976
 10
105.8285873784708
 20
0.5937876624047785
 10
105.8239143574714
 20
0.6155208370998447
 10
105.8214923314156
 20
0.6341271306040146
 10
105.8138771917623
 20
0.6665840423444607
 10
105.8037802251029
 20
0.6918147406599747
 10
105.8028530026218
 20
0.7431041626582596
 10
105.7962748996344
 20
0.7643545594040773
 10
105.8031400551612
 20
0.7963238133513518
 10
105.8141794924653
 20
0.8291171687496973
 10
105.8226633139334
 20
0.8655690859342142
 10
105.8322045265066
 20
0.8891187247762282
 10
105.8405055158669
 20
0.909426395540053
 10
105.8484524661782
 20
0.9163352939250323
 10
105.8447586154558
 20
0.9273483825269067
 10
105.8465422895066
 20
0.9447118536357596
 10
105.8116758604394
 20
0.9555205636118046
 10
105.7859643442507
 20
0.9654547848720543
 10
105.7651561309549
 20
0.9763525288639943
 10
105.758035172208
 20
0.9838013696777348
 10
105.7531360156749
 20
0.9913868552985224
 10
105.7525950468721
 20
1.003878639428032
 10
105.7522015194116
 20
1.01980639305897
 10
105.7523800669424
 20
1.033647020365271
 10
105.7556366272161
 20
1.046630860546429
 10
105.7612039338739
 20
1.063334600013113
 10
105.7659105522992
 20
1.091263723369498
 10
105.7700990537963
 20
1.112372514636037
 10
105.7788048763417
 20
1.154429511483671
 10
105.7884735796765
 20
1.214926532033758
 10
105.7932956571412
 20
1.241735621922926
 10
105.8023627557058
 20
1.269483863047993
 10
105.8136250491014
 20
1.289382891245506
 10
105.8271227866463
 20
1.304113797621758
 10
105.8462805175206
 20
1.315865057438684
 10
105.8624937997258
 20
1.324447907528738
 10
105.8749387931905
 20
1.329300771336318
 10
105.8775570168555
 20
1.334024736101607
  0
LWPOLYLINE
  5
F3
330
17
100
AcDbEntity
  8
0-VENTANAS
 62
8
100
AcDbPolyline
 90
4
 70
1
 10
107.4042059824888
 20
1.012943725152289
 10
106.555677845065
 20
1.86147186257613
 10
107.4042059824888
 20
2.709999999999999
 10
108.2527341199127
 20
1.86147186257613
  0
LWPOLYLINE
  5
F4
330
17
100
AcDbEntity
  8
0-VENTANAS
 62
8
100
AcDbPolyline
 90
4
 70
1
 10
107.4042059824888
 20
1.104867606706526
 10
106.6476017266192
 20
1.86147186257613
 10
107.4042059824888
 20
2.61807611844572
 10
108.1608102383584
 20
1.861471862576116
  0
LWPOLYLINE
  5
F5
330
17
100
AcDbEntity
  8
0
  6
CONTINUOUS
 62
250
100
AcDbPolyline
 90
8
 70
1
 10
109.90420598248885
 20
6.200000000000022
 10
108.90420598248885
 20
5.200000000000012
 10
107.90420598248885
 20
6.200000000000027
 10
106.90420598248885
 20
5.200000000000012
 10
105.90420598248885
 20
6.200000000000022
 10
104.90420598248885
 20
5.233383792237077
 10
104.90420598248885
 20
0.2000000000000295
 10
109.90420598248885
 20
0.2000000000000295
  0
LINE
  5
F6
330
17
100
AcDbEntity
  8
0
  6
CONTINUOUS
 62
250
100
AcDbLine
 10
104.90420598248885
 20
5.249255205317892
 30
0.0
 11
104.90420598248885
 21
4.8671966950227326
 31
0.0
  0
LINE
  5
F7
330
17
100
AcDbEntity
  8
0
  6
CONTINUOUS
 62
250
100
AcDbLine
 10
104.90420598248885
 20
4.8671966950227326
 30
0.0
 11
105.24335745936484
 21
4.8671966950227326
 31
0.0
  0
LINE
  5
F8
330
17
100
AcDbEntity
  8
0
  6
CONTINUOUS
 62
250
100
AcDbLine
 10
105.24335745936484
 20
4.8671966950227326
 30
0.0
 11
104.90420598248885
 21
4.5332117491351145
 31
0.0
  0
LINE
  5
F9
330
17
100
AcDbEntity
  8
0
  6
CONTINUOUS
 62
250
100
AcDbLine
 10
104.90420598248885
 20
4.5332117491351145
 30
0.0
 11
104.90420598248885
 21
3.9929257336910506
 31
0.0
  0
ARC
  5
FA
330
17
100
AcDbEntity
  8
0
  6
CONTINUOUS
 62
250
100
AcDbCircle
 10
104.90420598248885
 20
3.8206974407858447
 30
0.0
 40
0.1722282929052101
100
AcDbArc
 50
-89.9999999999847
 51
89.99999999998697
  0
LINE
  5
FB
330
17
100
AcDbEntity
  8
0
  6
CONTINUOUS
 62
250
100
AcDbLine
 10
104.96670140911785
 20
3.154947771343628
 30
0.0
 11
105.83516377504705
 21
2.286485405459355
 31
0.0
  0
LINE
  5
FC
330
17
100
AcDbEntity
  8
0
  6
CONTINUOUS
 62
250
100
AcDbLine
 10
105.83516377504705
 20
2.286485405459355
 30
0.0
 11
104.96670140911785
 21
1.4180230394854494
 31
0.0
  0
LINE
  5
FD
330
17
100
AcDbEntity
  8
0
  6
CONTINUOUS
 62
250
100
AcDbLine
 10
104.90420598248885
 20
0.9142342339609595
 30
0.0
 11
105.51611076112965
 21
0.3023294553201925
 31
0.0
  0
LINE
  5
FE
330
17
100
AcDbEntity
  8
0
  6
CONTINUOUS
 62
250
100
AcDbLine
 10
105.51611076112965
 20
0.3023294553201925
 30
0.0
 11
104.90420598248885
 21
0.3023294553201925
 31
0.0
  0
LINE
  5
FF
330
17
100
AcDbEntity
  8
0
  6
CONTINUOUS
 62
250
100
AcDbLine
 10
108.73128286318565
 20
4.867196695020055
 30
0.0
 11
109.40985265233535
 21
4.867196695020055
 31
0.0
  0
LINE
  5
100
330
17
100
AcDbEntity
  8
0
  6
CONTINUOUS
 62
250
100
AcDbLine
 10
109.40985265233535
 20
4.867196695020055
 30
0.0
 11
109.07056775775935
 21
4.5330803638789074
 31
0.0
  0
LINE
  5
101
330
17
100
AcDbEntity
  8
0
  6
CONTINUOUS
 62
250
100
AcDbLine
 10
109.07056775775935
 20
4.5330803638789074
 30
0.0
 11
108.73128286318565
 21
4.867196695020055
 31
0.0
  0
LINE
  5
102
330
17
100
AcDbEntity
  8
0
  6
CONTINUOUS
 62
250
100
AcDbLine
 10
107.89801050813135
 20
4.867196695020062
 30
0.0
 11
108.57658029728105
 21
4.867196695020062
 31
0.0
  0
LINE
  5
103
330
17
100
AcDbEntity
  8
0
  6
CONTINUOUS
 62
250
100
AcDbLine
 10
108.57658029728105
 20
4.867196695020062
 30
0.0
 11
108.23729540270615
 21
4.533080363878922
 31
0.0
  0
LINE
  5
104
330
17
100
AcDbEntity
  8
0
  6
CONTINUOUS
 62
250
100
AcDbLine
 10
108.23729540270615
 20
4.533080363878922
 30
0.0
 11
107.89801050813135
 21
4.867196695020062
 31
0.0
  0
LINE
  5
105
330
17
100
AcDbEntity
  8
0
  6
CONTINUOUS
 62
250
100
AcDbLine
 10
107.74330794222665
 20
4.867196695025789
 30
0.0
 11
107.40402304765244
 21
4.533080363884074
 31
0.0
  0
LINE
  5
106
330
17
100
AcDbEntity
  8
0
  6
CONTINUOUS
 62
250
100
AcDbLine
 10
107.40402304765244
 20
4.533080363884074
 30
0.0
 11
107.06473815307585
 21
4.867196695025789
 31
0.0
  0
LINE
  5
107
330
17
100
AcDbEntity
  8
0
  6
CONTINUOUS
 62
250
100
AcDbLine
 10
107.06473815307585
 20
4.867196695025789
 30
0.0
 11
107.74330794222665
 21
4.867196695025789
 31
0.0
  0
LINE
  5
108
330
17
100
AcDbEntity
  8
0
  6
CONTINUOUS
 62
250
100
AcDbLine
 10
106.91003558717235
 20
4.867196695025789
 30
0.0
 11
106.57075069259744
 21
4.533080363887715
 31
0.0
  0
LINE
  5
109
330
17
100
AcDbEntity
  8
0
  6
CONTINUOUS
 62
250
100
AcDbLine
 10
106.57075069259744
 20
4.533080363887715
 30
0.0
 11
106.23146579802265
 21
4.867196695025789
 31
0.0
  0
LINE
  5
10A
330
17
100
AcDbEntity
  8
0
  6
CONTINUOUS
 62
250
100
AcDbLine
 10
106.23146579802265
 20
4.867196695025789
 30
0.0
 11
106.91003558717235
 21
4.867196695025789
 31
0.0
  0
LINE
  5
10B
330
17
100
AcDbEntity
  8
0
  6
CONTINUOUS
 62
250
100
AcDbLine
 10
106.07676323211915
 20
4.8671966950227326
 30
0.0
 11
105.73747833754315
 21
4.533080363881593
 31
0.0
  0
LINE
  5
10C
330
17
100
AcDbEntity
  8
0
  6
CONTINUOUS
 62
250
100
AcDbLine
 10
105.73747833754315
 20
4.533080363881593
 30
0.0
 11
105.39819344296944
 21
4.8671966950227326
 31
0.0
  0
LINE
  5
10D
330
17
100
AcDbEntity
  8
0
  6
CONTINUOUS
 62
250
100
AcDbLine
 10
105.39819344296944
 20
4.8671966950227326
 30
0.0
 11
106.07676323211915
 21
4.8671966950227326
 31
0.0
  0
ARC
  5
10E
330
17
100
AcDbEntity
  8
0
  6
CONTINUOUS
 62
250
100
AcDbCircle
 10
108.67543093594855
 20
3.8206974407828107
 30
0.0
 40
0.1065976083175258
100
AcDbArc
 50
15.02588689196348
 51
164.9741131080396
  0
LINE
  5
10F
330
17
100
AcDbEntity
  8
0
  6
CONTINUOUS
 62
250
100
AcDbLine
 10
108.57247802881226
 20
3.848333450104085
 30
0.0
 11
108.14315985514475
 21
3.8483334501040987
 31
0.0
  0
ARC
  5
110
330
17
100
AcDbEntity
  8
0
  6
CONTINUOUS
 62
250
100
AcDbCircle
 10
108.67543093594855
 20
3.8483334501040707
 30
0.0
 40
0.532271080803773
100
AcDbArc
 50
-4.211444178243999e-13
 51
179.9999999999998
  0
LINE
  5
111
330
17
100
AcDbEntity
  8
0
  6
CONTINUOUS
 62
250
100
AcDbLine
 10
109.20770201675235
 20
3.8483334501040707
 30
0.0
 11
108.77838384308485
 21
3.8483334501040987
 31
0.0
  0
LINE
  5
112
330
17
100
AcDbEntity
  8
0
  6
CONTINUOUS
 62
250
100
AcDbLine
 10
108.77838384308485
 20
3.7930614314646096
 30
0.0
 11
109.20770201675235
 21
3.7930614314646
 31
0.0
  0
ARC
  5
113
330
17
100
AcDbEntity
  8
0
  6
CONTINUOUS
 62
250
100
AcDbCircle
 10
108.67543093594855
 20
3.7930614314646096
 30
0.0
 40
0.5322710808037662
100
AcDbArc
 50
-179.99999999999983
 51
-4.211444178243999e-13
  0
LINE
  5
114
330
17
100
AcDbEntity
  8
0
  6
CONTINUOUS
 62
250
100
AcDbLine
 10
108.14315985514475
 20
3.7930614314646
 30
0.0
 11
108.57247802881226
 21
3.7930614314646
 31
0.0
  0
ARC
  5
115
330
17
100
AcDbEntity
  8
0
  6
CONTINUOUS
 62
250
100
AcDbCircle
 10
108.67543093594855
 20
3.8206974407828107
 30
0.0
 40
0.1065976083167457
100
AcDbArc
 50
-164.9741131096326
 51
-15.025886890369938
  0
ARC
  5
116
330
17
100
AcDbEntity
  8
0
  6
CONTINUOUS
 62
250
100
AcDbCircle
 10
106.13261515935285
 20
3.82069744078549
 30
0.0
 40
0.1065976083175401
100
AcDbArc
 50
15.025886891963061
 51
164.974113108038
  0
LINE
  5
117
330
17
100
AcDbEntity
  8
0
  6
CONTINUOUS
 62
250
100
AcDbLine
 10
106.02966225221655
 20
3.8483334501067628
 30
0.0
 11
105.60034407854904
 21
3.8483334501067707
 31
0.0
  0
ARC
  5
118
330
17
100
AcDbEntity
  8
0
  6
CONTINUOUS
 62
250
100
AcDbCircle
 10
106.13261515935285
 20
3.8483334501067628
 30
0.0
 40
0.5322710808037662
100
AcDbArc
 50
-4.211444178243999e-13
 51
179.9999999999998
  0
LINE
  5
119
330
17
100
AcDbEntity
  8
0
  6
CONTINUOUS
 62
250
100
AcDbLine
 10
106.66488624015665
 20
3.8483334501067707
 30
0.0
 11
106.23556806648915
 21
3.8483334501067628
 31
0.0
  0
LINE
  5
11A
330
17
100
AcDbEntity
  8
0
  6
CONTINUOUS
 62
250
100
AcDbLine
 10
106.23556806648915
 20
3.793061431467289
 30
0.0
 11
106.66488624015665
 21
3.793061431467289
 31
0.0
  0
ARC
  5
11B
330
17
100
AcDbEntity
  8
0
  6
CONTINUOUS
 62
250
100
AcDbCircle
 10
106.13261515935285
 20
3.793061431467289
 30
0.0
 40
0.5322710808037725
100
AcDbArc
 50
-179.99999999999983
 51
-4.211444178243999e-13
  0
LINE
  5
11C
330
17
100
AcDbEntity
  8
0
  6
CONTINUOUS
 62
250
100
AcDbLine
 10
105.60034407854904
 20
3.793061431467296
 30
0.0
 11
106.02966225221655
 21
3.793061431467289
 31
0.0
  0
ARC
  5
11D
330
17
100
AcDbEntity
  8
0
  6
CONTINUOUS
 62
250
100
AcDbCircle
 10
106.13261515935285
 20
3.82069744078549
 30
0.0
 40
0.1065976083167457
100
AcDbArc
 50
-164.9741131096326
 51
-15.025886890368103
  0
ARC
  5
11E
330
17
100
AcDbEntity
  8
0
  6
CONTINUOUS
 62
250
100
AcDbCircle
 10
107.40402304765185
 20
3.820697440790066
 30
0.0
 40
0.1718624232298842
100
AcDbArc
 50
2.036e-13
 51
180.0
  0
ARC
  5
11F
330
17
100
AcDbEntity
  8
0
  6
CONTINUOUS
 62
250
100
AcDbCircle
 10
107.40402304765185
 20
3.820697440790066
 30
0.0
 40
0.1718624232298694
100
AcDbArc
 50
-179.99999999999983
 51
-6.24699917438065e-13
  0
LINE
  5
120
330
17
100
AcDbEntity
  8
0
  6
CONTINUOUS
 62
250
100
AcDbLine
 10
108.90468684609895
 20
2.039158084524174
 30
0.0
 11
107.49518100812935
 21
0.6296522465538521
 31
0.0
  0
ARC
  5
121
330
17
100
AcDbEntity
  8
0
  6
CONTINUOUS
 62
250
100
AcDbCircle
 10
107.40402304765306
 20
0.5662493704383911
 30
0.0
 40
0.1110391753297565
100
AcDbArc
 50
145.180321594915
 51
34.8196784050884
  0
LINE
  5
122
330
17
100
AcDbEntity
  8
0
  6
CONTINUOUS
 62
250
100
AcDbLine
 10
107.31286508717665
 20
0.6296522465538521
 30
0.0
 11
105.90335924920714
 21
2.0391580845241943
 31
0.0
  0
LINE
  5
123
330
17
100
AcDbEntity
  8
0
  6
CONTINUOUS
 62
250
100
AcDbLine
 10
105.90335924920714
 20
2.0391580845241943
 30
0.0
 11
105.51384923595666
 21
1.649648071273929
 31
0.0
  0
LINE
  5
124
330
17
100
AcDbEntity
  8
0
  6
CONTINUOUS
 62
250
100
AcDbLine
 10
105.51384923595666
 20
1.649648071273929
 30
0.0
 11
105.62545676349835
 21
1.5380405437321292
 31
0.0
  0
LINE
  5
125
330
17
100
AcDbEntity
  8
0
  6
CONTINUOUS
 62
250
100
AcDbLine
 10
105.62545676349835
 20
1.5380405437321292
 30
0.0
 11
106.29681399186455
 21
1.5380405437321292
 31
0.0
  0
LINE
  5
126
330
17
100
AcDbEntity
  8
0
  6
CONTINUOUS
 62
250
100
AcDbLine
 10
106.29681399186455
 20
1.5380405437321292
 30
0.0
 11
105.90335924920714
 21
1.1445858010747845
 31
0.0
  0
LINE
  5
127
330
17
100
AcDbEntity
  8
0
  6
CONTINUOUS
 62
250
100
AcDbLine
 10
105.90335924920714
 20
1.1445858010747845
 30
0.0
 11
105.39829697900795
 21
1.649648071274025
 31
0.0
  0
LINE
  5
128
330
17
100
AcDbEntity
  8
0
  6
CONTINUOUS
 62
250
100
AcDbLine
 10
105.39829697900795
 20
1.649648071274025
 30
0.0
 11
105.90335924920714
 21
2.1547103415207705
 31
0.0
  0
LINE
  5
129
330
17
100
AcDbEntity
  8
0
  6
CONTINUOUS
 62
250
100
AcDbLine
 10
105.90335924920714
 20
2.1547103415207705
 30
0.0
 11
107.38282352836545
 21
0.6752460623144918
 31
0.0
  0
ARC
  5
12A
330
17
100
AcDbEntity
  8
0
  6
CONTINUOUS
 62
250
100
AcDbCircle
 10
107.40402304765306
 20
0.5796627304586002
 30
0.0
 40
0.097906041420818
100
AcDbArc
 50
77.49474094213771
 51
102.5052590578706
  0
LINE
  5
12B
330
17
100
AcDbEntity
  8
0
  6
CONTINUOUS
 62
250
100
AcDbLine
 10
107.42522256694065
 20
0.6752460623144989
 30
0.0
 11
108.90468684609895
 21
2.1547103414730575
 31
0.0
  0
LINE
  5
12C
330
17
100
AcDbEntity
  8
0
  6
CONTINUOUS
 62
250
100
AcDbLine
 10
108.90468684609895
 20
2.1547103414730575
 30
0.0
 11
109.40974911629814
 21
1.6496480712739752
 31
0.0
  0
LINE
  5
12D
330
17
100
AcDbEntity
  8
0
  6
CONTINUOUS
 62
250
100
AcDbLine
 10
109.40974911629814
 20
1.6496480712739752
 30
0.0
 11
108.90468684609895
 21
1.1445858010747498
 31
0.0
  0
LINE
  5
12E
330
17
100
AcDbEntity
  8
0
  6
CONTINUOUS
 62
250
100
AcDbLine
 10
108.90468684609895
 20
1.1445858010747498
 30
0.0
 11
108.51123210344154
 21
1.53804054373209
 31
0.0
  0
LINE
  5
12F
330
17
100
AcDbEntity
  8
0
  6
CONTINUOUS
 62
250
100
AcDbLine
 10
108.51123210344154
 20
1.53804054373209
 30
0.0
 11
109.18258933180765
 21
1.53804054373209
 31
0.0
  0
LINE
  5
130
330
17
100
AcDbEntity
  8
0
  6
CONTINUOUS
 62
250
100
AcDbLine
 10
109.18258933180765
 20
1.53804054373209
 30
0.0
 11
109.29419685934946
 21
1.6496480712738997
 31
0.0
  0
LINE
  5
131
330
17
100
AcDbEntity
  8
0
  6
CONTINUOUS
 62
250
100
AcDbLine
 10
109.29419685934946
 20
1.6496480712738997
 30
0.0
 11
108.90468684609895
 21
2.039158084524174
 31
0.0
  0
LINE
  5
132
330
17
100
AcDbEntity
  8
0
  6
CONTINUOUS
 62
250
100
AcDbLine
 10
107.79677888309915
 20
3.5169344260395174
 30
0.0
 11
107.48409350207895
 21
3.204249045017515
 31
0.0
  0
LINE
  5
133
330
17
100
AcDbEntity
  8
0
  6
CONTINUOUS
 62
250
100
AcDbLine
 10
107.48409350207895
 20
3.204249045017515
 30
0.0
 11
108.26635143184235
 21
3.204249045017515
 31
0.0
  0
LINE
  5
134
330
17
100
AcDbEntity
  8
0
  6
CONTINUOUS
 62
250
100
AcDbLine
 10
108.26635143184235
 20
3.204249045017515
 30
0.0
 11
107.94937610391545
 21
2.8872737170909684
 31
0.0
  0
LINE
  5
135
330
17
100
AcDbEntity
  8
0
  6
CONTINUOUS
 62
250
100
AcDbLine
 10
107.94937610391545
 20
2.8872737170909684
 30
0.0
 11
107.63704841242185
 21
2.8872737170909684
 31
0.0
  0
LINE
  5
136
330
17
100
AcDbEntity
  8
0
  6
CONTINUOUS
 62
250
100
AcDbLine
 10
107.63704841242185
 20
2.8872737170909684
 30
0.0
 11
107.40402304765306
 21
3.120299081859847
 31
0.0
  0
LINE
  5
137
330
17
100
AcDbEntity
  8
0
  6
CONTINUOUS
 62
250
100
AcDbLine
 10
107.40402304765306
 20
3.120299081859847
 30
0.0
 11
107.17099768288425
 21
2.8872737170911327
 31
0.0
  0
LINE
  5
138
330
17
100
AcDbEntity
  8
0
  6
CONTINUOUS
 62
250
100
AcDbLine
 10
107.17099768288425
 20
2.8872737170911327
 30
0.0
 11
106.85866999139054
 21
2.8872737170911327
 31
0.0
  0
LINE
  5
139
330
17
100
AcDbEntity
  8
0
  6
CONTINUOUS
 62
250
100
AcDbLine
 10
106.85866999139054
 20
2.8872737170911327
 30
0.0
 11
106.54169466346364
 21
3.204249045017515
 31
0.0
  0
LINE
  5
13A
330
17
100
AcDbEntity
  8
0
  6
CONTINUOUS
 62
250
100
AcDbLine
 10
106.54169466346364
 20
3.204249045017515
 30
0.0
 11
107.32395259322715
 21
3.204249045017515
 31
0.0
  0
LINE
  5
13B
330
17
100
AcDbEntity
  8
0
  6
CONTINUOUS
 62
250
100
AcDbLine
 10
107.32395259322715
 20
3.204249045017515
 30
0.0
 11
107.01126721220464
 21
3.5169344260395174
 31
0.0
  0
LINE
  5
13C
330
17
100
AcDbEntity
  8
0
  6
CONTINUOUS
 62
250
100
AcDbLine
 10
107.01126721220464
 20
3.5169344260395174
 30
0.0
 11
107.79677888309915
 21
3.5169344260395174
 31
0.0
  0
LINE
  5
13D
330
17
100
AcDbEntity
  8
0
  6
CONTINUOUS
 62
250
100
AcDbLine
 10
108.65910726729315
 20
2.8114932095687966
 30
0.0
 11
108.26635143184235
 21
2.4187373741070797
 31
0.0
  0
LINE
  5
13E
330
17
100
AcDbEntity
  8
0
  6
CONTINUOUS
 62
250
100
AcDbLine
 10
108.26635143184235
 20
2.4187373741070797
 30
0.0
 11
109.05186310274264
 21
2.4187373741070797
 31
0.0
  0
LINE
  5
13F
330
17
100
AcDbEntity
  8
0
  6
CONTINUOUS
 62
250
100
AcDbLine
 10
109.05186310274264
 20
2.4187373741070797
 30
0.0
 11
108.07212958987105
 21
1.4390038612431457
 31
0.0
  0
LINE
  5
140
330
17
100
AcDbEntity
  8
0
  6
CONTINUOUS
 62
250
100
AcDbLine
 10
108.07212958987105
 20
1.4390038612431457
 30
0.0
 11
107.99174625164684
 21
1.5193871994685422
 31
0.0
  0
LINE
  5
141
330
17
100
AcDbEntity
  8
0
  6
CONTINUOUS
 62
250
100
AcDbLine
 10
107.99174625164684
 20
1.5193871994685422
 30
0.0
 11
108.49834059084365
 21
2.025981538657436
 31
0.0
  0
LINE
  5
142
330
17
100
AcDbEntity
  8
0
  6
CONTINUOUS
 62
250
100
AcDbLine
 10
108.49834059084365
 20
2.025981538657436
 30
0.0
 11
107.71282891994444
 21
2.8114932095687966
 31
0.0
  0
LINE
  5
143
330
17
100
AcDbEntity
  8
0
  6
CONTINUOUS
 62
250
100
AcDbLine
 10
107.71282891994444
 20
2.8114932095687966
 30
0.0
 11
108.65910726729315
 21
2.8114932095687966
 31
0.0
  0
LINE
  5
144
330
17
100
AcDbEntity
  8
0
  6
CONTINUOUS
 62
250
100
AcDbLine
 10
107.40402304765306
 20
0.9316639954747057
 30
0.0
 11
107.95118181924775
 21
1.478822767069281
 31
0.0
  0
LINE
  5
145
330
17
100
AcDbEntity
  8
0
  6
CONTINUOUS
 62
250
100
AcDbLine
 10
107.95118181924775
 20
1.478822767069281
 30
0.0
 11
108.03156515747305
 21
1.398439428843953
 31
0.0
  0
LINE
  5
146
330
17
100
AcDbEntity
  8
0
  6
CONTINUOUS
 62
250
100
AcDbLine
 10
108.03156515747305
 20
1.398439428843953
 30
0.0
 11
107.40402304765306
 21
0.7708973190241064
 31
0.0
  0
LINE
  5
147
330
17
100
AcDbEntity
  8
0
  6
CONTINUOUS
 62
250
100
AcDbLine
 10
107.40402304765306
 20
0.7708973190241064
 30
0.0
 11
106.77648093783294
 21
1.3984394288443287
 31
0.0
  0
LINE
  5
148
330
17
100
AcDbEntity
  8
0
  6
CONTINUOUS
 62
250
100
AcDbLine
 10
106.77648093783294
 20
1.3984394288443287
 30
0.0
 11
106.85686427605825
 21
1.4788227670696035
 31
0.0
  0
LINE
  5
149
330
17
100
AcDbEntity
  8
0
  6
CONTINUOUS
 62
250
100
AcDbLine
 10
106.85686427605825
 20
1.4788227670696035
 30
0.0
 11
107.40402304765306
 21
0.9316639954747057
 31
0.0
  0
LINE
  5
14A
330
17
100
AcDbEntity
  8
0
  6
CONTINUOUS
 62
250
100
AcDbLine
 10
106.81629984365915
 20
1.5193871994688761
 30
0.0
 11
106.73591650543504
 21
1.4390038612435232
 31
0.0
  0
LINE
  5
14B
330
17
100
AcDbEntity
  8
0
  6
CONTINUOUS
 62
250
100
AcDbLine
 10
106.73591650543504
 20
1.4390038612435232
 30
0.0
 11
105.75618299256335
 21
2.418737374169978
 31
0.0
  0
LINE
  5
14C
330
17
100
AcDbEntity
  8
0
  6
CONTINUOUS
 62
250
100
AcDbLine
 10
105.75618299256335
 20
2.418737374169978
 30
0.0
 11
106.54169466346364
 21
2.418737374169978
 31
0.0
  0
LINE
  5
14D
330
17
100
AcDbEntity
  8
0
  6
CONTINUOUS
 62
250
100
AcDbLine
 10
106.54169466346364
 20
2.418737374169978
 30
0.0
 11
106.14893882801294
 21
2.811493209568961
 31
0.0
  0
LINE
  5
14E
330
17
100
AcDbEntity
  8
0
  6
CONTINUOUS
 62
250
100
AcDbLine
 10
106.14893882801294
 20
2.811493209568961
 30
0.0
 11
107.09521717536155
 21
2.811493209568961
 31
0.0
  0
LINE
  5
14F
330
17
100
AcDbEntity
  8
0
  6
CONTINUOUS
 62
250
100
AcDbLine
 10
107.09521717536155
 20
2.811493209568961
 30
0.0
 11
106.30970550446244
 21
2.025981538672659
 31
0.0
  0
LINE
  5
150
330
17
100
AcDbEntity
  8
0
  6
CONTINUOUS
 62
250
100
AcDbLine
 10
106.30970550446244
 20
2.025981538672659
 30
0.0
 11
106.81629984365915
 21
1.5193871994688761
 31
0.0
  0
LINE
  5
151
330
17
100
AcDbEntity
  8
0
  6
CONTINUOUS
 62
250
100
AcDbLine
 10
107.40402304765306
 20
2.8332456741162506
 30
0.0
 11
108.21128718310425
 21
2.025981538657436
 31
0.0
  0
LINE
  5
152
330
17
100
AcDbEntity
  8
0
  6
CONTINUOUS
 62
250
100
AcDbLine
 10
108.21128718310425
 20
2.025981538657436
 30
0.0
 11
107.40402304765306
 21
1.2187174032138257
 31
0.0
  0
LINE
  5
153
330
17
100
AcDbEntity
  8
0
  6
CONTINUOUS
 62
250
100
AcDbLine
 10
107.40402304765306
 20
1.2187174032138257
 30
0.0
 11
106.59675891220185
 21
2.025981538672659
 31
0.0
  0
LINE
  5
154
330
17
100
AcDbEntity
  8
0
  6
CONTINUOUS
 62
250
100
AcDbLine
 10
106.59675891220185
 20
2.025981538672659
 30
0.0
 11
107.40402304765306
 21
2.8332456741162506
 31
0.0
  0
LINE
  5
155
330
17
100
AcDbEntity
  8
0
  6
CONTINUOUS
 62
250
100
AcDbLine
 10
109.90420598248885
 20
0.3023294553201925
 30
0.0
 11
109.18763205121955
 21
0.3023294553201925
 31
0.0
  0
LINE
  5
156
330
17
100
AcDbEntity
  8
0
  6
CONTINUOUS
 62
250
100
AcDbLine
 10
109.18763205121955
 20
0.3023294553201925
 30
0.0
 11
109.90383474389395
 21
1.018532147994601
 31
0.0
  0
LINE
  5
157
330
17
100
AcDbEntity
  8
0
  6
CONTINUOUS
 62
250
100
AcDbLine
 10
105.73087122993255
 20
2.286485405459355
 30
0.0
 11
104.96670140911785
 21
3.050655226229657
 31
0.0
  0
LINE
  5
158
330
17
100
AcDbEntity
  8
0
  6
CONTINUOUS
 62
250
100
AcDbLine
 10
104.96670140911785
 20
2.959654061170421
 30
0.0
 11
105.62322758312465
 21
2.3031278871708754
 31
0.0
  0
LINE
  5
159
330
17
100
AcDbEntity
  8
0
  6
CONTINUOUS
 62
250
100
AcDbLine
 10
105.62322758312465
 20
2.3031278871708754
 30
0.0
 11
104.96670140911785
 21
1.646601713156957
 31
0.0
  0
LINE
  5
15A
330
17
100
AcDbEntity
  8
0
  6
CONTINUOUS
 62
250
100
AcDbLine
 10
104.96670140911785
 20
1.5223155846003085
 30
0.0
 11
105.73087122993255
 21
2.286485405459355
 31
0.0
  0
LINE
  5
15B
330
17
100
AcDbEntity
  8
0
  6
CONTINUOUS
 62
250
100
AcDbLine
 10
105.53423112971105
 20
2.3031278871708754
 30
0.0
 11
104.96670140911785
 21
2.870657607742351
 31
0.0
  0
LINE
  5
15C
330
17
100
AcDbEntity
  8
0
  6
CONTINUOUS
 62
250
100
AcDbLine
 10
104.96670140911785
 20
2.759119388361497
 30
0.0
 11
105.42269291032795
 21
2.3031278871708754
 31
0.0
  0
LINE
  5
15D
330
17
100
AcDbEntity
  8
0
  6
CONTINUOUS
 62
250
100
AcDbLine
 10
105.42269291032795
 20
2.3031278871708754
 30
0.0
 11
104.96670140911785
 21
1.8471363859413206
 31
0.0
  0
LINE
  5
15E
330
17
100
AcDbEntity
  8
0
  6
CONTINUOUS
 62
250
100
AcDbLine
 10
104.96670140911785
 20
1.735598166556037
 30
0.0
 11
105.53423112971105
 21
2.3031278871708754
 31
0.0
  0
LINE
  5
15F
330
17
100
AcDbEntity
  8
0
  6
CONTINUOUS
 62
250
100
AcDbLine
 10
105.33369645694874
 20
2.3031278871708754
 30
0.0
 11
104.96670140911785
 21
2.670122934999749
 31
0.0
  0
LINE
  5
160
330
17
100
AcDbEntity
  8
0
  6
CONTINUOUS
 62
250
100
AcDbLine
 10
104.96670140911785
 20
2.551435004911453
 30
0.0
 11
105.21500852685855
 21
2.3031278871708754
 31
0.0
  0
LINE
  5
161
330
17
100
AcDbEntity
  8
0
  6
CONTINUOUS
 62
250
100
AcDbLine
 10
105.21500852685855
 20
2.3031278871708754
 30
0.0
 11
104.96670140911785
 21
2.054820769430143
 31
0.0
  0
LINE
  5
162
330
17
100
AcDbEntity
  8
0
  6
CONTINUOUS
 62
250
100
AcDbLine
 10
104.96670140911785
 20
1.9361328393380344
 30
0.0
 11
105.33369645694874
 21
2.3031278871708754
 31
0.0
  0
LINE
  5
163
330
17
100
AcDbEntity
  8
0
  6
CONTINUOUS
 62
250
100
AcDbLine
 10
109.20412846860005
 20
2.393578925953956
 30
0.0
 11
109.84171055585985
 21
1.7559968386941787
 31
0.0
  0
LINE
  5
164
330
17
100
AcDbEntity
  8
0
  6
CONTINUOUS
 62
250
100
AcDbLine
 10
109.84171055585985
 20
1.844993292091071
 30
0.0
 11
109.29312492199685
 21
2.393578925953956
 31
0.0
  0
LINE
  5
165
330
17
100
AcDbEntity
  8
0
  6
CONTINUOUS
 62
250
100
AcDbLine
 10
109.29312492199685
 20
2.393578925953956
 30
0.0
 11
109.84171055585985
 21
2.9421645598172805
 31
0.0
  0
LINE
  5
166
330
17
100
AcDbEntity
  8
0
  6
CONTINUOUS
 62
250
100
AcDbLine
 10
109.84171055585985
 20
1.6640912145002167
 30
0.0
 11
109.09603259222455
 21
2.4097691781354786
 31
0.0
  0
LINE
  5
167
330
17
100
AcDbEntity
  8
0
  6
CONTINUOUS
 62
250
100
AcDbLine
 10
109.09603259222455
 20
2.4097691781354786
 30
0.0
 11
109.81370780282845
 21
3.127444388739373
 31
0.0
  0
LINE
  5
168
330
17
100
AcDbEntity
  8
0
  6
CONTINUOUS
 62
250
100
AcDbLine
 10
109.81370780282845
 20
3.127444388739373
 30
0.0
 11
109.84171055585985
 21
3.099441635707737
 31
0.0
  0
LINE
  5
169
330
17
100
AcDbEntity
  8
0
  6
CONTINUOUS
 62
250
100
AcDbLine
 10
109.84171055585985
 20
3.0311610132142075
 30
0.0
 11
109.20412846860005
 21
2.393578925953956
 31
0.0
  0
LINE
  5
16A
330
17
100
AcDbEntity
  8
0
  6
CONTINUOUS
 62
250
100
AcDbLine
 10
109.87585086710645
 20
1.540954449856204
 30
0.0
 11
109.79705995216105
 21
1.4621635349103794
 31
0.0
  0
LINE
  5
16B
330
17
100
AcDbEntity
  8
0
  6
CONTINUOUS
 62
250
100
AcDbLine
 10
109.79705995216105
 20
1.4621635349103794
 30
0.0
 11
108.97274345058075
 21
2.2864800364912297
 31
0.0
  0
LINE
  5
16C
330
17
100
AcDbEntity
  8
0
  6
CONTINUOUS
 62
250
100
AcDbLine
 10
108.97274345058075
 20
2.2864800364912297
 30
0.0
 11
109.05153436552605
 21
2.3652709514370454
 31
0.0
  0
LINE
  5
16D
330
17
100
AcDbEntity
  8
0
  6
CONTINUOUS
 62
250
100
AcDbLine
 10
109.05153436552605
 20
2.3652709514370454
 30
0.0
 11
109.87585086710645
 21
1.540954449856204
 31
0.0
  0
LINE
  5
16E
330
17
100
AcDbEntity
  8
0
  6
CONTINUOUS
 62
250
100
AcDbLine
 10
109.48741815253605
 20
2.4069700789021997
 30
0.0
 11
109.84171055585985
 21
2.761262482226381
 31
0.0
  0
LINE
  5
16F
330
17
100
AcDbEntity
  8
0
  6
CONTINUOUS
 62
250
100
AcDbLine
 10
109.84171055585975
 20
2.8502589356232786
 30
0.0
 11
109.39842169913915
 21
2.40697007890219
 31
0.0
  0
LINE
  5
170
330
17
100
AcDbEntity
  8
0
  6
CONTINUOUS
 62
250
100
AcDbLine
 10
109.39842169913915
 20
2.40697007890219
 30
0.0
 11
109.84171055585985
 21
1.96368122218158
 31
0.0
  0
LINE
  5
171
330
17
100
AcDbEntity
  8
0
  6
CONTINUOUS
 62
250
100
AcDbLine
 10
109.84171055585985
 20
2.0526776755784457
 30
0.0
 11
109.48741815253605
 21
2.4069700789021997
 31
0.0
  0
LINE
  5
172
330
17
100
AcDbEntity
  8
0
  6
CONTINUOUS
 62
250
100
AcDbLine
 10
109.90370124313765
 20
4.533074994959871
 30
0.0
 11
109.56441634856324
 21
4.867191326100931
 31
0.0
  0
LINE
  5
173
330
17
100
AcDbEntity
  8
0
  6
CONTINUOUS
 62
250
100
AcDbLine
 10
109.56441634856324
 20
4.867191326100931
 30
0.0
 11
109.90420598248885
 21
4.867191326100938
 31
0.0
  0
CIRCLE
  5
174
330
17
100
AcDbEntity
  8
0
  6
CONTINUOUS
 62
250
100
AcDbCircle
 10
105.73712948673764
 20
0.70153222307255
 30
0.0
 40
0.1113061109157168
  0
CIRCLE
  5
175
330
17
100
AcDbEntity
  8
0
  6
CONTINUOUS
 62
250
100
AcDbCircle
 10
109.07056775776014
 20
0.7015322230724967
 30
0.0
 40
0.1113061109157168
  0
ARC
  5
176
330
17
100
AcDbEntity
  8
0
  6
CONTINUOUS
 62
250
100
AcDbCircle
 10
109.90420598248885
 20
3.8206974407843206
 30
0.0
 40
0.1718624232298773
100
AcDbArc
 50
90.0
 51
-90.00000000000001
  0
LINE
  5
177
330
17
100
AcDbEntity
  8
0
  6
CONTINUOUS
 62
250
100
AcDbLine
 10
109.90420598248885
 20
6.2000000000000295
 30
0.0
 11
109.90420598248885
 21
0.2000000000000295
 31
0.0
  0
LINE
  5
178
330
17
100
AcDbEntity
  8
0
  6
CONTINUOUS
 62
250
100
AcDbLine
 10
109.84171055585985
 20
3.0994416357077217
 30
0.0
 11
109.84171055585985
 21
3.0311610132142146
 31
0.0
  0
LINE
  5
179
330
17
100
AcDbEntity
  8
0
  6
CONTINUOUS
 62
250
100
AcDbLine
 10
109.84171055585985
 20
2.942164559817324
 30
0.0
 11
109.84171055585985
 21
2.8502589356233496
 31
0.0
  0
LINE
  5
17A
330
17
100
AcDbEntity
  8
0
  6
CONTINUOUS
 62
250
100
AcDbLine
 10
109.84171055585985
 20
2.7612624822264475
 30
0.0
 11
109.84171055585985
 21
2.0526776755784315
 31
0.0
  0
LINE
  5
17B
330
17
100
AcDbEntity
  8
0
  6
CONTINUOUS
 62
250
100
AcDbLine
 10
109.84171055585985
 20
1.9636812221815614
 30
0.0
 11
109.84171055585985
 21
1.8449932920910497
 31
0.0
  0
LINE
  5
17C
330
17
100
AcDbEntity
  8
0
  6
CONTINUOUS
 62
250
100
AcDbLine
 10
109.84171055585985
 20
1.7559968386941645
 30
0.0
 11
109.84171055585985
 21
1.6640912145002238
 31
0.0
  0
LINE
  5
17D
330
17
100
AcDbEntity
  8
0
  6
CONTINUOUS
 62
250
100
AcDbLine
 10
104.96670140911785
 20
1.418023039485436
 30
0.0
 11
104.96670140911785
 21
1.5223155846003014
 31
0.0
  0
LINE
  5
17E
330
17
100
AcDbEntity
  8
0
  6
CONTINUOUS
 62
250
100
AcDbLine
 10
104.96670140911785
 20
1.6466017131569641
 30
0.0
 11
104.96670140911785
 21
1.735598166556037
 31
0.0
  0
LINE
  5
17F
330
17
100
AcDbEntity
  8
0
  6
CONTINUOUS
 62
250
100
AcDbLine
 10
104.96670140911785
 20
1.847136385941286
 30
0.0
 11
104.96670140911785
 21
1.9361328393380282
 31
0.0
  0
LINE
  5
180
330
17
100
AcDbEntity
  8
0
  6
CONTINUOUS
 62
250
100
AcDbLine
 10
104.96670140911795
 20
2.054820769430104
 30
0.0
 11
104.96670140911785
 21
2.551435004911446
 31
0.0
  0
LINE
  5
181
330
17
100
AcDbEntity
  8
0
  6
CONTINUOUS
 62
250
100
AcDbLine
 10
104.96670140911785
 20
2.670122934999763
 30
0.0
 11
104.96670140911785
 21
2.7591193883614897
 31
0.0
  0
LINE
  5
182
330
17
100
AcDbEntity
  8
0
  6
CONTINUOUS
 62
250
100
AcDbLine
 10
104.96670140911785
 20
2.8706576077423573
 30
0.0
 11
104.96670140911785
 21
2.959654061170414
 31
0.0
  0
LINE
  5
183
330
17
100
AcDbEntity
  8
0
  6
CONTINUOUS
 62
250
100
AcDbLine
 10
104.96670140911785
 20
3.050655226229657
 30
0.0
 11
104.96670140911785
 21
3.154947771343635
 31
0.0
  0
LINE
  5
184
330
17
100
AcDbEntity
  8
0
  6
CONTINUOUS
 62
250
100
AcDbLine
 10
106.90420598248885
 20
5.200000000000027
 30
0.0
 11
106.90420598248885
 21
0.2000000000000295
 31
0.0
  0
LINE
  5
185
330
17
100
AcDbEntity
  8
0
  6
CONTINUOUS
 62
250
100
AcDbLine
 10
105.90420598248885
 20
6.200000000000027
 30
0.0
 11
105.90420598248885
 21
0.2000000000000295
 31
0.0
  0
LINE
  5
186
330
17
100
AcDbEntity
  8
0
  6
CONTINUOUS
 62
250
100
AcDbLine
 10
107.90420598248885
 20
6.200000000000027
 30
0.0
 11
107.90420598248885
 21
0.2000000000000295
 31
0.0
  0
LINE
  5
187
330
17
100
AcDbEntity
  8
0
  6
CONTINUOUS
 62
250
100
AcDbLine
 10
108.90420598248885
 20
5.200000000000012
 30
0.0
 11
108.90420598248885
 21
0.2000000000000295
 31
0.0
  0
LINE
  5
188
330
17
100
AcDbEntity
  8
0
  6
CONTINUOUS
 62
250
100
AcDbLine
 10
104.90420598248885
 20
3.2000000000000295
 30
0.0
 11
109.90420598248885
 21
3.2000000000000295
 31
0.0
  0
LWPOLYLINE
  5
189
330
17
100
AcDbEntity
  8
0
  6
CONTINUOUS
 62
250
100
AcDbPolyline
 90
8
 70
1
 10
-109.90420598248879
 20
6.200000000000022
 10
-110.90420598248879
 20
5.200000000000012
 10
-111.90420598248879
 20
6.200000000000027
 10
-112.90420598248879
 20
5.200000000000012
 10
-113.90420598248879
 20
6.200000000000022
 10
-114.90420598248879
 20
5.233383792237077
 10
-114.90420598248879
 20
0.2000000000000295
 10
-109.90420598248879
 20
0.2000000000000295
210
0.0
220
0.0
230
-1.0
  0
LINE
  5
18A
330
17
100
AcDbEntity
  8
0
  6
CONTINUOUS
 62
250
100
AcDbLine
 10
114.90420598248879
 20
5.249255205317892
 30
0.0
 11
114.90420598248879
 21
4.8671966950227326
 31
0.0
  0
LINE
  5
18B
330
17
100
AcDbEntity
  8
0
  6
CONTINUOUS
 62
250
100
AcDbLine
 10
114.90420598248879
 20
4.8671966950227326
 30
0.0
 11
114.56505450561279
 21
4.8671966950227326
 31
0.0
  0
LINE
  5
18C
330
17
100
AcDbEntity
  8
0
  6
CONTINUOUS
 62
250
100
AcDbLine
 10
114.56505450561279
 20
4.8671966950227326
 30
0.0
 11
114.90420598248879
 21
4.5332117491351145
 31
0.0
  0
LINE
  5
18D
330
17
100
AcDbEntity
  8
0
  6
CONTINUOUS
 62
250
100
AcDbLine
 10
114.90420598248879
 20
4.5332117491351145
 30
0.0
 11
114.90420598248879
 21
3.9929257336910506
 31
0.0
  0
ARC
  5
18E
330
17
100
AcDbEntity
  8
0
  6
CONTINUOUS
 62
250
100
AcDbCircle
 10
-114.90420598248879
 20
3.8206974407858447
 30
0.0
 40
0.1722282929052101
210
0.0
220
0.0
230
-1.0
100
AcDbArc
 50
-89.9999999999847
 51
89.99999999998697
  0
LINE
  5
18F
330
17
100
AcDbEntity
  8
0
  6
CONTINUOUS
 62
250
100
AcDbLine
 10
114.84171055585979
 20
3.154947771343628
 30
0.0
 11
113.97324818993059
 21
2.286485405459355
 31
0.0
  0
LINE
  5
190
330
17
100
AcDbEntity
  8
0
  6
CONTINUOUS
 62
250
100
AcDbLine
 10
113.97324818993059
 20
2.286485405459355
 30
0.0
 11
114.84171055585979
 21
1.4180230394854494
 31
0.0
  0
LINE
  5
191
330
17
100
AcDbEntity
  8
0
  6
CONTINUOUS
 62
250
100
AcDbLine
 10
114.90420598248879
 20
0.9142342339609595
 30
0.0
 11
114.29230120384798
 21
0.3023294553201925
 31
0.0
  0
LINE
  5
192
330
17
100
AcDbEntity
  8
0
  6
CONTINUOUS
 62
250
100
AcDbLine
 10
114.29230120384798
 20
0.3023294553201925
 30
0.0
 11
114.90420598248879
 21
0.3023294553201925
 31
0.0
  0
LINE
  5
193
330
17
100
AcDbEntity
  8
0
  6
CONTINUOUS
 62
250
100
AcDbLine
 10
111.07712910179198
 20
4.867196695020055
 30
0.0
 11
110.39855931264229
 21
4.867196695020055
 31
0.0
  0
LINE
  5
194
330
17
100
AcDbEntity
  8
0
  6
CONTINUOUS
 62
250
100
AcDbLine
 10
110.39855931264229
 20
4.867196695020055
 30
0.0
 11
110.73784420721829
 21
4.5330803638789074
 31
0.0
  0
LINE
  5
195
330
17
100
AcDbEntity
  8
0
  6
CONTINUOUS
 62
250
100
AcDbLine
 10
110.73784420721829
 20
4.5330803638789074
 30
0.0
 11
111.07712910179198
 21
4.867196695020055
 31
0.0
  0
LINE
  5
196
330
17
100
AcDbEntity
  8
0
  6
CONTINUOUS
 62
250
100
AcDbLine
 10
111.91040145684629
 20
4.867196695020062
 30
0.0
 11
111.23183166769658
 21
4.867196695020062
 31
0.0
  0
LINE
  5
197
330
17
100
AcDbEntity
  8
0
  6
CONTINUOUS
 62
250
100
AcDbLine
 10
111.23183166769658
 20
4.867196695020062
 30
0.0
 11
111.57111656227148
 21
4.533080363878922
 31
0.0
  0
LINE
  5
198
330
17
100
AcDbEntity
  8
0
  6
CONTINUOUS
 62
250
100
AcDbLine
 10
111.57111656227148
 20
4.533080363878922
 30
0.0
 11
111.91040145684629
 21
4.867196695020062
 31
0.0
  0
LINE
  5
199
330
17
100
AcDbEntity
  8
0
  6
CONTINUOUS
 62
250
100
AcDbLine
 10
112.06510402275099
 20
4.867196695025789
 30
0.0
 11
112.40438891732519
 21
4.533080363884074
 31
0.0
  0
LINE
  5
19A
330
17
100
AcDbEntity
  8
0
  6
CONTINUOUS
 62
250
100
AcDbLine
 10
112.40438891732519
 20
4.533080363884074
 30
0.0
 11
112.74367381190179
 21
4.867196695025789
 31
0.0
  0
LINE
  5
19B
330
17
100
AcDbEntity
  8
0
  6
CONTINUOUS
 62
250
100
AcDbLine
 10
112.74367381190179
 20
4.867196695025789
 30
0.0
 11
112.06510402275099
 21
4.867196695025789
 31
0.0
  0
LINE
  5
19C
330
17
100
AcDbEntity
  8
0
  6
CONTINUOUS
 62
250
100
AcDbLine
 10
112.89837637780529
 20
4.867196695025789
 30
0.0
 11
113.2376612723802
 21
4.533080363887715
 31
0.0
  0
LINE
  5
19D
330
17
100
AcDbEntity
  8
0
  6
CONTINUOUS
 62
250
100
AcDbLine
 10
113.2376612723802
 20
4.533080363887715
 30
0.0
 11
113.57694616695498
 21
4.867196695025789
 31
0.0
  0
LINE
  5
19E
330
17
100
AcDbEntity
  8
0
  6
CONTINUOUS
 62
250
100
AcDbLine
 10
113.57694616695498
 20
4.867196695025789
 30
0.0
 11
112.89837637780529
 21
4.867196695025789
 31
0.0
  0
LINE
  5
19F
330
17
100
AcDbEntity
  8
0
  6
CONTINUOUS
 62
250
100
AcDbLine
 10
113.73164873285849
 20
4.8671966950227326
 30
0.0
 11
114.07093362743448
 21
4.533080363881593
 31
0.0
  0
LINE
  5
1A0
330
17
100
AcDbEntity
  8
0
  6
CONTINUOUS
 62
250
100
AcDbLine
 10
114.07093362743448
 20
4.533080363881593
 30
0.0
 11
114.4102185220082
 21
4.8671966950227326
 31
0.0
  0
LINE
  5
1A1
330
17
100
AcDbEntity
  8
0
  6
CONTINUOUS
 62
250
100
AcDbLine
 10
114.4102185220082
 20
4.8671966950227326
 30
0.0
 11
113.73164873285849
 21
4.8671966950227326
 31
0.0
  0
ARC
  5
1A2
330
17
100
AcDbEntity
  8
0
  6
CONTINUOUS
 62
250
100
AcDbCircle
 10
-111.13298102902908
 20
3.8206974407828107
 30
0.0
 40
0.1065976083175258
210
0.0
220
0.0
230
-1.0
100
AcDbArc
 50
15.02588689196348
 51
164.9741131080396
  0
LINE
  5
1A3
330
17
100
AcDbEntity
  8
0
  6
CONTINUOUS
 62
250
100
AcDbLine
 10
111.23593393616538
 20
3.848333450104085
 30
0.0
 11
111.66525210983289
 21
3.8483334501040987
 31
0.0
  0
ARC
  5
1A4
330
17
100
AcDbEntity
  8
0
  6
CONTINUOUS
 62
250
100
AcDbCircle
 10
-111.13298102902908
 20
3.8483334501040707
 30
0.0
 40
0.532271080803773
210
0.0
220
0.0
230
-1.0
100
AcDbArc
 50
-4.211444178243999e-13
 51
179.9999999999998
  0
LINE
  5
1A5
330
17
100
AcDbEntity
  8
0
  6
CONTINUOUS
 62
250
100
AcDbLine
 10
110.60070994822529
 20
3.8483334501040707
 30
0.0
 11
111.03002812189278
 21
3.8483334501040987
 31
0.0
  0
LINE
  5
1A6
330
17
100
AcDbEntity
  8
0
  6
CONTINUOUS
 62
250
100
AcDbLine
 10
111.03002812189278
 20
3.7930614314646096
 30
0.0
 11
110.60070994822529
 21
3.7930614314646
 31
0.0
  0
ARC
  5
1A7
330
17
100
AcDbEntity
  8
0
  6
CONTINUOUS
 62
250
100
AcDbCircle
 10
-111.13298102902908
 20
3.7930614314646096
 30
0.0
 40
0.5322710808037662
210
0.0
220
0.0
230
-1.0
100
AcDbArc
 50
-179.99999999999983
 51
-4.211444178243999e-13
  0
LINE
  5
1A8
330
17
100
AcDbEntity
  8
0
  6
CONTINUOUS
 62
250
100
AcDbLine
 10
111.66525210983289
 20
3.7930614314646
 30
0.0
 11
111.23593393616538
 21
3.7930614314646
 31
0.0
  0
ARC
  5
1A9
330
17
100
AcDbEntity
  8
0
  6
CONTINUOUS
 62
250
100
AcDbCircle
 10
-111.13298102902908
 20
3.8206974407828107
 30
0.0
 40
0.1065976083167457
210
0.0
220
0.0
230
-1.0
100
AcDbArc
 50
-164.9741131096326
 51
-15.025886890369938
  0
ARC
  5
1AA
330
17
100
AcDbEntity
  8
0
  6
CONTINUOUS
 62
250
100
AcDbCircle
 10
-113.67579680562478
 20
3.82069744078549
 30
0.0
 40
0.1065976083175401
210
0.0
220
0.0
230
-1.0
100
AcDbArc
 50
15.025886891963061
 51
164.974113108038
  0
LINE
  5
1AB
330
17
100
AcDbEntity
  8
0
  6
CONTINUOUS
 62
250
100
AcDbLine
 10
113.77874971276108
 20
3.8483334501067628
 30
0.0
 11
114.2080678864286
 21
3.8483334501067707
 31
0.0
  0
ARC
  5
1AC
330
17
100
AcDbEntity
  8
0
  6
CONTINUOUS
 62
250
100
AcDbCircle
 10
-113.67579680562478
 20
3.8483334501067628
 30
0.0
 40
0.5322710808037662
210
0.0
220
0.0
230
-1.0
100
AcDbArc
 50
-4.211444178243999e-13
 51
179.9999999999998
  0
LINE
  5
1AD
330
17
100
AcDbEntity
  8
0
  6
CONTINUOUS
 62
250
100
AcDbLine
 10
113.14352572482099
 20
3.8483334501067707
 30
0.0
 11
113.57284389848849
 21
3.8483334501067628
 31
0.0
  0
LINE
  5
1AE
330
17
100
AcDbEntity
  8
0
  6
CONTINUOUS
 62
250
100
AcDbLine
 10
113.57284389848849
 20
3.793061431467289
 30
0.0
 11
113.14352572482099
 21
3.793061431467289
 31
0.0
  0
ARC
  5
1AF
330
17
100
AcDbEntity
  8
0
  6
CONTINUOUS
 62
250
100
AcDbCircle
 10
-113.67579680562478
 20
3.793061431467289
 30
0.0
 40
0.5322710808037725
210
0.0
220
0.0
230
-1.0
100
AcDbArc
 50
-179.99999999999983
 51
-4.211444178243999e-13
  0
LINE
  5
1B0
330
17
100
AcDbEntity
  8
0
  6
CONTINUOUS
 62
250
100
AcDbLine
 10
114.2080678864286
 20
3.793061431467296
 30
0.0
 11
113.77874971276108
 21
3.793061431467289
 31
0.0
  0
ARC
  5
1B1
330
17
100
AcDbEntity
  8
0
  6
CONTINUOUS
 62
250
100
AcDbCircle
 10
-113.67579680562478
 20
3.82069744078549
 30
0.0
 40
0.1065976083167457
210
0.0
220
0.0
230
-1.0
100
AcDbArc
 50
-164.9741131096326
 51
-15.025886890368103
  0
ARC
  5
1B2
330
17
100
AcDbEntity
  8
0
  6
CONTINUOUS
 62
250
100
AcDbCircle
 10
-112.40438891732579
 20
3.820697440790066
 30
0.0
 40
0.1718624232298842
210
0.0
220
0.0
230
-1.0
100
AcDbArc
 50
2.036e-13
 51
180.0
  0
ARC
  5
1B3
330
17
100
AcDbEntity
  8
0
  6
CONTINUOUS
 62
250
100
AcDbCircle
 10
-112.40438891732579
 20
3.820697440790066
 30
0.0
 40
0.1718624232298694
210
0.0
220
0.0
230
-1.0
100
AcDbArc
 50
-179.99999999999983
 51
-6.24699917438065e-13
  0
LINE
  5
1B4
330
17
100
AcDbEntity
  8
0
  6
CONTINUOUS
 62
250
100
AcDbLine
 10
110.90372511887868
 20
2.039158084524174
 30
0.0
 11
112.31323095684829
 21
0.6296522465538521
 31
0.0
  0
ARC
  5
1B5
330
17
100
AcDbEntity
  8
0
  6
CONTINUOUS
 62
250
100
AcDbCircle
 10
-112.40438891732458
 20
0.5662493704383911
 30
0.0
 40
0.1110391753297565
210
0.0
220
0.0
230
-1.0
100
AcDbArc
 50
145.180321594915
 51
34.8196784050884
  0
LINE
  5
1B6
330
17
100
AcDbEntity
  8
0
  6
CONTINUOUS
 62
250
100
AcDbLine
 10
112.49554687780099
 20
0.6296522465538521
 30
0.0
 11
113.9050527157705
 21
2.0391580845241943
 31
0.0
  0
LINE
  5
1B7
330
17
100
AcDbEntity
  8
0
  6
CONTINUOUS
 62
250
100
AcDbLine
 10
113.9050527157705
 20
2.0391580845241943
 30
0.0
 11
114.29456272902098
 21
1.649648071273929
 31
0.0
  0
LINE
  5
1B8
330
17
100
AcDbEntity
  8
0
  6
CONTINUOUS
 62
250
100
AcDbLine
 10
114.29456272902098
 20
1.649648071273929
 30
0.0
 11
114.18295520147929
 21
1.5380405437321292
 31
0.0
  0
LINE
  5
1B9
330
17
100
AcDbEntity
  8
0
  6
CONTINUOUS
 62
250
100
AcDbLine
 10
114.18295520147929
 20
1.5380405437321292
 30
0.0
 11
113.51159797311308
 21
1.5380405437321292
 31
0.0
  0
LINE
  5
1BA
330
17
100
AcDbEntity
  8
0
  6
CONTINUOUS
 62
250
100
AcDbLine
 10
113.51159797311308
 20
1.5380405437321292
 30
0.0
 11
113.9050527157705
 21
1.1445858010747845
 31
0.0
  0
LINE
  5
1BB
330
17
100
AcDbEntity
  8
0
  6
CONTINUOUS
 62
250
100
AcDbLine
 10
113.9050527157705
 20
1.1445858010747845
 30
0.0
 11
114.41011498596968
 21
1.649648071274025
 31
0.0
  0
LINE
  5
1BC
330
17
100
AcDbEntity
  8
0
  6
CONTINUOUS
 62
250
100
AcDbLine
 10
114.41011498596968
 20
1.649648071274025
 30
0.0
 11
113.9050527157705
 21
2.1547103415207705
 31
0.0
  0
LINE
  5
1BD
330
17
100
AcDbEntity
  8
0
  6
CONTINUOUS
 62
250
100
AcDbLine
 10
113.9050527157705
 20
2.1547103415207705
 30
0.0
 11
112.42558843661219
 21
0.6752460623144918
 31
0.0
  0
ARC
  5
1BE
330
17
100
AcDbEntity
  8
0
  6
CONTINUOUS
 62
250
100
AcDbCircle
 10
-112.40438891732458
 20
0.5796627304586002
 30
0.0
 40
0.097906041420818
210
0.0
220
0.0
230
-1.0
100
AcDbArc
 50
77.49474094213771
 51
102.5052590578706
  0
LINE
  5
1BF
330
17
100
AcDbEntity
  8
0
  6
CONTINUOUS
 62
250
100
AcDbLine
 10
112.38318939803699
 20
0.6752460623144989
 30
0.0
 11
110.90372511887868
 21
2.1547103414730575
 31
0.0
  0
LINE
  5
1C0
330
17
100
AcDbEntity
  8
0
  6
CONTINUOUS
 62
250
100
AcDbLine
 10
110.90372511887868
 20
2.1547103414730575
 30
0.0
 11
110.39866284867949
 21
1.6496480712739752
 31
0.0
  0
LINE
  5
1C1
330
17
100
AcDbEntity
  8
0
  6
CONTINUOUS
 62
250
100
AcDbLine
 10
110.39866284867949
 20
1.6496480712739752
 30
0.0
 11
110.90372511887868
 21
1.1445858010747498
 31
0.0
  0
LINE
  5
1C2
330
17
100
AcDbEntity
  8
0
  6
CONTINUOUS
 62
250
100
AcDbLine
 10
110.90372511887868
 20
1.1445858010747498
 30
0.0
 11
111.2971798615361
 21
1.53804054373209
 31
0.0
  0
LINE
  5
1C3
330
17
100
AcDbEntity
  8
0
  6
CONTINUOUS
 62
250
100
AcDbLine
 10
111.2971798615361
 20
1.53804054373209
 30
0.0
 11
110.62582263316999
 21
1.53804054373209
 31
0.0
  0
LINE
  5
1C4
330
17
100
AcDbEntity
  8
0
  6
CONTINUOUS
 62
250
100
AcDbLine
 10
110.62582263316999
 20
1.53804054373209
 30
0.0
 11
110.51421510562818
 21
1.6496480712738997
 31
0.0
  0
LINE
  5
1C5
330
17
100
AcDbEntity
  8
0
  6
CONTINUOUS
 62
250
100
AcDbLine
 10
110.51421510562818
 20
1.6496480712738997
 30
0.0
 11
110.90372511887868
 21
2.039158084524174
 31
0.0
  0
LINE
  5
1C6
330
17
100
AcDbEntity
  8
0
  6
CONTINUOUS
 62
250
100
AcDbLine
 10
112.01163308187849
 20
3.5169344260395174
 30
0.0
 11
112.32431846289869
 21
3.204249045017515
 31
0.0
  0
LINE
  5
1C7
330
17
100
AcDbEntity
  8
0
  6
CONTINUOUS
 62
250
100
AcDbLine
 10
112.32431846289869
 20
3.204249045017515
 30
0.0
 11
111.54206053313528
 21
3.204249045017515
 31
0.0
  0
LINE
  5
1C8
330
17
100
AcDbEntity
  8
0
  6
CONTINUOUS
 62
250
100
AcDbLine
 10
111.54206053313528
 20
3.204249045017515
 30
0.0
 11
111.85903586106218
 21
2.8872737170909684
 31
0.0
  0
LINE
  5
1C9
330
17
100
AcDbEntity
  8
0
  6
CONTINUOUS
 62
250
100
AcDbLine
 10
111.85903586106218
 20
2.8872737170909684
 30
0.0
 11
112.17136355255579
 21
2.8872737170909684
 31
0.0
  0
LINE
  5
1CA
330
17
100
AcDbEntity
  8
0
  6
CONTINUOUS
 62
250
100
AcDbLine
 10
112.17136355255579
 20
2.8872737170909684
 30
0.0
 11
112.40438891732458
 21
3.120299081859847
 31
0.0
  0
LINE
  5
1CB
330
17
100
AcDbEntity
  8
0
  6
CONTINUOUS
 62
250
100
AcDbLine
 10
112.40438891732458
 20
3.120299081859847
 30
0.0
 11
112.63741428209339
 21
2.8872737170911327
 31
0.0
  0
LINE
  5
1CC
330
17
100
AcDbEntity
  8
0
  6
CONTINUOUS
 62
250
100
AcDbLine
 10
112.63741428209339
 20
2.8872737170911327
 30
0.0
 11
112.9497419735871
 21
2.8872737170911327
 31
0.0
  0
LINE
  5
1CD
330
17
100
AcDbEntity
  8
0
  6
CONTINUOUS
 62
250
100
AcDbLine
 10
112.9497419735871
 20
2.8872737170911327
 30
0.0
 11
113.26671730151399
 21
3.204249045017515
 31
0.0
  0
LINE
  5
1CE
330
17
100
AcDbEntity
  8
0
  6
CONTINUOUS
 62
250
100
AcDbLine
 10
113.26671730151399
 20
3.204249045017515
 30
0.0
 11
112.48445937175049
 21
3.204249045017515
 31
0.0
  0
LINE
  5
1CF
330
17
100
AcDbEntity
  8
0
  6
CONTINUOUS
 62
250
100
AcDbLine
 10
112.48445937175049
 20
3.204249045017515
 30
0.0
 11
112.797144752773
 21
3.5169344260395174
 31
0.0
  0
LINE
  5
1D0
330
17
100
AcDbEntity
  8
0
  6
CONTINUOUS
 62
250
100
AcDbLine
 10
112.797144752773
 20
3.5169344260395174
 30
0.0
 11
112.01163308187849
 21
3.5169344260395174
 31
0.0
  0
LINE
  5
1D1
330
17
100
AcDbEntity
  8
0
  6
CONTINUOUS
 62
250
100
AcDbLine
 10
111.14930469768449
 20
2.8114932095687966
 30
0.0
 11
111.54206053313528
 21
2.4187373741070797
 31
0.0
  0
LINE
  5
1D2
330
17
100
AcDbEntity
  8
0
  6
CONTINUOUS
 62
250
100
AcDbLine
 10
111.54206053313528
 20
2.4187373741070797
 30
0.0
 11
110.756548862235
 21
2.4187373741070797
 31
0.0
  0
LINE
  5
1D3
330
17
100
AcDbEntity
  8
0
  6
CONTINUOUS
 62
250
100
AcDbLine
 10
110.756548862235
 20
2.4187373741070797
 30
0.0
 11
111.73628237510658
 21
1.4390038612431457
 31
0.0
  0
LINE
  5
1D4
330
17
100
AcDbEntity
  8
0
  6
CONTINUOUS
 62
250
100
AcDbLine
 10
111.73628237510658
 20
1.4390038612431457
 30
0.0
 11
111.81666571333079
 21
1.5193871994685422
 31
0.0
  0
LINE
  5
1D5
330
17
100
AcDbEntity
  8
0
  6
CONTINUOUS
 62
250
100
AcDbLine
 10
111.81666571333079
 20
1.5193871994685422
 30
0.0
 11
111.31007137413398
 21
2.025981538657436
 31
0.0
  0
LINE
  5
1D6
330
17
100
AcDbEntity
  8
0
  6
CONTINUOUS
 62
250
100
AcDbLine
 10
111.31007137413398
 20
2.025981538657436
 30
0.0
 11
112.0955830450332
 21
2.8114932095687966
 31
0.0
  0
LINE
  5
1D7
330
17
100
AcDbEntity
  8
0
  6
CONTINUOUS
 62
250
100
AcDbLine
 10
112.0955830450332
 20
2.8114932095687966
 30
0.0
 11
111.14930469768449
 21
2.8114932095687966
 31
0.0
  0
LINE
  5
1D8
330
17
100
AcDbEntity
  8
0
  6
CONTINUOUS
 62
250
100
AcDbLine
 10
112.40438891732458
 20
0.9316639954747057
 30
0.0
 11
111.85723014572989
 21
1.478822767069281
 31
0.0
  0
LINE
  5
1D9
330
17
100
AcDbEntity
  8
0
  6
CONTINUOUS
 62
250
100
AcDbLine
 10
111.85723014572989
 20
1.478822767069281
 30
0.0
 11
111.77684680750458
 21
1.398439428843953
 31
0.0
  0
LINE
  5
1DA
330
17
100
AcDbEntity
  8
0
  6
CONTINUOUS
 62
250
100
AcDbLine
 10
111.77684680750458
 20
1.398439428843953
 30
0.0
 11
112.40438891732458
 21
0.7708973190241064
 31
0.0
  0
LINE
  5
1DB
330
17
100
AcDbEntity
  8
0
  6
CONTINUOUS
 62
250
100
AcDbLine
 10
112.40438891732458
 20
0.7708973190241064
 30
0.0
 11
113.0319310271447
 21
1.3984394288443287
 31
0.0
  0
LINE
  5
1DC
330
17
100
AcDbEntity
  8
0
  6
CONTINUOUS
 62
250
100
AcDbLine
 10
113.0319310271447
 20
1.3984394288443287
 30
0.0
 11
112.95154768891939
 21
1.4788227670696035
 31
0.0
  0
LINE
  5
1DD
330
17
100
AcDbEntity
  8
0
  6
CONTINUOUS
 62
250
100
AcDbLine
 10
112.95154768891939
 20
1.4788227670696035
 30
0.0
 11
112.40438891732458
 21
0.9316639954747057
 31
0.0
  0
LINE
  5
1DE
330
17
100
AcDbEntity
  8
0
  6
CONTINUOUS
 62
250
100
AcDbLine
 10
112.99211212131848
 20
1.5193871994688761
 30
0.0
 11
113.0724954595426
 21
1.4390038612435232
 31
0.0
  0
LINE
  5
1DF
330
17
100
AcDbEntity
  8
0
  6
CONTINUOUS
 62
250
100
AcDbLine
 10
113.0724954595426
 20
1.4390038612435232
 30
0.0
 11
114.05222897241428
 21
2.418737374169978
 31
0.0
  0
LINE
  5
1E0
330
17
100
AcDbEntity
  8
0
  6
CONTINUOUS
 62
250
100
AcDbLine
 10
114.05222897241428
 20
2.418737374169978
 30
0.0
 11
113.26671730151399
 21
2.418737374169978
 31
0.0
  0
LINE
  5
1E1
330
17
100
AcDbEntity
  8
0
  6
CONTINUOUS
 62
250
100
AcDbLine
 10
113.26671730151399
 20
2.418737374169978
 30
0.0
 11
113.65947313696469
 21
2.811493209568961
 31
0.0
  0
LINE
  5
1E2
330
17
100
AcDbEntity
  8
0
  6
CONTINUOUS
 62
250
100
AcDbLine
 10
113.65947313696469
 20
2.811493209568961
 30
0.0
 11
112.71319478961608
 21
2.811493209568961
 31
0.0
  0
LINE
  5
1E3
330
17
100
AcDbEntity
  8
0
  6
CONTINUOUS
 62
250
100
AcDbLine
 10
112.71319478961608
 20
2.811493209568961
 30
0.0
 11
113.4987064605152
 21
2.025981538672659
 31
0.0
  0
LINE
  5
1E4
330
17
100
AcDbEntity
  8
0
  6
CONTINUOUS
 62
250
100
AcDbLine
 10
113.4987064605152
 20
2.025981538672659
 30
0.0
 11
112.99211212131848
 21
1.5193871994688761
 31
0.0
  0
LINE
  5
1E5
330
17
100
AcDbEntity
  8
0
  6
CONTINUOUS
 62
250
100
AcDbLine
 10
112.40438891732458
 20
2.8332456741162506
 30
0.0
 11
111.59712478187339
 21
2.025981538657436
 31
0.0
  0
LINE
  5
1E6
330
17
100
AcDbEntity
  8
0
  6
CONTINUOUS
 62
250
100
AcDbLine
 10
111.59712478187339
 20
2.025981538657436
 30
0.0
 11
112.40438891732458
 21
1.2187174032138257
 31
0.0
  0
LINE
  5
1E7
330
17
100
AcDbEntity
  8
0
  6
CONTINUOUS
 62
250
100
AcDbLine
 10
112.40438891732458
 20
1.2187174032138257
 30
0.0
 11
113.21165305277579
 21
2.025981538672659
 31
0.0
  0
LINE
  5
1E8
330
17
100
AcDbEntity
  8
0
  6
CONTINUOUS
 62
250
100
AcDbLine
 10
113.21165305277579
 20
2.025981538672659
 30
0.0
 11
112.40438891732458
 21
2.8332456741162506
 31
0.0
  0
LINE
  5
1E9
330
17
100
AcDbEntity
  8
0
  6
CONTINUOUS
 62
250
100
AcDbLine
 10
109.90420598248879
 20
0.3023294553201925
 30
0.0
 11
110.62077991375808
 21
0.3023294553201925
 31
0.0
  0
LINE
  5
1EA
330
17
100
AcDbEntity
  8
0
  6
CONTINUOUS
 62
250
100
AcDbLine
 10
110.62077991375808
 20
0.3023294553201925
 30
0.0
 11
109.90457722108368
 21
1.018532147994601
 31
0.0
  0
LINE
  5
1EB
330
17
100
AcDbEntity
  8
0
  6
CONTINUOUS
 62
250
100
AcDbLine
 10
114.07754073504509
 20
2.286485405459355
 30
0.0
 11
114.84171055585979
 21
3.050655226229657
 31
0.0
  0
LINE
  5
1EC
330
17
100
AcDbEntity
  8
0
  6
CONTINUOUS
 62
250
100
AcDbLine
 10
114.84171055585979
 20
2.959654061170421
 30
0.0
 11
114.18518438185299
 21
2.3031278871708754
 31
0.0
  0
LINE
  5
1ED
330
17
100
AcDbEntity
  8
0
  6
CONTINUOUS
 62
250
100
AcDbLine
 10
114.18518438185299
 20
2.3031278871708754
 30
0.0
 11
114.84171055585979
 21
1.646601713156957
 31
0.0
  0
LINE
  5
1EE
330
17
100
AcDbEntity
  8
0
  6
CONTINUOUS
 62
250
100
AcDbLine
 10
114.84171055585979
 20
1.5223155846003085
 30
0.0
 11
114.07754073504509
 21
2.286485405459355
 31
0.0
  0
LINE
  5
1EF
330
17
100
AcDbEntity
  8
0
  6
CONTINUOUS
 62
250
100
AcDbLine
 10
114.27418083526659
 20
2.3031278871708754
 30
0.0
 11
114.84171055585979
 21
2.870657607742351
 31
0.0
  0
LINE
  5
1F0
330
17
100
AcDbEntity
  8
0
  6
CONTINUOUS
 62
250
100
AcDbLine
 10
114.84171055585979
 20
2.759119388361497
 30
0.0
 11
114.38571905464968
 21
2.3031278871708754
 31
0.0
  0
LINE
  5
1F1
330
17
100
AcDbEntity
  8
0
  6
CONTINUOUS
 62
250
100
AcDbLine
 10
114.38571905464968
 20
2.3031278871708754
 30
0.0
 11
114.84171055585979
 21
1.8471363859413206
 31
0.0
  0
LINE
  5
1F2
330
17
100
AcDbEntity
  8
0
  6
CONTINUOUS
 62
250
100
AcDbLine
 10
114.84171055585979
 20
1.735598166556037
 30
0.0
 11
114.27418083526659
 21
2.3031278871708754
 31
0.0
  0
LINE
  5
1F3
330
17
100
AcDbEntity
  8
0
  6
CONTINUOUS
 62
250
100
AcDbLine
 10
114.4747155080289
 20
2.3031278871708754
 30
0.0
 11
114.84171055585979
 21
2.670122934999749
 31
0.0
  0
LINE
  5
1F4
330
17
100
AcDbEntity
  8
0
  6
CONTINUOUS
 62
250
100
AcDbLine
 10
114.84171055585979
 20
2.551435004911453
 30
0.0
 11
114.59340343811908
 21
2.3031278871708754
 31
0.0
  0
LINE
  5
1F5
330
17
100
AcDbEntity
  8
0
  6
CONTINUOUS
 62
250
100
AcDbLine
 10
114.59340343811908
 20
2.3031278871708754
 30
0.0
 11
114.84171055585979
 21
2.054820769430143
 31
0.0
  0
LINE
  5
1F6
330
17
100
AcDbEntity
  8
0
  6
CONTINUOUS
 62
250
100
AcDbLine
 10
114.84171055585979
 20
1.9361328393380344
 30
0.0
 11
114.4747155080289
 21
2.3031278871708754
 31
0.0
  0
LINE
  5
1F7
330
17
100
AcDbEntity
  8
0
  6
CONTINUOUS
 62
250
100
AcDbLine
 10
110.60428349637759
 20
2.393578925953956
 30
0.0
 11
109.96670140911779
 21
1.7559968386941787
 31
0.0
  0
LINE
  5
1F8
330
17
100
AcDbEntity
  8
0
  6
CONTINUOUS
 62
250
100
AcDbLine
 10
109.96670140911779
 20
1.844993292091071
 30
0.0
 11
110.51528704298079
 21
2.393578925953956
 31
0.0
  0
LINE
  5
1F9
330
17
100
AcDbEntity
  8
0
  6
CONTINUOUS
 62
250
100
AcDbLine
 10
110.51528704298079
 20
2.393578925953956
 30
0.0
 11
109.96670140911779
 21
2.9421645598172805
 31
0.0
  0
LINE
  5
1FA
330
17
100
AcDbEntity
  8
0
  6
CONTINUOUS
 62
250
100
AcDbLine
 10
109.96670140911779
 20
1.6640912145002167
 30
0.0
 11
110.71237937275309
 21
2.4097691781354786
 31
0.0
  0
LINE
  5
1FB
330
17
100
AcDbEntity
  8
0
  6
CONTINUOUS
 62
250
100
AcDbLine
 10
110.71237937275309
 20
2.4097691781354786
 30
0.0
 11
109.99470416214919
 21
3.127444388739373
 31
0.0
  0
LINE
  5
1FC
330
17
100
AcDbEntity
  8
0
  6
CONTINUOUS
 62
250
100
AcDbLine
 10
109.99470416214919
 20
3.127444388739373
 30
0.0
 11
109.96670140911779
 21
3.099441635707737
 31
0.0
  0
LINE
  5
1FD
330
17
100
AcDbEntity
  8
0
  6
CONTINUOUS
 62
250
100
AcDbLine
 10
109.96670140911779
 20
3.0311610132142075
 30
0.0
 11
110.60428349637759
 21
2.393578925953956
 31
0.0
  0
LINE
  5
1FE
330
17
100
AcDbEntity
  8
0
  6
CONTINUOUS
 62
250
100
AcDbLine
 10
109.93256109787119
 20
1.540954449856204
 30
0.0
 11
110.01135201281659
 21
1.4621635349103794
 31
0.0
  0
LINE
  5
1FF
330
17
100
AcDbEntity
  8
0
  6
CONTINUOUS
 62
250
100
AcDbLine
 10
110.01135201281659
 20
1.4621635349103794
 30
0.0
 11
110.83566851439689
 21
2.2864800364912297
 31
0.0
  0
LINE
  5
200
330
17
100
AcDbEntity
  8
0
  6
CONTINUOUS
 62
250
100
AcDbLine
 10
110.83566851439689
 20
2.2864800364912297
 30
0.0
 11
110.75687759945158
 21
2.3652709514370454
 31
0.0
  0
LINE
  5
201
330
17
100
AcDbEntity
  8
0
  6
CONTINUOUS
 62
250
100
AcDbLine
 10
110.75687759945158
 20
2.3652709514370454
 30
0.0
 11
109.93256109787119
 21
1.540954449856204
 31
0.0
  0
LINE
  5
202
330
17
100
AcDbEntity
  8
0
  6
CONTINUOUS
 62
250
100
AcDbLine
 10
110.32099381244159
 20
2.4069700789021997
 30
0.0
 11
109.96670140911779
 21
2.761262482226381
 31
0.0
  0
LINE
  5
203
330
17
100
AcDbEntity
  8
0
  6
CONTINUOUS
 62
250
100
AcDbLine
 10
109.96670140911789
 20
2.8502589356232786
 30
0.0
 11
110.40999026583849
 21
2.40697007890219
 31
0.0
  0
LINE
  5
204
330
17
100
AcDbEntity
  8
0
  6
CONTINUOUS
 62
250
100
AcDbLine
 10
110.40999026583849
 20
2.40697007890219
 30
0.0
 11
109.96670140911779
 21
1.96368122218158
 31
0.0
  0
LINE
  5
205
330
17
100
AcDbEntity
  8
0
  6
CONTINUOUS
 62
250
100
AcDbLine
 10
109.96670140911779
 20
2.0526776755784457
 30
0.0
 11
110.32099381244159
 21
2.4069700789021997
 31
0.0
  0
LINE
  5
206
330
17
100
AcDbEntity
  8
0
  6
CONTINUOUS
 62
250
100
AcDbLine
 10
109.90471072183999
 20
4.533074994959871
 30
0.0
 11
110.2439956164144
 21
4.867191326100931
 31
0.0
  0
LINE
  5
207
330
17
100
AcDbEntity
  8
0
  6
CONTINUOUS
 62
250
100
AcDbLine
 10
110.2439956164144
 20
4.867191326100931
 30
0.0
 11
109.90420598248879
 21
4.867191326100938
 31
0.0
  0
CIRCLE
  5
208
330
17
100
AcDbEntity
  8
0
  6
CONTINUOUS
 62
250
100
AcDbCircle
 10
-114.07128247824
 20
0.70153222307255
 30
0.0
 40
0.1113061109157168
210
0.0
220
0.0
230
-1.0
  0
CIRCLE
  5
209
330
17
100
AcDbEntity
  8
0
  6
CONTINUOUS
 62
250
100
AcDbCircle
 10
-110.73784420721749
 20
0.7015322230724967
 30
0.0
 40
0.1113061109157168
210
0.0
220
0.0
230
-1.0
  0
ARC
  5
20A
330
17
100
AcDbEntity
  8
0
  6
CONTINUOUS
 62
250
100
AcDbCircle
 10
-109.90420598248879
 20
3.8206974407843206
 30
0.0
 40
0.1718624232298773
210
0.0
220
0.0
230
-1.0
100
AcDbArc
 50
90.0
 51
-90.00000000000001
  0
LINE
  5
20B
330
17
100
AcDbEntity
  8
0
  6
CONTINUOUS
 62
250
100
AcDbLine
 10
109.90420598248879
 20
6.2000000000000295
 30
0.0
 11
109.90420598248879
 21
0.2000000000000295
 31
0.0
  0
LINE
  5
20C
330
17
100
AcDbEntity
  8
0
  6
CONTINUOUS
 62
250
100
AcDbLine
 10
109.96670140911779
 20
3.0994416357077217
 30
0.0
 11
109.96670140911779
 21
3.0311610132142146
 31
0.0
  0
LINE
  5
20D
330
17
100
AcDbEntity
  8
0
  6
CONTINUOUS
 62
250
100
AcDbLine
 10
109.96670140911779
 20
2.942164559817324
 30
0.0
 11
109.96670140911779
 21
2.8502589356233496
 31
0.0
  0
LINE
  5
20E
330
17
100
AcDbEntity
  8
0
  6
CONTINUOUS
 62
250
100
AcDbLine
 10
109.96670140911779
 20
2.7612624822264475
 30
0.0
 11
109.96670140911779
 21
2.0526776755784315
 31
0.0
  0
LINE
  5
20F
330
17
100
AcDbEntity
  8
0
  6
CONTINUOUS
 62
250
100
AcDbLine
 10
109.96670140911779
 20
1.9636812221815614
 30
0.0
 11
109.96670140911779
 21
1.8449932920910497
 31
0.0
  0
LINE
  5
210
330
17
100
AcDbEntity
  8
0
  6
CONTINUOUS
 62
250
100
AcDbLine
 10
109.96670140911779
 20
1.7559968386941645
 30
0.0
 11
109.96670140911779
 21
1.6640912145002238
 31
0.0
  0
LINE
  5
211
330
17
100
AcDbEntity
  8
0
  6
CONTINUOUS
 62
250
100
AcDbLine
 10
114.84171055585979
 20
1.418023039485436
 30
0.0
 11
114.84171055585979
 21
1.5223155846003014
 31
0.0
  0
LINE
  5
212
330
17
100
AcDbEntity
  8
0
  6
CONTINUOUS
 62
250
100
AcDbLine
 10
114.84171055585979
 20
1.6466017131569641
 30
0.0
 11
114.84171055585979
 21
1.735598166556037
 31
0.0
  0
LINE
  5
213
330
17
100
AcDbEntity
  8
0
  6
CONTINUOUS
 62
250
100
AcDbLine
 10
114.84171055585979
 20
1.847136385941286
 30
0.0
 11
114.84171055585979
 21
1.9361328393380282
 31
0.0
  0
LINE
  5
214
330
17
100
AcDbEntity
  8
0
  6
CONTINUOUS
 62
250
100
AcDbLine
 10
114.84171055585969
 20
2.054820769430104
 30
0.0
 11
114.84171055585979
 21
2.551435004911446
 31
0.0
  0
LINE
  5
215
330
17
100
AcDbEntity
  8
0
  6
CONTINUOUS
 62
250
100
AcDbLine
 10
114.84171055585979
 20
2.670122934999763
 30
0.0
 11
114.84171055585979
 21
2.7591193883614897
 31
0.0
  0
LINE
  5
216
330
17
100
AcDbEntity
  8
0
  6
CONTINUOUS
 62
250
100
AcDbLine
 10
114.84171055585979
 20
2.8706576077423573
 30
0.0
 11
114.84171055585979
 21
2.959654061170414
 31
0.0
  0
LINE
  5
217
330
17
100
AcDbEntity
  8
0
  6
CONTINUOUS
 62
250
100
AcDbLine
 10
114.84171055585979
 20
3.050655226229657
 30
0.0
 11
114.84171055585979
 21
3.154947771343635
 31
0.0
  0
LINE
  5
218
330
17
100
AcDbEntity
  8
0
  6
CONTINUOUS
 62
250
100
AcDbLine
 10
112.90420598248879
 20
5.200000000000027
 30
0.0
 11
112.90420598248879
 21
0.2000000000000295
 31
0.0
  0
LINE
  5
219
330
17
100
AcDbEntity
  8
0
  6
CONTINUOUS
 62
250
100
AcDbLine
 10
113.90420598248879
 20
6.200000000000027
 30
0.0
 11
113.90420598248879
 21
0.2000000000000295
 31
0.0
  0
LINE
  5
21A
330
17
100
AcDbEntity
  8
0
  6
CONTINUOUS
 62
250
100
AcDbLine
 10
111.90420598248879
 20
6.200000000000027
 30
0.0
 11
111.90420598248879
 21
0.2000000000000295
 31
0.0
  0
LINE
  5
21B
330
17
100
AcDbEntity
  8
0
  6
CONTINUOUS
 62
250
100
AcDbLine
 10
110.90420598248879
 20
5.200000000000012
 30
0.0
 11
110.90420598248879
 21
0.2000000000000295
 31
0.0
  0
LINE
  5
21C
330
17
100
AcDbEntity
  8
0
  6
CONTINUOUS
 62
250
100
AcDbLine
 10
114.90420598248879
 20
3.2000000000000295
 30
0.0
 11
109.90420598248879
 21
3.2000000000000295
 31
0.0
  0
LWPOLYLINE
  5
21D
330
17
100
AcDbEntity
  8
0-VENTANAS
 62
8
100
AcDbPolyline
 90
4
 70
1
 10
112.4042059824888
 20
1.012943725152289
 10
111.5556778450649
 20
1.86147186257613
 10
112.4042059824888
 20
2.709999999999999
 10
113.2527341199126
 20
1.86147186257613
  0
LWPOLYLINE
  5
21E
330
17
100
AcDbEntity
  8
0-VENTANAS
 62
8
100
AcDbPolyline
 90
4
 70
1
 10
112.4042059824888
 20
1.104867606706526
 10
111.6476017266192
 20
1.86147186257613
 10
112.4042059824888
 20
2.61807611844572
 10
113.1608102383584
 20
1.861471862576116
  0
LWPOLYLINE
  5
21F
330
17
100
AcDbEntity
  8
0-VENTANAS
 62
8
100
AcDbPolyline
 90
4
 70
1
 10
117.5113098359828
 20
6.509999999997425
 10
120.0063098359828
 20
6.509999999997425
 10
120.0063098359828
 20
4.82
 10
117.5113098359828
 20
4.82
  0
LWPOLYLINE
  5
220
330
17
100
AcDbEntity
  8
0-VENTANAS
 62
8
100
AcDbPolyline
 90
4
 70
1
 10
117.5763098359828
 20
6.444999999997425
 10
119.9413098359828
 20
6.444999999997425
 10
119.9413098359828
 20
4.885
 10
117.5763098359828
 20
4.885
  0
LINE
  5
221
330
17
100
AcDbEntity
  8
0-VENTANAS
 62
8
100
AcDbLine
 10
118.7913098359828
 20
6.444999999997425
 30
0.0
 11
118.7913098359828
 21
4.885
 31
0.0
  0
LINE
  5
222
330
17
100
AcDbEntity
  8
0-VENTANAS
 62
8
100
AcDbLine
 10
118.7263098359828
 20
6.444999999997425
 30
0.0
 11
118.7263098359828
 21
4.885
 31
0.0
  0
LWPOLYLINE
  5
223
330
17
100
AcDbEntity
  8
0-VENTANAS
 62
8
100
AcDbPolyline
 90
4
 70
1
 10
122.3088072755194
 20
6.509999999997425
 10
124.8038072755194
 20
6.509999999997425
 10
124.8038072755194
 20
4.82
 10
122.3088072755194
 20
4.82
  0
LWPOLYLINE
  5
224
330
17
100
AcDbEntity
  8
0-VENTANAS
 62
8
100
AcDbPolyline
 90
4
 70
1
 10
122.3738072755194
 20
6.444999999997425
 10
124.7388072755194
 20
6.444999999997425
 10
124.7388072755194
 20
4.885
 10
122.3738072755194
 20
4.885
  0
LINE
  5
225
330
17
100
AcDbEntity
  8
0-VENTANAS
 62
8
100
AcDbLine
 10
123.5238072755194
 20
6.444999999997425
 30
0.0
 11
123.5238072755194
 21
4.885
 31
0.0
  0
LINE
  5
226
330
17
100
AcDbEntity
  8
0-VENTANAS
 62
8
100
AcDbLine
 10
123.5888072755194
 20
6.444999999997425
 30
0.0
 11
123.5888072755194
 21
4.885
 31
0.0
  0
LWPOLYLINE
  5
227
330
17
100
AcDbEntity
  8
0-VENTANAS
 62
8
100
AcDbPolyline
 90
4
 70
1
 10
127.1113098359844
 20
6.509999999997425
 10
129.6063098359844
 20
6.509999999997425
 10
129.6063098359844
 20
4.82
 10
127.1113098359844
 20
4.82
  0
LWPOLYLINE
  5
228
330
17
100
AcDbEntity
  8
0-VENTANAS
 62
8
100
AcDbPolyline
 90
4
 70
1
 10
127.1763098359844
 20
6.444999999997425
 10
129.5413098359844
 20
6.444999999997425
 10
129.5413098359844
 20
4.885
 10
127.1763098359844
 20
4.885
  0
LINE
  5
229
330
17
100
AcDbEntity
  8
0-VENTANAS
 62
8
100
AcDbLine
 10
128.3263098359844
 20
6.444999999997425
 30
0.0
 11
128.3263098359844
 21
4.885
 31
0.0
  0
LINE
  5
22A
330
17
100
AcDbEntity
  8
0-VENTANAS
 62
8
100
AcDbLine
 10
128.3913098359844
 20
6.444999999997425
 30
0.0
 11
128.3913098359844
 21
4.885
 31
0.0
  0
LWPOLYLINE
  5
22B
330
17
100
AcDbEntity
  8
0-VENTANAS
 62
8
100
AcDbPolyline
 90
4
 70
1
 10
131.9113098359845
 20
6.509999999997425
 10
134.4063098359845
 20
6.509999999997425
 10
134.4063098359845
 20
4.82
 10
131.9113098359845
 20
4.82
  0
LWPOLYLINE
  5
22C
330
17
100
AcDbEntity
  8
0-VENTANAS
 62
8
100
AcDbPolyline
 90
4
 70
1
 10
131.9763098359845
 20
6.444999999997425
 10
134.3413098359845
 20
6.444999999997425
 10
134.3413098359845
 20
4.885
 10
131.9763098359845
 20
4.885
  0
LINE
  5
22D
330
17
100
AcDbEntity
  8
0-VENTANAS
 62
8
100
AcDbLine
 10
133.1263098359845
 20
6.444999999997425
 30
0.0
 11
133.1263098359845
 21
4.885
 31
0.0
  0
LINE
  5
22E
330
17
100
AcDbEntity
  8
0-VENTANAS
 62
8
100
AcDbLine
 10
133.1913098359845
 20
6.444999999997425
 30
0.0
 11
133.1913098359845
 21
4.885
 31
0.0
  0
LWPOLYLINE
  5
22F
330
17
100
AcDbEntity
  8
0-VENTANAS
 62
8
100
AcDbPolyline
 90
4
 70
1
 10
144.896309843304
 20
6.509999999997418
 10
149.2363098359869
 20
6.509999999997418
 10
149.2363098359869
 20
3.759999999999146
 10
144.896309843304
 20
3.759999999999146
  0
LWPOLYLINE
  5
230
330
17
100
AcDbEntity
  8
0-VENTANAS
 62
8
100
AcDbPolyline
 90
4
 70
1
 10
144.9613098433039
 20
6.444999999997418
 10
149.1713098359869
 20
6.444999999997418
 10
149.1713098359869
 20
3.824999999999146
 10
144.9613098433039
 20
3.824999999999146
  0
LINE
  5
231
330
17
100
AcDbEntity
  8
0-VENTANAS
 62
8
100
AcDbLine
 10
147.7354765050926
 20
6.444999999997418
 30
0.0
 11
147.7354765050926
 21
3.824999999999146
 31
0.0
  0
LINE
  5
232
330
17
100
AcDbEntity
  8
0-VENTANAS
 62
8
100
AcDbLine
 10
147.8004765050926
 20
6.444999999997418
 30
0.0
 11
147.8004765050926
 21
3.824999999999146
 31
0.0
  0
LINE
  5
233
330
17
100
AcDbEntity
  8
0-VENTANAS
 62
8
100
AcDbLine
 10
146.3321431741983
 20
6.444999999997418
 30
0.0
 11
146.3321431741983
 21
3.824999999999146
 31
0.0
  0
LINE
  5
234
330
17
100
AcDbEntity
  8
0-VENTANAS
 62
8
100
AcDbLine
 10
146.3971431741983
 20
6.444999999997418
 30
0.0
 11
146.3971431741983
 21
3.824999999999146
 31
0.0
  0
LWPOLYLINE
  5
235
330
17
100
AcDbEntity
  8
0-VENTANAS
 62
8
100
AcDbPolyline
 90
4
 70
1
 10
149.696309835987
 20
6.509999999997418
 10
154.0363098286699
 20
6.509999999997418
 10
154.0363098286699
 20
3.759999999999146
 10
149.696309835987
 20
3.759999999999146
  0
LWPOLYLINE
  5
236
330
17
100
AcDbEntity
  8
0-VENTANAS
 62
8
100
AcDbPolyline
 90
4
 70
1
 10
149.761309835987
 20
6.444999999997418
 10
153.9713098286699
 20
6.444999999997418
 10
153.9713098286699
 20
3.824999999999146
 10
149.761309835987
 20
3.824999999999146
  0
LINE
  5
237
330
17
100
AcDbEntity
  8
0-VENTANAS
 62
8
100
AcDbLine
 10
151.1971431668813
 20
6.444999999997418
 30
0.0
 11
151.1971431668813
 21
3.824999999999146
 31
0.0
  0
LINE
  5
238
330
17
100
AcDbEntity
  8
0-VENTANAS
 62
8
100
AcDbLine
 10
151.1321431668813
 20
6.444999999997418
 30
0.0
 11
151.1321431668813
 21
3.824999999999146
 31
0.0
  0
LINE
  5
239
330
17
100
AcDbEntity
  8
0-VENTANAS
 62
8
100
AcDbLine
 10
152.6004764977756
 20
6.444999999997418
 30
0.0
 11
152.6004764977756
 21
3.824999999999146
 31
0.0
  0
LINE
  5
23A
330
17
100
AcDbEntity
  8
0-VENTANAS
 62
8
100
AcDbLine
 10
152.5354764977756
 20
6.444999999997418
 30
0.0
 11
152.5354764977756
 21
3.824999999999146
 31
0.0
  0
LINE
  5
23B
330
17
100
AcDbEntity
  8
0
 62
11
100
AcDbLine
 10
144.9263098396454
 20
2.361980552835863
 30
0.0
 11
144.9263098396454
 21
-0.0899999999999999
 31
0.0
  0
LINE
  5
23C
330
17
100
AcDbEntity
  8
0
 62
8
100
AcDbLine
 10
144.9913098396454
 20
2.361980552835863
 30
0.0
 11
144.9913098396454
 21
-0.0899999999999999
 31
0.0
  0
LINE
  5
23D
330
17
100
AcDbEntity
  8
0
 62
8
100
AcDbLine
 10
145.9638098396454
 20
2.296980552835854
 30
0.0
 11
144.9913098396454
 21
2.296980552835854
 31
0.0
  0
LINE
  5
23E
330
17
100
AcDbEntity
  8
0
 62
8
100
AcDbLine
 10
147.0663098396455
 20
2.361980552835856
 30
0.0
 11
144.9263098396454
 21
2.361980552835863
 31
0.0
  0
LINE
  5
23F
330
17
100
AcDbEntity
  8
0
 62
8
100
AcDbLine
 10
147.0663098396455
 20
2.241987400254213
 30
0.0
 11
147.0663098396455
 21
-0.0899999999999963
 31
0.0
  0
LINE
  5
240
330
17
100
AcDbEntity
  8
0
 62
8
100
AcDbLine
 10
145.9638098396454
 20
-0.0900000000000034
 30
0.0
 11
145.9638098396454
 21
2.361980552835859
 31
0.0
  0
LINE
  5
241
330
17
100
AcDbEntity
  8
0
 62
8
100
AcDbLine
 10
146.0288098396454
 20
-0.0900000000000034
 30
0.0
 11
146.0288098396454
 21
2.361980552835859
 31
0.0
  0
LINE
  5
242
330
17
100
AcDbEntity
  8
0
 62
8
100
AcDbLine
 10
148.1038098396454
 20
-0.0900000000000034
 30
0.0
 11
148.1038098396454
 21
2.361980552835849
 31
0.0
  0
LINE
  5
243
330
17
100
AcDbEntity
  8
0
 62
8
100
AcDbLine
 10
148.1688098396454
 20
-0.0900000000000034
 30
0.0
 11
148.1688098396454
 21
2.361980552835849
 31
0.0
  0
LINE
  5
244
330
17
100
AcDbEntity
  8
0
 62
8
100
AcDbLine
 10
149.206312480507
 20
2.361980552835841
 30
0.0
 11
147.0663098396455
 21
2.361980552835859
 31
0.0
  0
LINE
  5
245
330
17
100
AcDbEntity
  8
0
 62
8
100
AcDbLine
 10
149.1413098396454
 20
-0.0900000000000034
 30
0.0
 11
149.1413098396454
 21
2.361980552835841
 31
0.0
  0
LINE
  5
246
330
17
100
AcDbEntity
  8
0
 62
8
100
AcDbLine
 10
149.1413098396454
 20
2.296980552835854
 30
0.0
 11
148.1688098396454
 21
2.296980552835854
 31
0.0
  0
LINE
  5
247
330
17
100
AcDbEntity
  8
0
 62
8
100
AcDbLine
 10
145.9638098396454
 20
-0.0249999999999986
 30
0.0
 11
144.9913098396454
 21
-0.024999999999995
 31
0.0
  0
LINE
  5
248
330
17
100
AcDbEntity
  8
0
 62
8
100
AcDbLine
 10
149.1413098396454
 20
-0.0249999999999986
 30
0.0
 11
148.1688098396454
 21
-0.024999999999995
 31
0.0
  0
LINE
  5
249
330
17
100
AcDbEntity
  8
0
 62
8
100
AcDbLine
 10
148.1038098396454
 20
2.24198740025421
 30
0.0
 11
146.0288098396454
 21
2.241987400254213
 31
0.0
  0
LINE
  5
24A
330
17
100
AcDbEntity
  8
0
 62
8
100
AcDbLine
 10
148.0538447170759
 20
2.192022277684664
 30
0.0
 11
147.116274962215
 21
2.192022277684667
 31
0.0
  0
LINE
  5
24B
330
17
100
AcDbEntity
  8
0
 62
8
100
AcDbLine
 10
147.0163447170759
 20
2.192022277684664
 30
0.0
 11
146.078774962215
 21
2.192022277684664
 31
0.0
  0
LINE
  5
24C
330
17
100
AcDbEntity
  8
0
 62
8
100
AcDbLine
 10
148.0538447170759
 20
-0.0280963100048695
 30
0.0
 11
147.1162749622156
 21
-0.0280963100048659
 31
0.0
  0
LINE
  5
24D
330
17
100
AcDbEntity
  8
0
 62
8
100
AcDbLine
 10
147.0163447170759
 20
-0.028096310004873
 30
0.0
 11
146.078774962215
 21
-0.0280963100048695
 31
0.0
  0
LINE
  5
24E
330
17
100
AcDbEntity
  8
0
 62
8
100
AcDbLine
 10
148.0538447170759
 20
2.192022277684664
 30
0.0
 11
148.0538447170759
 21
-0.0280963100048695
 31
0.0
  0
LINE
  5
24F
330
17
100
AcDbEntity
  8
0
 62
8
100
AcDbLine
 10
146.078774962215
 20
2.192022277684664
 30
0.0
 11
146.078774962215
 21
-0.0280963100048695
 31
0.0
  0
LINE
  5
250
330
17
100
AcDbEntity
  8
0
 62
8
100
AcDbLine
 10
147.0163447170759
 20
2.192022277684667
 30
0.0
 11
147.0163447170759
 21
-0.0280963100048659
 31
0.0
  0
LINE
  5
251
330
17
100
AcDbEntity
  8
0
 62
8
100
AcDbLine
 10
147.116274962215
 20
2.192022277684682
 30
0.0
 11
147.1162749622156
 21
-0.0280963100048517
 31
0.0
  0
LWPOLYLINE
  5
252
330
17
100
AcDbEntity
  8
0
 62
8
100
AcDbPolyline
 90
6
 70
0
 10
147.3179734247241
 20
1.0819629838399
 10
147.3179734247241
 20
1.0819629838399
 10
147.8847203322952
 20
1.0819629838399
 10
147.7786543151172
 20
0.975896966661935
 10
147.8847203322952
 20
1.0819629838399
 10
147.7751187812113
 20
1.191564534923827
  0
LWPOLYLINE
  5
253
330
17
100
AcDbEntity
  8
0
 62
8
100
AcDbPolyline
 90
6
 70
0
 10
146.8146462545668
 20
1.0819629838399
 10
146.8146462545668
 20
1.0819629838399
 10
146.2478993469957
 20
1.0819629838399
 10
146.3539653641737
 20
0.975896966661935
 10
146.2478993469957
 20
1.0819629838399
 10
146.3575008980796
 20
1.191564534923827
  0
LINE
  5
254
330
17
100
AcDbEntity
  8
0
 62
11
100
AcDbLine
 10
146.0288098396454
 20
2.361980552835866
 30
0.0
 11
146.0288098396454
 21
-0.0900000000000034
 31
0.0
  0
LINE
  5
255
330
17
100
AcDbEntity
  8
0
 62
11
100
AcDbLine
 10
148.1038098396454
 20
2.361980552835852
 30
0.0
 11
148.1038098396454
 21
-0.0900000000000034
 31
0.0
  0
LINE
  5
256
330
17
100
AcDbEntity
  8
0-VENTANAS
 62
8
100
AcDbLine
 10
149.2063098396454
 20
2.361980552835866
 30
0.0
 11
144.9263098396454
 21
2.361980552835866
 31
0.0
  0
LINE
  5
257
330
17
100
AcDbEntity
  8
0
 62
11
100
AcDbLine
 10
149.206312480507
 20
2.361980552835845
 30
0.0
 11
149.2068098396454
 21
-0.0900000000000034
 31
0.0
  0
LWPOLYLINE
  5
258
330
17
100
AcDbEntity
  8
0-VENTANAS
 62
8
100
AcDbPolyline
 90
4
 70
1
 10
144.9263098396454
 20
2.361980552835866
 10
146.0288098396454
 20
2.361980552835866
 10
146.0288098396454
 20
-0.0899999999999999
 10
144.9263098396454
 20
-0.0899999999999999
  0
LWPOLYLINE
  5
259
330
17
100
AcDbEntity
  8
0-VENTANAS
 62
8
100
AcDbPolyline
 90
4
 70
1
 10
148.1038098396454
 20
2.361980552835849
 10
149.2068098396454
 20
2.361980552835849
 10
149.2068098396454
 20
-0.0899999999999999
 10
148.1038098396454
 20
-0.0899999999999999
  0
LWPOLYLINE
  5
25A
330
17
100
AcDbEntity
  8
0
 62
8
100
AcDbPolyline
 90
4
 70
1
 10
146.078774962215
 20
2.192022277684664
 10
147.0163447170759
 20
2.192022277684664
 10
147.0163447170759
 20
-0.028096310004873
 10
146.078774962215
 20
-0.028096310004873
  0
LWPOLYLINE
  5
25B
330
17
100
AcDbEntity
  8
0
 62
8
100
AcDbPolyline
 90
4
 70
1
 10
147.116274962215
 20
2.192022277684667
 10
148.0538447170759
 20
2.192022277684667
 10
148.0538447170759
 20
-0.0280963100048695
 10
147.116274962215
 20
-0.0280963100048695
  0
LINE
  5
25C
330
17
100
AcDbEntity
  8
A-WALL
100
AcDbLine
 10
149.696309835987
 20
3.259999999997418
 30
0.0
 11
154.0363098359878
 21
3.259999999997418
 31
0.0
  0
LINE
  5
25D
330
17
100
AcDbEntity
  8
0
  6
CONTINUOUS
 62
8
100
AcDbLine
 10
183.3729716394662
 20
2.361980552835863
 30
0.0
 11
183.3729716394662
 21
-0.0899999999999999
 31
0.0
  0
LINE
  5
25E
330
17
100
AcDbEntity
  8
0
  6
CONTINUOUS
 62
8
100
AcDbLine
 10
183.4379716394662
 20
2.361980552835863
 30
0.0
 11
183.4379716394662
 21
-0.0899999999999999
 31
0.0
  0
LINE
  5
25F
330
17
100
AcDbEntity
  8
0
  6
CONTINUOUS
 62
8
100
AcDbLine
 10
184.4104716394662
 20
2.296980552835854
 30
0.0
 11
183.4379716394662
 21
2.296980552835854
 31
0.0
  0
LINE
  5
260
330
17
100
AcDbEntity
  8
0
  6
CONTINUOUS
 62
8
100
AcDbLine
 10
185.5129716394662
 20
2.361980552835856
 30
0.0
 11
183.3729716394662
 21
2.361980552835863
 31
0.0
  0
LINE
  5
261
330
17
100
AcDbEntity
  8
0
  6
CONTINUOUS
 62
8
100
AcDbLine
 10
185.5129716394662
 20
2.241987400254213
 30
0.0
 11
185.5129716394662
 21
-0.0899999999999963
 31
0.0
  0
LINE
  5
262
330
17
100
AcDbEntity
  8
0
  6
CONTINUOUS
 62
8
100
AcDbLine
 10
184.4104716394662
 20
-0.0900000000000034
 30
0.0
 11
184.4104716394662
 21
2.361980552835859
 31
0.0
  0
LINE
  5
263
330
17
100
AcDbEntity
  8
0
  6
CONTINUOUS
 62
8
100
AcDbLine
 10
184.4754716394662
 20
-0.0900000000000034
 30
0.0
 11
184.4754716394661
 21
2.361980552835859
 31
0.0
  0
LINE
  5
264
330
17
100
AcDbEntity
  8
0
  6
CONTINUOUS
 62
8
100
AcDbLine
 10
186.5504716394662
 20
-0.0900000000000034
 30
0.0
 11
186.5504716394662
 21
2.361980552835849
 31
0.0
  0
LINE
  5
265
330
17
100
AcDbEntity
  8
0
  6
CONTINUOUS
 62
8
100
AcDbLine
 10
186.6154716394662
 20
-0.0900000000000034
 30
0.0
 11
186.6154716394662
 21
2.361980552835849
 31
0.0
  0
LINE
  5
266
330
17
100
AcDbEntity
  8
0
  6
CONTINUOUS
 62
8
100
AcDbLine
 10
187.6529742803277
 20
2.361980552835841
 30
0.0
 11
185.5129716394662
 21
2.361980552835859
 31
0.0
  0
LINE
  5
267
330
17
100
AcDbEntity
  8
0
  6
CONTINUOUS
 62
8
100
AcDbLine
 10
187.5879716394662
 20
-0.0900000000000034
 30
0.0
 11
187.5879716394662
 21
2.361980552835841
 31
0.0
  0
LINE
  5
268
330
17
100
AcDbEntity
  8
0
  6
CONTINUOUS
 62
8
100
AcDbLine
 10
187.5879716394662
 20
2.296980552835854
 30
0.0
 11
186.6154716394662
 21
2.296980552835854
 31
0.0
  0
LINE
  5
269
330
17
100
AcDbEntity
  8
0
  6
CONTINUOUS
 62
8
100
AcDbLine
 10
184.4104716394662
 20
-0.0249999999999986
 30
0.0
 11
183.4379716394662
 21
-0.024999999999995
 31
0.0
  0
LINE
  5
26A
330
17
100
AcDbEntity
  8
0
  6
CONTINUOUS
 62
8
100
AcDbLine
 10
187.5879716394662
 20
-0.0249999999999986
 30
0.0
 11
186.6154716394662
 21
-0.024999999999995
 31
0.0
  0
LINE
  5
26B
330
17
100
AcDbEntity
  8
0
  6
CONTINUOUS
 62
8
100
AcDbLine
 10
186.5504716394662
 20
2.24198740025421
 30
0.0
 11
184.4754716394662
 21
2.241987400254213
 31
0.0
  0
LINE
  5
26C
330
17
100
AcDbEntity
  8
0
  6
CONTINUOUS
 62
8
100
AcDbLine
 10
186.5005065168966
 20
2.192022277684664
 30
0.0
 11
185.5629367620357
 21
2.192022277684667
 31
0.0
  0
LINE
  5
26D
330
17
100
AcDbEntity
  8
0
  6
CONTINUOUS
 62
8
100
AcDbLine
 10
185.4630065168966
 20
2.192022277684664
 30
0.0
 11
184.5254367620357
 21
2.192022277684664
 31
0.0
  0
LINE
  5
26E
330
17
100
AcDbEntity
  8
0
  6
CONTINUOUS
 62
8
100
AcDbLine
 10
186.5005065168966
 20
-0.0280963100048695
 30
0.0
 11
185.5629367620363
 21
-0.0280963100048659
 31
0.0
  0
LINE
  5
26F
330
17
100
AcDbEntity
  8
0
  6
CONTINUOUS
 62
8
100
AcDbLine
 10
185.4630065168966
 20
-0.028096310004873
 30
0.0
 11
184.5254367620357
 21
-0.0280963100048695
 31
0.0
  0
LINE
  5
270
330
17
100
AcDbEntity
  8
0
  6
CONTINUOUS
 62
8
100
AcDbLine
 10
186.5005065168966
 20
2.192022277684664
 30
0.0
 11
186.5005065168966
 21
-0.0280963100048695
 31
0.0
  0
LINE
  5
271
330
17
100
AcDbEntity
  8
0
  6
CONTINUOUS
 62
8
100
AcDbLine
 10
184.5254367620357
 20
2.192022277684664
 30
0.0
 11
184.5254367620357
 21
-0.0280963100048695
 31
0.0
  0
LINE
  5
272
330
17
100
AcDbEntity
  8
0
  6
CONTINUOUS
 62
8
100
AcDbLine
 10
185.4630065168966
 20
2.192022277684667
 30
0.0
 11
185.4630065168966
 21
-0.0280963100048659
 31
0.0
  0
LINE
  5
273
330
17
100
AcDbEntity
  8
0
  6
CONTINUOUS
 62
8
100
AcDbLine
 10
185.5629367620357
 20
2.192022277684682
 30
0.0
 11
185.5629367620363
 21
-0.0280963100048517
 31
0.0
  0
LWPOLYLINE
  5
274
330
17
100
AcDbEntity
  8
0
  6
CONTINUOUS
 62
8
100
AcDbPolyline
 90
6
 70
0
 10
185.7646352245448
 20
1.0819629838399
 10
185.7646352245448
 20
1.0819629838399
 10
186.3313821321159
 20
1.0819629838399
 10
186.2253161149379
 20
0.975896966661935
 10
186.3313821321159
 20
1.0819629838399
 10
186.221780581032
 20
1.191564534923827
  0
LWPOLYLINE
  5
275
330
17
100
AcDbEntity
  8
0
  6
CONTINUOUS
 62
8
100
AcDbPolyline
 90
6
 70
0
 10
185.2613080543875
 20
1.0819629838399
 10
185.2613080543875
 20
1.0819629838399
 10
184.6945611468164
 20
1.0819629838399
 10
184.8006271639944
 20
0.975896966661935
 10
184.6945611468164
 20
1.0819629838399
 10
184.8041626979004
 20
1.191564534923827
  0
LINE
  5
276
330
17
100
AcDbEntity
  8
0
  6
CONTINUOUS
 62
8
100
AcDbLine
 10
184.4754716394661
 20
2.361980552835866
 30
0.0
 11
184.4754716394662
 21
-0.0900000000000034
 31
0.0
  0
LINE
  5
277
330
17
100
AcDbEntity
  8
0
  6
CONTINUOUS
 62
8
100
AcDbLine
 10
186.5504716394662
 20
2.361980552835852
 30
0.0
 11
186.5504716394662
 21
-0.0900000000000034
 31
0.0
  0
LINE
  5
278
330
17
100
AcDbEntity
  8
0
  6
CONTINUOUS
 62
8
100
AcDbLine
 10
187.6529716394662
 20
2.361980552835866
 30
0.0
 11
183.3729716394662
 21
2.361980552835866
 31
0.0
  0
LINE
  5
279
330
17
100
AcDbEntity
  8
0
  6
CONTINUOUS
 62
8
100
AcDbLine
 10
187.6529742803277
 20
2.361980552835845
 30
0.0
 11
187.6534716394662
 21
-0.0900000000000034
 31
0.0
  0
LWPOLYLINE
  5
27A
330
17
100
AcDbEntity
  8
0
  6
CONTINUOUS
 62
8
100
AcDbPolyline
 90
4
 70
1
 10
183.3729716394662
 20
2.361980552835866
 10
184.4754716394662
 20
2.361980552835866
 10
184.4754716394662
 20
-0.0899999999999999
 10
183.3729716394662
 20
-0.0899999999999999
  0
LWPOLYLINE
  5
27B
330
17
100
AcDbEntity
  8
0
  6
CONTINUOUS
 62
8
100
AcDbPolyline
 90
4
 70
1
 10
186.5504716394662
 20
2.361980552835849
 10
187.6534716394662
 20
2.361980552835849
 10
187.6534716394662
 20
-0.0899999999999999
 10
186.5504716394662
 20
-0.0899999999999999
  0
LWPOLYLINE
  5
27C
330
17
100
AcDbEntity
  8
0
  6
CONTINUOUS
 62
8
100
AcDbPolyline
 90
4
 70
1
 10
184.5254367620357
 20
2.192022277684664
 10
185.4630065168966
 20
2.192022277684664
 10
185.4630065168966
 20
-0.028096310004873
 10
184.5254367620357
 20
-0.028096310004873
  0
LWPOLYLINE
  5
27D
330
17
100
AcDbEntity
  8
0
  6
CONTINUOUS
 62
8
100
AcDbPolyline
 90
4
 70
1
 10
185.5629367620357
 20
2.192022277684667
 10
186.5005065168966
 20
2.192022277684667
 10
186.5005065168966
 20
-0.0280963100048695
 10
185.5629367620357
 20
-0.0280963100048695
  0
LWPOLYLINE
  5
27E
330
17
100
AcDbEntity
  8
0
100
AcDbPolyline
 90
4
 70
1
 10
-181.977437666684
 20
2.2123703076671464
 10
-181.958037666684
 20
2.2123703076671464
 10
-181.958037666684
 20
2.2148703076671463
 10
-181.977437666684
 20
2.2148703076671463
210
0.0
220
0.0
230
-1.0
  0
LINE
  5
27F
330
17
100
AcDbEntity
  8
0
100
AcDbLine
 10
181.96473766668402
 20
2.2307960374913183
 30
0.0
 11
181.96473766668402
 21
2.2193703076671456
 31
0.0
  0
LINE
  5
280
330
17
100
AcDbEntity
  8
0
100
AcDbLine
 10
181.960737666684
 20
2.219370307667146
 30
0.0
 11
181.960737666684
 21
2.2148703076671463
 31
0.0
  0
LINE
  5
281
330
17
100
AcDbEntity
  8
0
100
AcDbLine
 10
181.970737666684
 20
2.2307960374913183
 30
0.0
 11
181.970737666684
 21
2.2193703076671456
 31
0.0
  0
LINE
  5
282
330
17
100
AcDbEntity
  8
0
100
AcDbLine
 10
181.974737666684
 20
2.219370307667146
 30
0.0
 11
181.974737666684
 21
2.2148703076671463
 31
0.0
  0
LINE
  5
283
330
17
100
AcDbEntity
  8
0
100
AcDbLine
 10
181.974737666684
 20
2.219370307667146
 30
0.0
 11
181.960737666684
 21
2.219370307667146
 31
0.0
  0
LINE
  5
284
330
17
100
AcDbEntity
  8
0
100
AcDbLine
 10
181.974737666684
 20
2.216870307667146
 30
0.0
 11
181.960737666684
 21
2.216870307667146
 31
0.0
  0
LINE
  5
285
330
17
100
AcDbEntity
  8
0
100
AcDbLine
 10
181.962937666684
 20
2.2387960374913183
 30
0.0
 11
181.972537666684
 21
2.2387960374913183
 31
0.0
  0
ARC
  5
286
330
17
100
AcDbEntity
  8
0
100
AcDbCircle
 10
-181.972537666684
 20
2.238296037491318
 30
0.0
 40
0.0005
210
0.0
220
0.0
230
-1.0
100
AcDbArc
 50
90.0
 51
180.0
  0
LINE
  5
287
330
17
100
AcDbEntity
  8
0
100
AcDbLine
 10
181.973037666684
 20
2.238296037491318
 30
0.0
 11
181.973037666684
 21
2.2312960374913184
 31
0.0
  0
ARC
  5
288
330
17
100
AcDbEntity
  8
0
100
AcDbCircle
 10
-181.972537666684
 20
2.2312960374913184
 30
0.0
 40
0.0005
210
0.0
220
0.0
230
-1.0
100
AcDbArc
 50
180.0
 51
-90.00000000000001
  0
LINE
  5
289
330
17
100
AcDbEntity
  8
0
100
AcDbLine
 10
181.972537666684
 20
2.2307960374913183
 30
0.0
 11
181.962937666684
 21
2.2307960374913183
 31
0.0
  0
ARC
  5
28A
330
17
100
AcDbEntity
  8
0
100
AcDbCircle
 10
-181.962937666684
 20
2.2312960374913184
 30
0.0
 40
0.0005
210
0.0
220
0.0
230
-1.0
100
AcDbArc
 50
-90.00000000000021
 51
0.0
  0
LINE
  5
28B
330
17
100
AcDbEntity
  8
0
100
AcDbLine
 10
181.962437666684
 20
2.2312960374913184
 30
0.0
 11
181.962437666684
 21
2.238296037491318
 31
0.0
  0
ARC
  5
28C
330
17
100
AcDbEntity
  8
0
100
AcDbCircle
 10
-181.962937666684
 20
2.238296037491318
 30
0.0
 40
0.0005
210
0.0
220
0.0
230
-1.0
100
AcDbArc
 50
0.0
 51
90.0
  0
LWPOLYLINE
  5
28D
330
17
100
AcDbEntity
  8
0
  6
CONTINUOUS
 62
8
100
AcDbPolyline
 90
179
 70
1
 10
181.9525665193926
 20
2.193728123051549
 42
-0.4142135623735948
 10
181.9528665193926
 20
2.194028123051548
 10
181.9538665193926
 20
2.194028123051552
 42
-0.4142135623764249
 10
181.9540665193926
 20
2.193828123051552
 10
181.9540665193926
 20
2.193028123051547
 42
0.4142135623724848
 10
181.9543665193926
 20
2.192728123051548
 10
181.9547665193926
 20
2.192728123051548
 42
0.4142135623717077
 10
181.9550665193925
 20
2.193028123051547
 10
181.9550665193925
 20
2.193728123051549
 42
-0.4142135623728177
 10
181.9553665193926
 20
2.194028123051548
 10
181.9817665193927
 20
2.194028123051545
 42
-0.414213562375093
 10
181.9820665193927
 20
2.193728123051545
 10
181.9820665193927
 20
2.193028123051544
 42
0.4142135623717074
 10
181.9823665193927
 20
2.192728123051544
 10
181.9827665193927
 20
2.192728123051544
 42
0.4142135623738167
 10
181.9830665193927
 20
2.193028123051544
 10
181.9830665193927
 20
2.193828123051545
 42
-0.4142135623751761
 10
181.9832665193927
 20
2.194028123051548
 10
181.9842665193927
 20
2.194028123051545
 42
-0.4142135623729287
 10
181.9845665193927
 20
2.193728123051545
 10
181.9845665193927
 20
2.187028123051543
 42
-0.4142135623728178
 10
181.9842665193927
 20
2.186728123051544
 10
181.9832665193927
 20
2.186728123051544
 42
-0.4142135623721793
 10
181.9830665193927
 20
2.186928123051544
 10
181.9830665193927
 20
2.187728123051545
 42
0.4142135623760919
 10
181.9827665193927
 20
2.188028123051545
 10
181.9823665193927
 20
2.188028123051548
 42
0.4142135623738166
 10
181.9820665193927
 20
2.187728123051545
 10
181.9820665193927
 20
2.185928123051542
 42
0.4142135623742605
 10
181.9823665193927
 20
2.185628123051543
 10
181.9842665193927
 20
2.185628123051547
 42
-0.4142135623742051
 10
181.9845665193927
 20
2.185328123051544
 10
181.9845665193927
 20
2.182650645117192
 42
-0.24543573724201
 10
181.9844379079722
 20
2.182404421733256
 42
0.0951283628813846
 10
181.9833319153205
 20
2.181270720632277
 42
-0.5526471097437529
 10
181.9828240233293
 20
2.181282044208845
 42
0.2638913283817033
 10
181.9825665193927
 20
2.181428123051546
 10
181.9823665193927
 20
2.181428123051542
 42
0.4142135623728177
 10
181.9820665193927
 20
2.181128123051546
 10
181.9820665193927
 20
2.180128123051545
 42
0.4142135623723737
 10
181.9823665193927
 20
2.179828123051546
 10
181.9837520344601
 20
2.179828123051546
 42
0.3115563722354438
 10
181.984032517517
 20
2.18002168407942
 42
-0.2145550635874846
 10
181.9857729583648
 20
2.181762124927242
 42
0.3115563722355165
 10
181.9859665193927
 20
2.182042607984168
 10
181.9859665193927
 20
2.239328123051546
 42
0.4142135623746268
 10
181.9854665193927
 20
2.239828123051545
 10
181.9825665193927
 20
2.239828123051545
 42
0.4142135623714302
 10
181.9822665193927
 20
2.239528123051545
 10
181.9822665193927
 20
2.237528123051546
 42
0.4142135623737057
 10
181.9825665193927
 20
2.237228123051544
 10
181.9827665193927
 20
2.237228123051547
 42
0.4142135623719298
 10
181.9830665193927
 20
2.237528123051543
 10
181.9830665193927
 20
2.238428123051544
 42
-0.4142135623731507
 10
181.9833665193927
 20
2.238728123051544
 10
181.9842665193927
 20
2.238728123051547
 42
-0.4142135623699318
 10
181.9845665193927
 20
2.238428123051548
 10
181.9845665193927
 20
2.231728123051546
 42
-0.4142135623712638
 10
181.9842665193927
 20
2.23142812305155
 10
181.9833665193927
 20
2.231428123051546
 42
-0.4142135623728175
 10
181.9830665193927
 20
2.231728123051546
 10
181.9830665193927
 20
2.232628123051544
 42
0.4142135623728177
 10
181.9827665193927
 20
2.232928123051543
 10
181.9825665193927
 20
2.232928123051543
 42
0.4142135623738166
 10
181.9822665193927
 20
2.232628123051544
 10
181.9822665193927
 20
2.229228123051544
 42
0.4142135623737057
 10
181.9825665193927
 20
2.228928123051545
 10
181.9827665193927
 20
2.228928123051545
 42
0.4142135623719298
 10
181.9830665193927
 20
2.229228123051541
 10
181.9830665193927
 20
2.230128123051546
 42
-0.4142135623735947
 10
181.9833665193927
 20
2.230428123051545
 10
181.9842665193927
 20
2.230428123051542
 42
-0.4142135623740386
 10
181.9845665193927
 20
2.230128123051546
 10
181.9845665193927
 20
2.223428123051544
 42
-0.4142135623731507
 10
181.9842665193927
 20
2.223128123051544
 10
181.9833665193927
 20
2.223128123051544
 42
-0.4142135623728175
 10
181.9830665193927
 20
2.223428123051544
 10
181.9830665193927
 20
2.224328123051545
 42
0.4142135623728177
 10
181.9827665193927
 20
2.224628123051545
 10
181.9825665193927
 20
2.224628123051545
 42
0.4142135623738166
 10
181.9822665193927
 20
2.224328123051545
 10
181.9822665193927
 20
2.222628123051546
 42
0.4142135623732283
 10
181.9827665193927
 20
2.222128123051547
 10
181.9837665193927
 20
2.222128123051543
 42
-0.3104661910082529
 10
181.9845665193927
 20
2.221628123051544
 10
181.9845665193927
 20
2.214128123051544
 42
-0.4142135623681557
 10
181.9842665193927
 20
2.213828123051545
 10
181.9818665193927
 20
2.213828123051545
 42
-0.4142135623705421
 10
181.9815665193927
 20
2.214128123051548
 10
181.9815665193927
 20
2.217328123051547
 42
0.4142135623731117
 10
181.9805665193927
 20
2.218328123051549
 10
181.9779665193927
 20
2.218328123051545
 42
0.4142135623732949
 10
181.9774665193927
 20
2.217828123051546
 10
181.9774665193927
 20
2.217328123051547
 42
0.4142135623746268
 10
181.9779665193927
 20
2.216828123051545
 10
181.9797665193927
 20
2.216828123051545
 42
-0.4142135623705423
 10
181.9800665193927
 20
2.216528123051542
 10
181.9800665193927
 20
2.214128123051544
 42
-0.4142135623723183
 10
181.9797665193927
 20
2.213828123051545
 10
181.970486134635
 20
2.213828123051545
 10
181.9573665193925
 20
2.213828123051541
 42
-0.4142135623725956
 10
181.9570665193926
 20
2.214128123051548
 10
181.9570665193926
 20
2.216528123051549
 42
-0.4142135623724845
 10
181.9573665193925
 20
2.216828123051548
 10
181.9591665193925
 20
2.216828123051548
 42
0.4142135623746268
 10
181.9596665193926
 20
2.217328123051551
 10
181.9596665193926
 20
2.21782812305155
 42
0.4142135623732616
 10
181.9591665193925
 20
2.218328123051549
 10
181.9565665193926
 20
2.218328123051549
 42
0.4142135623730951
 10
181.9555665193925
 20
2.217328123051551
 10
181.9555665193926
 20
2.214128123051548
 42
-0.4142135623700986
 10
181.9552665193926
 20
2.213828123051548
 10
181.9528665193926
 20
2.213828123051548
 42
-0.4142135623704866
 10
181.9525665193926
 20
2.214128123051551
 10
181.9525665193926
 20
2.221628123051548
 42
-0.3104661910104984
 10
181.9533665193926
 20
2.22212812305155
 10
181.9543665193926
 20
2.222128123051547
 42
0.4142135623732616
 10
181.9548665193925
 20
2.222628123051549
 10
181.9548665193925
 20
2.224328123051549
 42
0.4142135623724846
 10
181.9545665193926
 20
2.224628123051548
 10
181.9543665193926
 20
2.224628123051548
 42
0.4142135623728177
 10
181.9540665193926
 20
2.224328123051549
 10
181.9540665193926
 20
2.223428123051551
 42
-0.4142135623737057
 10
181.9537665193926
 20
2.223128123051548
 10
181.9528665193926
 20
2.223128123051548
 42
-0.4142135623724848
 10
181.9525665193926
 20
2.223428123051547
 10
181.9525665193926
 20
2.230128123051549
 42
-0.4142135623740385
 10
181.9528665193926
 20
2.230428123051549
 10
181.9537665193926
 20
2.230428123051545
 42
-0.4142135623724846
 10
181.9540665193926
 20
2.230128123051549
 10
181.9540665193926
 20
2.229228123051548
 42
0.4142135623723183
 10
181.9543665193926
 20
2.228928123051549
 10
181.9545665193926
 20
2.228928123051545
 42
0.4142135623728178
 10
181.9548665193925
 20
2.229228123051548
 10
181.9548665193925
 20
2.232628123051547
 42
0.4142135623724846
 10
181.9545665193926
 20
2.232928123051546
 10
181.9543665193926
 20
2.232928123051546
 42
0.4142135623728177
 10
181.9540665193926
 20
2.232628123051547
 10
181.9540665193926
 20
2.231728123051553
 42
-0.4142135623737057
 10
181.9537665193926
 20
2.23142812305155
 10
181.9528665193926
 20
2.23142812305155
 42
-0.4142135623705422
 10
181.9525665193926
 20
2.231728123051549
 10
181.9525665193926
 20
2.238428123051548
 42
-0.4142135623717077
 10
181.9528665193926
 20
2.238728123051547
 10
181.9537665193926
 20
2.238728123051551
 42
-0.4142135623707086
 10
181.9540665193926
 20
2.238428123051551
 10
181.9540665193926
 20
2.23752812305155
 42
0.4142135623723183
 10
181.9543665193926
 20
2.237228123051551
 10
181.9545665193926
 20
2.237228123051547
 42
0.4142135623737057
 10
181.9548665193925
 20
2.237528123051546
 10
181.9548665193925
 20
2.239528123051549
 42
0.4142135623692104
 10
181.9545665193926
 20
2.239828123051548
 10
181.9516665193926
 20
2.239828123051548
 42
0.4142135623745602
 10
181.9511665193926
 20
2.239328123051546
 10
181.9511665193926
 20
2.182042607984172
 42
0.3115563722320174
 10
181.9513600804204
 20
2.181762124927267
 42
-0.2145550635875904
 10
181.9531005212683
 20
2.180021684079417
 42
0.3115563722342129
 10
181.9533810043252
 20
2.179828123051549
 10
181.9547665193926
 20
2.179828123051549
 42
0.4142135623724291
 10
181.9550665193925
 20
2.180128123051549
 10
181.9550665193925
 20
2.18112812305155
 42
0.414213562375093
 10
181.9547665193926
 20
2.181428123051549
 10
181.9545665193926
 20
2.181428123051549
 42
0.2638913283790971
 10
181.954309015456
 20
2.181282044208849
 42
-0.5526471097437212
 10
181.9538011234648
 20
2.18127072063228
 42
0.0951283628812907
 10
181.952695130813
 20
2.182404421733259
 42
-0.245435737242128
 10
181.9525665193926
 20
2.182650645117195
 10
181.9525665193926
 20
2.185328123051547
 42
-0.4142135623728177
 10
181.9528665193926
 20
2.185628123051547
 10
181.9547665193926
 20
2.18562812305155
 42
0.4142135623718743
 10
181.9550665193925
 20
2.185928123051549
 10
181.9550665193925
 20
2.187728123051549
 42
0.4142135623724846
 10
181.9547665193926
 20
2.188028123051548
 10
181.9543665193926
 20
2.188028123051548
 42
0.4142135623762032
 10
181.9540665193926
 20
2.187728123051545
 10
181.9540665193926
 20
2.186928123051547
 42
-0.4142135623690996
 10
181.9538665193926
 20
2.186728123051551
 10
181.9528665193926
 20
2.186728123051548
 42
-0.4142135623759811
 10
181.9525665193926
 20
2.187028123051547
  0
LWPOLYLINE
  5
28E
330
17
100
AcDbEntity
  8
0
  6
CONTINUOUS
 62
8
100
AcDbPolyline
 90
25
 70
1
 10
181.9525665193926
 20
2.204228123051549
 10
181.9531665193926
 20
2.204228123051549
 10
181.9531665193926
 20
2.203628123051547
 10
181.9525665193926
 20
2.203628123051547
 10
181.9525665193926
 20
2.195928123051551
 10
181.9541665193925
 20
2.195928123051551
 10
181.9541665193925
 20
2.195428123051545
 10
181.9682665193927
 20
2.195428123051545
 10
181.9682665193927
 20
2.195928123051547
 10
181.9688665193926
 20
2.195928123051547
 10
181.9688665193926
 20
2.195428123051542
 10
181.9829665193927
 20
2.195428123051545
 10
181.9829665193927
 20
2.195928123051547
 10
181.9845665193927
 20
2.195928123051547
 10
181.9845665193927
 20
2.203628123051544
 10
181.9839665193927
 20
2.203628123051544
 10
181.9839665193927
 20
2.204228123051546
 10
181.9845665193927
 20
2.204228123051546
 10
181.9845665193927
 20
2.211928123051546
 10
181.9829665193927
 20
2.211928123051546
 10
181.9829665193927
 20
2.212428123051548
 10
181.9702665193927
 20
2.212428123051545
 10
181.9541665193925
 20
2.212428123051552
 10
181.9541665193925
 20
2.211928123051549
 10
181.9525665193926
 20
2.211928123051549
  0
LWPOLYLINE
  5
28F
330
17
100
AcDbEntity
  8
0
100
AcDbPolyline
 90
179
 70
1
 10
181.95150220810655
 20
-0.04199631000486903
 42
0.4142135623735948
 10
181.95180220810656
 20
-0.04229631000486833
 10
181.95280220810656
 20
-0.04229631000486833
 42
0.4142135623764249
 10
181.95300220810654
 20
-0.0420963100048759
 10
181.95300220810654
 20
-0.04129631000486711
 42
-0.4142135623724848
 10
181.95330220810655
 20
-0.04099631000486781
 10
181.95370220810656
 20
-0.04099631000486781
 42
-0.4142135623717077
 10
181.95400220810654
 20
-0.04129631000486711
 10
181.95400220810654
 20
-0.04199631000486903
 42
0.4142135623728177
 10
181.95430220810655
 20
-0.04229631000486833
 10
181.9807022081067
 20
-0.04229631000486833
 42
0.414213562375093
 10
181.9810022081067
 20
-0.04199631000486903
 10
181.9810022081067
 20
-0.04129631000486711
 42
-0.4142135623717074
 10
181.9813022081067
 20
-0.04099631000485715
 10
181.9817022081067
 20
-0.04099631000485715
 42
-0.4142135623738167
 10
181.9820022081067
 20
-0.04129631000486711
 10
181.9820022081067
 20
-0.0420963100048688
 42
0.4142135623751761
 10
181.9822022081067
 20
-0.04229631000486833
 10
181.9832022081067
 20
-0.04229631000486833
 42
0.4142135623729287
 10
181.9835022081067
 20
-0.04199631000486903
 10
181.9835022081067
 20
-0.03529631000486688
 42
0.4142135623728178
 10
181.9832022081067
 20
-0.03499631000486758
 10
181.9822022081067
 20
-0.03499631000486758
 42
0.4142135623721793
 10
181.9820022081067
 20
-0.035196310004867115
 10
181.9820022081067
 20
-0.0359963100048688
 42
-0.4142135623760919
 10
181.9817022081067
 20
-0.036296310004857446
 10
181.9813022081067
 20
-0.036296310004868104
 42
-0.4142135623738166
 10
181.9810022081067
 20
-0.0359963100048688
 10
181.9810022081067
 20
-0.03419631000485879
 42
-0.4142135623742605
 10
181.9813022081067
 20
-0.03389631000486659
 10
181.9832022081067
 20
-0.03389631000486659
 42
0.4142135623742051
 10
181.9835022081067
 20
-0.03359631000485663
 10
181.9835022081067
 20
-0.030918832070508273
 42
0.24543573724201
 10
181.98337359668625
 20
-0.030672608686579395
 42
-0.0951283628813846
 10
181.9822676040345
 20
-0.02953890758559652
 42
0.5526471097437529
 10
181.98175971204324
 20
-0.029550231162168927
 42
-0.2638913283817033
 10
181.9815022081067
 20
-0.029696310004869275
 10
181.9813022081067
 20
-0.029696310004869275
 42
-0.4142135623728177
 10
181.9810022081067
 20
-0.02939631000486642
 10
181.9810022081067
 20
-0.028396310004868752
 42
-0.4142135623723737
 10
181.9813022081067
 20
-0.0280963100048659
 10
181.98268772317408
 20
-0.0280963100048659
 42
-0.3115563722354438
 10
181.982968206231
 20
-0.028289871032736613
 42
0.2145550635874846
 10
181.98470864707883
 20
-0.03003031188056937
 42
-0.3115563722355165
 10
181.9849022081067
 20
-0.03031079493748834
 10
181.9849022081067
 20
-0.08759631000486934
 42
-0.4142135623746268
 10
181.9844022081067
 20
-0.08809631000486817
 10
181.9815022081067
 20
-0.08809631000486817
 42
-0.4142135623714302
 10
181.9812022081067
 20
-0.08779631000486887
 10
181.9812022081067
 20
-0.08579631000486643
 42
-0.4142135623737057
 10
181.9815022081067
 20
-0.08549631000486713
 10
181.9817022081067
 20
-0.08549631000486713
 42
-0.4142135623719298
 10
181.9820022081067
 20
-0.08579631000485932
 10
181.9820022081067
 20
-0.08669631000486788
 42
0.4142135623731507
 10
181.98230220810672
 20
-0.08699631000485653
 10
181.9832022081067
 20
-0.08699631000486718
 42
0.4142135623699318
 10
181.9835022081067
 20
-0.08669631000486788
 10
181.9835022081067
 20
-0.07999631000486929
 42
0.4142135623712638
 10
181.9832022081067
 20
-0.07969631000486643
 10
181.98230220810672
 20
-0.07969631000486643
 42
0.4142135623728175
 10
181.9820022081067
 20
-0.07999631000486929
 10
181.9820022081067
 20
-0.08089631000485653
 42
-0.4142135623728177
 10
181.9817022081067
 20
-0.08119631000486649
 10
181.9815022081067
 20
-0.08119631000486649
 42
-0.4142135623738166
 10
181.9812022081067
 20
-0.08089631000485653
 10
181.9812022081067
 20
-0.07749631000486801
 42
-0.4142135623737057
 10
181.9815022081067
 20
-0.0771963100048687
 10
181.9817022081067
 20
-0.0771963100048687
 42
-0.4142135623719298
 10
181.9820022081067
 20
-0.07749631000485735
 10
181.9820022081067
 20
-0.07839631000486591
 42
0.4142135623735947
 10
181.98230220810672
 20
-0.07869631000486876
 10
181.9832022081067
 20
-0.0786963100048581
 42
0.4142135623740386
 10
181.9835022081067
 20
-0.07839631000486591
 10
181.9835022081067
 20
-0.07169631000486731
 42
0.4142135623731507
 10
181.9832022081067
 20
-0.07139631000486801
 10
181.98230220810672
 20
-0.07139631000486801
 42
0.4142135623728175
 10
181.9820022081067
 20
-0.07169631000486731
 10
181.9820022081067
 20
-0.07259631000486877
 42
-0.4142135623728177
 10
181.9817022081067
 20
-0.07289631000485741
 10
181.9815022081067
 20
-0.07289631000485741
 42
-0.4142135623738166
 10
181.9812022081067
 20
-0.07259631000486877
 10
181.9812022081067
 20
-0.07089631000486918
 42
-0.4142135623732283
 10
181.9817022081067
 20
-0.07039631000486679
 10
181.9827022081067
 20
-0.07039631000486679
 42
0.3104661910082529
 10
181.9835022081067
 20
-0.06989631000486796
 10
181.9835022081067
 20
-0.06239631000486767
 42
0.4142135623681557
 10
181.9832022081067
 20
-0.06209631000486837
 10
181.9808022081067
 20
-0.06209631000486837
 42
0.4142135623705421
 10
181.9805022081067
 20
-0.06239631000486767
 10
181.9805022081067
 20
-0.06559631000486732
 42
-0.4142135623731117
 10
181.9795022081067
 20
-0.06659631000486854
 10
181.9769022081067
 20
-0.06659631000486854
 42
-0.4142135623732949
 10
181.9764022081067
 20
-0.06609631000486615
 10
181.9764022081067
 20
-0.06559631000486732
 42
-0.4142135623746268
 10
181.9769022081067
 20
-0.06509631000486849
 10
181.9787022081067
 20
-0.06509631000486849
 42
0.4142135623705423
 10
181.9790022081067
 20
-0.06479631000485853
 10
181.9790022081067
 20
-0.06239631000486767
 42
0.4142135623723183
 10
181.9787022081067
 20
-0.06209631000486837
 10
181.96942182334897
 20
-0.06209631000486837
 10
181.95630220810654
 20
-0.06209631000486837
 42
0.4142135623725956
 10
181.95600220810655
 20
-0.06239631000486767
 10
181.95600220810655
 20
-0.06479631000486918
 42
0.4142135623724845
 10
181.95630220810654
 20
-0.06509631000486849
 10
181.95810220810654
 20
-0.06509631000486849
 42
-0.4142135623746268
 10
181.95860220810656
 20
-0.06559631000486732
 10
181.95860220810656
 20
-0.06609631000486615
 42
-0.4142135623732616
 10
181.95810220810654
 20
-0.06659631000486854
 10
181.95550220810657
 20
-0.06659631000486854
 42
-0.4142135623730951
 10
181.95450220810656
 20
-0.06559631000486732
 10
181.95450220810656
 20
-0.06239631000486767
 42
0.4142135623700986
 10
181.95420220810655
 20
-0.06209631000486837
 10
181.95180220810656
 20
-0.06209631000486837
 42
0.4142135623704866
 10
181.95150220810655
 20
-0.06239631000486767
 10
181.95150220810655
 20
-0.06989631000486796
 42
0.3104661910104984
 10
181.95230220810654
 20
-0.07039631000486679
 10
181.95330220810655
 20
-0.07039631000486679
 42
-0.4142135623732616
 10
181.95380220810654
 20
-0.07089631000486918
 10
181.95380220810654
 20
-0.07259631000486877
 42
-0.4142135623724846
 10
181.95350220810656
 20
-0.07289631000486807
 10
181.95330220810655
 20
-0.07289631000486807
 42
-0.4142135623728177
 10
181.95300220810654
 20
-0.07259631000486877
 10
181.95300220810654
 20
-0.07169631000486731
 42
0.4142135623737057
 10
181.95270220810656
 20
-0.07139631000486801
 10
181.95180220810656
 20
-0.07139631000486801
 42
0.4142135623724848
 10
181.95150220810655
 20
-0.07169631000486731
 10
181.95150220810655
 20
-0.07839631000486591
 42
0.4142135623740385
 10
181.95180220810656
 20
-0.07869631000486876
 10
181.95270220810656
 20
-0.07869631000486876
 42
0.4142135623724846
 10
181.95300220810654
 20
-0.07839631000486591
 10
181.95300220810654
 20
-0.07749631000486801
 42
-0.4142135623723183
 10
181.95330220810655
 20
-0.0771963100048687
 10
181.95350220810656
 20
-0.0771963100048687
 42
-0.4142135623728178
 10
181.95380220810654
 20
-0.07749631000486801
 10
181.95380220810654
 20
-0.08089631000486719
 42
-0.4142135623724846
 10
181.95350220810656
 20
-0.08119631000486649
 10
181.95330220810655
 20
-0.08119631000486649
 42
-0.4142135623728177
 10
181.95300220810654
 20
-0.08089631000486719
 10
181.95300220810654
 20
-0.07999631000487639
 42
0.4142135623737057
 10
181.95270220810656
 20
-0.07969631000486643
 10
181.95180220810656
 20
-0.07969631000486643
 42
0.4142135623705422
 10
181.95150220810655
 20
-0.07999631000486929
 10
181.95150220810655
 20
-0.08669631000486788
 42
0.4142135623717077
 10
181.95180220810656
 20
-0.08699631000486718
 10
181.95270220810656
 20
-0.08699631000486718
 42
0.4142135623707086
 10
181.95300220810654
 20
-0.08669631000487854
 10
181.95300220810654
 20
-0.08579631000486643
 42
-0.4142135623723183
 10
181.95330220810655
 20
-0.08549631000486713
 10
181.95350220810656
 20
-0.08549631000486713
 42
-0.4142135623737057
 10
181.95380220810654
 20
-0.08579631000486643
 10
181.95380220810654
 20
-0.08779631000486887
 42
-0.4142135623692104
 10
181.95350220810656
 20
-0.08809631000486817
 10
181.95060220810655
 20
-0.08809631000486817
 42
-0.4142135623745602
 10
181.95010220810656
 20
-0.08759631000486934
 10
181.95010220810656
 20
-0.03031079493748834
 42
-0.3115563722320174
 10
181.95029576913444
 20
-0.030030311880587135
 42
0.2145550635875904
 10
181.95203620998225
 20
-0.028289871032736613
 42
-0.3115563722342129
 10
181.9523166930392
 20
-0.0280963100048659
 10
181.95370220810656
 20
-0.0280963100048659
 42
-0.4142135623724291
 10
181.95400220810654
 20
-0.028396310004868752
 10
181.95400220810654
 20
-0.02939631000486642
 42
-0.414213562375093
 10
181.95370220810656
 20
-0.029696310004869275
 10
181.95350220810656
 20
-0.029696310004869275
 42
-0.2638913283790971
 10
181.95324470417
 20
-0.029550231162168927
 42
0.5526471097437212
 10
181.95273681217878
 20
-0.02953890758559652
 42
-0.0951283628812907
 10
181.951630819527
 20
-0.030672608686579395
 42
0.245435737242128
 10
181.95150220810655
 20
-0.03091883207051893
 10
181.95150220810655
 20
-0.03359631000486729
 42
0.4142135623728177
 10
181.95180220810656
 20
-0.03389631000486659
 10
181.95370220810656
 20
-0.03389631000486659
 42
-0.4142135623718743
 10
181.95400220810657
 20
-0.03419631000486589
 10
181.95400220810657
 20
-0.0359963100048688
 42
-0.4142135623724846
 10
181.95370220810656
 20
-0.036296310004868104
 10
181.95330220810655
 20
-0.036296310004868104
 42
-0.4142135623762032
 10
181.95300220810654
 20
-0.0359963100048688
 10
181.95300220810654
 20
-0.035196310004867115
 42
0.4142135623690996
 10
181.95280220810656
 20
-0.03499631000486758
 10
181.95180220810656
 20
-0.03499631000486758
 42
0.4142135623759811
 10
181.95150220810655
 20
-0.03529631000486688
  0
LWPOLYLINE
  5
290
330
17
100
AcDbEntity
  8
0
100
AcDbPolyline
 90
25
 70
1
 10
181.95150220810655
 20
-0.052496310004865876
 10
181.95210220810657
 20
-0.052496310004865876
 10
181.95210220810657
 20
-0.051896310004867274
 10
181.95150220810655
 20
-0.051896310004867274
 10
181.95150220810655
 20
-0.044196310004867456
 10
181.95310220810654
 20
-0.044196310004867456
 10
181.95310220810654
 20
-0.04369631000486862
 10
181.96720220810664
 20
-0.04369631000486862
 10
181.96720220810664
 20
-0.044196310004867456
 10
181.96780220810663
 20
-0.044196310004867456
 10
181.96780220810663
 20
-0.04369631000485796
 10
181.9819022081067
 20
-0.04369631000486862
 10
181.9819022081067
 20
-0.044196310004867456
 10
181.9835022081067
 20
-0.044196310004867456
 10
181.9835022081067
 20
-0.051896310004856616
 10
181.9829022081067
 20
-0.051896310004856616
 10
181.9829022081067
 20
-0.052496310004865876
 10
181.9835022081067
 20
-0.052496310004865876
 10
181.9835022081067
 20
-0.06019631000486925
 10
181.9819022081067
 20
-0.06019631000486925
 10
181.9819022081067
 20
-0.06069631000486808
 10
181.9692022081067
 20
-0.06069631000485742
 10
181.95310220810654
 20
-0.06069631000486808
 10
181.95310220810654
 20
-0.06019631000486925
 10
181.95150220810655
 20
-0.06019631000486925
  0
LINE
  5
291
330
17
100
AcDbEntity
  8
0
  6
CONTINUOUS
 62
8
100
AcDbLine
 10
181.9550665193927
 20
-0.0387166779001156
 30
0.0
 11
181.9580665193927
 21
-0.0387166779001156
 31
0.0
  0
LINE
  5
292
330
17
100
AcDbEntity
  8
0
  6
CONTINUOUS
 62
8
100
AcDbLine
 10
181.9590665193927
 20
-0.0387166779001156
 30
0.0
 11
181.9620665193927
 21
-0.0387166779001156
 31
0.0
  0
LINE
  5
293
330
17
100
AcDbEntity
  8
0
  6
CONTINUOUS
 62
8
100
AcDbLine
 10
181.9625665193927
 20
-0.0382166779001096
 30
0.0
 11
181.9620665193927
 21
-0.0387166779001156
 31
0.0
  0
LINE
  5
294
330
17
100
AcDbEntity
  8
0
  6
CONTINUOUS
 62
8
100
AcDbLine
 10
181.9545665193927
 20
-0.0382166779001203
 30
0.0
 11
181.9550665193927
 21
-0.0387166779001156
 31
0.0
  0
LINE
  5
295
330
17
100
AcDbEntity
  8
0
  6
CONTINUOUS
 62
8
100
AcDbLine
 10
181.9585665193927
 20
-0.0382166779001203
 30
0.0
 11
181.9590665193927
 21
-0.0387166779001156
 31
0.0
  0
LINE
  5
296
330
17
100
AcDbEntity
  8
0
  6
CONTINUOUS
 62
8
100
AcDbLine
 10
181.9585665193927
 20
-0.0382166779001203
 30
0.0
 11
181.9580665193927
 21
-0.0387166779001156
 31
0.0
  0
LINE
  5
297
330
17
100
AcDbEntity
  8
0
  6
CONTINUOUS
 62
8
100
AcDbLine
 10
181.9750665193924
 20
-0.0387166779002861
 30
0.0
 11
181.9770665193924
 21
-0.0387166779002826
 31
0.0
  0
LINE
  5
298
330
17
100
AcDbEntity
  8
0
  6
CONTINUOUS
 62
8
100
AcDbLine
 10
181.9780665193924
 20
-0.0387166779002897
 30
0.0
 11
181.9800665193924
 21
-0.0387166779002861
 31
0.0
  0
LINE
  5
299
330
17
100
AcDbEntity
  8
0
  6
CONTINUOUS
 62
8
100
AcDbLine
 10
181.9775665193924
 20
-0.0382166779002908
 30
0.0
 11
181.9780665193924
 21
-0.0387166779002861
 31
0.0
  0
LINE
  5
29A
330
17
100
AcDbEntity
  8
0
  6
CONTINUOUS
 62
8
100
AcDbLine
 10
181.9775665193924
 20
-0.0382166779002908
 30
0.0
 11
181.9770665193924
 21
-0.0387166779002861
 31
0.0
  0
LINE
  5
29B
330
17
100
AcDbEntity
  8
0
  6
CONTINUOUS
 62
8
100
AcDbLine
 10
181.9805665193924
 20
-0.0382166779002873
 30
0.0
 11
181.9800665193924
 21
-0.0387166779002861
 31
0.0
  0
LINE
  5
29C
330
17
100
AcDbEntity
  8
0
  6
CONTINUOUS
 62
8
100
AcDbLine
 10
181.9745665193924
 20
-0.0382166779002873
 30
0.0
 11
181.9750665193924
 21
-0.0387166779002861
 31
0.0
  0
LINE
  5
29D
330
17
100
AcDbEntity
  8
0
  6
CONTINUOUS
 62
8
100
AcDbLine
 10
181.9545665193927
 20
-0.0382166779001203
 30
0.0
 11
181.9550665193927
 21
-0.0387166779001156
 31
0.0
  0
LINE
  5
29E
330
17
100
AcDbEntity
  8
0
  6
CONTINUOUS
 62
8
100
AcDbLine
 10
181.9805665193924
 20
-0.0382166779002873
 30
0.0
 11
181.9800665193924
 21
-0.0387166779002861
 31
0.0
  0
LINE
  5
29F
330
17
100
AcDbEntity
  8
0
  6
CONTINUOUS
 62
8
100
AcDbLine
 10
181.9545665193932
 20
-0.0382166779005893
 30
0.0
 11
181.9550665193927
 21
-0.0387166779001156
 31
0.0
  0
LINE
  5
2A0
330
17
100
AcDbEntity
  8
0
  6
CONTINUOUS
 62
8
100
AcDbLine
 10
181.9735665193924
 20
-0.0260311808338045
 30
0.0
 11
181.9615665193924
 21
-0.0260311808338045
 31
0.0
  0
LWPOLYLINE
  5
2A1
330
17
100
AcDbEntity
  8
0
  6
CONTINUOUS
 62
8
100
AcDbPolyline
 90
6
 70
1
 10
181.9625665193924
 20
-0.0260311808338045
 10
181.9725665193924
 20
-0.0260311808338045
 10
181.9725665193924
 20
-0.0310311808338
 10
181.9690665193924
 20
-0.0340311808338001
 10
181.9660665193924
 20
-0.0340311808338001
 10
181.9625665193924
 20
-0.0310311808338
  0
LWPOLYLINE
  5
2A2
330
17
100
AcDbEntity
  8
0
  6
CONTINUOUS
 62
8
100
AcDbPolyline
 90
6
 70
1
 10
181.9630665193924
 20
-0.0265311808337998
 10
181.9720665193924
 20
-0.0265311808337998
 10
181.9720665193924
 20
-0.0308797930149396
 10
181.9687989275131
 20
-0.0335311808338048
 10
181.9663341112716
 20
-0.0335311808338048
 10
181.9630665193924
 20
-0.0308797930149396
  0
LINE
  5
2A3
330
17
100
AcDbEntity
  8
0
  6
CONTINUOUS
 62
8
100
AcDbLine
 10
181.9805665193927
 20
-0.0382166778998077
 30
0.0
 11
181.9800665193922
 21
-0.0387166779002826
 31
0.0
  0
ARC
  5
2A4
330
17
100
AcDbEntity
  8
0
  6
CONTINUOUS
 62
8
100
AcDbCircle
 10
181.9685665193924
 20
-0.0504073240671303
 30
0.0
 40
0.0133761432333217
100
AcDbArc
 50
60.92593789098246
 51
119.0740621090305
  0
LINE
  5
2A5
330
17
100
AcDbEntity
  8
0
  6
CONTINUOUS
 62
8
100
AcDbLine
 10
181.9625665193924
 20
-0.0310311808338
 30
0.0
 11
181.9615665193924
 21
-0.0310311808338
 31
0.0
  0
LINE
  5
2A6
330
17
100
AcDbEntity
  8
0
  6
CONTINUOUS
 62
8
100
AcDbLine
 10
181.9725665193924
 20
-0.0310311808338
 30
0.0
 11
181.9735665193924
 21
-0.0310311808338
 31
0.0
  0
LINE
  5
2A7
330
17
100
AcDbEntity
  8
0
  6
CONTINUOUS
 62
8
100
AcDbLine
 10
181.8550824815669
 20
2.349786398202731
 30
0.0
 11
181.9810801265216
 21
2.349786398202731
 31
0.0
  0
LINE
  5
2A8
330
17
100
AcDbEntity
  8
0
  6
CONTINUOUS
 62
8
100
AcDbLine
 10
181.9840632926389
 20
2.349786398202731
 30
0.0
 11
181.9911284059141
 21
2.349786398202731
 31
0.0
  0
LINE
  5
2A9
330
17
100
AcDbEntity
  8
0
  6
CONTINUOUS
 62
8
100
AcDbLine
 10
181.9959852816385
 20
2.328048277084043
 30
0.0
 11
181.9959852816385
 21
2.323194784578198
 31
0.0
  0
LINE
  5
2AA
330
17
100
AcDbEntity
  8
0
  6
CONTINUOUS
 62
8
100
AcDbLine
 10
181.9959852816385
 20
2.312305398751767
 30
0.0
 11
181.9959852816385
 21
2.272259793054026
 31
0.0
  0
ARC
  5
2AB
330
17
100
AcDbEntity
  8
0
  6
CONTINUOUS
 62
8
100
AcDbCircle
 10
181.9915118867872
 20
2.272259793054026
 30
0.0
 40
0.0044733948513702
100
AcDbArc
 50
270.0
 51
0.0
  0
LINE
  5
2AC
330
17
100
AcDbEntity
  8
0
  6
CONTINUOUS
 62
8
100
AcDbLine
 10
181.8439074333911
 20
2.34623148097652
 30
0.0
 11
181.8439074333911
 21
2.234266640472505
 31
0.0
  0
ARC
  5
2AD
330
17
100
AcDbEntity
  8
0
  6
CONTINUOUS
 62
8
100
AcDbCircle
 10
181.8483808282424
 20
2.234266640472505
 30
0.0
 40
0.0044733948513702
100
AcDbArc
 50
180.0
 51
270.0
  0
ARC
  5
2AE
330
17
100
AcDbEntity
  8
0
  6
CONTINUOUS
 62
8
100
AcDbCircle
 10
181.8445784426188
 20
2.34623148097652
 30
0.0
 40
0.0006710092277055
100
AcDbArc
 50
90.0
 51
180.0
  0
LINE
  5
2AF
330
17
100
AcDbEntity
  8
0
  6
CONTINUOUS
 62
8
100
AcDbLine
 10
181.9368088877209
 20
2.229793245621102
 30
0.0
 11
181.8483808282424
 21
2.229793245621102
 31
0.0
  0
LINE
  5
2B0
330
17
100
AcDbEntity
  8
0
  6
CONTINUOUS
 62
8
100
AcDbLine
 10
181.9914404467984
 20
2.326232579717988
 30
0.0
 11
181.9914404467984
 21
2.309857877237199
 31
0.0
  0
LINE
  5
2B1
330
17
100
AcDbEntity
  8
0
  6
CONTINUOUS
 62
8
100
AcDbLine
 10
181.9920499275399
 20
2.30924839649564
 30
0.0
 11
181.9920499275399
 21
2.279179222207439
 31
0.0
  0
LINE
  5
2B2
330
17
100
AcDbEntity
  8
0
  6
CONTINUOUS
 62
8
100
AcDbLine
 10
181.9920499275399
 20
2.30924839649564
 30
0.0
 11
181.9914404467984
 21
2.309857877237199
 31
0.0
  0
LINE
  5
2B3
330
17
100
AcDbEntity
  8
0
  6
CONTINUOUS
 62
8
100
AcDbLine
 10
181.9954877744645
 20
2.322697277404166
 30
0.0
 11
181.9954877744645
 21
2.312802905925799
 31
0.0
  0
LINE
  5
2B4
330
17
100
AcDbEntity
  8
0
  6
CONTINUOUS
 62
8
100
AcDbLine
 10
181.9960034095288
 20
2.312287270861396
 30
0.0
 11
181.9954877744645
 21
2.312802905925799
 31
0.0
  0
LINE
  5
2B5
330
17
100
AcDbEntity
  8
0
  6
CONTINUOUS
 62
8
100
AcDbLine
 10
181.9960034095288
 20
2.323212912468569
 30
0.0
 11
181.9954877744645
 21
2.322697277404166
 31
0.0
  0
LINE
  5
2B6
330
17
100
AcDbEntity
  8
0
  6
CONTINUOUS
 62
8
100
AcDbLine
 10
181.9864169680237
 20
2.273370355797659
 30
0.0
 11
181.9775760519304
 21
2.273370355797659
 31
0.0
  0
LINE
  5
2B7
330
17
100
AcDbEntity
  8
0
  6
CONTINUOUS
 62
8
100
AcDbLine
 10
181.9775760519304
 20
2.273370355797659
 30
0.0
 11
181.9775760519304
 21
2.275435458452228
 31
0.0
  0
LINE
  5
2B8
330
17
100
AcDbEntity
  8
0
  6
CONTINUOUS
 62
8
100
AcDbLine
 10
181.962414314082
 20
2.272718209198536
 30
0.0
 11
181.962414314082
 21
2.275435458452228
 31
0.0
  0
ARC
  5
2B9
330
17
100
AcDbEntity
  8
0
  6
CONTINUOUS
 62
8
100
AcDbCircle
 10
181.9699951830062
 20
2.270024950961023
 30
0.0
 40
0.0093136010735738
100
AcDbArc
 50
35.51565716753048
 51
144.4843428324693
  0
LINE
  5
2BA
330
17
100
AcDbEntity
  8
0
  6
CONTINUOUS
 62
8
100
AcDbLine
 10
181.962414314082
 20
2.272718209198536
 30
0.0
 11
181.9601485720092
 21
2.272718209198536
 31
0.0
  0
LINE
  5
2BB
330
17
100
AcDbEntity
  8
0
  6
CONTINUOUS
 62
8
100
AcDbLine
 10
181.9776273875045
 20
2.267786398202623
 30
0.0
 11
181.9915118867872
 21
2.267786398202623
 31
0.0
  0
ARC
  5
2BC
330
17
100
AcDbEntity
  8
0
  6
CONTINUOUS
 62
8
100
AcDbCircle
 10
181.9900780730153
 20
2.275366829278972
 30
0.0
 40
0.0022928741295318
100
AcDbArc
 50
171.3736766017116
 51
103.9706759828636
  0
LINE
  5
2BD
330
17
100
AcDbEntity
  8
0
  6
CONTINUOUS
 62
8
100
AcDbLine
 10
181.9601485720092
 20
2.272718209198536
 30
0.0
 11
181.9601485720092
 21
2.270346054540176
 31
0.0
  0
LINE
  5
2BE
330
17
100
AcDbEntity
  8
0
  6
CONTINUOUS
 62
8
100
AcDbLine
 10
181.9663981613486
 20
2.270346054540176
 30
0.0
 11
181.9601485720092
 21
2.270346054540176
 31
0.0
  0
LINE
  5
2BF
330
17
100
AcDbEntity
  8
0
  6
CONTINUOUS
 62
8
100
AcDbLine
 10
181.9720129466936
 20
2.272894484500547
 30
0.0
 11
181.9679774193188
 21
2.272894484500547
 31
0.0
  0
LINE
  5
2C0
330
17
100
AcDbEntity
  8
0
  6
CONTINUOUS
 62
8
100
AcDbLine
 10
181.9735922046637
 20
2.271415271638524
 30
0.0
 11
181.9735922046637
 21
2.26895453451042
 31
0.0
  0
LINE
  5
2C1
330
17
100
AcDbEntity
  8
0
  6
CONTINUOUS
 62
8
100
AcDbLine
 10
181.9735922046637
 20
2.26895453451042
 30
0.0
 11
181.9764592511967
 21
2.26895453451042
 31
0.0
  0
LINE
  5
2C2
330
17
100
AcDbEntity
  8
0
  6
CONTINUOUS
 62
8
100
AcDbLine
 10
181.9776273875045
 20
2.267786398202623
 30
0.0
 11
181.9764592511967
 21
2.26895453451042
 31
0.0
  0
LINE
  5
2C3
330
17
100
AcDbEntity
  8
0
  6
CONTINUOUS
 62
8
100
AcDbLine
 10
181.9735922046637
 20
2.271415271638524
 30
0.0
 11
181.9720129466936
 21
2.272894484500547
 31
0.0
  0
LINE
  5
2C4
330
17
100
AcDbEntity
  8
0
  6
CONTINUOUS
 62
8
100
AcDbLine
 10
181.9699951830062
 20
2.322938919875504
 30
0.0
 11
181.9699951830062
 21
2.270578927728173
 31
0.0
  0
LINE
  5
2C5
330
17
100
AcDbEntity
  8
0
  6
CONTINUOUS
 62
8
100
AcDbLine
 10
181.9663981613486
 20
2.271415271638524
 30
0.0
 11
181.9679774193188
 21
2.272894484500547
 31
0.0
  0
LINE
  5
2C6
330
17
100
AcDbEntity
  8
0
  6
CONTINUOUS
 62
8
100
AcDbLine
 10
181.9663981613486
 20
2.271415271638524
 30
0.0
 11
181.9663981613486
 21
2.270346054540176
 31
0.0
  0
LINE
  5
2C7
330
17
100
AcDbEntity
  8
0
  6
CONTINUOUS
 62
8
100
AcDbLine
 10
181.9920499275399
 20
2.279179222207439
 30
0.0
 11
181.9892143261419
 21
2.279179222207439
 31
0.0
  0
LINE
  5
2C8
330
17
100
AcDbEntity
  8
0
  6
CONTINUOUS
 62
8
100
AcDbLine
 10
181.9861162759281
 20
2.276127892917465
 30
0.0
 11
181.9861162759281
 21
2.273370355797659
 31
0.0
  0
LINE
  5
2C9
330
17
100
AcDbEntity
  8
0
  6
CONTINUOUS
 62
8
100
AcDbLine
 10
181.9873939804674
 20
2.276127892917465
 30
0.0
 11
181.9861162759281
 21
2.276127892917465
 31
0.0
  0
LINE
  5
2CA
330
17
100
AcDbEntity
  8
0
  6
CONTINUOUS
 62
8
100
AcDbLine
 10
181.9895245152687
 20
2.277591878850479
 30
0.0
 11
181.9892143261419
 21
2.277902067977301
 31
0.0
  0
LINE
  5
2CB
330
17
100
AcDbEntity
  8
0
  6
CONTINUOUS
 62
8
100
AcDbLine
 10
181.9892143261419
 20
2.277902067977301
 30
0.0
 11
181.9892143261419
 21
2.279179222207439
 31
0.0
  0
LINE
  5
2CC
330
17
100
AcDbEntity
  8
0
  6
CONTINUOUS
 62
8
100
AcDbLine
 10
181.9873939804674
 20
2.276127892917465
 30
0.0
 11
181.9878111368508
 21
2.2757107365342
 31
0.0
  0
LINE
  5
2CD
330
17
100
AcDbEntity
  8
0
  6
CONTINUOUS
 62
8
100
AcDbLine
 10
181.9896222938846
 20
2.331897187510584
 30
0.0
 11
181.9845872337963
 21
2.339159848570069
 31
0.0
  0
LINE
  5
2CE
330
17
100
AcDbEntity
  8
0
  6
CONTINUOUS
 62
8
100
AcDbLine
 10
181.9845872337963
 20
2.339159848570069
 30
0.0
 11
181.9845872337963
 21
2.346499653903755
 31
0.0
  0
LINE
  5
2CF
330
17
100
AcDbEntity
  8
0
  6
CONTINUOUS
 62
8
100
AcDbLine
 10
181.9845872337963
 20
2.346499653903755
 30
0.0
 11
181.985226258333
 21
2.347240976064121
 31
0.0
  0
LINE
  5
2D0
330
17
100
AcDbEntity
  8
0
  6
CONTINUOUS
 62
8
100
AcDbLine
 10
181.985226258333
 20
2.347240976064121
 30
0.0
 11
181.9903231228612
 21
2.347240976064121
 31
0.0
  0
LINE
  5
2D1
330
17
100
AcDbEntity
  8
0
  6
CONTINUOUS
 62
8
100
AcDbLine
 10
181.9903231228612
 20
2.347240976064121
 30
0.0
 11
181.9910390646255
 21
2.346533714308215
 31
0.0
  0
LINE
  5
2D2
330
17
100
AcDbEntity
  8
0
  6
CONTINUOUS
 62
8
100
AcDbLine
 10
181.9910390646255
 20
2.346533714308215
 30
0.0
 11
181.9910390646255
 21
2.342990923884407
 31
0.0
  0
LINE
  5
2D3
330
17
100
AcDbEntity
  8
0
  6
CONTINUOUS
 62
8
100
AcDbLine
 10
181.9910390646255
 20
2.342990923884407
 30
0.0
 11
181.99159419512
 21
2.342124332301445
 31
0.0
  0
LINE
  5
2D4
330
17
100
AcDbEntity
  8
0
  6
CONTINUOUS
 62
8
100
AcDbLine
 10
181.99159419512
 20
2.342124332301445
 30
0.0
 11
181.9935768163339
 21
2.342124332301445
 31
0.0
  0
LINE
  5
2D5
330
17
100
AcDbEntity
  8
0
  6
CONTINUOUS
 62
8
100
AcDbLine
 10
181.9935768163339
 20
2.342124332301445
 30
0.0
 11
181.9942548593522
 21
2.342613421068826
 31
0.0
  0
LINE
  5
2D6
330
17
100
AcDbEntity
  8
0
  6
CONTINUOUS
 62
8
100
AcDbLine
 10
181.9942548593522
 20
2.342613421068826
 30
0.0
 11
181.9942548593522
 21
2.344380961185187
 31
0.0
  0
LINE
  5
2D7
330
17
100
AcDbEntity
  8
0
  6
CONTINUOUS
 62
8
100
AcDbLine
 10
181.9942548593522
 20
2.344380961185187
 30
0.0
 11
181.9935595896312
 21
2.344380961185187
 31
0.0
  0
LINE
  5
2D8
330
17
100
AcDbEntity
  8
0
  6
CONTINUOUS
 62
8
100
AcDbLine
 10
181.9935595896312
 20
2.344380961185187
 30
0.0
 11
181.9935595896312
 21
2.347341208547767
 31
0.0
  0
LINE
  5
2D9
330
17
100
AcDbEntity
  8
0
  6
CONTINUOUS
 62
8
100
AcDbLine
 10
181.9935595896312
 20
2.347341208547767
 30
0.0
 11
181.9911284059141
 21
2.349786398202731
 31
0.0
  0
ARC
  5
2DA
330
17
100
AcDbEntity
  8
0
  6
CONTINUOUS
 62
8
100
AcDbCircle
 10
181.9898058124069
 20
2.325505124208156
 30
0.0
 40
0.00668232493487
100
AcDbArc
 50
22.36955495835474
 51
73.05063748578598
  0
LINE
  5
2DB
330
17
100
AcDbEntity
  8
0
  6
CONTINUOUS
 62
8
100
AcDbLine
 10
181.9917538866541
 20
2.331897187510584
 30
0.0
 11
181.9896222938846
 21
2.331897187510584
 31
0.0
  0
LINE
  5
2DC
330
17
100
AcDbEntity
  8
0
  6
CONTINUOUS
 62
8
100
AcDbLine
 10
181.9903220980855
 20
2.327350928430895
 30
0.0
 11
181.9899688744454
 21
2.327350928430895
 31
0.0
  0
ARC
  5
2DD
330
17
100
AcDbEntity
  8
0
  6
CONTINUOUS
 62
8
100
AcDbCircle
 10
181.9903220980855
 20
2.326232579717988
 30
0.0
 40
0.0011183487128426
100
AcDbArc
 50
0.0
 51
90.0
  0
LINE
  5
2DE
330
17
100
AcDbEntity
  8
0
  6
CONTINUOUS
 62
8
100
AcDbLine
 10
181.9802672074264
 20
2.339426782162526
 30
0.0
 11
181.9802672074264
 21
2.338000048176617
 31
0.0
  0
ARC
  5
2DF
330
17
100
AcDbEntity
  8
0
  6
CONTINUOUS
 62
8
100
AcDbCircle
 10
181.9813855561392
 20
2.338000048176617
 30
0.0
 40
0.0011183487128426
100
AcDbArc
 50
180.0
 51
215.7659218082156
  0
LINE
  5
2E0
330
17
100
AcDbEntity
  8
0
  6
CONTINUOUS
 62
8
100
AcDbLine
 10
181.9804781150267
 20
2.337346401122921
 30
0.0
 11
181.9863391099955
 21
2.32920973506706
 31
0.0
  0
ARC
  5
2E1
330
17
100
AcDbEntity
  8
0
  6
CONTINUOUS
 62
8
100
AcDbCircle
 10
181.9899688744454
 20
2.33182432328207
 30
0.0
 40
0.0044733948513702
100
AcDbArc
 50
215.7659218082156
 51
270.0
  0
LINE
  5
2E2
330
17
100
AcDbEntity
  8
0
  6
CONTINUOUS
 62
8
100
AcDbLine
 10
181.9731065927411
 20
2.345385700751911
 30
0.0
 11
181.9589682888117
 21
2.345385700751911
 31
0.0
  0
ARC
  5
2E3
330
17
100
AcDbEntity
  8
0
  6
CONTINUOUS
 62
8
100
AcDbCircle
 10
181.9731065927411
 20
2.344267352039004
 30
0.0
 40
0.0011183487128426
100
AcDbArc
 50
0.0
 51
90.0
  0
LINE
  5
2E4
330
17
100
AcDbEntity
  8
0
  6
CONTINUOUS
 62
8
100
AcDbLine
 10
181.9580317547812
 20
2.346322234782327
 30
0.0
 11
181.9165365331397
 21
2.346322234782327
 31
0.0
  0
ARC
  5
2E5
330
17
100
AcDbEntity
  8
0
  6
CONTINUOUS
 62
8
100
AcDbCircle
 10
181.9781867385412
 20
2.343239175090765
 30
0.0
 40
0.0022928741295318
100
AcDbArc
 50
256.0293240171364
 51
188.6263233982882
  0
LINE
  5
2E6
330
17
100
AcDbEntity
  8
0
  6
CONTINUOUS
 62
8
100
AcDbLine
 10
181.9802672074264
 20
2.339426782162526
 30
0.0
 11
181.9773229916677
 21
2.339426782162526
 31
0.0
  0
LINE
  5
2E7
330
17
100
AcDbEntity
  8
0
  6
CONTINUOUS
 62
8
100
AcDbLine
 10
181.9742249414539
 20
2.342478111452273
 30
0.0
 11
181.9742249414539
 21
2.344267352039004
 31
0.0
  0
LINE
  5
2E8
330
17
100
AcDbEntity
  8
0
  6
CONTINUOUS
 62
8
100
AcDbLine
 10
181.9755026459933
 20
2.342478111452273
 30
0.0
 11
181.9742249414539
 21
2.342478111452273
 31
0.0
  0
LINE
  5
2E9
330
17
100
AcDbEntity
  8
0
  6
CONTINUOUS
 62
8
100
AcDbLine
 10
181.9776331807946
 20
2.341014125519485
 30
0.0
 11
181.9773229916677
 21
2.340703936392436
 31
0.0
  0
LINE
  5
2EA
330
17
100
AcDbEntity
  8
0
  6
CONTINUOUS
 62
8
100
AcDbLine
 10
181.9773229916677
 20
2.340703936392436
 30
0.0
 11
181.9773229916677
 21
2.339426782162526
 31
0.0
  0
LINE
  5
2EB
330
17
100
AcDbEntity
  8
0
  6
CONTINUOUS
 62
8
100
AcDbLine
 10
181.9755026459933
 20
2.342478111452273
 30
0.0
 11
181.9759198023767
 21
2.342895267835764
 31
0.0
  0
LINE
  5
2EC
330
17
100
AcDbEntity
  8
0
  6
CONTINUOUS
 62
8
100
AcDbLine
 10
181.9580317547812
 20
2.346322234782327
 30
0.0
 11
181.9589682888117
 21
2.345385700751911
 31
0.0
  0
LINE
  5
2ED
330
17
100
AcDbEntity
  8
0
  6
CONTINUOUS
 62
8
100
AcDbLine
 10
181.9825717095802
 20
2.348294815144107
 30
0.0
 11
181.9840632926389
 21
2.349786398202731
 31
0.0
  0
LINE
  5
2EE
330
17
100
AcDbEntity
  8
0
  6
CONTINUOUS
 62
8
100
AcDbLine
 10
181.9825717095802
 20
2.348294815144107
 30
0.0
 11
181.9810801265216
 21
2.349786398202731
 31
0.0
  0
LINE
  5
2EF
330
17
100
AcDbEntity
  8
0
  6
CONTINUOUS
 62
8
100
AcDbLine
 10
181.9068281942504
 20
2.346181248431584
 30
0.0
 11
181.8933536979795
 21
2.346181248431584
 31
0.0
  0
ARC
  5
2F0
330
17
100
AcDbEntity
  8
0
  6
CONTINUOUS
 62
8
100
AcDbCircle
 10
181.9068281942504
 20
2.345510239204067
 30
0.0
 40
0.0006710092277055
100
AcDbArc
 50
0.0
 51
90.0
  0
LINE
  5
2F1
330
17
100
AcDbEntity
  8
0
  6
CONTINUOUS
 62
8
100
AcDbLine
 10
181.890063024072
 20
2.346101466821018
 30
0.0
 11
181.890063024072
 21
2.337847718089996
 31
0.0
  0
LINE
  5
2F2
330
17
100
AcDbEntity
  8
0
  6
CONTINUOUS
 62
8
100
AcDbLine
 10
181.8893920148443
 20
2.346772476048535
 30
0.0
 11
181.8807800138114
 21
2.346772476048535
 31
0.0
  0
ARC
  5
2F3
330
17
100
AcDbEntity
  8
0
  6
CONTINUOUS
 62
8
100
AcDbCircle
 10
181.8893920148443
 20
2.346101466821018
 30
0.0
 40
0.0006710092277055
100
AcDbArc
 50
0.0
 51
90.0
  0
LINE
  5
2F4
330
17
100
AcDbEntity
  8
0
  6
CONTINUOUS
 62
8
100
AcDbLine
 10
181.8926826887517
 20
2.345510239204067
 30
0.0
 11
181.8926826887517
 21
2.340932737299034
 31
0.0
  0
ARC
  5
2F5
330
17
100
AcDbEntity
  8
0
  6
CONTINUOUS
 62
8
100
AcDbCircle
 10
181.8933536979795
 20
2.340932737299034
 30
0.0
 40
0.0006710092277055
100
AcDbArc
 50
180.0
 51
270.0
  0
ARC
  5
2F6
330
17
100
AcDbEntity
  8
0
  6
CONTINUOUS
 62
8
100
AcDbCircle
 10
181.8933536979795
 20
2.345510239204067
 30
0.0
 40
0.0006710092277055
100
AcDbArc
 50
90.0
 51
180.0
  0
LINE
  5
2F7
330
17
100
AcDbEntity
  8
0
  6
CONTINUOUS
 62
8
100
AcDbLine
 10
181.9068281942504
 20
2.34026172807129
 30
0.0
 11
181.905652357839
 21
2.34026172807129
 31
0.0
  0
LINE
  5
2F8
330
17
100
AcDbEntity
  8
0
  6
CONTINUOUS
 62
8
100
AcDbLine
 10
181.8943116166017
 20
2.34026172807129
 30
0.0
 11
181.8933536979795
 21
2.34026172807129
 31
0.0
  0
ARC
  5
2F9
330
17
100
AcDbEntity
  8
0
  6
CONTINUOUS
 62
8
100
AcDbCircle
 10
181.8943116166017
 20
2.339590718843545
 30
0.0
 40
0.0006710092277055
100
AcDbArc
 50
0.0
 51
90.0
  0
LINE
  5
2FA
330
17
100
AcDbEntity
  8
0
  6
CONTINUOUS
 62
8
100
AcDbLine
 10
181.907499203478
 20
2.345510239204067
 30
0.0
 11
181.907499203478
 21
2.340932737299034
 31
0.0
  0
ARC
  5
2FB
330
17
100
AcDbEntity
  8
0
  6
CONTINUOUS
 62
8
100
AcDbCircle
 10
181.9068281942504
 20
2.340932737299034
 30
0.0
 40
0.0006710092277055
100
AcDbArc
 50
270.0
 51
0.0
  0
LINE
  5
2FC
330
17
100
AcDbEntity
  8
0
  6
CONTINUOUS
 62
8
100
AcDbLine
 10
181.9049813486113
 20
2.339590718843545
 30
0.0
 11
181.9049813486113
 21
2.337847718089996
 31
0.0
  0
ARC
  5
2FD
330
17
100
AcDbEntity
  8
0
  6
CONTINUOUS
 62
8
100
AcDbCircle
 10
181.905652357839
 20
2.339590718843545
 30
0.0
 40
0.0006710092277055
100
AcDbArc
 50
90.0
 51
180.0
  0
LINE
  5
2FE
330
17
100
AcDbEntity
  8
0
  6
CONTINUOUS
 62
8
100
AcDbLine
 10
181.8949826258294
 20
2.339590718843545
 30
0.0
 11
181.8949826258294
 21
2.337847718089996
 31
0.0
  0
LINE
  5
2FF
330
17
100
AcDbEntity
  8
0
  6
CONTINUOUS
 62
8
100
AcDbLine
 10
181.9095699189453
 20
2.337847718089996
 30
0.0
 11
181.8594549632465
 21
2.337847718089996
 31
0.0
  0
LINE
  5
300
330
17
100
AcDbEntity
  8
0
  6
CONTINUOUS
 62
8
100
AcDbLine
 10
181.8801090045836
 20
2.346101466821018
 30
0.0
 11
181.8801090045836
 21
2.337847718089996
 31
0.0
  0
ARC
  5
301
330
17
100
AcDbEntity
  8
0
  6
CONTINUOUS
 62
8
100
AcDbCircle
 10
181.8807800138114
 20
2.346101466821018
 30
0.0
 40
0.0006710092277055
100
AcDbArc
 50
90.0
 51
180.0
  0
LINE
  5
302
330
17
100
AcDbEntity
  8
0
  6
CONTINUOUS
 62
8
100
AcDbLine
 10
181.8769078233967
 20
2.346677581389521
 30
0.0
 11
181.8632808708069
 21
2.346677581389521
 31
0.0
  0
ARC
  5
303
330
17
100
AcDbEntity
  8
0
  6
CONTINUOUS
 62
8
100
AcDbCircle
 10
181.8769078233967
 20
2.346006572161776
 30
0.0
 40
0.0006710092277055
100
AcDbArc
 50
0.0
 51
90.0
  0
LINE
  5
304
330
17
100
AcDbEntity
  8
0
  6
CONTINUOUS
 62
8
100
AcDbLine
 10
181.8626098615792
 20
2.346006572161776
 30
0.0
 11
181.8626098615792
 21
2.340806451147763
 31
0.0
  0
ARC
  5
305
330
17
100
AcDbEntity
  8
0
  6
CONTINUOUS
 62
8
100
AcDbCircle
 10
181.8632808708069
 20
2.340806451147763
 30
0.0
 40
0.0006710092277055
100
AcDbArc
 50
180.0
 51
270.0
  0
ARC
  5
306
330
17
100
AcDbEntity
  8
0
  6
CONTINUOUS
 62
8
100
AcDbCircle
 10
181.8632808708069
 20
2.346006572161776
 30
0.0
 40
0.0006710092277055
100
AcDbArc
 50
90.0
 51
180.0
  0
LINE
  5
307
330
17
100
AcDbEntity
  8
0
  6
CONTINUOUS
 62
8
100
AcDbLine
 10
181.8769078233967
 20
2.340135441920018
 30
0.0
 11
181.8758040807361
 21
2.340135441920018
 31
0.0
  0
LINE
  5
308
330
17
100
AcDbEntity
  8
0
  6
CONTINUOUS
 62
8
100
AcDbLine
 10
181.8644942614302
 20
2.340135441920018
 30
0.0
 11
181.8632808708069
 21
2.340135441920018
 31
0.0
  0
ARC
  5
309
330
17
100
AcDbEntity
  8
0
  6
CONTINUOUS
 62
8
100
AcDbCircle
 10
181.8644942614302
 20
2.339464432692274
 30
0.0
 40
0.0006710092277055
100
AcDbArc
 50
0.0
 51
90.0
  0
LINE
  5
30A
330
17
100
AcDbEntity
  8
0
  6
CONTINUOUS
 62
8
100
AcDbLine
 10
181.8751330715084
 20
2.339464432692274
 30
0.0
 11
181.8751330715084
 21
2.337847718089996
 31
0.0
  0
ARC
  5
30B
330
17
100
AcDbEntity
  8
0
  6
CONTINUOUS
 62
8
100
AcDbCircle
 10
181.8758040807361
 20
2.339464432692274
 30
0.0
 40
0.0006710092277055
100
AcDbArc
 50
90.0
 51
180.0
  0
LINE
  5
30C
330
17
100
AcDbEntity
  8
0
  6
CONTINUOUS
 62
8
100
AcDbLine
 10
181.8651652706579
 20
2.339464432692274
 30
0.0
 11
181.8651652706579
 21
2.337847718089996
 31
0.0
  0
LINE
  5
30D
330
17
100
AcDbEntity
  8
0
  6
CONTINUOUS
 62
8
100
AcDbLine
 10
181.8775788326244
 20
2.346006572161776
 30
0.0
 11
181.8775788326244
 21
2.340806451147763
 31
0.0
  0
ARC
  5
30E
330
17
100
AcDbEntity
  8
0
  6
CONTINUOUS
 62
8
100
AcDbCircle
 10
181.8769078233967
 20
2.340806451147763
 30
0.0
 40
0.0006710092277055
100
AcDbArc
 50
270.0
 51
0.0
  0
LINE
  5
30F
330
17
100
AcDbEntity
  8
0
  6
CONTINUOUS
 62
8
100
AcDbLine
 10
181.910240928173
 20
2.339566158692868
 30
0.0
 11
181.910240928173
 21
2.33851872731774
 31
0.0
  0
ARC
  5
310
330
17
100
AcDbEntity
  8
0
  6
CONTINUOUS
 62
8
100
AcDbCircle
 10
181.9095699189453
 20
2.33851872731774
 30
0.0
 40
0.0006710092277055
100
AcDbArc
 50
270.0
 51
0.0
  0
ARC
  5
311
330
17
100
AcDbEntity
  8
0
  6
CONTINUOUS
 62
8
100
AcDbCircle
 10
181.9123213970582
 20
2.343378551621334
 30
0.0
 40
0.0022928741295318
100
AcDbArc
 50
351.3736766017116
 51
283.9706759828636
  0
LINE
  5
312
330
17
100
AcDbEntity
  8
0
  6
CONTINUOUS
 62
8
100
AcDbLine
 10
181.910240928173
 20
2.339566158692868
 30
0.0
 11
181.9131851439316
 21
2.339566158692868
 31
0.0
  0
LINE
  5
313
330
17
100
AcDbEntity
  8
0
  6
CONTINUOUS
 62
8
100
AcDbLine
 10
181.9162831941454
 20
2.342617487982842
 30
0.0
 11
181.9162831941454
 21
2.344406728569573
 31
0.0
  0
LINE
  5
314
330
17
100
AcDbEntity
  8
0
  6
CONTINUOUS
 62
8
100
AcDbLine
 10
181.9150054896061
 20
2.342617487982842
 30
0.0
 11
181.9162831941454
 21
2.342617487982842
 31
0.0
  0
LINE
  5
315
330
17
100
AcDbEntity
  8
0
  6
CONTINUOUS
 62
8
100
AcDbLine
 10
181.9128749548047
 20
2.341153502050055
 30
0.0
 11
181.9131851439316
 21
2.340843312923006
 31
0.0
  0
LINE
  5
316
330
17
100
AcDbEntity
  8
0
  6
CONTINUOUS
 62
8
100
AcDbLine
 10
181.9131851439316
 20
2.340843312923006
 30
0.0
 11
181.9131851439316
 21
2.339566158692868
 31
0.0
  0
LINE
  5
317
330
17
100
AcDbEntity
  8
0
  6
CONTINUOUS
 62
8
100
AcDbLine
 10
181.9150054896061
 20
2.342617487982842
 30
0.0
 11
181.9145883332226
 21
2.343034644366106
 31
0.0
  0
LINE
  5
318
330
17
100
AcDbEntity
  8
0
  6
CONTINUOUS
 62
8
100
AcDbLine
 10
181.9162831941454
 20
2.346272573072191
 30
0.0
 11
181.9162831941454
 21
2.346322234782327
 31
0.0
  0
LINE
  5
319
330
17
100
AcDbEntity
  8
0
  6
CONTINUOUS
 62
8
100
AcDbLine
 10
181.8594242705582
 20
2.348391955078604
 30
0.0
 11
181.8550824815669
 21
2.348391955078604
 31
0.0
  0
ARC
  5
31A
330
17
100
AcDbEntity
  8
0
  6
CONTINUOUS
 62
8
100
AcDbCircle
 10
181.8594242705582
 20
2.347720945850859
 30
0.0
 40
0.0006710092277055
100
AcDbArc
 50
0.0
 51
90.0
  0
LINE
  5
31B
330
17
100
AcDbEntity
  8
0
  6
CONTINUOUS
 62
8
100
AcDbLine
 10
181.8550824815669
 20
2.349786398202731
 30
0.0
 11
181.8550824815669
 21
2.348391955078604
 31
0.0
  0
LINE
  5
31C
330
17
100
AcDbEntity
  8
0
  6
CONTINUOUS
 62
8
100
AcDbLine
 10
181.8600952797859
 20
2.347720945850859
 30
0.0
 11
181.8600952797859
 21
2.342549324810342
 31
0.0
  0
LINE
  5
31D
330
17
100
AcDbEntity
  8
0
  6
CONTINUOUS
 62
8
100
AcDbLine
 10
181.857273976551
 20
2.339376157556479
 30
0.0
 11
181.8498583117058
 21
2.337946086571299
 31
0.0
  0
ARC
  5
31E
330
17
100
AcDbEntity
  8
0
  6
CONTINUOUS
 62
8
100
AcDbCircle
 10
181.8559074330097
 20
2.343431980608364
 30
0.0
 40
0.0042798530207287
100
AcDbArc
 50
288.6204060325007
 51
348.09819142517
  0
LINE
  5
31F
330
17
100
AcDbEntity
  8
0
  6
CONTINUOUS
 62
8
100
AcDbLine
 10
181.8576514136072
 20
2.336813154487607
 30
0.0
 11
181.8501867387927
 21
2.335521528031939
 31
0.0
  0
LINE
  5
320
330
17
100
AcDbEntity
  8
0
  6
CONTINUOUS
 62
8
100
AcDbLine
 10
181.8481452022556
 20
2.341533231775464
 30
0.0
 11
181.8481291814221
 21
2.339029664959788
 31
0.0
  0
LINE
  5
321
330
17
100
AcDbEntity
  8
0
  6
CONTINUOUS
 62
8
100
AcDbLine
 10
181.8462152086185
 20
2.342193631028102
 30
0.0
 11
181.8462152086185
 21
2.338120752053136
 31
0.0
  0
ARC
  5
322
330
17
100
AcDbEntity
  8
0
  6
CONTINUOUS
 62
8
100
AcDbCircle
 10
181.8492353593094
 20
2.338401647764875
 30
0.0
 40
0.0030331852229574
100
AcDbArc
 50
185.3136327325161
 51
288.279751285998
  0
ARC
  5
323
330
17
100
AcDbEntity
  8
0
  6
CONTINUOUS
 62
8
100
AcDbCircle
 10
181.8498018213798
 20
2.339675124037093
 30
0.0
 40
0.001729960032713
100
AcDbArc
 50
194.9547320104361
 51
271.8712760275715
  0
ARC
  5
324
330
17
100
AcDbEntity
  8
0
  6
CONTINUOUS
 62
8
100
AcDbCircle
 10
181.847720736301
 20
2.343443113880347
 30
0.0
 40
0.001956481791744
100
AcDbArc
 50
282.530171602308
 51
219.6903042478365
  0
ARC
  5
325
330
17
100
AcDbEntity
  8
0
  6
CONTINUOUS
 62
8
100
AcDbCircle
 10
181.8568839583564
 20
2.340240396860316
 30
0.0
 40
0.0035121187113878
100
AcDbArc
 50
282.6219041794705
 51
317.0575327407263
  0
LINE
  5
326
330
17
100
AcDbEntity
  8
0
  6
CONTINUOUS
 62
8
100
AcDbLine
 10
181.9162831941454
 20
2.344406728569573
 30
0.0
 11
181.9158655239119
 21
2.345376041831094
 31
0.0
  0
LINE
  5
327
330
17
100
AcDbEntity
  8
0
  6
CONTINUOUS
 62
8
100
AcDbLine
 10
181.9158655239119
 20
2.345376041831094
 30
0.0
 11
181.9158655239119
 21
2.345651225554583
 31
0.0
  0
ARC
  5
328
330
17
100
AcDbEntity
  8
0
  6
CONTINUOUS
 62
8
100
AcDbCircle
 10
181.9165365331397
 20
2.345651225554583
 30
0.0
 40
0.0006710092277055
100
AcDbArc
 50
90.0
 51
180.0
  0
LINE
  5
329
330
17
100
AcDbEntity
  8
0
  6
CONTINUOUS
 62
8
100
AcDbLine
 10
181.8461381191239
 20
2.3414955084991
 30
0.0
 11
181.8461381191239
 21
2.298273595069794
 31
0.0
  0
LINE
  5
32A
330
17
100
AcDbEntity
  8
0
  6
CONTINUOUS
 62
8
100
AcDbLine
 10
181.8461381191239
 20
2.296335583476583
 30
0.0
 11
181.8461381191239
 21
2.294364062207058
 31
0.0
  0
LINE
  5
32B
330
17
100
AcDbEntity
  8
0
  6
CONTINUOUS
 62
8
100
AcDbLine
 10
181.8461381191239
 20
2.292426050613848
 30
0.0
 11
181.8461381191239
 21
2.234260628779601
 31
0.0
  0
ARC
  5
32C
330
17
100
AcDbEntity
  8
0
  6
CONTINUOUS
 62
8
100
AcDbCircle
 10
181.8483748165496
 20
2.234260628779601
 30
0.0
 40
0.0022366974256851
100
AcDbArc
 50
180.0
 51
270.0
  0
ARC
  5
32D
330
17
100
AcDbEntity
  8
0
  6
CONTINUOUS
 62
8
100
AcDbCircle
 10
181.847720736301
 20
2.343443113880347
 30
0.0
 40
0.0025095505276194
100
AcDbArc
 50
0.0
 51
233.1358850800095
  0
LINE
  5
32E
330
17
100
AcDbEntity
  8
0
  6
CONTINUOUS
 62
8
100
AcDbLine
 10
181.851996490045
 20
2.344260351768106
 30
0.0
 11
181.851996490045
 21
2.341259477629627
 31
0.0
  0
LINE
  5
32F
330
17
100
AcDbEntity
  8
0
  6
CONTINUOUS
 62
8
100
AcDbLine
 10
181.8491779430825
 20
2.346902490204264
 30
0.0
 11
181.8445784426188
 21
2.346902490204264
 31
0.0
  0
LINE
  5
330
330
17
100
AcDbEntity
  8
0
  6
CONTINUOUS
 62
8
100
AcDbLine
 10
181.8502302868287
 20
2.343443113880347
 30
0.0
 11
181.8502302868287
 21
2.341930486857144
 31
0.0
  0
ARC
  5
331
330
17
100
AcDbEntity
  8
0
  6
CONTINUOUS
 62
8
100
AcDbCircle
 10
181.8509012960564
 20
2.341930486857144
 30
0.0
 40
0.0006710092277055
100
AcDbArc
 50
180.0
 51
270.0
  0
LINE
  5
332
330
17
100
AcDbEntity
  8
0
  6
CONTINUOUS
 62
8
100
AcDbLine
 10
181.851996490045
 20
2.341259477629627
 30
0.0
 11
181.8509012960564
 21
2.341259477629627
 31
0.0
  0
ARC
  5
333
330
17
100
AcDbEntity
  8
0
  6
CONTINUOUS
 62
8
100
AcDbCircle
 10
181.8488374558414
 20
2.343714833414004
 30
0.0
 40
0.0032057896646477
100
AcDbArc
 50
9.797506150824738
 51
83.90310992477953
  0
ARC
  5
334
330
17
100
AcDbEntity
  8
0
  6
CONTINUOUS
 62
8
100
AcDbCircle
 10
181.8495155003219
 20
2.295349822841934
 30
0.0
 40
0.0021886351659999
100
AcDbArc
 50
206.7693315499378
 51
329.1295463933884
  0
ARC
  5
335
330
17
100
AcDbEntity
  8
0
  6
CONTINUOUS
 62
8
100
AcDbCircle
 10
181.8495155003219
 20
2.295349822841934
 30
0.0
 40
0.0021886351659999
100
AcDbArc
 50
30.87045360661165
 51
153.2306684500621
  0
LINE
  5
336
330
17
100
AcDbEntity
  8
0
  6
CONTINUOUS
 62
8
100
AcDbLine
 10
181.8475614276875
 20
2.296335583476583
 30
0.0
 11
181.8461381191239
 21
2.296335583476583
 31
0.0
  0
LINE
  5
337
330
17
100
AcDbEntity
  8
0
  6
CONTINUOUS
 62
8
100
AcDbLine
 10
181.8475614276875
 20
2.294364062207058
 30
0.0
 11
181.8461381191239
 21
2.294364062207058
 31
0.0
  0
ARC
  5
338
330
17
100
AcDbEntity
  8
0
  6
CONTINUOUS
 62
8
100
AcDbCircle
 10
181.8495155003219
 20
2.295349822841934
 30
0.0
 40
0.0040598392246518
100
AcDbArc
 50
226.0684732614985
 51
329.1295463933884
  0
ARC
  5
339
330
17
100
AcDbEntity
  8
0
  6
CONTINUOUS
 62
8
100
AcDbCircle
 10
181.8495155003219
 20
2.295349822841934
 30
0.0
 40
0.0040598392246518
100
AcDbArc
 50
30.87045360661165
 51
133.9315267385016
  0
LINE
  5
33A
330
17
100
AcDbEntity
  8
0
  6
CONTINUOUS
 62
8
100
AcDbLine
 10
181.8466987911626
 20
2.298273595069794
 30
0.0
 11
181.8461381191239
 21
2.298273595069794
 31
0.0
  0
LINE
  5
33B
330
17
100
AcDbEntity
  8
0
  6
CONTINUOUS
 62
8
100
AcDbLine
 10
181.8466987911626
 20
2.292426050613848
 30
0.0
 11
181.8461381191239
 21
2.292426050613848
 31
0.0
  0
LINE
  5
33C
330
17
100
AcDbEntity
  8
0
  6
CONTINUOUS
 62
8
100
AcDbLine
 10
181.8513940707025
 20
2.294226836993665
 30
0.0
 11
181.8530001805627
 21
2.293266724632566
 31
0.0
  0
LINE
  5
33D
330
17
100
AcDbEntity
  8
0
  6
CONTINUOUS
 62
8
100
AcDbLine
 10
181.8513940707025
 20
2.296472808689976
 30
0.0
 11
181.8530001805627
 21
2.297432921051075
 31
0.0
  0
LINE
  5
33E
330
17
100
AcDbEntity
  8
0
  6
CONTINUOUS
 62
8
100
AcDbLine
 10
181.8483748165496
 20
2.232023931353786
 30
0.0
 11
181.9117854655107
 21
2.232023931353786
 31
0.0
  0
LINE
  5
33F
330
17
100
AcDbEntity
  8
0
  6
CONTINUOUS
 62
8
100
AcDbLine
 10
181.9136313067051
 20
2.232023931353786
 30
0.0
 11
181.9156138417854
 21
2.232023931353786
 31
0.0
  0
LINE
  5
340
330
17
100
AcDbEntity
  8
0
  6
CONTINUOUS
 62
8
100
AcDbLine
 10
181.9183589168609
 20
2.232023931353786
 30
0.0
 11
181.9368088877209
 21
2.232023931353786
 31
0.0
  0
LINE
  5
341
330
17
100
AcDbEntity
  8
0
  6
CONTINUOUS
 62
8
100
AcDbLine
 10
181.9368088877209
 20
2.232023931353786
 30
0.0
 11
181.9368088877209
 21
2.229793245621102
 31
0.0
  0
LINE
  5
342
330
17
100
AcDbEntity
  8
0
  6
CONTINUOUS
 62
8
100
AcDbLine
 10
181.9315883354673
 20
2.238952548679016
 30
0.0
 11
181.9315883354673
 21
2.232023931353786
 31
0.0
  0
LINE
  5
343
330
17
100
AcDbEntity
  8
0
  6
CONTINUOUS
 62
8
100
AcDbLine
 10
181.9294509323297
 20
2.236845782792478
 30
0.0
 11
181.9294509323297
 21
2.232023931353786
 31
0.0
  0
LINE
  5
344
330
17
100
AcDbEntity
  8
0
  6
CONTINUOUS
 62
8
100
AcDbLine
 10
181.9183589168609
 20
2.236845782792478
 30
0.0
 11
181.9183589168609
 21
2.232023931353786
 31
0.0
  0
LINE
  5
345
330
17
100
AcDbEntity
  8
0
  6
CONTINUOUS
 62
8
100
AcDbLine
 10
181.9294509323297
 20
2.236845782792478
 30
0.0
 11
181.9183589168609
 21
2.236845782792478
 31
0.0
  0
LINE
  5
346
330
17
100
AcDbEntity
  8
0
  6
CONTINUOUS
 62
8
100
AcDbLine
 10
181.9294509323297
 20
2.238946428580483
 30
0.0
 11
181.9145801534899
 21
2.238946428580483
 31
0.0
  0
LINE
  5
347
330
17
100
AcDbEntity
  8
0
  6
CONTINUOUS
 62
8
100
AcDbLine
 10
181.9145801534899
 20
2.238946428580483
 30
0.0
 11
181.9145801534899
 21
2.23777757615257
 31
0.0
  0
LINE
  5
348
330
17
100
AcDbEntity
  8
0
  6
CONTINUOUS
 62
8
100
AcDbLine
 10
181.9156138417854
 20
2.233367941541281
 30
0.0
 11
181.9156138417854
 21
2.232023931353786
 31
0.0
  0
LINE
  5
349
330
17
100
AcDbEntity
  8
0
  6
CONTINUOUS
 62
8
100
AcDbLine
 10
181.9136313067051
 20
2.233389837927269
 30
0.0
 11
181.9136313067051
 21
2.232023931353786
 31
0.0
  0
ARC
  5
34A
330
17
100
AcDbEntity
  8
0
  6
CONTINUOUS
 62
8
100
AcDbCircle
 10
181.9145293347169
 20
2.235439689654448
 30
0.0
 40
0.0023384387581881
100
AcDbArc
 50
297.6309054779593
 51
88.75475445401956
  0
ARC
  5
34B
330
17
100
AcDbEntity
  8
0
  6
CONTINUOUS
 62
8
100
AcDbCircle
 10
181.9145293347169
 20
2.235439689654448
 30
0.0
 40
0.0023384387581881
100
AcDbArc
 50
151.2515766674081
 51
247.4165349736637
  0
ARC
  5
34C
330
17
100
AcDbEntity
  8
0
  6
CONTINUOUS
 62
8
100
AcDbCircle
 10
181.9145293347169
 20
2.235439689654448
 30
0.0
 40
0.0038126138418317
100
AcDbArc
 50
151.2515766674081
 51
223.9717755391781
  0
LINE
  5
34D
330
17
100
AcDbEntity
  8
0
  6
CONTINUOUS
 62
8
100
AcDbLine
 10
181.9124791319405
 20
2.23656439601681
 30
0.0
 11
181.9111866636906
 21
2.237273422109673
 31
0.0
  0
LINE
  5
34E
330
17
100
AcDbEntity
  8
0
  6
CONTINUOUS
 62
8
100
AcDbLine
 10
181.9117854655107
 20
2.232792576871396
 30
0.0
 11
181.9117854655107
 21
2.232023931353786
 31
0.0
  0
LINE
  5
34F
330
17
100
AcDbEntity
  8
0
  6
CONTINUOUS
 62
8
100
AcDbLine
 10
181.9162422719
 20
2.241847197326514
 30
0.0
 11
181.9162422719
 21
2.238946428580483
 31
0.0
  0
LINE
  5
350
330
17
100
AcDbEntity
  8
0
  6
CONTINUOUS
 62
8
100
AcDbLine
 10
181.9162422719
 20
2.241847197326514
 30
0.0
 11
181.9320494942987
 21
2.24178022033724
 31
0.0
  0
LINE
  5
351
330
17
100
AcDbEntity
  8
0
  6
CONTINUOUS
 62
8
100
AcDbLine
 10
181.9320494942987
 20
2.24178022033724
 30
0.0
 11
181.9400954841958
 21
2.255542233542236
 31
0.0
  0
LINE
  5
352
330
17
100
AcDbEntity
  8
0
  6
CONTINUOUS
 62
8
100
AcDbLine
 10
181.9400954841958
 20
2.255542233542236
 30
0.0
 11
181.9433850953436
 21
2.255542233542236
 31
0.0
  0
LINE
  5
353
330
17
100
AcDbEntity
  8
0
  6
CONTINUOUS
 62
8
100
AcDbLine
 10
181.9345685504565
 20
2.240054219615593
 30
0.0
 11
181.9433850953436
 21
2.255134204640434
 31
0.0
  0
ARC
  5
354
330
17
100
AcDbEntity
  8
0
  6
CONTINUOUS
 62
8
100
AcDbCircle
 10
181.9326376476275
 20
2.24118312600607
 30
0.0
 40
0.0022366974256851
100
AcDbArc
 50
270.0
 51
329.6872190701471
  0
LINE
  5
355
330
17
100
AcDbEntity
  8
0
  6
CONTINUOUS
 62
8
100
AcDbLine
 10
181.9433850953436
 20
2.255542233542236
 30
0.0
 11
181.9433850953436
 21
2.255134204640434
 31
0.0
  0
LWPOLYLINE
  5
356
330
17
100
AcDbEntity
  8
0
  6
CONTINUOUS
 62
8
100
AcDbPolyline
 90
4
 70
1
 10
181.9292248318568
 20
2.24892693198516
 10
181.9184004332144
 20
2.24892693198516
 10
181.9184004332144
 20
2.244956056503305
 10
181.9292248318568
 20
2.244956056503305
  0
LINE
  5
357
330
17
100
AcDbEntity
  8
0
  6
CONTINUOUS
 62
8
100
AcDbLine
 10
181.9299777248983
 20
2.243581524312084
 30
0.0
 11
181.9176475401728
 21
2.243581524312084
 31
0.0
  0
LINE
  5
358
330
17
100
AcDbEntity
  8
0
  6
CONTINUOUS
 62
8
100
AcDbLine
 10
181.9299777248983
 20
2.243581524312084
 30
0.0
 11
181.9299701299007
 21
2.241789030839335
 31
0.0
  0
LINE
  5
359
330
17
100
AcDbEntity
  8
0
  6
CONTINUOUS
 62
8
100
AcDbLine
 10
181.92843920808
 20
2.244956056503305
 30
0.0
 11
181.92843920808
 21
2.243581524312084
 31
0.0
  0
LINE
  5
35A
330
17
100
AcDbEntity
  8
0
  6
CONTINUOUS
 62
8
100
AcDbLine
 10
181.9176475401728
 20
2.243581524312084
 30
0.0
 11
181.9176551351704
 21
2.241789030839335
 31
0.0
  0
LINE
  5
35B
330
17
100
AcDbEntity
  8
0
  6
CONTINUOUS
 62
8
100
AcDbLine
 10
181.9191860569911
 20
2.244956056503305
 30
0.0
 11
181.9191860569911
 21
2.243581524312084
 31
0.0
  0
LINE
  5
35C
330
17
100
AcDbEntity
  8
0
  6
CONTINUOUS
 62
8
100
AcDbLine
 10
181.9800821926394
 20
2.323431313010395
 30
0.0
 11
181.9800821926394
 21
2.2753983478622
 31
0.0
  0
LINE
  5
35D
330
17
100
AcDbEntity
  8
0
  6
CONTINUOUS
 62
8
100
AcDbLine
 10
181.9780374691623
 20
2.323431313010395
 30
0.0
 11
181.9780374691623
 21
2.2753983478622
 31
0.0
  0
LINE
  5
35E
330
17
100
AcDbEntity
  8
0
  6
CONTINUOUS
 62
8
100
AcDbLine
 10
181.9800821926394
 20
2.323431313010395
 30
0.0
 11
181.9780374691623
 21
2.323431313010395
 31
0.0
  0
LINE
  5
35F
330
17
100
AcDbEntity
  8
0
  6
CONTINUOUS
 62
8
100
AcDbLine
 10
181.9619528968501
 20
2.323431313010395
 30
0.0
 11
181.959908173373
 21
2.323431313010395
 31
0.0
  0
LINE
  5
360
330
17
100
AcDbEntity
  8
0
  6
CONTINUOUS
 62
8
100
AcDbLine
 10
181.959908173373
 20
2.323431313010395
 30
0.0
 11
181.959908173373
 21
2.2753983478622
 31
0.0
  0
LINE
  5
361
330
17
100
AcDbEntity
  8
0
  6
CONTINUOUS
 62
8
100
AcDbLine
 10
181.9619528968501
 20
2.323431313010395
 30
0.0
 11
181.9619528968501
 21
2.2753983478622
 31
0.0
  0
ARC
  5
362
330
17
100
AcDbEntity
  8
0
  6
CONTINUOUS
 62
8
100
AcDbCircle
 10
181.9699951830062
 20
2.329648488774218
 30
0.0
 40
0.0101652172182545
100
AcDbArc
 50
217.7062019235277
 51
322.2937980764722
  0
LINE
  5
363
330
17
100
AcDbEntity
  8
0
  6
CONTINUOUS
 62
8
100
AcDbLine
 10
181.9826046125824
 20
2.299414830436298
 30
0.0
 11
181.9332208239488
 21
2.299414830436298
 31
0.0
  0
LINE
  5
364
330
17
100
AcDbEntity
  8
0
  6
CONTINUOUS
 62
8
100
AcDbLine
 10
181.9800821926394
 20
2.2753983478622
 30
0.0
 11
181.9780374691623
 21
2.2753983478622
 31
0.0
  0
LINE
  5
365
330
17
100
AcDbEntity
  8
0
  6
CONTINUOUS
 62
8
100
AcDbLine
 10
181.9619528968501
 20
2.2753983478622
 30
0.0
 11
181.959908173373
 21
2.2753983478622
 31
0.0
  0
ARC
  5
366
330
17
100
AcDbEntity
  8
0
  6
CONTINUOUS
 62
8
100
AcDbCircle
 10
181.9699951830062
 20
2.269181172098377
 30
0.0
 40
0.0101652172182545
100
AcDbArc
 50
37.70620192352768
 51
142.2937980764723
  0
LINE
  5
367
330
17
100
AcDbEntity
  8
0
  6
CONTINUOUS
 62
8
100
AcDbLine
 10
181.9875772725841
 20
2.246344526347719
 30
0.0
 11
181.9545890667269
 21
2.246344526347719
 31
0.0
  0
LINE
  5
368
330
17
100
AcDbEntity
  8
0
  6
CONTINUOUS
 62
8
100
AcDbLine
 10
181.9875772725841
 20
2.241303755948401
 30
0.0
 11
181.9564565606076
 21
2.241303755948401
 31
0.0
  0
LINE
  5
369
330
17
100
AcDbEntity
  8
0
  6
CONTINUOUS
 62
8
100
AcDbLine
 10
181.9523523693012
 20
2.324794510945402
 30
0.0
 11
181.9523523693012
 21
2.248581223773307
 31
0.0
  0
ARC
  5
36A
330
17
100
AcDbEntity
  8
0
  6
CONTINUOUS
 62
8
100
AcDbCircle
 10
181.9545890667269
 20
2.248581223773307
 30
0.0
 40
0.0022366974256851
100
AcDbArc
 50
180.0
 51
270.0
  0
LINE
  5
36B
330
17
100
AcDbEntity
  8
0
  6
CONTINUOUS
 62
8
100
AcDbLine
 10
181.9475097709049
 20
2.326276797144636
 30
0.0
 11
181.9475097709049
 21
2.250250545651205
 31
0.0
  0
ARC
  5
36C
330
17
100
AcDbEntity
  8
0
  6
CONTINUOUS
 62
8
100
AcDbCircle
 10
181.9564565606076
 20
2.250250545651205
 30
0.0
 40
0.0089467897027404
100
AcDbArc
 50
180.0
 51
270.0
  0
LINE
  5
36D
330
17
100
AcDbEntity
  8
0
  6
CONTINUOUS
 62
8
100
AcDbLine
 10
181.9875772725841
 20
2.246344526347719
 30
0.0
 11
181.9875772725841
 21
2.241303755948401
 31
0.0
  0
LINE
  5
36E
330
17
100
AcDbEntity
  8
0
  6
CONTINUOUS
 62
8
100
AcDbLine
 10
181.911599847789
 20
2.331504603222391
 30
0.0
 11
181.9456422770242
 21
2.331504603222391
 31
0.0
  0
ARC
  5
36F
330
17
100
AcDbEntity
  8
0
  6
CONTINUOUS
 62
8
100
AcDbCircle
 10
181.9456422770242
 20
2.324794510945402
 30
0.0
 40
0.0067100922770553
100
AcDbArc
 50
0.0
 51
90.0
  0
LINE
  5
370
330
17
100
AcDbEntity
  8
0
  6
CONTINUOUS
 62
8
100
AcDbLine
 10
181.9475097709049
 20
2.326276797144636
 30
0.0
 11
181.911599847789
 21
2.326276797144636
 31
0.0
  0
LINE
  5
371
330
17
100
AcDbEntity
  8
0
  6
CONTINUOUS
 62
8
100
AcDbLine
 10
181.911599847789
 20
2.331504603222391
 30
0.0
 11
181.911599847789
 21
2.326276797144636
 31
0.0
  0
LWPOLYLINE
  5
372
330
17
100
AcDbEntity
  8
0
  6
CONTINUOUS
 62
8
100
AcDbPolyline
 90
4
 70
1
 10
181.9748576782442
 20
2.238796037491319
 10
181.9606176551238
 20
2.238796037491319
 10
181.9606176551238
 20
2.233338747320694
 10
181.9748576782442
 20
2.233338747320694
  0
LWPOLYLINE
  5
373
330
17
100
AcDbEntity
  8
0
  6
CONTINUOUS
 62
8
100
AcDbPolyline
 90
4
 70
1
 10
181.9715165592553
 20
2.241303755948401
 10
181.96361647953
 20
2.241303755948401
 10
181.96361647953
 20
2.233338747320694
 10
181.9715165592553
 20
2.233338747320694
  0
LWPOLYLINE
  5
374
330
17
100
AcDbEntity
  8
0
  6
CONTINUOUS
 62
8
100
AcDbPolyline
 90
4
 70
1
 10
181.9755660402592
 20
2.248203106027439
 10
181.9597502045093
 20
2.248203106027439
 10
181.9597502045093
 20
2.246344526347719
 10
181.9755660402592
 20
2.246344526347719
  0
LWPOLYLINE
  5
375
330
17
100
AcDbEntity
  8
0
  6
CONTINUOUS
 62
8
100
AcDbPolyline
 90
4
 70
1
 10
181.9736847981907
 20
2.250154335091146
 10
181.961429205088
 20
2.250154335091146
 10
181.961429205088
 20
2.248203106027439
 10
181.9736847981907
 20
2.248203106027439
  0
LWPOLYLINE
  5
376
330
17
100
AcDbEntity
  8
0
  6
CONTINUOUS
 62
8
100
AcDbPolyline
 90
10
 70
0
 10
181.9576990210186
 20
2.269758470200294
 10
181.9678724225658
 20
2.269758470200294
 10
181.9678724225658
 20
2.271297754770593
 10
181.9726329357238
 20
2.271297754770593
 10
181.9726329357238
 20
2.269064256459877
 10
181.9732762669362
 20
2.268245705298149
 10
181.9732762669362
 20
2.256964467245133
 10
181.9751345113566
 20
2.256964467245133
 10
181.9751345113566
 20
2.250154335091146
 10
181.9736847981907
 20
2.250154335091146
  0
LWPOLYLINE
  5
377
330
17
100
AcDbEntity
  8
0
  6
CONTINUOUS
 62
8
100
AcDbPolyline
 90
6
 70
0
 10
181.961429205088
 20
2.250154335091146
 10
181.9602653690535
 20
2.250154335091146
 10
181.9602653690535
 20
2.253711444441059
 10
181.9578061711094
 20
2.253711444441059
 10
181.9578061711094
 20
2.25167633527716
 10
181.9523523693012
 20
2.25167633527716
  0
LINE
  5
378
330
17
100
AcDbEntity
  8
0
  6
CONTINUOUS
 62
8
100
AcDbLine
 10
181.959908173373
 20
2.282131123923626
 30
0.0
 11
181.9576990210186
 21
2.282131123923626
 31
0.0
  0
LINE
  5
379
330
17
100
AcDbEntity
  8
0
  6
CONTINUOUS
 62
8
100
AcDbLine
 10
181.9576990210186
 20
2.282131123923626
 30
0.0
 11
181.9576990210186
 21
2.269758470200294
 31
0.0
  0
LWPOLYLINE
  5
37A
330
17
100
AcDbEntity
  8
0
  6
CONTINUOUS
 62
8
100
AcDbPolyline
 90
4
 70
1
 10
181.9610936289194
 20
2.312473394617235
 10
181.9518049046894
 20
2.312473394617235
 10
181.9518049046894
 20
2.308346112402922
 10
181.9610936289194
 20
2.308346112402922
  0
LWPOLYLINE
  5
37B
330
17
100
AcDbEntity
  8
0
  6
CONTINUOUS
 62
8
100
AcDbPolyline
 90
4
 70
1
 10
181.9638256117008
 20
2.299414830436298
 10
181.959908173373
 20
2.299414830436298
 10
181.959908173373
 20
2.294446883215222
 10
181.9638256117008
 20
2.294446883215222
  0
LINE
  5
37C
330
17
100
AcDbEntity
  8
0
  6
CONTINUOUS
 62
8
100
AcDbLine
 10
181.9576990210186
 20
2.312473394617235
 30
0.0
 11
181.9576990210186
 21
2.323601996305605
 31
0.0
  0
LINE
  5
37D
330
17
100
AcDbEntity
  8
0
  6
CONTINUOUS
 62
8
100
AcDbLine
 10
181.9576990210186
 20
2.323601996305605
 30
0.0
 11
181.9523523693012
 21
2.323601996305605
 31
0.0
  0
LWPOLYLINE
  5
37E
330
17
100
AcDbEntity
  8
0
  6
CONTINUOUS
 62
8
100
AcDbPolyline
 90
4
 70
1
 10
181.9416039404178
 20
2.324019998806114
 10
181.9116943362534
 20
2.324019998806114
 10
181.9116943362534
 20
2.320380576812148
 10
181.9416039404178
 20
2.320380576812148
  0
LWPOLYLINE
  5
37F
330
17
100
AcDbEntity
  8
0
  6
CONTINUOUS
 62
8
100
AcDbPolyline
 90
4
 70
1
 10
181.9475097709049
 20
2.320380576812148
 10
181.9458468772932
 20
2.320380576812148
 10
181.9458468772932
 20
2.308365303153131
 10
181.9475097709049
 20
2.308365303153131
  0
LWPOLYLINE
  5
380
330
17
100
AcDbEntity
  8
0
  6
CONTINUOUS
 62
8
100
AcDbPolyline
 90
4
 70
1
 10
181.9458468772932
 20
2.318920215791003
 10
181.9445233497246
 20
2.318920215791003
 10
181.9445233497246
 20
2.30978084339339
 10
181.9458468772932
 20
2.30978084339339
  0
LWPOLYLINE
  5
381
330
17
100
AcDbEntity
  8
0
  6
CONTINUOUS
 62
8
100
AcDbPolyline
 90
5
 70
0
 10
181.9402449258418
 20
2.318052686656564
 10
181.9402449258418
 20
2.308765343450239
 10
181.9441231734209
 20
2.308765343450239
 10
181.9441231734209
 20
2.320089580645607
 10
181.9410120631108
 20
2.320089580645607
  0
LINE
  5
382
330
17
100
AcDbEntity
  8
0
  6
CONTINUOUS
 62
8
100
AcDbLine
 10
181.9416126399027
 20
2.331504603222391
 30
0.0
 11
181.9416126399027
 21
2.326276797144636
 31
0.0
  0
LWPOLYLINE
  5
383
330
17
100
AcDbEntity
  8
0
  6
CONTINUOUS
 62
8
100
AcDbPolyline
 90
4
 70
1
 10
181.9391683430564
 20
2.326276797144636
 10
181.934972521213
 20
2.326276797144636
 10
181.934972521213
 20
2.324019998806114
 10
181.9391683430564
 20
2.324019998806114
  0
LWPOLYLINE
  5
384
330
17
100
AcDbEntity
  8
0
  6
CONTINUOUS
 62
8
100
AcDbPolyline
 90
4
 70
1
 10
181.9187050874517
 20
2.326276797144636
 10
181.914718053245
 20
2.326276797144636
 10
181.914718053245
 20
2.324019998806114
 10
181.9187050874517
 20
2.324019998806114
  0
LINE
  5
385
330
17
100
AcDbEntity
  8
0
  6
CONTINUOUS
 62
8
100
AcDbLine
 10
181.9376899474306
 20
2.317796180081394
 30
0.0
 11
181.9376899474306
 21
2.272543247170951
 31
0.0
  0
LINE
  5
386
330
17
100
AcDbEntity
  8
0
  6
CONTINUOUS
 62
8
100
AcDbLine
 10
181.9376899474306
 20
2.272543247170951
 30
0.0
 11
181.9350287663973
 21
2.272543247170951
 31
0.0
  0
LINE
  5
387
330
17
100
AcDbEntity
  8
0
  6
CONTINUOUS
 62
8
100
AcDbLine
 10
181.9350287663973
 20
2.272543247170951
 30
0.0
 11
181.9350287663973
 21
2.317605501125889
 31
0.0
  0
LINE
  5
388
330
17
100
AcDbEntity
  8
0
  6
CONTINUOUS
 62
8
100
AcDbLine
 10
181.9180195508177
 20
2.317425758955359
 30
0.0
 11
181.9180195508177
 21
2.274731967064361
 31
0.0
  0
LINE
  5
389
330
17
100
AcDbEntity
  8
0
  6
CONTINUOUS
 62
8
100
AcDbLine
 10
181.9180195508177
 20
2.274731967064361
 30
0.0
 11
181.9350287663973
 21
2.274731967064361
 31
0.0
  0
LINE
  5
38A
330
17
100
AcDbEntity
  8
0
  6
CONTINUOUS
 62
8
100
AcDbLine
 10
181.9350287663973
 20
2.27770801608225
 30
0.0
 11
181.9180195508177
 21
2.27770801608225
 31
0.0
  0
LWPOLYLINE
  5
38B
330
17
100
AcDbEntity
  8
0
  6
CONTINUOUS
 62
8
100
AcDbPolyline
 90
4
 70
1
 10
181.9475097709049
 20
2.306412451077257
 10
181.9460866876884
 20
2.306412451077257
 10
181.9460866876884
 20
2.292277283966804
 10
181.9475097709049
 20
2.292277283966804
  0
LWPOLYLINE
  5
38C
330
17
100
AcDbEntity
  8
0
  6
CONTINUOUS
 62
8
100
AcDbPolyline
 90
4
 70
1
 10
181.9460866876884
 20
2.305213214370077
 10
181.9410132622411
 20
2.305213214370077
 10
181.9410132622411
 20
2.293555159482174
 10
181.9460866876884
 20
2.293555159482174
  0
LINE
  5
38D
330
17
100
AcDbEntity
  8
0
  6
CONTINUOUS
 62
8
100
AcDbLine
 10
181.9460866876884
 20
2.302165996379734
 30
0.0
 11
181.9410132622411
 21
2.302165996379734
 31
0.0
  0
LINE
  5
38E
330
17
100
AcDbEntity
  8
0
  6
CONTINUOUS
 62
8
100
AcDbLine
 10
181.9460866876884
 20
2.296663664492861
 30
0.0
 11
181.9410132622411
 21
2.296663664492861
 31
0.0
  0
LINE
  5
38F
330
17
100
AcDbEntity
  8
0
  6
CONTINUOUS
 62
8
100
AcDbLine
 10
181.9400076337407
 20
2.302055050349544
 30
0.0
 11
181.9400076337407
 21
2.296785083206749
 31
0.0
  0
LINE
  5
390
330
17
100
AcDbEntity
  8
0
  6
CONTINUOUS
 62
8
100
AcDbLine
 10
181.9387243434737
 20
2.303140618047827
 30
0.0
 11
181.9376899474306
 21
2.303140618047827
 31
0.0
  0
ARC
  5
391
330
17
100
AcDbEntity
  8
0
  6
CONTINUOUS
 62
8
100
AcDbCircle
 10
181.9383411493717
 20
2.301386333324025
 30
0.0
 40
0.0017956482428854
100
AcDbArc
 50
21.86431363991687
 51
77.6782338950518
  0
LINE
  5
392
330
17
100
AcDbEntity
  8
0
  6
CONTINUOUS
 62
8
100
AcDbLine
 10
181.9387243434737
 20
2.295689042824768
 30
0.0
 11
181.9376899474306
 21
2.295689042824768
 31
0.0
  0
ARC
  5
393
330
17
100
AcDbEntity
  8
0
  6
CONTINUOUS
 62
8
100
AcDbCircle
 10
181.9383411493717
 20
2.297443327548798
 30
0.0
 40
0.0017956482428854
100
AcDbArc
 50
282.3217661049474
 51
338.1356863600831
  0
LINE
  5
394
330
17
100
AcDbEntity
  8
0
  6
CONTINUOUS
 62
8
100
AcDbLine
 10
181.9410120631108
 20
2.320380576812148
 30
0.0
 11
181.9410120631108
 21
2.318471111422276
 31
0.0
  0
LINE
  5
395
330
17
100
AcDbEntity
  8
0
  6
CONTINUOUS
 62
8
100
AcDbLine
 10
181.9329303669665
 20
2.318471111422276
 30
0.0
 11
181.9329303669665
 21
2.320380576812148
 31
0.0
  0
ARC
  5
396
330
17
100
AcDbEntity
  8
0
  6
CONTINUOUS
 62
8
100
AcDbCircle
 10
181.9369712150387
 20
2.324967131591883
 30
0.0
 40
0.0076502765430742
100
AcDbArc
 50
238.1163303807227
 51
301.8836696192772
  0
LINE
  5
397
330
17
100
AcDbEntity
  8
0
  6
CONTINUOUS
 62
8
100
AcDbLine
 10
181.9207741524347
 20
2.320380576812148
 30
0.0
 11
181.9207741524347
 21
2.318471111422276
 31
0.0
  0
LINE
  5
398
330
17
100
AcDbEntity
  8
0
  6
CONTINUOUS
 62
8
100
AcDbLine
 10
181.9126924562904
 20
2.318471111422276
 30
0.0
 11
181.9126924562904
 21
2.320380576812148
 31
0.0
  0
ARC
  5
399
330
17
100
AcDbEntity
  8
0
  6
CONTINUOUS
 62
8
100
AcDbCircle
 10
181.9167333043625
 20
2.324967131591883
 30
0.0
 40
0.0076502765430742
100
AcDbArc
 50
238.1163303807227
 51
301.8836696192772
  0
LINE
  5
39A
330
17
100
AcDbEntity
  8
0
  6
CONTINUOUS
 62
8
100
AcDbLine
 10
181.9100968757379
 20
2.338103311956309
 30
0.0
 11
181.910096875738
 21
2.328234894387641
 31
0.0
  0
LINE
  5
39B
330
17
100
AcDbEntity
  8
0
  6
CONTINUOUS
 62
8
100
AcDbLine
 10
181.8601227751796
 20
2.337847718089996
 30
0.0
 11
181.8601227751796
 21
2.328236491322549
 31
0.0
  0
LINE
  5
39C
330
17
100
AcDbEntity
  8
0
  6
CONTINUOUS
 62
8
100
AcDbLine
 10
181.910096875738
 20
2.334928365226723
 30
0.0
 11
181.8601227751796
 21
2.334928365226723
 31
0.0
  0
LINE
  5
39D
330
17
100
AcDbEntity
  8
0
  6
CONTINUOUS
 62
8
100
AcDbLine
 10
181.9109645095906
 20
2.328234894387641
 30
0.0
 11
181.8589927842492
 21
2.328234894387641
 31
0.0
  0
LINE
  5
39E
330
17
100
AcDbEntity
  8
0
  6
CONTINUOUS
 62
8
100
AcDbLine
 10
181.8589927842492
 20
2.328234894387641
 30
0.0
 11
181.8589927842492
 21
2.323148779496513
 31
0.0
  0
LINE
  5
39F
330
17
100
AcDbEntity
  8
0
  6
CONTINUOUS
 62
8
100
AcDbLine
 10
181.8589927842492
 20
2.323148779496513
 30
0.0
 11
181.9109645095906
 21
2.323148779496513
 31
0.0
  0
LINE
  5
3A0
330
17
100
AcDbEntity
  8
0
  6
CONTINUOUS
 62
8
100
AcDbLine
 10
181.9109645095906
 20
2.323148779496513
 30
0.0
 11
181.9109645095906
 21
2.328234894387641
 31
0.0
  0
LWPOLYLINE
  5
3A1
330
17
100
AcDbEntity
  8
0
  6
CONTINUOUS
 62
8
100
AcDbPolyline
 90
6
 70
0
 10
181.8987449819575
 20
2.277193005199968
 10
181.9080151225005
 20
2.277193005199968
 10
181.9080151225005
 20
2.323148779496513
 10
181.8638983945726
 20
2.323148779496513
 10
181.8638983945726
 20
2.277193005199968
 10
181.8738422254274
 20
2.277193005199968
  0
LWPOLYLINE
  5
3A2
330
17
100
AcDbEntity
  8
0
  6
CONTINUOUS
 62
8
100
AcDbPolyline
 90
4
 70
1
 10
181.9106510948089
 20
2.305268370045531
 10
181.9080151225005
 20
2.305268370045531
 10
181.9080151225005
 20
2.293320287207315
 10
181.9106510948089
 20
2.293320287207315
  0
LWPOLYLINE
  5
3A3
330
17
100
AcDbEntity
  8
0
  6
CONTINUOUS
 62
8
100
AcDbPolyline
 90
4
 70
1
 10
181.9180195508177
 20
2.304189599557538
 10
181.9106510948089
 20
2.304189599557538
 10
181.9106510948089
 20
2.294297304277769
 10
181.9180195508177
 20
2.294297304277769
  0
CIRCLE
  5
3A4
330
17
100
AcDbEntity
  8
0
  6
CONTINUOUS
 62
8
100
AcDbCircle
 10
181.8862936036924
 20
2.274378243608488
 30
0.0
 40
0.0031027626628755
  0
ARC
  5
3A5
330
17
100
AcDbEntity
  8
0
  6
CONTINUOUS
 62
8
100
AcDbCircle
 10
181.8862936036924
 20
2.274378243608488
 30
0.0
 40
0.0285197984611859
100
AcDbArc
 50
319.6472202844921
 51
40.39194084674103
  0
ARC
  5
3A6
330
17
100
AcDbEntity
  8
0
  6
CONTINUOUS
 62
8
100
AcDbCircle
 10
181.8862936036924
 20
2.274378243608488
 30
0.0
 40
0.0285197984611859
100
AcDbArc
 50
141.7439273960956
 51
219.3492798582702
  0
LWPOLYLINE
  5
3A7
330
17
100
AcDbEntity
  8
0
  6
CONTINUOUS
 62
8
100
AcDbPolyline
 90
6
 70
0
 10
181.8664218117386
 20
2.261338523307166
 10
181.8642393817109
 20
2.261338523307166
 10
181.8642393817109
 20
2.245438476277549
 10
181.9080277491495
 20
2.245438476277549
 10
181.9080277491495
 20
2.261338523307166
 10
181.9061653956462
 20
2.261338523307166
  0
ARC
  5
3A8
330
17
100
AcDbEntity
  8
0
  6
CONTINUOUS
 62
8
100
AcDbCircle
 10
181.8862936036924
 20
2.274378243608488
 30
0.0
 40
0.0090320436264963
100
AcDbArc
 50
10.33281524076219
 51
169.6671847592378
  0
LINE
  5
3A9
330
17
100
AcDbEntity
  8
0
  6
CONTINUOUS
 62
8
100
AcDbLine
 10
181.9025114973642
 20
2.265210688452761
 30
0.0
 11
181.8974158673103
 21
2.265210688452761
 31
0.0
  0
LINE
  5
3AA
330
17
100
AcDbEntity
  8
0
  6
CONTINUOUS
 62
8
100
AcDbLine
 10
181.8951791698846
 20
2.275998282347281
 30
0.0
 11
181.8951791698846
 21
2.267447385878348
 31
0.0
  0
ARC
  5
3AB
330
17
100
AcDbEntity
  8
0
  6
CONTINUOUS
 62
8
100
AcDbCircle
 10
181.8974158673103
 20
2.267447385878348
 30
0.0
 40
0.0022366974256851
100
AcDbArc
 50
180.0
 51
270.0
  0
ARC
  5
3AC
330
17
100
AcDbEntity
  8
0
  6
CONTINUOUS
 62
8
100
AcDbCircle
 10
181.9003753340077
 20
2.259534886781729
 30
0.0
 40
0.0060644800679678
100
AcDbArc
 50
17.30210307735956
 51
69.37550512130944
  0
LINE
  5
3AD
330
17
100
AcDbEntity
  8
0
  6
CONTINUOUS
 62
8
100
AcDbLine
 10
181.8700757100206
 20
2.265210688452761
 30
0.0
 11
181.8751713400745
 21
2.265210688452761
 31
0.0
  0
LINE
  5
3AE
330
17
100
AcDbEntity
  8
0
  6
CONTINUOUS
 62
8
100
AcDbLine
 10
181.8774080375002
 20
2.275998282347281
 30
0.0
 11
181.8774080375002
 21
2.267447385878348
 31
0.0
  0
ARC
  5
3AF
330
17
100
AcDbEntity
  8
0
  6
CONTINUOUS
 62
8
100
AcDbCircle
 10
181.8751713400745
 20
2.267447385878348
 30
0.0
 40
0.0022366974256851
100
AcDbArc
 50
270.0
 51
0.0
  0
ARC
  5
3B0
330
17
100
AcDbEntity
  8
0
  6
CONTINUOUS
 62
8
100
AcDbCircle
 10
181.8722118733772
 20
2.259534886781729
 30
0.0
 40
0.0060644800679678
100
AcDbArc
 50
110.6244948786897
 51
162.6978969226404
  0
ARC
  5
3B1
330
17
100
AcDbEntity
  8
0
  6
CONTINUOUS
 62
8
100
AcDbCircle
 10
181.8862936036924
 20
2.274378243608488
 30
0.0
 40
0.0127655671051252
100
AcDbArc
 50
318.2655268751383
 51
20.47470557343193
  0
ARC
  5
3B2
330
17
100
AcDbEntity
  8
0
  6
CONTINUOUS
 62
8
100
AcDbCircle
 10
181.8862936036924
 20
2.274378243608488
 30
0.0
 40
0.0127655671051252
100
AcDbArc
 50
119.5682778329326
 51
221.7344731544583
  0
LINE
  5
3B3
330
17
100
AcDbEntity
  8
0
  6
CONTINUOUS
 62
8
100
AcDbLine
 10
181.8862936036924
 20
2.285481328827962
 30
0.0
 11
181.8799943019753
 21
2.285481328827962
 31
0.0
  0
LINE
  5
3B4
330
17
100
AcDbEntity
  8
0
  6
CONTINUOUS
 62
8
100
AcDbLine
 10
181.8982775768737
 20
2.278843560262465
 30
0.0
 11
181.8941446392451
 21
2.278843560262465
 31
0.0
  0
LINE
  5
3B5
330
17
100
AcDbEntity
  8
0
  6
CONTINUOUS
 62
8
100
AcDbLine
 10
181.8862936036924
 20
2.283410287235064
 30
0.0
 11
181.8862936036924
 21
2.287988090389525
 31
0.0
  0
LINE
  5
3B6
330
17
100
AcDbEntity
  8
0
  6
CONTINUOUS
 62
8
100
AcDbLine
 10
181.9080151225005
 20
2.287988090389525
 30
0.0
 11
181.8862936036924
 21
2.287988090389525
 31
0.0
  0
LINE
  5
3B7
330
17
100
AcDbEntity
  8
0
  6
CONTINUOUS
 62
8
100
AcDbLine
 10
181.90105041081
 20
2.263417267107151
 30
0.0
 11
181.8710854507605
 21
2.263417267107151
 31
0.0
  0
LINE
  5
3B8
330
17
100
AcDbEntity
  8
0
  6
CONTINUOUS
 62
8
100
AcDbLine
 10
181.90105041081
 20
2.257329695113448
 30
0.0
 11
181.8710854507605
 21
2.257329695113448
 31
0.0
  0
LINE
  5
3B9
330
17
100
AcDbEntity
  8
0
  6
CONTINUOUS
 62
8
100
AcDbLine
 10
181.8710854507605
 20
2.257329695113448
 30
0.0
 11
181.8710854507605
 21
2.263417267107151
 31
0.0
  0
CIRCLE
  5
3BA
330
17
100
AcDbEntity
  8
0
  6
CONTINUOUS
 62
8
100
AcDbCircle
 10
181.8710854507605
 20
2.260373481110299
 30
0.0
 40
0.0021578275952441
  0
ARC
  5
3BB
330
17
100
AcDbEntity
  8
0
  6
CONTINUOUS
 62
8
100
AcDbCircle
 10
181.8710854507605
 20
2.260373481110299
 30
0.0
 40
0.0030437859967858
100
AcDbArc
 50
90.0
 51
270.0
  0
CIRCLE
  5
3BC
330
17
100
AcDbEntity
  8
0
  6
CONTINUOUS
 62
8
100
AcDbCircle
 10
181.90105041081
 20
2.260373481110299
 30
0.0
 40
0.0021578275952441
  0
ARC
  5
3BD
330
17
100
AcDbEntity
  8
0
  6
CONTINUOUS
 62
8
100
AcDbCircle
 10
181.90105041081
 20
2.260373481110299
 30
0.0
 40
0.0030437859967858
100
AcDbArc
 50
270.0
 51
90.0
  0
CIRCLE
  5
3BE
330
17
100
AcDbEntity
  8
0
  6
CONTINUOUS
 62
8
100
AcDbCircle
 10
181.8861070384228
 20
2.317273822922551
 30
0.0
 40
0.0020351888431972
  0
LINE
  5
3BF
330
17
100
AcDbEntity
  8
0
  6
CONTINUOUS
 62
8
100
AcDbLine
 10
181.9136722312624
 20
2.282365086329527
 30
0.0
 11
181.9080151225005
 21
2.282365086329527
 31
0.0
  0
LINE
  5
3C0
330
17
100
AcDbEntity
  8
0
  6
CONTINUOUS
 62
8
100
AcDbLine
 10
181.8638983945726
 20
2.282365086329527
 30
0.0
 11
181.8589149761224
 21
2.282365086329527
 31
0.0
  0
LINE
  5
3C1
330
17
100
AcDbEntity
  8
0
  6
CONTINUOUS
 62
8
100
AcDbLine
 10
181.9294509323297
 20
2.236845782792478
 30
0.0
 11
181.9294509323297
 21
2.238946428580483
 31
0.0
  0
LINE
  5
3C2
330
17
100
AcDbEntity
  8
0
  6
CONTINUOUS
 62
8
100
AcDbLine
 10
181.9294509323297
 20
2.238946428580483
 30
0.0
 11
181.9326376476274
 21
2.238946428580387
 31
0.0
  0
LINE
  5
3C3
330
17
100
AcDbEntity
  8
0
  6
CONTINUOUS
 62
8
100
AcDbLine
 10
182.0030454786634
 20
2.35478639820273
 30
0.0
 11
181.7708347280955
 21
2.35478639820273
 31
0.0
  0
LINE
  5
3C4
330
17
100
AcDbEntity
  8
0
  6
CONTINUOUS
 62
8
100
AcDbLine
 10
181.7708347280955
 20
2.35478639820273
 30
0.0
 11
181.7708347280955
 21
2.404786398202727
 31
0.0
  0
LINE
  5
3C5
330
17
100
AcDbEntity
  8
0
  6
CONTINUOUS
 62
8
100
AcDbLine
 10
182.0030454786634
 20
2.35478639820273
 30
0.0
 11
182.0030454786634
 21
2.404786398202727
 31
0.0
  0
LWPOLYLINE
  5
3C6
330
17
100
AcDbEntity
  8
0
  6
CONTINUOUS
 62
8
100
AcDbPolyline
 90
4
 70
1
 10
181.778230148222
 20
2.349786398202731
 10
181.948230148222
 20
2.349786398202731
 10
181.948230148222
 20
-0.0899999999999999
 10
181.778230148222
 20
-0.0899999999999999
  0
LINE
  5
3C7
330
17
100
AcDbEntity
  8
0
  6
CONTINUOUS
 62
8
100
AcDbLine
 10
181.9813805325235
 20
-0.0382166779003086
 30
0.0
 11
181.9813805325234
 21
2.192590656285336
 31
0.0
  0
LINE
  5
3C8
330
17
100
AcDbEntity
  8
0
  6
CONTINUOUS
 62
8
100
AcDbLine
 10
181.9783805325229
 20
-0.0382166779008877
 30
0.0
 11
181.9783805325231
 21
2.192590656285233
 31
0.0
  0
LINE
  5
3C9
330
17
100
AcDbEntity
  8
0
  6
CONTINUOUS
 62
8
100
AcDbLine
 10
181.9753805325232
 20
-0.0382166778998077
 30
0.0
 11
181.9753805325232
 21
2.192590656285219
 31
0.0
  0
LINE
  5
3CA
330
17
100
AcDbEntity
  8
0
  6
CONTINUOUS
 62
8
100
AcDbLine
 10
181.9633805325232
 20
-0.0382166779007562
 30
0.0
 11
181.9633805325232
 21
2.19259065628567
 31
0.0
  0
LINE
  5
3CB
330
17
100
AcDbEntity
  8
0
  6
CONTINUOUS
 62
8
100
AcDbLine
 10
181.959380532523
 20
-0.0382166779010511
 30
0.0
 11
181.9593805325231
 21
2.192590656285865
 31
0.0
  0
LINE
  5
3CC
330
17
100
AcDbEntity
  8
0
  6
CONTINUOUS
 62
8
100
AcDbLine
 10
181.9588305325229
 20
-0.038716677900279
 30
0.0
 11
181.9588305325231
 21
2.193090656285445
 31
0.0
  0
LINE
  5
3CD
330
17
100
AcDbEntity
  8
0
  6
CONTINUOUS
 62
8
100
AcDbLine
 10
181.9553805325235
 20
-0.0382166779001203
 30
0.0
 11
181.9553805325234
 21
2.192590656285389
 31
0.0
  0
LINE
  5
3CE
330
17
100
AcDbEntity
  8
0
  6
CONTINUOUS
 62
8
100
AcDbLine
 10
181.9628805325235
 20
2.193090656285445
 30
0.0
 11
181.9598805325234
 21
2.193090656285445
 31
0.0
  0
LINE
  5
3CF
330
17
100
AcDbEntity
  8
0
  6
CONTINUOUS
 62
8
100
AcDbLine
 10
181.9588805325235
 20
2.193090656285445
 30
0.0
 11
181.9558805325234
 21
2.193090656285445
 31
0.0
  0
LINE
  5
3D0
330
17
100
AcDbEntity
  8
0
  6
CONTINUOUS
 62
8
100
AcDbLine
 10
181.9553805325234
 20
2.192590656285389
 30
0.0
 11
181.9558805325234
 21
2.193090656285445
 31
0.0
  0
LINE
  5
3D1
330
17
100
AcDbEntity
  8
0
  6
CONTINUOUS
 62
8
100
AcDbLine
 10
181.9633805325235
 20
2.19259065628545
 30
0.0
 11
181.9628805325235
 21
2.193090656285445
 31
0.0
  0
LINE
  5
3D2
330
17
100
AcDbEntity
  8
0
  6
CONTINUOUS
 62
8
100
AcDbLine
 10
181.9593805325235
 20
2.19259065628545
 30
0.0
 11
181.9588805325235
 21
2.193090656285445
 31
0.0
  0
LINE
  5
3D3
330
17
100
AcDbEntity
  8
0
  6
CONTINUOUS
 62
8
100
AcDbLine
 10
181.9593805325235
 20
2.19259065628545
 30
0.0
 11
181.9598805325234
 21
2.193090656285445
 31
0.0
  0
LINE
  5
3D4
330
17
100
AcDbEntity
  8
0
  6
CONTINUOUS
 62
8
100
AcDbLine
 10
181.9808805325233
 20
2.193090656285448
 30
0.0
 11
181.9788805325233
 21
2.193090656285445
 31
0.0
  0
LINE
  5
3D5
330
17
100
AcDbEntity
  8
0
  6
CONTINUOUS
 62
8
100
AcDbLine
 10
181.9778805325233
 20
2.193090656285452
 30
0.0
 11
181.9758805325233
 21
2.193090656285448
 31
0.0
  0
LINE
  5
3D6
330
17
100
AcDbEntity
  8
0
  6
CONTINUOUS
 62
8
100
AcDbLine
 10
181.9783805325233
 20
2.192590656285453
 30
0.0
 11
181.9778805325233
 21
2.193090656285448
 31
0.0
  0
LINE
  5
3D7
330
17
100
AcDbEntity
  8
0
  6
CONTINUOUS
 62
8
100
AcDbLine
 10
181.9783805325231
 20
2.192590656285233
 30
0.0
 11
181.9788805325233
 21
2.193090656285448
 31
0.0
  0
LINE
  5
3D8
330
17
100
AcDbEntity
  8
0
  6
CONTINUOUS
 62
8
100
AcDbLine
 10
181.9753805325233
 20
2.19259065628545
 30
0.0
 11
181.9758805325233
 21
2.193090656285448
 31
0.0
  0
LINE
  5
3D9
330
17
100
AcDbEntity
  8
0
  6
CONTINUOUS
 62
8
100
AcDbLine
 10
181.9813805325234
 20
2.192590656285336
 30
0.0
 11
181.9808805325233
 21
2.193090656285448
 31
0.0
  0
LINE
  5
3DA
330
17
100
AcDbEntity
  8
0
  6
CONTINUOUS
 62
8
100
AcDbLine
 10
181.9633805325235
 20
2.180405159218967
 30
0.0
 11
181.9753805325234
 21
2.180405159218967
 31
0.0
  0
LWPOLYLINE
  5
3DB
330
17
100
AcDbEntity
  8
0
  6
CONTINUOUS
 62
8
100
AcDbPolyline
 90
6
 70
1
 10
181.9743805325235
 20
2.180405159218967
 10
181.9643805325235
 20
2.180405159218967
 10
181.9643805325235
 20
2.185405159218962
 10
181.9678805325235
 20
2.188405159218962
 10
181.9708805325234
 20
2.188405159218962
 10
181.9743805325235
 20
2.185405159218962
  0
LWPOLYLINE
  5
3DC
330
17
100
AcDbEntity
  8
0
  6
CONTINUOUS
 62
8
100
AcDbPolyline
 90
6
 70
1
 10
181.9738805325235
 20
2.180905159218962
 10
181.9648805325234
 20
2.180905159218962
 10
181.9648805325234
 20
2.185253771400102
 10
181.9681481244027
 20
2.187905159218967
 10
181.9706129406442
 20
2.187905159218967
 10
181.9738805325235
 20
2.185253771400102
  0
LINE
  5
3DD
330
17
100
AcDbEntity
  8
0
  6
CONTINUOUS
 62
8
100
AcDbLine
 10
181.9753805325232
 20
2.192590656285219
 30
0.0
 11
181.9758805325235
 21
2.193090656285445
 31
0.0
  0
ARC
  5
3DE
330
17
100
AcDbEntity
  8
0
  6
CONTINUOUS
 62
8
100
AcDbCircle
 10
181.9693805325234
 20
2.204781302452289
 30
0.0
 40
0.0133761432333217
100
AcDbArc
 50
240.9259378909824
 51
299.0740621090306
  0
LINE
  5
3DF
330
17
100
AcDbEntity
  8
0
  6
CONTINUOUS
 62
8
100
AcDbLine
 10
181.9743805325235
 20
2.185405159218962
 30
0.0
 11
181.9753805325234
 21
2.185405159218962
 31
0.0
  0
LWPOLYLINE
  5
3E0
330
17
100
AcDbEntity
  8
0-VENTANAS
 62
8
100
AcDbPolyline
 90
4
 70
1
 10
173.6963098396489
 20
2.659999999998272
 10
178.0363098323319
 20
2.659999999998272
 10
178.0363098323319
 20
-0.0899999999999999
 10
173.6963098396489
 20
-0.0899999999999999
  0
LWPOLYLINE
  5
3E1
330
17
100
AcDbEntity
  8
0-VENTANAS
 62
8
100
AcDbPolyline
 90
4
 70
1
 10
173.7613098396489
 20
2.594999999998271
 10
177.9713098323319
 20
2.594999999998271
 10
177.9713098323319
 20
-0.0249999999999995
 10
173.7613098396489
 20
-0.0249999999999999
  0
LINE
  5
3E2
330
17
100
AcDbEntity
  8
0-VENTANAS
 62
8
100
AcDbLine
 10
175.1971431705432
 20
2.594999999998271
 30
0.0
 11
175.1971431705432
 21
-0.0249999999999999
 31
0.0
  0
LINE
  5
3E3
330
17
100
AcDbEntity
  8
0-VENTANAS
 62
8
100
AcDbLine
 10
175.1321431705432
 20
2.594999999998271
 30
0.0
 11
175.1321431705432
 21
-0.0249999999999999
 31
0.0
  0
LINE
  5
3E4
330
17
100
AcDbEntity
  8
0-VENTANAS
 62
8
100
AcDbLine
 10
176.6004765014376
 20
2.594999999998271
 30
0.0
 11
176.6004765014376
 21
-0.0249999999999999
 31
0.0
  0
LINE
  5
3E5
330
17
100
AcDbEntity
  8
0-VENTANAS
 62
8
100
AcDbLine
 10
176.5354765014376
 20
2.594999999998271
 30
0.0
 11
176.5354765014376
 21
-0.0249999999999999
 31
0.0
  0
LWPOLYLINE
  5
3E7
330
17
100
AcDbEntity
  8
0-COD LOU
100
AcDbPolyline
 90
8
 70
1
 10
109.904205982489
 20
6.200000000000023
 10
108.904205982489
 20
5.200000000000012
 10
107.904205982489
 20
6.200000000000026
 10
106.904205982489
 20
5.200000000000012
 10
105.904205982489
 20
6.200000000000023
 10
104.904205982489
 20
5.233383792237076
 10
104.904205982489
 20
0.2000000000000304
 10
109.904205982489
 20
0.2000000000000304
  0
LWPOLYLINE
  5
3E8
330
17
100
AcDbEntity
  8
0-COD LOU
100
AcDbPolyline
 90
8
 70
1
 10
109.904205982489
 20
6.200000000000023
 10
110.904205982489
 20
5.200000000000012
 10
111.904205982489
 20
6.200000000000026
 10
112.904205982489
 20
5.200000000000012
 10
113.904205982489
 20
6.200000000000023
 10
114.904205982489
 20
5.233383792237076
 10
114.904205982489
 20
0.2000000000000304
 10
109.904205982489
 20
0.2000000000000304
  0
LWPOLYLINE
  5
3E9
330
17
100
AcDbEntity
  8
0-VENTANAS
 62
8
100
AcDbPolyline
 90
4
 70
1
 10
149.696309835987
 20
2.659999999998272
 10
154.0363098286699
 20
2.659999999998272
 10
154.0363098286699
 20
-0.0899999999999999
 10
149.696309835987
 20
-0.0899999999999999
  0
LWPOLYLINE
  5
3EA
330
17
100
AcDbEntity
  8
0-VENTANAS
 62
8
100
AcDbPolyline
 90
4
 70
1
 10
149.761309835987
 20
2.594999999998271
 10
153.9713098286699
 20
2.594999999998271
 10
153.9713098286699
 20
-0.0249999999999995
 10
149.761309835987
 20
-0.0249999999999999
  0
LINE
  5
3EB
330
17
100
AcDbEntity
  8
0-VENTANAS
 62
8
100
AcDbLine
 10
151.1971431668813
 20
2.594999999998271
 30
0.0
 11
151.1971431668813
 21
-0.0249999999999999
 31
0.0
  0
LINE
  5
3EC
330
17
100
AcDbEntity
  8
0-VENTANAS
 62
8
100
AcDbLine
 10
151.1321431668813
 20
2.594999999998271
 30
0.0
 11
151.1321431668813
 21
-0.0249999999999999
 31
0.0
  0
LINE
  5
3ED
330
17
100
AcDbEntity
  8
0-VENTANAS
 62
8
100
AcDbLine
 10
152.6004764977756
 20
2.594999999998271
 30
0.0
 11
152.6004764977756
 21
-0.0249999999999999
 31
0.0
  0
LINE
  5
3EE
330
17
100
AcDbEntity
  8
0-VENTANAS
 62
8
100
AcDbLine
 10
152.5354764977756
 20
2.594999999998271
 30
0.0
 11
152.5354764977756
 21
-0.0249999999999999
 31
0.0
  0
ENDSEC
  0
SECTION
  2
OBJECTS
  0
DICTIONARY
  5
A
330
0
100
AcDbDictionary
281
1
  3
ACAD_COLOR
350
B
  3
ACAD_GROUP
350
C
  3
ACAD_LAYOUT
350
D
  3
ACAD_MATERIAL
350
E
  3
ACAD_MLEADERSTYLE
350
F
  3
ACAD_MLINESTYLE
350
10
  3
ACAD_PLOTSETTINGS
350
11
  3
ACAD_PLOTSTYLENAME
350
12
  3
ACAD_SCALELIST
350
14
  3
ACAD_TABLESTYLE
350
15
  3
ACAD_VISUALSTYLE
350
16
  3
EZDXF_META
350
2D
  0
DICTIONARY
  5
B
330
A
100
AcDbDictionary
281
1
  0
DICTIONARY
  5
C
330
A
100
AcDbDictionary
281
1
  0
DICTIONARY
  5
D
330
A
100
AcDbDictionary
281
1
  3
Model
350
1A
  3
Layout1
350
1E
  0
DICTIONARY
  5
E
330
A
100
AcDbDictionary
281
1
  3
ByBlock
350
1F
  3
ByLayer
350
20
  3
Global
350
21
  0
DICTIONARY
  5
F
330
A
100
AcDbDictionary
281
1
  3
Standard
350
2C
  0
DICTIONARY
  5
10
330
A
100
AcDbDictionary
281
1
  3
Standard
350
22
  0
DICTIONARY
  5
11
330
A
100
AcDbDictionary
281
1
  0
ACDBDICTIONARYWDFLT
  5
12
330
A
100
AcDbDictionary
281
1
  3
Normal
350
13
100
AcDbDictionaryWithDefault
340
13
  0
ACDBPLACEHOLDER
  5
13
330
12
  0
DICTIONARY
  5
14
330
A
100
AcDbDictionary
281
1
  0
DICTIONARY
  5
15
330
A
100
AcDbDictionary
281
1
  0
DICTIONARY
  5
16
330
A
100
AcDbDictionary
281
1
  0
LAYOUT
  5
1A
330
D
100
AcDbPlotSettings
  1

  4
A3
  6

 40
7.5
 41
20.0
 42
7.5
 43
20.0
 44
420.0
 45
297.0
 46
0.0
 47
0.0
 48
0.0
 49
0.0
140
0.0
141
0.0
142
1.0
143
1.0
 70
1024
 72
1
 73
0
 74
5
  7

 75
16
 76
0
 77
2
 78
300
147
1.0
148
0.0
149
0.0
100
AcDbLayout
  1
Model
 70
1
 71
0
 10
0.0
 20
0.0
 11
420.0
 21
297.0
 12
0.0
 22
0.0
 32
0.0
 14
1e+20
 24
1e+20
 34
1e+20
 15
-1e+20
 25
-1e+20
 35
-1e+20
146
0.0
 13
0.0
 23
0.0
 33
0.0
 16
1.0
 26
0.0
 36
0.0
 17
0.0
 27
1.0
 37
0.0
 76
1
330
17
  0
LAYOUT
  5
1E
330
D
100
AcDbPlotSettings
  1

  4
A3
  6

 40
7.5
 41
20.0
 42
7.5
 43
20.0
 44
420.0
 45
297.0
 46
0.0
 47
0.0
 48
0.0
 49
0.0
140
0.0
141
0.0
142
1.0
143
1.0
 70
0
 72
1
 73
0
 74
5
  7

 75
16
 76
0
 77
2
 78
300
147
1.0
148
0.0
149
0.0
100
AcDbLayout
  1
Layout1
 70
1
 71
1
 10
0.0
 20
0.0
 11
420.0
 21
297.0
 12
0.0
 22
0.0
 32
0.0
 14
1e+20
 24
1e+20
 34
1e+20
 15
-1e+20
 25
-1e+20
 35
-1e+20
146
0.0
 13
0.0
 23
0.0
 33
0.0
 16
1.0
 26
0.0
 36
0.0
 17
0.0
 27
1.0
 37
0.0
 76
1
330
1B
  0
MATERIAL
  5
1F
102
{ACAD_REACTORS
330
E
102
}
330
E
100
AcDbMaterial
  1
ByBlock
  2

 70
0
 40
1.0
 71
1
 41
1.0
 91
-1023410177
 42
1.0
 72
1
  3

 73
1
 74
1
 75
1
 44
0.5
 73
0
 45
1.0
 46
1.0
 77
1
  4

 78
1
 79
1
170
1
 48
1.0
171
1
  6

172
1
173
1
174
1
140
1.0
141
1.0
175
1
  7

176
1
177
1
178
1
143
1.0
179
1
  8

270
1
271
1
272
1
145
1.0
146
1.0
273
1
  9

274
1
275
1
276
1
 42
1.0
 72
1
  3

 73
1
 74
1
 75
1
 94
63
  0
MATERIAL
  5
20
102
{ACAD_REACTORS
330
E
102
}
330
E
100
AcDbMaterial
  1
ByLayer
  2

 70
0
 40
1.0
 71
1
 41
1.0
 91
-1023410177
 42
1.0
 72
1
  3

 73
1
 74
1
 75
1
 44
0.5
 73
0
 45
1.0
 46
1.0
 77
1
  4

 78
1
 79
1
170
1
 48
1.0
171
1
  6

172
1
173
1
174
1
140
1.0
141
1.0
175
1
  7

176
1
177
1
178
1
143
1.0
179
1
  8

270
1
271
1
272
1
145
1.0
146
1.0
273
1
  9

274
1
275
1
276
1
 42
1.0
 72
1
  3

 73
1
 74
1
 75
1
 94
63
  0
MATERIAL
  5
21
102
{ACAD_REACTORS
330
E
102
}
330
E
100
AcDbMaterial
  1
Global
  2

 70
0
 40
1.0
 71
1
 41
1.0
 91
-1023410177
 42
1.0
 72
1
  3

 73
1
 74
1
 75
1
 44
0.5
 73
0
 45
1.0
 46
1.0
 77
1
  4

 78
1
 79
1
170
1
 48
1.0
171
1
  6

172
1
173
1
174
1
140
1.0
141
1.0
175
1
  7

176
1
177
1
178
1
143
1.0
179
1
  8

270
1
271
1
272
1
145
1.0
146
1.0
273
1
  9

274
1
275
1
276
1
 42
1.0
 72
1
  3

 73
1
 74
1
 75
1
 94
63
  0
MLINESTYLE
  5
22
102
{ACAD_REACTORS
330
10
102
}
330
10
100
AcDbMlineStyle
  2
Standard
 70
0
  3

 62
256
 51
90.0
 52
90.0
 71
2
 49
0.5
 62
256
  6
BYLAYER
 49
-0.5
 62
256
  6
BYLAYER
  0
MLEADERSTYLE
  5
2C
102
{ACAD_REACTORS
330
F
102
}
330
F
100
AcDbMLeaderStyle
179
2
170
2
171
1
172
0
 90
2
 40
0.0
 41
0.0
173
1
 91
-1056964608
 92
-2
290
1
 42
2.0
291
1
 43
8.0
  3
Standard
 44
4.0
300

342
29
174
1
175
1
176
0
178
1
 93
-1056964608
 45
4.0
292
0
297
0
 46
4.0
 94
-1056964608
 47
1.0
 49
1.0
140
1.0
294
1
141
0.0
177
0
142
1.0
295
0
296
0
143
3.75
271
0
272
9
273
9
  0
DICTIONARY
  5
2D
330
A
100
AcDbDictionary
280
1
281
1
  3
CREATED_BY_EZDXF
350
2E
  3
WRITTEN_BY_EZDXF
350
3F1
  0
DICTIONARYVAR
  5
2E
330
2D
100
DictionaryVariables
280
0
  1
1.4.4 @ 2026-10-03T07:35:21.393842+00:00
  0
DICTIONARYVAR
  5
3F1
330
2D
100
DictionaryVariables
280
0
  1
1.4.4 @ 2026-10-03T07:35:21.499688+00:00
  0
ENDSEC
  0
EOF
