  0
SECTION
  2
HEADER
  9
$ACADVER
  1
AC1032
  9
$ACADMAINTVER
 90
4
  9
$DWGCODEPAGE
  3
ANSI_1252
  9
$LASTSAVEDBY
  1
ezdxf
  9
$REQUIREDVERSIONS
160
0
  9
$INSBASE
 10
0.0
 20
0.0
 30
0.0
  9
$EXTMIN
 10
1e+20
 20
1e+20
 30
1e+20
  9
$EXTMAX
 10
-1e+20
 20
-1e+20
 30
-1e+20
  9
$LIMMIN
 10
0.0
 20
0.0
  9
$LIMMAX
 10
420.0
 20
297.0
  9
$ORTHOMODE
 70
0
  9
$REGENMODE
 70
1
  9
$FILLMODE
 70
1
  9
$QTEXTMODE
 70
0
  9
$MIRRTEXT
 70
1
  9
$LTSCALE
 40
1.0
  9
$ATTMODE
 70
1
  9
$TEXTSIZE
 40
2.5
  9
$TRACEWID
 40
1.0
  9
$TEXTSTYLE
  7
Standard
  9
$CLAYER
  8
0
  9
$CELTYPE
  6
ByLayer
  9
$CECOLOR
 62
256
  9
$CELTSCALE
 40
1.0
  9
$DISPSILH
 70
0
  9
$DIMSCALE
 40
1.0
  9
$DIMASZ
 40
2.5
  9
$DIMEXO
 40
0.625
  9
$DIMDLI
 40
3.75
  9
$DIMRND
 40
0.0
  9
$DIMDLE
 40
0.0
  9
$DIMEXE
 40
1.25
  9
$DIMTP
 40
0.0
  9
$DIMTM
 40
0.0
  9
$DIMTXT
 40
2.5
  9
$DIMCEN
 40
2.5
  9
$DIMTSZ
 40
0.0
  9
$DIMTOL
 70
0
  9
$DIMLIM
 70
0
  9
$DIMTIH
 70
0
  9
$DIMTOH
 70
0
  9
$DIMSE1
 70
0
  9
$DIMSE2
 70
0
  9
$DIMTAD
 70
1
  9
$DIMZIN
 70
8
  9
$DIMBLK
  1

  9
$DIMASO
 70
1
  9
$DIMSHO
 70
1
  9
$DIMPOST
  1

  9
$DIMAPOST
  1

  9
$DIMALT
 70
0
  9
$DIMALTD
 70
3
  9
$DIMALTF
 40
0.03937007874
  9
$DIMLFAC
 40
1.0
  9
$DIMTOFL
 70
1
  9
$DIMTVP
 40
0.0
  9
$DIMTIX
 70
0
  9
$DIMSOXD
 70
0
  9
$DIMSAH
 70
0
  9
$DIMBLK1
  1

  9
$DIMBLK2
  1

  9
$DIMSTYLE
  2
ISO-25
  9
$DIMCLRD
 70
0
  9
$DIMCLRE
 70
0
  9
$DIMCLRT
 70
0
  9
$DIMTFAC
 40
1.0
  9
$DIMGAP
 40
0.625
  9
$DIMJUST
 70
0
  9
$DIMSD1
 70
0
  9
$DIMSD2
 70
0
  9
$DIMTOLJ
 70
0
  9
$DIMTZIN
 70
8
  9
$DIMALTZ
 70
0
  9
$DIMALTTZ
 70
0
  9
$DIMUPT
 70
0
  9
$DIMDEC
 70
2
  9
$DIMTDEC
 70
2
  9
$DIMALTU
 70
2
  9
$DIMALTTD
 70
3
  9
$DIMTXSTY
  7
Standard
  9
$DIMAUNIT
 70
0
  9
$DIMADEC
 70
0
  9
$DIMALTRND
 40
0.0
  9
$DIMAZIN
 70
0
  9
$DIMDSEP
 70
44
  9
$DIMATFIT
 70
3
  9
$DIMFRAC
 70
0
  9
$DIMLDRBLK
  1

  9
$DIMLUNIT
 70
2
  9
$DIMLWD
 70
-2
  9
$DIMLWE
 70
-2
  9
$DIMTMOVE
 70
0
  9
$DIMFXL
 40
1.0
  9
$DIMFXLON
 70
0
  9
$DIMJOGANG
 40
0.785398163397
  9
$DIMTFILL
 70
0
  9
$DIMTFILLCLR
 70
0
  9
$DIMARCSYM
 70
0
  9
$DIMLTYPE
  6

  9
$DIMLTEX1
  6

  9
$DIMLTEX2
  6

  9
$DIMTXTDIRECTION
 70
0
  9
$LUNITS
 70
2
  9
$LUPREC
 70
4
  9
$SKETCHINC
 40
1.0
  9
$FILLETRAD
 40
10.0
  9
$AUNITS
 70
0
  9
$AUPREC
 70
2
  9
$MENU
  1
.
  9
$ELEVATION
 40
0.0
  9
$PELEVATION
 40
0.0
  9
$THICKNESS
 40
0.0
  9
$LIMCHECK
 70
0
  9
$CHAMFERA
 40
0.0
  9
$CHAMFERB
 40
0.0
  9
$CHAMFERC
 40
0.0
  9
$CHAMFERD
 40
0.0
  9
$SKPOLY
 70
0
  9
$TDCREATE
 40
2461317.3161689816
  9
$TDUCREATE
 40
2458532.153996898
  9
$TDUPDATE
 40
2461317.3161689816
  9
$TDUUPDATE
 40
2458532.1544311
  9
$TDINDWG
 40
0.0
  9
$TDUSRTIMER
 40
0.0
  9
$USRTIMER
 70
1
  9
$ANGBASE
 50
0.0
  9
$ANGDIR
 70
0
  9
$PDMODE
 70
0
  9
$PDSIZE
 40
0.0
  9
$PLINEWID
 40
0.0
  9
$SPLFRAME
 70
0
  9
$SPLINETYPE
 70
6
  9
$SPLINESEGS
 70
8
  9
$HANDSEED
  5
601
  9
$SURFTAB1
 70
6
  9
$SURFTAB2
 70
6
  9
$SURFTYPE
 70
6
  9
$SURFU
 70
6
  9
$SURFV
 70
6
  9
$UCSBASE
  2

  9
$UCSNAME
  2

  9
$UCSORG
 10
0.0
 20
0.0
 30
0.0
  9
$UCSXDIR
 10
1.0
 20
0.0
 30
0.0
  9
$UCSYDIR
 10
0.0
 20
1.0
 30
0.0
  9
$UCSORTHOREF
  2

  9
$UCSORTHOVIEW
 70
0
  9
$UCSORGTOP
 10
0.0
 20
0.0
 30
0.0
  9
$UCSORGBOTTOM
 10
0.0
 20
0.0
 30
0.0
  9
$UCSORGLEFT
 10
0.0
 20
0.0
 30
0.0
  9
$UCSORGRIGHT
 10
0.0
 20
0.0
 30
0.0
  9
$UCSORGFRONT
 10
0.0
 20
0.0
 30
0.0
  9
$UCSORGBACK
 10
0.0
 20
0.0
 30
0.0
  9
$PUCSBASE
  2

  9
$PUCSNAME
  2

  9
$PUCSORG
 10
0.0
 20
0.0
 30
0.0
  9
$PUCSXDIR
 10
1.0
 20
0.0
 30
0.0
  9
$PUCSYDIR
 10
0.0
 20
1.0
 30
0.0
  9
$PUCSORTHOREF
  2

  9
$PUCSORTHOVIEW
 70
0
  9
$PUCSORGTOP
 10
0.0
 20
0.0
 30
0.0
  9
$PUCSORGBOTTOM
 10
0.0
 20
0.0
 30
0.0
  9
$PUCSORGLEFT
 10
0.0
 20
0.0
 30
0.0
  9
$PUCSORGRIGHT
 10
0.0
 20
0.0
 30
0.0
  9
$PUCSORGFRONT
 10
0.0
 20
0.0
 30
0.0
  9
$PUCSORGBACK
 10
0.0
 20
0.0
 30
0.0
  9
$USERI1
 70
0
  9
$USERI2
 70
0
  9
$USERI3
 70
0
  9
$USERI4
 70
0
  9
$USERI5
 70
0
  9
$USERR1
 40
0.0
  9
$USERR2
 40
0.0
  9
$USERR3
 40
0.0
  9
$USERR4
 40
0.0
  9
$USERR5
 40
0.0
  9
$WORLDVIEW
 70
1
  9
$SHADEDGE
 70
3
  9
$SHADEDIF
 70
70
  9
$TILEMODE
 70
1
  9
$MAXACTVP
 70
64
  9
$PINSBASE
 10
0.0
 20
0.0
 30
0.0
  9
$PLIMCHECK
 70
0
  9
$PEXTMIN
 10
1e+20
 20
1e+20
 30
1e+20
  9
$PEXTMAX
 10
-1e+20
 20
-1e+20
 30
-1e+20
  9
$PLIMMIN
 10
0.0
 20
0.0
  9
$PLIMMAX
 10
420.0
 20
297.0
  9
$UNITMODE
 70
0
  9
$VISRETAIN
 70
1
  9
$PLINEGEN
 70
0
  9
$PSLTSCALE
 70
1
  9
$TREEDEPTH
 70
3020
  9
$CMLSTYLE
  2
Standard
  9
$CMLJUST
 70
0
  9
$CMLSCALE
 40
20.0
  9
$PROXYGRAPHICS
 70
1
  9
$MEASUREMENT
 70
1
  9
$CELWEIGHT
370
-1
  9
$ENDCAPS
280
0
  9
$JOINSTYLE
280
0
  9
$LWDISPLAY
290
0
  9
$INSUNITS
 70
6
  9
$HYPERLINKBASE
  1

  9
$STYLESHEET
  1

  9
$XEDIT
290
1
  9
$CEPSNTYPE
380
0
  9
$PSTYLEMODE
290
1
  9
$FINGERPRINTGUID
  2
{E49E3899-B86B-4C8F-A688-6D6929A05317}
  9
$VERSIONGUID
  2
{7A08CF7E-12F2-4113-98F9-6466D2F7AD25}
  9
$EXTNAMES
290
1
  9
$PSVPSCALE
 40
0.0
  9
$OLESTARTUP
290
0
  9
$SORTENTS
280
127
  9
$INDEXCTL
280
0
  9
$HIDETEXT
280
1
  9
$XCLIPFRAME
280
1
  9
$HALOGAP
280
0
  9
$OBSCOLOR
 70
257
  9
$OBSLTYPE
280
0
  9
$INTERSECTIONDISPLAY
280
0
  9
$INTERSECTIONCOLOR
 70
257
  9
$DIMASSOC
280
2
  9
$PROJECTNAME
  1

  9
$CAMERADISPLAY
290
0
  9
$LENSLENGTH
 40
50.0
  9
$CAMERAHEIGHT
 40
0.0
  9
$STEPSPERSEC
 40
24.0
  9
$STEPSIZE
 40
100.0
  9
$3DDWFPREC
 40
2.0
  9
$PSOLWIDTH
 40
0.005
  9
$PSOLHEIGHT
 40
0.08
  9
$LOFTANG1
 40
1.570796326795
  9
$LOFTANG2
 40
1.570796326795
  9
$LOFTMAG1
 40
0.0
  9
$LOFTMAG2
 40
0.0
  9
$LOFTPARAM
 70
7
  9
$LOFTNORMALS
280
1
  9
$LATITUDE
 40
37.795
  9
$LONGITUDE
 40
-122.394
  9
$NORTHDIRECTION
 40
0.0
  9
$TIMEZONE
 70
-8000
  9
$LIGHTGLYPHDISPLAY
280
1
  9
$TILEMODELIGHTSYNCH
280
1
  9
$CMATERIAL
347
20
  9
$SOLIDHIST
280
0
  9
$SHOWHIST
280
1
  9
$DWFFRAME
280
2
  9
$DGNFRAME
280
2
  9
$REALWORLDSCALE
290
1
  9
$INTERFERECOLOR
 62
256
  9
$CSHADOW
280
0
  9
$SHADOWPLANELOCATION
 40
0.0
  0
ENDSEC
  0
SECTION
  2
CLASSES
  0
CLASS
  1
ACDBDICTIONARYWDFLT
  2
AcDbDictionaryWithDefault
  3
ObjectDBX Classes
 90
0
 91
0
280
0
281
0
  0
CLASS
  1
SUN
  2
AcDbSun
  3
SCENEOE
 90
1153
 91
0
280
0
281
0
  0
CLASS
  1
VISUALSTYLE
  2
AcDbVisualStyle
  3
ObjectDBX Classes
 90
4095
 91
0
280
0
281
0
  0
CLASS
  1
MATERIAL
  2
AcDbMaterial
  3
ObjectDBX Classes
 90
1153
 91
0
280
0
281
0
  0
CLASS
  1
SCALE
  2
AcDbScale
  3
ObjectDBX Classes
 90
1153
 91
0
280
0
281
0
  0
CLASS
  1
TABLESTYLE
  2
AcDbTableStyle
  3
ObjectDBX Classes
 90
4095
 91
0
280
0
281
0
  0
CLASS
  1
MLEADERSTYLE
  2
AcDbMLeaderStyle
  3
ACDB_MLEADERSTYLE_CLASS
 90
4095
 91
0
280
0
281
0
  0
CLASS
  1
DICTIONARYVAR
  2
AcDbDictionaryVar
  3
ObjectDBX Classes
 90
0
 91
0
280
0
281
0
  0
CLASS
  1
CELLSTYLEMAP
  2
AcDbCellStyleMap
  3
ObjectDBX Classes
 90
1152
 91
0
280
0
281
0
  0
CLASS
  1
MENTALRAYRENDERSETTINGS
  2
AcDbMentalRayRenderSettings
  3
SCENEOE
 90
1024
 91
0
280
0
281
0
  0
CLASS
  1
ACDBDETAILVIEWSTYLE
  2
AcDbDetailViewStyle
  3
ObjectDBX Classes
 90
1025
 91
0
280
0
281
0
  0
CLASS
  1
ACDBSECTIONVIEWSTYLE
  2
AcDbSectionViewStyle
  3
ObjectDBX Classes
 90
1025
 91
0
280
0
281
0
  0
CLASS
  1
RASTERVARIABLES
  2
AcDbRasterVariables
  3
ISM
 90
0
 91
0
280
0
281
0
  0
CLASS
  1
ACDBPLACEHOLDER
  2
AcDbPlaceHolder
  3
ObjectDBX Classes
 90
0
 91
0
280
0
281
0
  0
CLASS
  1
LAYOUT
  2
AcDbLayout
  3
ObjectDBX Classes
 90
0
 91
0
280
0
281
0
  0
ENDSEC
  0
SECTION
  2
TABLES
  0
TABLE
  2
VPORT
  5
8
330
0
100
AcDbSymbolTable
 70
1
  0
VPORT
  5
23
330
8
100
AcDbSymbolTableRecord
100
AcDbViewportTableRecord
  2
*Active
 70
0
 10
0.0
 20
0.0
 11
1.0
 21
1.0
 12
0.0
 22
0.0
 13
0.0
 23
0.0
 14
0.5
 24
0.5
 15
0.5
 25
0.5
 16
0.0
 26
0.0
 36
1.0
 17
0.0
 27
0.0
 37
0.0
 40
1000.0
 41
1.34
 42
50.0
 43
0.0
 44
0.0
 50
0.0
 51
0.0
 71
0
 72
1000
 73
1
 74
3
 75
0
 76
0
 77
0
 78
0
281
0
 65
0
146
0.0
  0
ENDTAB
  0
TABLE
  2
LTYPE
  5
2
330
0
100
AcDbSymbolTable
 70
3
  0
LTYPE
  5
24
330
2
100
AcDbSymbolTableRecord
100
AcDbLinetypeTableRecord
  2
ByBlock
 70
0
  3

 72
65
 73
0
 40
0.0
  0
LTYPE
  5
25
330
2
100
AcDbSymbolTableRecord
100
AcDbLinetypeTableRecord
  2
ByLayer
 70
0
  3

 72
65
 73
0
 40
0.0
  0
LTYPE
  5
26
330
2
100
AcDbSymbolTableRecord
100
AcDbLinetypeTableRecord
  2
Continuous
 70
0
  3

 72
65
 73
0
 40
0.0
  0
ENDTAB
  0
TABLE
  2
LAYER
  5
1
330
0
100
AcDbSymbolTable
 70
10
  0
LAYER
  5
27
330
1
100
AcDbSymbolTableRecord
100
AcDbLayerTableRecord
  2
0
 70
0
 62
7
  6
Continuous
370
-3
390
13
347
21
  0
LAYER
  5
28
330
1
100
AcDbSymbolTableRecord
100
AcDbLayerTableRecord
  2
Defpoints
 70
0
 62
7
  6
Continuous
290
0
370
-3
390
13
347
21
  0
LAYER
  5
2F
330
1
100
AcDbSymbolTableRecord
100
AcDbLayerTableRecord
  2
0-LOUVRE
 70
0
 62
7
  6
Continuous
370
-3
390
13
347
21
  0
LAYER
  5
31
330
1
100
AcDbSymbolTableRecord
100
AcDbLayerTableRecord
  2
A-WALL
 70
0
 62
7
  6
Continuous
370
-3
390
13
347
21
  0
LAYER
  5
37
330
1
100
AcDbSymbolTableRecord
100
AcDbLayerTableRecord
  2
A-FLOR
 70
0
 62
7
  6
Continuous
370
-3
390
13
347
21
  0
LAYER
  5
3A
330
1
100
AcDbSymbolTableRecord
100
AcDbLayerTableRecord
  2
0-VENTANAS
 70
0
 62
7
  6
Continuous
370
-3
390
13
347
21
  0
LAYER
  5
D4
330
1
100
AcDbSymbolTableRecord
100
AcDbLayerTableRecord
  2
A-GLAZ-CWMG
 70
0
 62
7
  6
Continuous
370
-3
390
13
347
21
  0
LAYER
  5
134
330
1
100
AcDbSymbolTableRecord
100
AcDbLayerTableRecord
  2
0-cortes
 70
0
 62
7
  6
Continuous
370
-3
390
13
347
21
  0
LAYER
  5
41F
330
1
100
AcDbSymbolTableRecord
100
AcDbLayerTableRecord
  2
0-COD LOU
 70
0
 62
7
  6
Continuous
370
-3
390
13
347
21
  0
LAYER
  5
425
330
1
100
AcDbSymbolTableRecord
100
AcDbLayerTableRecord
  2
0-EJES
 70
0
 62
7
  6
Continuous
370
-3
390
13
347
21
  0
ENDTAB
  0
TABLE
  2
STYLE
  5
5
330
0
100
AcDbSymbolTable
 70
1
  0
STYLE
  5
29
330
5
100
AcDbSymbolTableRecord
100
AcDbTextStyleTableRecord
  2
Standard
 70
0
 40
0.0
 41
1.0
 50
0.0
 71
0
 42
2.5
  3
txt
  4

  0
ENDTAB
  0
TABLE
  2
VIEW
  5
7
330
0
100
AcDbSymbolTable
 70
0
  0
ENDTAB
  0
TABLE
  2
UCS
  5
6
330
0
100
AcDbSymbolTable
 70
0
  0
ENDTAB
  0
TABLE
  2
APPID
  5
3
330
0
100
AcDbSymbolTable
 70
3
  0
APPID
  5
2A
330
3
100
AcDbSymbolTableRecord
100
AcDbRegAppTableRecord
  2
ACAD
 70
0
  0
APPID
  5
5FE
330
3
100
AcDbSymbolTableRecord
100
AcDbRegAppTableRecord
  2
HATCHBACKGROUNDCOLOR
 70
0
  0
APPID
  5
5FF
330
3
100
AcDbSymbolTableRecord
100
AcDbRegAppTableRecord
  2
EZDXF
 70
0
  0
ENDTAB
  0
TABLE
  2
DIMSTYLE
  5
4
330
0
100
AcDbSymbolTable
 70
1
100
AcDbDimStyleTable
  0
DIMSTYLE
105
2B
330
4
100
AcDbSymbolTableRecord
100
AcDbDimStyleTableRecord
  2
Standard
 70
0
 40
1.0
 41
2.5
 42
0.625
 43
3.75
 44
1.25
 45
0.0
 46
0.0
 47
0.0
 48
0.0
 49
2.5
140
2.5
141
2.5
142
0.0
143
0.03937007874
144
1.0
145
0.0
146
1.0
147
0.625
148
0.0
 69
0
 70
0
 71
0
 72
0
 73
0
 74
0
 75
0
 76
0
 77
1
 78
8
 79
3
170
0
171
3
172
1
173
0
174
0
175
0
176
0
177
0
178
0
179
2
271
2
272
2
273
2
274
3
275
0
276
0
277
2
278
44
279
0
280
0
281
0
282
0
283
0
284
8
285
0
286
0
288
0
289
3
290
0
371
-2
372
-2
  0
ENDTAB
  0
TABLE
  2
BLOCK_RECORD
  5
9
330
0
100
AcDbSymbolTable
 70
2
  0
BLOCK_RECORD
  5
17
330
9
100
AcDbSymbolTableRecord
100
AcDbBlockTableRecord
  2
*Model_Space
340
1A
 70
0
280
1
281
0
  0
BLOCK_RECORD
  5
1B
330
9
100
AcDbSymbolTableRecord
100
AcDbBlockTableRecord
  2
*Paper_Space
340
1E
 70
0
280
1
281
0
  0
ENDTAB
  0
ENDSEC
  0
SECTION
  2
BLOCKS
  0
BLOCK
  5
18
330
17
100
AcDbEntity
  8
0
100
AcDbBlockBegin
  2
*Model_Space
 70
0
 10
0.0
 20
0.0
 30
0.0
  3
*Model_Space
  1

  0
ENDBLK
  5
19
330
17
100
AcDbEntity
  8
0
100
AcDbBlockEnd
  0
BLOCK
  5
1C
330
1B
100
AcDbEntity
  8
0
100
AcDbBlockBegin
  2
*Paper_Space
 70
0
 10
0.0
 20
0.0
 30
0.0
  3
*Paper_Space
  1

  0
ENDBLK
  5
1D
330
1B
100
AcDbEntity
  8
0
100
AcDbBlockEnd
  0
ENDSEC
  0
SECTION
  2
ENTITIES
  0
LINE
  5
30
330
17
100
AcDbEntity
  8
0-LOUVRE
 62
11
100
AcDbLine
 10
72.66001000571109
 20
5.619999999999999
 30
0.0
 11
72.66001000571109
 21
-5e-16
 31
0.0
  0
LINE
  5
32
330
17
100
AcDbEntity
  8
A-WALL
 62
11
100
AcDbLine
 10
72.56001000567909
 20
-3e-16
 30
0.0
 11
72.56001000567909
 21
6.611820983235262
 31
0.0
  0
LINE
  5
33
330
17
100
AcDbEntity
  8
0
 62
8
100
AcDbLine
 10
72.56001000567908
 20
13.42999999999741
 30
0.0
 11
-0.2301233392039563
 21
13.42999999999741
 31
0.0
  0
LINE
  5
34
330
17
100
AcDbEntity
  8
A-WALL
 62
11
100
AcDbLine
 10
-0.2301233392039303
 20
0.0
 30
0.0
 11
-0.2301233392039538
 21
6.611820983235261
 31
0.0
  0
LINE
  5
35
330
17
100
AcDbEntity
  8
A-WALL
 62
11
100
AcDbLine
 10
82.69001000430718
 20
5.619999999999999
 30
0.0
 11
82.69001000430728
 21
-2e-16
 31
0.0
  0
LINE
  5
36
330
17
100
AcDbEntity
  8
A-WALL
 62
11
100
AcDbLine
 10
82.69001000430718
 20
5.619999999999999
 30
0.0
 11
72.66001000571109
 21
5.619999999999999
 31
0.0
  0
LINE
  5
38
330
17
100
AcDbEntity
  8
A-FLOR
 62
4
100
AcDbLine
 10
-3.570399849998831
 20
0.0
 30
0.0
 11
85.51494155000105
 21
0.0
 31
0.0
  0
LINE
  5
39
330
17
100
AcDbEntity
  8
A-FLOR
100
AcDbLine
 10
82.69001000430725
 20
0.0
 30
0.0
 11
82.69001000430725
 21
-0.0011288766999671
 31
0.0
  0
LINE
  5
3B
330
17
100
AcDbEntity
  8
0-VENTANAS
 62
8
100
AcDbLine
 10
13.07501000568387
 20
5.509999999997422
 30
0.0
 11
13.07501000568387
 21
0.0
 31
0.0
  0
LINE
  5
3C
330
17
100
AcDbEntity
  8
0-VENTANAS
 62
8
100
AcDbLine
 10
10.92501000568387
 20
5.509999999997422
 30
0.0
 11
10.92501000568387
 21
0.0
 31
0.0
  0
LWPOLYLINE
  5
3D
330
17
100
AcDbEntity
  8
0-VENTANAS
 62
8
100
AcDbPolyline
 90
4
 70
1
 10
10.92501000568387
 20
5.509999999997421
 10
13.07501000568387
 20
5.509999999997421
 10
13.07501000568387
 20
0.0
 10
10.92501000568387
 20
0.0
  0
LINE
  5
3E
330
17
100
AcDbEntity
  8
0-VENTANAS
 62
8
100
AcDbLine
 10
10.92501000568387
 20
5.509999999997422
 30
0.0
 11
13.07501000568387
 21
5.509999999997422
 31
0.0
  0
LINE
  5
3F
330
17
100
AcDbEntity
  8
0-VENTANAS
 62
8
100
AcDbLine
 10
10.99001000568387
 20
5.444999999997421
 30
0.0
 11
11.96751000568387
 21
5.444999999997421
 31
0.0
  0
LINE
  5
40
330
17
100
AcDbEntity
  8
0-VENTANAS
 62
8
100
AcDbLine
 10
12.03251000568387
 20
5.444999999997421
 30
0.0
 11
13.01001000568387
 21
5.444999999997421
 31
0.0
  0
LINE
  5
41
330
17
100
AcDbEntity
  8
0-VENTANAS
 62
8
100
AcDbLine
 10
10.92501000568387
 20
5.509999999997422
 30
0.0
 11
10.92501000568387
 21
-2.5793e-12
 31
0.0
  0
LINE
  5
42
330
17
100
AcDbEntity
  8
0-VENTANAS
 62
8
100
AcDbLine
 10
10.99001000568387
 20
5.509999999997422
 30
0.0
 11
10.99001000568387
 21
-2.5793e-12
 31
0.0
  0
LINE
  5
43
330
17
100
AcDbEntity
  8
0-VENTANAS
 62
8
100
AcDbLine
 10
13.07501000568387
 20
5.509999999997422
 30
0.0
 11
13.07501000568387
 21
-2.5793e-12
 31
0.0
  0
LINE
  5
44
330
17
100
AcDbEntity
  8
0-VENTANAS
 62
8
100
AcDbLine
 10
13.01001000568387
 20
5.509999999997422
 30
0.0
 11
13.01001000568387
 21
-2.5793e-12
 31
0.0
  0
LINE
  5
45
330
17
100
AcDbEntity
  8
0-VENTANAS
 62
8
100
AcDbLine
 10
10.99001000568387
 20
0.0649999999974185
 30
0.0
 11
11.96751000568387
 21
0.064999999997422
 31
0.0
  0
LINE
  5
46
330
17
100
AcDbEntity
  8
0-VENTANAS
 62
8
100
AcDbLine
 10
12.03251000568388
 20
0.064999999997422
 30
0.0
 11
13.01001000568387
 21
0.0649999999974256
 31
0.0
  0
LINE
  5
47
330
17
100
AcDbEntity
  8
0-VENTANAS
 62
8
100
AcDbLine
 10
11.96751000568387
 20
-2.5828e-12
 30
0.0
 11
11.96751000568387
 21
5.509999999997422
 31
0.0
  0
LINE
  5
48
330
17
100
AcDbEntity
  8
0-VENTANAS
 62
8
100
AcDbLine
 10
12.03251000568387
 20
-2.5828e-12
 30
0.0
 11
12.03251000568387
 21
5.509999999997422
 31
0.0
  0
LINE
  5
49
330
17
100
AcDbEntity
  8
0-VENTANAS
 62
8
100
AcDbLine
 10
11.96751000568387
 20
2.399999999997415
 30
0.0
 11
10.99001000568387
 21
2.399999999997415
 31
0.0
  0
LINE
  5
4A
330
17
100
AcDbEntity
  8
0-VENTANAS
 62
8
100
AcDbLine
 10
11.96751000568387
 20
2.464999999997417
 30
0.0
 11
10.99001000568387
 21
2.46499999999742
 31
0.0
  0
LINE
  5
4B
330
17
100
AcDbEntity
  8
0-VENTANAS
 62
8
100
AcDbLine
 10
13.01001000568387
 20
2.399999999997415
 30
0.0
 11
12.03251000568387
 21
2.399999999997419
 31
0.0
  0
LINE
  5
4C
330
17
100
AcDbEntity
  8
0-VENTANAS
 62
8
100
AcDbLine
 10
13.01001000568387
 20
2.464999999997417
 30
0.0
 11
12.03251000568387
 21
2.46499999999742
 31
0.0
  0
LINE
  5
4D
330
17
100
AcDbEntity
  8
0-VENTANAS
 62
8
100
AcDbLine
 10
12.00001000568387
 20
5.509999999997422
 30
0.0
 11
12.00001000568387
 21
-2.5793e-12
 31
0.0
  0
LINE
  5
4E
330
17
100
AcDbEntity
  8
0-VENTANAS
 62
8
100
AcDbLine
 10
13.07501000568387
 20
2.432499999997418
 30
0.0
 11
10.92501000568387
 21
2.432499999997418
 31
0.0
  0
LWPOLYLINE
  5
4F
330
17
100
AcDbEntity
  8
0-VENTANAS
 62
8
100
AcDbPolyline
 90
4
 70
1
 10
10.92501000568387
 20
5.509999999997422
 10
13.07501000568387
 20
5.509999999997422
 10
13.07501000568387
 20
-2.5793e-12
 10
10.92501000568387
 20
-2.5793e-12
  0
LINE
  5
50
330
17
100
AcDbEntity
  8
0-VENTANAS
 62
8
100
AcDbLine
 10
20.52501000568636
 20
5.509999999997423
 30
0.0
 11
20.52501000568636
 21
9e-16
 31
0.0
  0
LINE
  5
51
330
17
100
AcDbEntity
  8
0-VENTANAS
 62
8
100
AcDbLine
 10
22.67501000568636
 20
5.509999999997423
 30
0.0
 11
22.67501000568636
 21
9e-16
 31
0.0
  0
LINE
  5
52
330
17
100
AcDbEntity
  8
0-VENTANAS
100
AcDbLine
 10
20.59001000568636
 20
9e-16
 30
0.0
 11
21.56751000568526
 21
9e-16
 31
0.0
  0
LINE
  5
53
330
17
100
AcDbEntity
  8
0-VENTANAS
100
AcDbLine
 10
21.63251000568527
 20
9e-16
 30
0.0
 11
22.61001000568418
 21
9e-16
 31
0.0
  0
LWPOLYLINE
  5
54
330
17
100
AcDbEntity
  8
0-VENTANAS
 62
8
100
AcDbPolyline
 90
4
 70
1
 10
20.52501000568636
 20
5.509999999997422
 10
22.67501000568636
 20
5.509999999997422
 10
22.67501000568636
 20
9e-16
 10
20.52501000568636
 20
9e-16
  0
LINE
  5
55
330
17
100
AcDbEntity
  8
0-VENTANAS
 62
11
100
AcDbLine
 10
20.52501000568636
 20
5.509999999997423
 30
0.0
 11
22.67501000568636
 21
5.509999999997423
 31
0.0
  0
LINE
  5
56
330
17
100
AcDbEntity
  8
0-VENTANAS
 62
8
100
AcDbLine
 10
20.59001000568636
 20
5.444999999997421
 30
0.0
 11
21.56751000568636
 21
5.444999999997421
 31
0.0
  0
LINE
  5
57
330
17
100
AcDbEntity
  8
0-VENTANAS
 62
8
100
AcDbLine
 10
21.63251000568636
 20
5.444999999997421
 30
0.0
 11
22.61001000568636
 21
5.444999999997421
 31
0.0
  0
LINE
  5
58
330
17
100
AcDbEntity
  8
0-VENTANAS
 62
8
100
AcDbLine
 10
20.52501000568636
 20
5.509999999997423
 30
0.0
 11
20.52501000568636
 21
-2.5784e-12
 31
0.0
  0
LINE
  5
59
330
17
100
AcDbEntity
  8
0-VENTANAS
 62
8
100
AcDbLine
 10
20.59001000568636
 20
5.509999999997423
 30
0.0
 11
20.59001000568636
 21
-2.5784e-12
 31
0.0
  0
LINE
  5
5A
330
17
100
AcDbEntity
  8
0-VENTANAS
 62
8
100
AcDbLine
 10
22.67501000568636
 20
5.509999999997423
 30
0.0
 11
22.67501000568636
 21
-2.5784e-12
 31
0.0
  0
LINE
  5
5B
330
17
100
AcDbEntity
  8
0-VENTANAS
 62
8
100
AcDbLine
 10
22.61001000568636
 20
5.509999999997423
 30
0.0
 11
22.61001000568636
 21
-2.5784e-12
 31
0.0
  0
LINE
  5
5C
330
17
100
AcDbEntity
  8
0-VENTANAS
100
AcDbLine
 10
20.50001000568636
 20
-2.5784e-12
 30
0.0
 11
22.70001000568636
 21
-2.5784e-12
 31
0.0
  0
LINE
  5
5D
330
17
100
AcDbEntity
  8
0-VENTANAS
 62
8
100
AcDbLine
 10
20.59001000568636
 20
0.0649999999974194
 30
0.0
 11
21.56751000568636
 21
0.0649999999974229
 31
0.0
  0
LINE
  5
5E
330
17
100
AcDbEntity
  8
0-VENTANAS
 62
8
100
AcDbLine
 10
21.63251000568636
 20
0.0649999999974229
 30
0.0
 11
22.61001000568636
 21
0.0649999999974265
 31
0.0
  0
LINE
  5
5F
330
17
100
AcDbEntity
  8
0-VENTANAS
 62
8
100
AcDbLine
 10
21.56751000568636
 20
-2.5819e-12
 30
0.0
 11
21.56751000568636
 21
5.509999999997423
 31
0.0
  0
LINE
  5
60
330
17
100
AcDbEntity
  8
0-VENTANAS
 62
8
100
AcDbLine
 10
21.63251000568636
 20
-2.5819e-12
 30
0.0
 11
21.63251000568636
 21
5.509999999997423
 31
0.0
  0
LINE
  5
61
330
17
100
AcDbEntity
  8
0-VENTANAS
 62
8
100
AcDbLine
 10
21.56751000568636
 20
2.399999999997416
 30
0.0
 11
20.59001000568636
 21
2.399999999997416
 31
0.0
  0
LINE
  5
62
330
17
100
AcDbEntity
  8
0-VENTANAS
 62
8
100
AcDbLine
 10
21.56751000568636
 20
2.464999999997417
 30
0.0
 11
20.59001000568636
 21
2.464999999997421
 31
0.0
  0
LINE
  5
63
330
17
100
AcDbEntity
  8
0-VENTANAS
 62
8
100
AcDbLine
 10
22.61001000568636
 20
2.399999999997416
 30
0.0
 11
21.63251000568636
 21
2.39999999999742
 31
0.0
  0
LINE
  5
64
330
17
100
AcDbEntity
  8
0-VENTANAS
 62
8
100
AcDbLine
 10
22.61001000568636
 20
2.464999999997417
 30
0.0
 11
21.63251000568636
 21
2.464999999997421
 31
0.0
  0
LINE
  5
65
330
17
100
AcDbEntity
  8
0-VENTANAS
 62
8
100
AcDbLine
 10
21.60001000568636
 20
5.509999999997423
 30
0.0
 11
21.60001000568636
 21
-2.5784e-12
 31
0.0
  0
LINE
  5
66
330
17
100
AcDbEntity
  8
0-VENTANAS
 62
8
100
AcDbLine
 10
22.67501000568636
 20
2.432499999997419
 30
0.0
 11
20.52501000568636
 21
2.432499999997419
 31
0.0
  0
LWPOLYLINE
  5
67
330
17
100
AcDbEntity
  8
0-VENTANAS
 62
8
100
AcDbPolyline
 90
4
 70
1
 10
20.52501000568636
 20
5.509999999997423
 10
22.67501000568636
 20
5.509999999997423
 10
22.67501000568636
 20
-2.5784e-12
 10
20.52501000568636
 20
-2.5784e-12
  0
LINE
  5
68
330
17
100
AcDbEntity
  8
0-VENTANAS
 62
8
100
AcDbLine
 10
14.72501000568566
 20
5.444999999997421
 30
0.0
 11
15.69751000568566
 21
5.444999999997421
 31
0.0
  0
LINE
  5
69
330
17
100
AcDbEntity
  8
0-VENTANAS
 62
8
100
AcDbLine
 10
14.66001000568566
 20
5.509999999997422
 30
0.0
 11
14.66001000568566
 21
-2.5793e-12
 31
0.0
  0
LINE
  5
6A
330
17
100
AcDbEntity
  8
0-VENTANAS
 62
8
100
AcDbLine
 10
14.72501000568566
 20
5.509999999997422
 30
0.0
 11
14.72501000568566
 21
-2.5793e-12
 31
0.0
  0
LINE
  5
6B
330
17
100
AcDbEntity
  8
0-VENTANAS
 62
8
100
AcDbLine
 10
15.69751000568566
 20
2.399999999997415
 30
0.0
 11
14.72501000568566
 21
2.399999999997415
 31
0.0
  0
LINE
  5
6C
330
17
100
AcDbEntity
  8
0-VENTANAS
 62
8
100
AcDbLine
 10
16.80001000568567
 20
2.464999999997417
 30
0.0
 11
15.76251000568566
 21
2.464999999997417
 31
0.0
  0
LINE
  5
6D
330
17
100
AcDbEntity
  8
0-VENTANAS
 62
8
100
AcDbLine
 10
15.69751000568566
 20
2.464999999997417
 30
0.0
 11
14.72501000568566
 21
2.46499999999742
 31
0.0
  0
LINE
  5
6E
330
17
100
AcDbEntity
  8
0-VENTANAS
 62
8
100
AcDbLine
 10
18.94001000568566
 20
2.432499999997418
 30
0.0
 11
14.66001000568566
 21
2.432499999997418
 31
0.0
  0
LWPOLYLINE
  5
6F
330
17
100
AcDbEntity
  8
0-VENTANAS
 62
8
100
AcDbPolyline
 90
4
 70
1
 10
14.66001000568566
 20
5.509999999997422
 10
18.94001000568566
 20
5.509999999997422
 10
18.94001000568566
 20
-2.5793e-12
 10
14.66001000568566
 20
-2.5793e-12
  0
LINE
  5
70
330
17
100
AcDbEntity
  8
0-VENTANAS
 62
8
100
AcDbLine
 10
15.73001000568566
 20
5.509999999997422
 30
0.0
 11
15.73001000568566
 21
2.432499999997421
 31
0.0
  0
LINE
  5
71
330
17
100
AcDbEntity
  8
0-VENTANAS
 62
8
100
AcDbLine
 10
16.80001000568566
 20
5.509999999997422
 30
0.0
 11
16.80001000568567
 21
2.432499999997421
 31
0.0
  0
LINE
  5
72
330
17
100
AcDbEntity
  8
0-VENTANAS
 62
8
100
AcDbLine
 10
16.80001000568567
 20
2.331987400251634
 30
0.0
 11
16.80001000568567
 21
-2.5757e-12
 31
0.0
  0
LINE
  5
73
330
17
100
AcDbEntity
  8
0-VENTANAS
 62
8
100
AcDbLine
 10
17.87001000568566
 20
5.509999999997422
 30
0.0
 11
17.87001000568567
 21
2.432499999997421
 31
0.0
  0
LINE
  5
74
330
17
100
AcDbEntity
  8
0-VENTANAS
 62
8
100
AcDbLine
 10
15.69751000568566
 20
-2.5828e-12
 30
0.0
 11
15.69751000568566
 21
5.509999999997422
 31
0.0
  0
LINE
  5
75
330
17
100
AcDbEntity
  8
0-VENTANAS
 62
8
100
AcDbLine
 10
15.76251000568566
 20
-2.5828e-12
 30
0.0
 11
15.76251000568567
 21
5.509999999997422
 31
0.0
  0
LINE
  5
76
330
17
100
AcDbEntity
  8
0-VENTANAS
 62
8
100
AcDbLine
 10
16.76751000568566
 20
2.639786398200197
 30
0.0
 11
16.76751000568567
 21
5.509999999997422
 31
0.0
  0
LINE
  5
77
330
17
100
AcDbEntity
  8
0-VENTANAS
 62
8
100
AcDbLine
 10
16.83251000568567
 20
2.639786398200197
 30
0.0
 11
16.83251000568567
 21
5.509999999997422
 31
0.0
  0
LINE
  5
78
330
17
100
AcDbEntity
  8
0-VENTANAS
 62
8
100
AcDbLine
 10
17.83751000568566
 20
-2.5828e-12
 30
0.0
 11
17.83751000568566
 21
5.509999999997422
 31
0.0
  0
LINE
  5
79
330
17
100
AcDbEntity
  8
0-VENTANAS
 62
8
100
AcDbLine
 10
17.90251000568567
 20
-2.5828e-12
 30
0.0
 11
17.90251000568567
 21
5.509999999997422
 31
0.0
  0
LINE
  5
7A
330
17
100
AcDbEntity
  8
0-VENTANAS
 62
8
100
AcDbLine
 10
17.83751000568567
 20
2.464999999997413
 30
0.0
 11
16.80001000568567
 21
2.46499999999742
 31
0.0
  0
LINE
  5
7B
330
17
100
AcDbEntity
  8
0-VENTANAS
 62
8
100
AcDbLine
 10
18.87501000568566
 20
-2.5828e-12
 30
0.0
 11
18.87501000568566
 21
5.509999999997422
 31
0.0
  0
LINE
  5
7C
330
17
100
AcDbEntity
  8
0-VENTANAS
 62
8
100
AcDbLine
 10
18.87501000568566
 20
2.399999999997415
 30
0.0
 11
17.90251000568567
 21
2.399999999997415
 31
0.0
  0
LINE
  5
7D
330
17
100
AcDbEntity
  8
0-VENTANAS
 62
8
100
AcDbLine
 10
18.87501000568566
 20
2.464999999997417
 30
0.0
 11
17.90251000568567
 21
2.46499999999742
 31
0.0
  0
LINE
  5
7E
330
17
100
AcDbEntity
  8
0-VENTANAS
 62
8
100
AcDbLine
 10
16.76751000568567
 20
5.444999999997421
 30
0.0
 11
15.76251000568567
 21
5.444999999997421
 31
0.0
  0
LINE
  5
7F
330
17
100
AcDbEntity
  8
0-VENTANAS
 62
8
100
AcDbLine
 10
17.83751000568567
 20
5.444999999997421
 30
0.0
 11
16.83251000568567
 21
5.444999999997421
 31
0.0
  0
LINE
  5
80
330
17
100
AcDbEntity
  8
0-VENTANAS
 62
8
100
AcDbLine
 10
18.87501000568566
 20
5.444999999997421
 30
0.0
 11
17.90251000568567
 21
5.444999999997421
 31
0.0
  0
LINE
  5
81
330
17
100
AcDbEntity
  8
0-VENTANAS
 62
8
100
AcDbLine
 10
15.69751000568566
 20
0.064999999997422
 30
0.0
 11
14.72501000568566
 21
0.0649999999974256
 31
0.0
  0
LINE
  5
82
330
17
100
AcDbEntity
  8
0-VENTANAS
 62
8
100
AcDbLine
 10
18.87501000568566
 20
0.064999999997422
 30
0.0
 11
17.90251000568567
 21
0.0649999999974256
 31
0.0
  0
LINE
  5
83
330
17
100
AcDbEntity
  8
0-VENTANAS
 62
8
100
AcDbLine
 10
18.94001000568566
 20
2.639786398200197
 30
0.0
 11
14.66001000568566
 21
2.639786398200193
 31
0.0
  0
LINE
  5
84
330
17
100
AcDbEntity
  8
0-VENTANAS
 62
8
100
AcDbLine
 10
17.83751000568566
 20
2.33198740025163
 30
0.0
 11
15.76251000568566
 21
2.331987400251634
 31
0.0
  0
LINE
  5
85
330
17
100
AcDbEntity
  8
0-VENTANAS
 62
8
100
AcDbLine
 10
17.78754488311612
 20
2.282022277682084
 30
0.0
 11
16.84997512825521
 21
2.282022277682088
 31
0.0
  0
LINE
  5
86
330
17
100
AcDbEntity
  8
0-VENTANAS
 62
8
100
AcDbLine
 10
16.75004488311612
 20
2.282022277682084
 30
0.0
 11
15.81247512825522
 21
2.282022277682084
 31
0.0
  0
LINE
  5
87
330
17
100
AcDbEntity
  8
0-VENTANAS
 62
8
100
AcDbLine
 10
17.78754488311612
 20
0.0619036899925511
 30
0.0
 11
16.84997512825584
 21
0.0619036899925547
 31
0.0
  0
LINE
  5
88
330
17
100
AcDbEntity
  8
0-VENTANAS
 62
8
100
AcDbLine
 10
16.75004488311612
 20
0.0619036899925476
 30
0.0
 11
15.81247512825522
 21
0.0619036899925511
 31
0.0
  0
LINE
  5
89
330
17
100
AcDbEntity
  8
0-VENTANAS
 62
8
100
AcDbLine
 10
17.78754488311612
 20
2.282022277682084
 30
0.0
 11
17.78754488311612
 21
0.0619036899925511
 31
0.0
  0
LINE
  5
8A
330
17
100
AcDbEntity
  8
0-VENTANAS
 62
8
100
AcDbLine
 10
15.81247512825522
 20
2.282022277682084
 30
0.0
 11
15.81247512825522
 21
0.0619036899925511
 31
0.0
  0
LINE
  5
8B
330
17
100
AcDbEntity
  8
0-VENTANAS
 62
8
100
AcDbLine
 10
16.75004488311612
 20
2.282022277682088
 30
0.0
 11
16.75004488311612
 21
0.0619036899925547
 31
0.0
  0
LINE
  5
8C
330
17
100
AcDbEntity
  8
0-VENTANAS
 62
8
100
AcDbLine
 10
16.84997512825521
 20
2.282022277682102
 30
0.0
 11
16.84997512825585
 21
0.0619036899925689
 31
0.0
  0
LWPOLYLINE
  5
8D
330
17
100
AcDbEntity
  8
0-VENTANAS
 62
8
100
AcDbPolyline
 90
6
 70
0
 10
17.05167359076433
 20
1.171962983837321
 10
17.05167359076433
 20
1.171962983837321
 10
17.61842049833542
 20
1.171962983837321
 10
17.51235448115745
 20
1.065896966659355
 10
17.61842049833542
 20
1.171962983837321
 10
17.50881894725149
 20
1.281564534921248
  0
LWPOLYLINE
  5
8E
330
17
100
AcDbEntity
  8
0-VENTANAS
 62
8
100
AcDbPolyline
 90
6
 70
0
 10
16.548346420607
 20
1.171962983837321
 10
16.548346420607
 20
1.171962983837321
 10
15.98159951303592
 20
1.171962983837321
 10
16.08766553021389
 20
1.065896966659355
 10
15.98159951303592
 20
1.171962983837321
 10
16.09120106411985
 20
1.281564534921248
  0
LINE
  5
8F
330
17
100
AcDbEntity
  8
0-VENTANAS
 62
8
100
AcDbLine
 10
15.76251000568566
 20
2.432499999997418
 30
0.0
 11
15.76251000568566
 21
-2.5828e-12
 31
0.0
  0
LINE
  5
90
330
17
100
AcDbEntity
  8
0-VENTANAS
 62
8
100
AcDbLine
 10
17.83751000568566
 20
2.432499999997418
 30
0.0
 11
17.83751000568566
 21
-2.5828e-12
 31
0.0
  0
LINE
  5
91
330
17
100
AcDbEntity
  8
0-VENTANAS
 62
8
100
AcDbLine
 10
34.92501000569362
 20
5.509999999997423
 30
0.0
 11
34.92501000569362
 21
9e-16
 31
0.0
  0
LINE
  5
92
330
17
100
AcDbEntity
  8
0-VENTANAS
 62
8
100
AcDbLine
 10
37.07501000569363
 20
5.509999999997423
 30
0.0
 11
37.07501000569363
 21
9e-16
 31
0.0
  0
LINE
  5
93
330
17
100
AcDbEntity
  8
0-VENTANAS
100
AcDbLine
 10
34.99001000569363
 20
9e-16
 30
0.0
 11
35.96751000569253
 21
9e-16
 31
0.0
  0
LINE
  5
94
330
17
100
AcDbEntity
  8
0-VENTANAS
100
AcDbLine
 10
36.03251000569254
 20
9e-16
 30
0.0
 11
37.01001000569144
 21
9e-16
 31
0.0
  0
LWPOLYLINE
  5
95
330
17
100
AcDbEntity
  8
0-VENTANAS
 62
8
100
AcDbPolyline
 90
4
 70
1
 10
34.92501000569362
 20
5.509999999997422
 10
37.07501000569363
 20
5.509999999997422
 10
37.07501000569363
 20
9e-16
 10
34.92501000569362
 20
9e-16
  0
LINE
  5
96
330
17
100
AcDbEntity
  8
0-VENTANAS
 62
8
100
AcDbLine
 10
34.92501000569362
 20
5.509999999997423
 30
0.0
 11
37.07501000569363
 21
5.509999999997423
 31
0.0
  0
LINE
  5
97
330
17
100
AcDbEntity
  8
0-VENTANAS
 62
8
100
AcDbLine
 10
34.99001000569363
 20
5.444999999997421
 30
0.0
 11
35.96751000569363
 21
5.444999999997421
 31
0.0
  0
LINE
  5
98
330
17
100
AcDbEntity
  8
0-VENTANAS
 62
8
100
AcDbLine
 10
36.03251000569362
 20
5.444999999997421
 30
0.0
 11
37.01001000569362
 21
5.444999999997421
 31
0.0
  0
LINE
  5
99
330
17
100
AcDbEntity
  8
0-VENTANAS
 62
8
100
AcDbLine
 10
34.92501000569362
 20
5.509999999997423
 30
0.0
 11
34.92501000569362
 21
-2.5784e-12
 31
0.0
  0
LINE
  5
9A
330
17
100
AcDbEntity
  8
0-VENTANAS
 62
8
100
AcDbLine
 10
34.99001000569363
 20
5.509999999997423
 30
0.0
 11
34.99001000569363
 21
-2.5784e-12
 31
0.0
  0
LINE
  5
9B
330
17
100
AcDbEntity
  8
0-VENTANAS
 62
8
100
AcDbLine
 10
37.07501000569363
 20
5.509999999997423
 30
0.0
 11
37.07501000569363
 21
-2.5784e-12
 31
0.0
  0
LINE
  5
9C
330
17
100
AcDbEntity
  8
0-VENTANAS
 62
8
100
AcDbLine
 10
37.01001000569362
 20
5.509999999997423
 30
0.0
 11
37.01001000569362
 21
-2.5784e-12
 31
0.0
  0
LINE
  5
9D
330
17
100
AcDbEntity
  8
0-VENTANAS
100
AcDbLine
 10
34.90001000569363
 20
-2.5784e-12
 30
0.0
 11
37.10001000569363
 21
-2.5784e-12
 31
0.0
  0
LINE
  5
9E
330
17
100
AcDbEntity
  8
0-VENTANAS
 62
8
100
AcDbLine
 10
34.99001000569363
 20
0.0649999999974194
 30
0.0
 11
35.96751000569363
 21
0.0649999999974229
 31
0.0
  0
LINE
  5
9F
330
17
100
AcDbEntity
  8
0-VENTANAS
 62
8
100
AcDbLine
 10
36.03251000569363
 20
0.0649999999974229
 30
0.0
 11
37.01001000569362
 21
0.0649999999974265
 31
0.0
  0
LINE
  5
A0
330
17
100
AcDbEntity
  8
0-VENTANAS
 62
8
100
AcDbLine
 10
35.96751000569363
 20
-2.5819e-12
 30
0.0
 11
35.96751000569363
 21
5.509999999997423
 31
0.0
  0
LINE
  5
A1
330
17
100
AcDbEntity
  8
0-VENTANAS
 62
8
100
AcDbLine
 10
36.03251000569362
 20
-2.5819e-12
 30
0.0
 11
36.03251000569362
 21
5.509999999997423
 31
0.0
  0
LINE
  5
A2
330
17
100
AcDbEntity
  8
0-VENTANAS
 62
8
100
AcDbLine
 10
35.96751000569363
 20
2.399999999997416
 30
0.0
 11
34.99001000569363
 21
2.399999999997416
 31
0.0
  0
LINE
  5
A3
330
17
100
AcDbEntity
  8
0-VENTANAS
 62
8
100
AcDbLine
 10
35.96751000569363
 20
2.464999999997417
 30
0.0
 11
34.99001000569363
 21
2.464999999997421
 31
0.0
  0
LINE
  5
A4
330
17
100
AcDbEntity
  8
0-VENTANAS
 62
8
100
AcDbLine
 10
37.01001000569362
 20
2.399999999997416
 30
0.0
 11
36.03251000569362
 21
2.39999999999742
 31
0.0
  0
LINE
  5
A5
330
17
100
AcDbEntity
  8
0-VENTANAS
 62
8
100
AcDbLine
 10
37.01001000569362
 20
2.464999999997417
 30
0.0
 11
36.03251000569362
 21
2.464999999997421
 31
0.0
  0
LINE
  5
A6
330
17
100
AcDbEntity
  8
0-VENTANAS
 62
8
100
AcDbLine
 10
36.00001000569363
 20
5.509999999997423
 30
0.0
 11
36.00001000569363
 21
-2.5784e-12
 31
0.0
  0
LINE
  5
A7
330
17
100
AcDbEntity
  8
0-VENTANAS
 62
8
100
AcDbLine
 10
37.07501000569362
 20
2.432499999997419
 30
0.0
 11
34.92501000569362
 21
2.432499999997419
 31
0.0
  0
LWPOLYLINE
  5
A8
330
17
100
AcDbEntity
  8
0-VENTANAS
 62
8
100
AcDbPolyline
 90
4
 70
1
 10
34.92501000569362
 20
5.509999999997423
 10
37.07501000569363
 20
5.509999999997423
 10
37.07501000569363
 20
-2.5784e-12
 10
34.92501000569362
 20
-2.5784e-12
  0
LINE
  5
A9
330
17
100
AcDbEntity
  8
0-VENTANAS
 62
8
100
AcDbLine
 10
30.12501000569222
 20
5.509999999997422
 30
0.0
 11
30.12501000569222
 21
0.0
 31
0.0
  0
LINE
  5
AA
330
17
100
AcDbEntity
  8
0-VENTANAS
 62
8
100
AcDbLine
 10
32.27501000569223
 20
5.509999999997422
 30
0.0
 11
32.27501000569223
 21
0.0
 31
0.0
  0
LINE
  5
AB
330
17
100
AcDbEntity
  8
0-VENTANAS
100
AcDbLine
 10
30.19001000569222
 20
0.0
 30
0.0
 11
31.16751000569113
 21
0.0
 31
0.0
  0
LINE
  5
AC
330
17
100
AcDbEntity
  8
0-VENTANAS
100
AcDbLine
 10
31.23251000569113
 20
0.0
 30
0.0
 11
32.21001000569004
 21
0.0
 31
0.0
  0
LWPOLYLINE
  5
AD
330
17
100
AcDbEntity
  8
0-VENTANAS
 62
8
100
AcDbPolyline
 90
4
 70
1
 10
30.12501000569222
 20
5.509999999997421
 10
32.27501000569223
 20
5.509999999997421
 10
32.27501000569223
 20
0.0
 10
30.12501000569222
 20
0.0
  0
LINE
  5
AE
330
17
100
AcDbEntity
  8
0-VENTANAS
 62
8
100
AcDbLine
 10
30.12501000569222
 20
5.509999999997422
 30
0.0
 11
32.27501000569223
 21
5.509999999997422
 31
0.0
  0
LINE
  5
AF
330
17
100
AcDbEntity
  8
0-VENTANAS
 62
8
100
AcDbLine
 10
30.19001000569222
 20
5.444999999997421
 30
0.0
 11
31.16751000569222
 21
5.444999999997421
 31
0.0
  0
LINE
  5
B0
330
17
100
AcDbEntity
  8
0-VENTANAS
 62
8
100
AcDbLine
 10
31.23251000569222
 20
5.444999999997421
 30
0.0
 11
32.21001000569222
 21
5.444999999997421
 31
0.0
  0
LINE
  5
B1
330
17
100
AcDbEntity
  8
0-VENTANAS
 62
8
100
AcDbLine
 10
30.12501000569222
 20
5.509999999997422
 30
0.0
 11
30.12501000569222
 21
-2.5793e-12
 31
0.0
  0
LINE
  5
B2
330
17
100
AcDbEntity
  8
0-VENTANAS
 62
8
100
AcDbLine
 10
30.19001000569222
 20
5.509999999997422
 30
0.0
 11
30.19001000569222
 21
-2.5793e-12
 31
0.0
  0
LINE
  5
B3
330
17
100
AcDbEntity
  8
0-VENTANAS
 62
8
100
AcDbLine
 10
32.27501000569223
 20
5.509999999997422
 30
0.0
 11
32.27501000569223
 21
-2.5793e-12
 31
0.0
  0
LINE
  5
B4
330
17
100
AcDbEntity
  8
0-VENTANAS
 62
8
100
AcDbLine
 10
32.21001000569222
 20
5.509999999997422
 30
0.0
 11
32.21001000569222
 21
-2.5793e-12
 31
0.0
  0
LINE
  5
B5
330
17
100
AcDbEntity
  8
0-VENTANAS
100
AcDbLine
 10
30.10001000569222
 20
-2.5793e-12
 30
0.0
 11
32.30001000569223
 21
-2.5793e-12
 31
0.0
  0
LINE
  5
B6
330
17
100
AcDbEntity
  8
0-VENTANAS
 62
8
100
AcDbLine
 10
30.19001000569222
 20
0.0649999999974185
 30
0.0
 11
31.16751000569222
 21
0.064999999997422
 31
0.0
  0
LINE
  5
B7
330
17
100
AcDbEntity
  8
0-VENTANAS
 62
8
100
AcDbLine
 10
31.23251000569223
 20
0.064999999997422
 30
0.0
 11
32.21001000569222
 21
0.0649999999974256
 31
0.0
  0
LINE
  5
B8
330
17
100
AcDbEntity
  8
0-VENTANAS
 62
8
100
AcDbLine
 10
31.16751000569222
 20
-2.5828e-12
 30
0.0
 11
31.16751000569222
 21
5.509999999997422
 31
0.0
  0
LINE
  5
B9
330
17
100
AcDbEntity
  8
0-VENTANAS
 62
8
100
AcDbLine
 10
31.23251000569222
 20
-2.5828e-12
 30
0.0
 11
31.23251000569222
 21
5.509999999997422
 31
0.0
  0
LINE
  5
BA
330
17
100
AcDbEntity
  8
0-VENTANAS
 62
8
100
AcDbLine
 10
31.16751000569222
 20
2.399999999997415
 30
0.0
 11
30.19001000569222
 21
2.399999999997415
 31
0.0
  0
LINE
  5
BB
330
17
100
AcDbEntity
  8
0-VENTANAS
 62
8
100
AcDbLine
 10
31.16751000569222
 20
2.464999999997417
 30
0.0
 11
30.19001000569222
 21
2.46499999999742
 31
0.0
  0
LINE
  5
BC
330
17
100
AcDbEntity
  8
0-VENTANAS
 62
8
100
AcDbLine
 10
32.21001000569222
 20
2.399999999997415
 30
0.0
 11
31.23251000569222
 21
2.399999999997419
 31
0.0
  0
LINE
  5
BD
330
17
100
AcDbEntity
  8
0-VENTANAS
 62
8
100
AcDbLine
 10
32.21001000569222
 20
2.464999999997417
 30
0.0
 11
31.23251000569222
 21
2.46499999999742
 31
0.0
  0
LINE
  5
BE
330
17
100
AcDbEntity
  8
0-VENTANAS
 62
8
100
AcDbLine
 10
31.20001000569222
 20
5.509999999997422
 30
0.0
 11
31.20001000569222
 21
-2.5793e-12
 31
0.0
  0
LINE
  5
BF
330
17
100
AcDbEntity
  8
0-VENTANAS
 62
8
100
AcDbLine
 10
32.27501000569222
 20
2.432499999997418
 30
0.0
 11
30.12501000569222
 21
2.432499999997418
 31
0.0
  0
LWPOLYLINE
  5
C0
330
17
100
AcDbEntity
  8
0-VENTANAS
 62
8
100
AcDbPolyline
 90
4
 70
1
 10
30.12501000569222
 20
5.509999999997422
 10
32.27501000569223
 20
5.509999999997422
 10
32.27501000569223
 20
-2.5793e-12
 10
30.12501000569222
 20
-2.5793e-12
  0
LINE
  5
C1
330
17
100
AcDbEntity
  8
0-VENTANAS
 62
8
100
AcDbLine
 10
39.72501000569502
 20
5.509999999997423
 30
0.0
 11
39.72501000569502
 21
9e-16
 31
0.0
  0
LINE
  5
C2
330
17
100
AcDbEntity
  8
0-VENTANAS
 62
8
100
AcDbLine
 10
41.87501000569502
 20
5.509999999997423
 30
0.0
 11
41.87501000569502
 21
9e-16
 31
0.0
  0
LWPOLYLINE
  5
C3
330
17
100
AcDbEntity
  8
0-VENTANAS
 62
8
100
AcDbPolyline
 90
4
 70
1
 10
39.72501000569502
 20
5.509999999997422
 10
41.87501000569502
 20
5.509999999997422
 10
41.87501000569502
 20
9e-16
 10
39.72501000569502
 20
9e-16
  0
LINE
  5
C4
330
17
100
AcDbEntity
  8
0-VENTANAS
 62
8
100
AcDbLine
 10
39.72501000569502
 20
5.509999999997423
 30
0.0
 11
41.87501000569502
 21
5.509999999997423
 31
0.0
  0
LINE
  5
C5
330
17
100
AcDbEntity
  8
0-VENTANAS
 62
8
100
AcDbLine
 10
39.79001000569502
 20
5.444999999997421
 30
0.0
 11
40.76751000569502
 21
5.444999999997421
 31
0.0
  0
LINE
  5
C6
330
17
100
AcDbEntity
  8
0-VENTANAS
 62
8
100
AcDbLine
 10
40.83251000569502
 20
5.444999999997421
 30
0.0
 11
41.81001000569501
 21
5.444999999997421
 31
0.0
  0
LINE
  5
C7
330
17
100
AcDbEntity
  8
0-VENTANAS
 62
8
100
AcDbLine
 10
39.72501000569502
 20
5.509999999997423
 30
0.0
 11
39.72501000569502
 21
-2.5784e-12
 31
0.0
  0
LINE
  5
C8
330
17
100
AcDbEntity
  8
0-VENTANAS
 62
8
100
AcDbLine
 10
39.79001000569502
 20
5.509999999997423
 30
0.0
 11
39.79001000569502
 21
-2.5784e-12
 31
0.0
  0
LINE
  5
C9
330
17
100
AcDbEntity
  8
0-VENTANAS
 62
8
100
AcDbLine
 10
41.87501000569502
 20
5.509999999997423
 30
0.0
 11
41.87501000569502
 21
-2.5784e-12
 31
0.0
  0
LINE
  5
CA
330
17
100
AcDbEntity
  8
0-VENTANAS
 62
8
100
AcDbLine
 10
41.81001000569501
 20
5.509999999997423
 30
0.0
 11
41.81001000569501
 21
-2.5784e-12
 31
0.0
  0
LINE
  5
CB
330
17
100
AcDbEntity
  8
0-VENTANAS
 62
8
100
AcDbLine
 10
40.76751000569502
 20
-2.5819e-12
 30
0.0
 11
40.76751000569502
 21
5.509999999997423
 31
0.0
  0
LINE
  5
CC
330
17
100
AcDbEntity
  8
0-VENTANAS
 62
8
100
AcDbLine
 10
40.83251000569502
 20
-2.5819e-12
 30
0.0
 11
40.83251000569502
 21
5.509999999997423
 31
0.0
  0
LINE
  5
CD
330
17
100
AcDbEntity
  8
0-VENTANAS
 62
8
100
AcDbLine
 10
40.76751000569502
 20
2.399999999997416
 30
0.0
 11
39.79001000569502
 21
2.399999999997416
 31
0.0
  0
LINE
  5
CE
330
17
100
AcDbEntity
  8
0-VENTANAS
 62
8
100
AcDbLine
 10
40.76751000569502
 20
2.464999999997417
 30
0.0
 11
39.79001000569502
 21
2.464999999997421
 31
0.0
  0
LINE
  5
CF
330
17
100
AcDbEntity
  8
0-VENTANAS
 62
8
100
AcDbLine
 10
41.81001000569501
 20
2.399999999997416
 30
0.0
 11
40.83251000569502
 21
2.39999999999742
 31
0.0
  0
LINE
  5
D0
330
17
100
AcDbEntity
  8
0-VENTANAS
 62
8
100
AcDbLine
 10
41.81001000569501
 20
2.464999999997417
 30
0.0
 11
40.83251000569502
 21
2.464999999997421
 31
0.0
  0
LINE
  5
D1
330
17
100
AcDbEntity
  8
0-VENTANAS
 62
8
100
AcDbLine
 10
40.80001000569501
 20
5.509999999997423
 30
0.0
 11
40.80001000569501
 21
-2.5784e-12
 31
0.0
  0
LINE
  5
D2
330
17
100
AcDbEntity
  8
0-VENTANAS
 62
8
100
AcDbLine
 10
41.87501000569501
 20
2.432499999997419
 30
0.0
 11
39.72501000569502
 21
2.432499999997419
 31
0.0
  0
LWPOLYLINE
  5
D3
330
17
100
AcDbEntity
  8
0-VENTANAS
 62
8
100
AcDbPolyline
 90
4
 70
1
 10
39.72501000569502
 20
5.509999999997423
 10
41.87501000569502
 20
5.509999999997423
 10
41.87501000569502
 20
-2.5784e-12
 10
39.72501000569502
 20
-2.5784e-12
  0
LINE
  5
D5
330
17
100
AcDbEntity
  8
A-GLAZ-CWMG
100
AcDbLine
 10
50.83244333324784
 20
0.04
 30
0.0
 11
49.829943333247826
 21
0.04
 31
0.0
  0
LINE
  5
D6
330
17
100
AcDbEntity
  8
A-GLAZ-CWMG
100
AcDbLine
 10
51.89994333324783
 20
0.04
 30
0.0
 11
50.89744333324783
 21
0.04
 31
0.0
  0
LINE
  5
D7
330
17
100
AcDbEntity
  8
0-VENTANAS
 62
8
100
AcDbLine
 10
49.78994333324854
 20
5.509999999997423
 30
0.0
 11
49.78994333324854
 21
9e-16
 31
0.0
  0
LINE
  5
D8
330
17
100
AcDbEntity
  8
0-VENTANAS
 62
8
100
AcDbLine
 10
51.93994333324855
 20
5.509999999997423
 30
0.0
 11
51.93994333324855
 21
9e-16
 31
0.0
  0
LWPOLYLINE
  5
D9
330
17
100
AcDbEntity
  8
0-VENTANAS
 62
8
100
AcDbPolyline
 90
4
 70
1
 10
49.78994333324854
 20
5.509999999997422
 10
51.93994333324855
 20
5.509999999997422
 10
51.93994333324855
 20
9e-16
 10
49.78994333324854
 20
9e-16
  0
LINE
  5
DA
330
17
100
AcDbEntity
  8
0-VENTANAS
 62
8
100
AcDbLine
 10
49.78994333324854
 20
5.509999999997423
 30
0.0
 11
51.93994333324855
 21
5.509999999997423
 31
0.0
  0
LINE
  5
DB
330
17
100
AcDbEntity
  8
0-VENTANAS
 62
8
100
AcDbLine
 10
49.85494333324854
 20
5.444999999997421
 30
0.0
 11
50.83244333324855
 21
5.444999999997421
 31
0.0
  0
LINE
  5
DC
330
17
100
AcDbEntity
  8
0-VENTANAS
 62
8
100
AcDbLine
 10
50.89744333324855
 20
5.444999999997421
 30
0.0
 11
51.87494333324854
 21
5.444999999997421
 31
0.0
  0
LINE
  5
DD
330
17
100
AcDbEntity
  8
0-VENTANAS
 62
8
100
AcDbLine
 10
49.78994333324854
 20
5.509999999997423
 30
0.0
 11
49.78994333324854
 21
-2.5784e-12
 31
0.0
  0
LINE
  5
DE
330
17
100
AcDbEntity
  8
0-VENTANAS
 62
8
100
AcDbLine
 10
49.85494333324854
 20
5.509999999997423
 30
0.0
 11
49.85494333324854
 21
-2.5784e-12
 31
0.0
  0
LINE
  5
DF
330
17
100
AcDbEntity
  8
0-VENTANAS
 62
8
100
AcDbLine
 10
51.93994333324855
 20
5.509999999997423
 30
0.0
 11
51.93994333324855
 21
-2.5784e-12
 31
0.0
  0
LINE
  5
E0
330
17
100
AcDbEntity
  8
0-VENTANAS
 62
8
100
AcDbLine
 10
51.87494333324854
 20
5.509999999997423
 30
0.0
 11
51.87494333324854
 21
-2.5784e-12
 31
0.0
  0
LINE
  5
E1
330
17
100
AcDbEntity
  8
0-VENTANAS
 62
8
100
AcDbLine
 10
50.83244333324855
 20
-2.5819e-12
 30
0.0
 11
50.83244333324855
 21
5.509999999997423
 31
0.0
  0
LINE
  5
E2
330
17
100
AcDbEntity
  8
0-VENTANAS
 62
8
100
AcDbLine
 10
50.89744333324855
 20
-2.5819e-12
 30
0.0
 11
50.89744333324855
 21
5.509999999997423
 31
0.0
  0
LINE
  5
E3
330
17
100
AcDbEntity
  8
0-VENTANAS
 62
8
100
AcDbLine
 10
50.83244333324855
 20
2.399999999997416
 30
0.0
 11
49.85494333324854
 21
2.399999999997416
 31
0.0
  0
LINE
  5
E4
330
17
100
AcDbEntity
  8
0-VENTANAS
 62
8
100
AcDbLine
 10
50.83244333324855
 20
2.464999999997417
 30
0.0
 11
49.85494333324854
 21
2.464999999997421
 31
0.0
  0
LINE
  5
E5
330
17
100
AcDbEntity
  8
0-VENTANAS
 62
8
100
AcDbLine
 10
51.87494333324854
 20
2.399999999997416
 30
0.0
 11
50.89744333324855
 21
2.39999999999742
 31
0.0
  0
LINE
  5
E6
330
17
100
AcDbEntity
  8
0-VENTANAS
 62
8
100
AcDbLine
 10
51.87494333324854
 20
2.464999999997417
 30
0.0
 11
50.89744333324855
 21
2.464999999997421
 31
0.0
  0
LINE
  5
E7
330
17
100
AcDbEntity
  8
0-VENTANAS
 62
8
100
AcDbLine
 10
50.86494333324854
 20
5.509999999997423
 30
0.0
 11
50.86494333324854
 21
-2.5784e-12
 31
0.0
  0
LINE
  5
E8
330
17
100
AcDbEntity
  8
0-VENTANAS
 62
8
100
AcDbLine
 10
51.93994333324854
 20
2.432499999997419
 30
0.0
 11
49.78994333324854
 21
2.432499999997419
 31
0.0
  0
LWPOLYLINE
  5
E9
330
17
100
AcDbEntity
  8
0-VENTANAS
 62
8
100
AcDbPolyline
 90
4
 70
1
 10
49.78994333324854
 20
5.509999999997423
 10
51.93994333324855
 20
5.509999999997423
 10
51.93994333324855
 20
-2.5784e-12
 10
49.78994333324854
 20
-2.5784e-12
  0
LINE
  5
EA
330
17
100
AcDbEntity
  8
A-GLAZ-CWMG
100
AcDbLine
 10
60.39751000570317
 20
0.04
 30
0.0
 11
59.395010005703156
 21
0.04
 31
0.0
  0
LINE
  5
EB
330
17
100
AcDbEntity
  8
A-GLAZ-CWMG
100
AcDbLine
 10
61.46501000570317
 20
0.04
 30
0.0
 11
60.462510005703166
 21
0.04
 31
0.0
  0
LINE
  5
EC
330
17
100
AcDbEntity
  8
0-VENTANAS
 62
8
100
AcDbLine
 10
59.35501000570387
 20
5.509999999997423
 30
0.0
 11
59.35501000570387
 21
9e-16
 31
0.0
  0
LINE
  5
ED
330
17
100
AcDbEntity
  8
0-VENTANAS
 62
8
100
AcDbLine
 10
61.50501000570388
 20
5.509999999997423
 30
0.0
 11
61.50501000570388
 21
9e-16
 31
0.0
  0
LWPOLYLINE
  5
EE
330
17
100
AcDbEntity
  8
0-VENTANAS
 62
8
100
AcDbPolyline
 90
4
 70
1
 10
59.35501000570387
 20
5.509999999997422
 10
61.50501000570388
 20
5.509999999997422
 10
61.50501000570388
 20
9e-16
 10
59.35501000570387
 20
9e-16
  0
LINE
  5
EF
330
17
100
AcDbEntity
  8
0-VENTANAS
 62
8
100
AcDbLine
 10
59.35501000570387
 20
5.509999999997423
 30
0.0
 11
61.50501000570388
 21
5.509999999997423
 31
0.0
  0
LINE
  5
F0
330
17
100
AcDbEntity
  8
0-VENTANAS
 62
8
100
AcDbLine
 10
59.42001000570388
 20
5.444999999997421
 30
0.0
 11
60.39751000570388
 21
5.444999999997421
 31
0.0
  0
LINE
  5
F1
330
17
100
AcDbEntity
  8
0-VENTANAS
 62
8
100
AcDbLine
 10
60.46251000570388
 20
5.444999999997421
 30
0.0
 11
61.44001000570387
 21
5.444999999997421
 31
0.0
  0
LINE
  5
F2
330
17
100
AcDbEntity
  8
0-VENTANAS
 62
8
100
AcDbLine
 10
59.35501000570387
 20
5.509999999997423
 30
0.0
 11
59.35501000570387
 21
-2.5784e-12
 31
0.0
  0
LINE
  5
F3
330
17
100
AcDbEntity
  8
0-VENTANAS
 62
8
100
AcDbLine
 10
59.42001000570388
 20
5.509999999997423
 30
0.0
 11
59.42001000570388
 21
-2.5784e-12
 31
0.0
  0
LINE
  5
F4
330
17
100
AcDbEntity
  8
0-VENTANAS
 62
8
100
AcDbLine
 10
61.50501000570388
 20
5.509999999997423
 30
0.0
 11
61.50501000570388
 21
-2.5784e-12
 31
0.0
  0
LINE
  5
F5
330
17
100
AcDbEntity
  8
0-VENTANAS
 62
8
100
AcDbLine
 10
61.44001000570387
 20
5.509999999997423
 30
0.0
 11
61.44001000570387
 21
-2.5784e-12
 31
0.0
  0
LINE
  5
F6
330
17
100
AcDbEntity
  8
0-VENTANAS
 62
8
100
AcDbLine
 10
60.39751000570388
 20
-2.5819e-12
 30
0.0
 11
60.39751000570388
 21
5.509999999997423
 31
0.0
  0
LINE
  5
F7
330
17
100
AcDbEntity
  8
0-VENTANAS
 62
8
100
AcDbLine
 10
60.46251000570388
 20
-2.5819e-12
 30
0.0
 11
60.46251000570388
 21
5.509999999997423
 31
0.0
  0
LINE
  5
F8
330
17
100
AcDbEntity
  8
0-VENTANAS
 62
8
100
AcDbLine
 10
60.39751000570388
 20
2.399999999997416
 30
0.0
 11
59.42001000570388
 21
2.399999999997416
 31
0.0
  0
LINE
  5
F9
330
17
100
AcDbEntity
  8
0-VENTANAS
 62
8
100
AcDbLine
 10
60.39751000570388
 20
2.464999999997417
 30
0.0
 11
59.42001000570388
 21
2.464999999997421
 31
0.0
  0
LINE
  5
FA
330
17
100
AcDbEntity
  8
0-VENTANAS
 62
8
100
AcDbLine
 10
61.44001000570387
 20
2.399999999997416
 30
0.0
 11
60.46251000570388
 21
2.39999999999742
 31
0.0
  0
LINE
  5
FB
330
17
100
AcDbEntity
  8
0-VENTANAS
 62
8
100
AcDbLine
 10
61.44001000570387
 20
2.464999999997417
 30
0.0
 11
60.46251000570388
 21
2.464999999997421
 31
0.0
  0
LINE
  5
FC
330
17
100
AcDbEntity
  8
0-VENTANAS
 62
8
100
AcDbLine
 10
60.43001000570388
 20
5.509999999997423
 30
0.0
 11
60.43001000570388
 21
-2.5784e-12
 31
0.0
  0
LINE
  5
FD
330
17
100
AcDbEntity
  8
0-VENTANAS
 62
8
100
AcDbLine
 10
61.50501000570387
 20
2.432499999997419
 30
0.0
 11
59.35501000570387
 21
2.432499999997419
 31
0.0
  0
LWPOLYLINE
  5
FE
330
17
100
AcDbEntity
  8
0-VENTANAS
 62
8
100
AcDbPolyline
 90
4
 70
1
 10
59.35501000570387
 20
5.509999999997423
 10
61.50501000570388
 20
5.509999999997423
 10
61.50501000570388
 20
-2.5784e-12
 10
59.35501000570387
 20
-2.5784e-12
  0
LINE
  5
FF
330
17
100
AcDbEntity
  8
0-VENTANAS
 62
8
100
AcDbLine
 10
53.46001000570101
 20
5.509999999997422
 30
0.0
 11
57.8150100057032
 21
5.509999999997423
 31
0.0
  0
LINE
  5
100
330
17
100
AcDbEntity
  8
0-VENTANAS
 62
8
100
AcDbLine
 10
53.5625100057021
 20
5.444999999997421
 30
0.0
 11
54.5350100057021
 21
5.444999999997421
 31
0.0
  0
LINE
  5
101
330
17
100
AcDbEntity
  8
0-VENTANAS
 62
8
100
AcDbLine
 10
53.4975100057021
 20
5.509999999997422
 30
0.0
 11
53.4975100057021
 21
-2.5793e-12
 31
0.0
  0
LINE
  5
102
330
17
100
AcDbEntity
  8
0-VENTANAS
 62
8
100
AcDbLine
 10
53.5625100057021
 20
5.509999999997422
 30
0.0
 11
53.5625100057021
 21
-2.5793e-12
 31
0.0
  0
LINE
  5
103
330
17
100
AcDbEntity
  8
0-VENTANAS
 62
8
100
AcDbLine
 10
54.5350100057021
 20
2.399999999997415
 30
0.0
 11
53.5625100057021
 21
2.399999999997415
 31
0.0
  0
LINE
  5
104
330
17
100
AcDbEntity
  8
0-VENTANAS
 62
8
100
AcDbLine
 10
55.63751000570211
 20
2.464999999997417
 30
0.0
 11
54.6000100057021
 21
2.464999999997417
 31
0.0
  0
LINE
  5
105
330
17
100
AcDbEntity
  8
0-VENTANAS
 62
8
100
AcDbLine
 10
54.5350100057021
 20
2.464999999997417
 30
0.0
 11
53.5625100057021
 21
2.46499999999742
 31
0.0
  0
LINE
  5
106
330
17
100
AcDbEntity
  8
0-VENTANAS
 62
8
100
AcDbLine
 10
57.7775100057021
 20
2.432499999997418
 30
0.0
 11
53.4975100057021
 21
2.432499999997418
 31
0.0
  0
LWPOLYLINE
  5
107
330
17
100
AcDbEntity
  8
0-VENTANAS
 62
8
100
AcDbPolyline
 90
4
 70
1
 10
53.4975100057021
 20
5.509999999997422
 10
57.7775100057021
 20
5.509999999997422
 10
57.7775100057021
 20
-2.5793e-12
 10
53.4975100057021
 20
-2.5793e-12
  0
LINE
  5
108
330
17
100
AcDbEntity
  8
0-VENTANAS
 62
8
100
AcDbLine
 10
54.56751000570211
 20
5.509999999997422
 30
0.0
 11
54.56751000570211
 21
2.432499999997421
 31
0.0
  0
LINE
  5
109
330
17
100
AcDbEntity
  8
0-VENTANAS
 62
8
100
AcDbLine
 10
55.6375100057021
 20
5.509999999997422
 30
0.0
 11
55.63751000570211
 21
2.432499999997421
 31
0.0
  0
LINE
  5
10A
330
17
100
AcDbEntity
  8
0-VENTANAS
 62
8
100
AcDbLine
 10
55.63751000570211
 20
2.331987400251634
 30
0.0
 11
55.63751000570211
 21
-2.5757e-12
 31
0.0
  0
LINE
  5
10B
330
17
100
AcDbEntity
  8
0-VENTANAS
 62
8
100
AcDbLine
 10
56.7075100057021
 20
5.509999999997422
 30
0.0
 11
56.7075100057021
 21
2.432499999997421
 31
0.0
  0
LINE
  5
10C
330
17
100
AcDbEntity
  8
0-VENTANAS
 62
8
100
AcDbLine
 10
54.5350100057021
 20
-2.5828e-12
 30
0.0
 11
54.5350100057021
 21
5.509999999997422
 31
0.0
  0
LINE
  5
10D
330
17
100
AcDbEntity
  8
0-VENTANAS
 62
8
100
AcDbLine
 10
54.6000100057021
 20
-2.5828e-12
 30
0.0
 11
54.60001000570211
 21
5.509999999997422
 31
0.0
  0
LINE
  5
10E
330
17
100
AcDbEntity
  8
0-VENTANAS
 62
8
100
AcDbLine
 10
55.6050100057021
 20
2.639786398200197
 30
0.0
 11
55.60501000570211
 21
5.509999999997422
 31
0.0
  0
LINE
  5
10F
330
17
100
AcDbEntity
  8
0-VENTANAS
 62
8
100
AcDbLine
 10
55.67001000570211
 20
2.639786398200197
 30
0.0
 11
55.67001000570211
 21
5.509999999997422
 31
0.0
  0
LINE
  5
110
330
17
100
AcDbEntity
  8
0-VENTANAS
 62
8
100
AcDbLine
 10
56.67501000570211
 20
-2.5828e-12
 30
0.0
 11
56.67501000570211
 21
5.509999999997422
 31
0.0
  0
LINE
  5
111
330
17
100
AcDbEntity
  8
0-VENTANAS
 62
8
100
AcDbLine
 10
56.74001000570211
 20
-2.5828e-12
 30
0.0
 11
56.74001000570211
 21
5.509999999997422
 31
0.0
  0
LINE
  5
112
330
17
100
AcDbEntity
  8
0-VENTANAS
 62
8
100
AcDbLine
 10
56.67501000570211
 20
2.464999999997413
 30
0.0
 11
55.63751000570211
 21
2.46499999999742
 31
0.0
  0
LINE
  5
113
330
17
100
AcDbEntity
  8
0-VENTANAS
 62
8
100
AcDbLine
 10
57.7125100057021
 20
-2.5828e-12
 30
0.0
 11
57.7125100057021
 21
5.509999999997422
 31
0.0
  0
LINE
  5
114
330
17
100
AcDbEntity
  8
0-VENTANAS
 62
8
100
AcDbLine
 10
57.7125100057021
 20
2.399999999997415
 30
0.0
 11
56.74001000570211
 21
2.399999999997415
 31
0.0
  0
LINE
  5
115
330
17
100
AcDbEntity
  8
0-VENTANAS
 62
8
100
AcDbLine
 10
57.7125100057021
 20
2.464999999997417
 30
0.0
 11
56.74001000570211
 21
2.46499999999742
 31
0.0
  0
LINE
  5
116
330
17
100
AcDbEntity
  8
0-VENTANAS
 62
8
100
AcDbLine
 10
55.60501000570211
 20
5.444999999997421
 30
0.0
 11
54.60001000570212
 21
5.444999999997421
 31
0.0
  0
LINE
  5
117
330
17
100
AcDbEntity
  8
0-VENTANAS
 62
8
100
AcDbLine
 10
56.67501000570211
 20
5.444999999997421
 30
0.0
 11
55.67001000570211
 21
5.444999999997421
 31
0.0
  0
LINE
  5
118
330
17
100
AcDbEntity
  8
0-VENTANAS
 62
8
100
AcDbLine
 10
57.7125100057021
 20
5.444999999997421
 30
0.0
 11
56.74001000570211
 21
5.444999999997421
 31
0.0
  0
LINE
  5
119
330
17
100
AcDbEntity
  8
0-VENTANAS
 62
8
100
AcDbLine
 10
54.5350100057021
 20
0.064999999997422
 30
0.0
 11
53.5625100057021
 21
0.0649999999974256
 31
0.0
  0
LINE
  5
11A
330
17
100
AcDbEntity
  8
0-VENTANAS
 62
8
100
AcDbLine
 10
57.7125100057021
 20
0.064999999997422
 30
0.0
 11
56.74001000570211
 21
0.0649999999974256
 31
0.0
  0
LINE
  5
11B
330
17
100
AcDbEntity
  8
0-VENTANAS
 62
8
100
AcDbLine
 10
57.7775100057021
 20
2.639786398200197
 30
0.0
 11
53.4975100057021
 21
2.639786398200193
 31
0.0
  0
LINE
  5
11C
330
17
100
AcDbEntity
  8
0-VENTANAS
 62
8
100
AcDbLine
 10
56.67501000570211
 20
2.33198740025163
 30
0.0
 11
54.6000100057021
 21
2.331987400251634
 31
0.0
  0
LINE
  5
11D
330
17
100
AcDbEntity
  8
0-VENTANAS
 62
8
100
AcDbLine
 10
56.62504488313256
 20
2.282022277682084
 30
0.0
 11
55.68747512827165
 21
2.282022277682088
 31
0.0
  0
LINE
  5
11E
330
17
100
AcDbEntity
  8
0-VENTANAS
 62
8
100
AcDbLine
 10
55.58754488313256
 20
2.282022277682084
 30
0.0
 11
54.64997512827166
 21
2.282022277682084
 31
0.0
  0
LINE
  5
11F
330
17
100
AcDbEntity
  8
0-VENTANAS
 62
8
100
AcDbLine
 10
56.62504488313256
 20
0.0619036899925511
 30
0.0
 11
55.68747512827228
 21
0.0619036899925547
 31
0.0
  0
LINE
  5
120
330
17
100
AcDbEntity
  8
0-VENTANAS
 62
8
100
AcDbLine
 10
55.58754488313256
 20
0.0619036899925476
 30
0.0
 11
54.64997512827166
 21
0.0619036899925511
 31
0.0
  0
LINE
  5
121
330
17
100
AcDbEntity
  8
0-VENTANAS
 62
8
100
AcDbLine
 10
56.62504488313256
 20
2.282022277682084
 30
0.0
 11
56.62504488313256
 21
0.0619036899925511
 31
0.0
  0
LINE
  5
122
330
17
100
AcDbEntity
  8
0-VENTANAS
 62
8
100
AcDbLine
 10
54.64997512827166
 20
2.282022277682084
 30
0.0
 11
54.64997512827166
 21
0.0619036899925511
 31
0.0
  0
LINE
  5
123
330
17
100
AcDbEntity
  8
0-VENTANAS
 62
8
100
AcDbLine
 10
55.58754488313256
 20
2.282022277682088
 30
0.0
 11
55.58754488313256
 21
0.0619036899925547
 31
0.0
  0
LINE
  5
124
330
17
100
AcDbEntity
  8
0-VENTANAS
 62
8
100
AcDbLine
 10
55.68747512827165
 20
2.282022277682102
 30
0.0
 11
55.68747512827229
 21
0.0619036899925689
 31
0.0
  0
LWPOLYLINE
  5
125
330
17
100
AcDbEntity
  8
0-VENTANAS
 62
8
100
AcDbPolyline
 90
6
 70
0
 10
55.88917359078077
 20
1.171962983837321
 10
55.88917359078077
 20
1.171962983837321
 10
56.45592049835186
 20
1.171962983837321
 10
56.34985448117389
 20
1.065896966659355
 10
56.45592049835186
 20
1.171962983837321
 10
56.34631894726793
 20
1.281564534921248
  0
LWPOLYLINE
  5
126
330
17
100
AcDbEntity
  8
0-VENTANAS
 62
8
100
AcDbPolyline
 90
6
 70
0
 10
55.38584642062345
 20
1.171962983837321
 10
55.38584642062345
 20
1.171962983837321
 10
54.81909951305237
 20
1.171962983837321
 10
54.92516553023033
 20
1.065896966659355
 10
54.81909951305237
 20
1.171962983837321
 10
54.92870106413629
 20
1.281564534921248
  0
LINE
  5
127
330
17
100
AcDbEntity
  8
0-VENTANAS
 62
8
100
AcDbLine
 10
54.6000100057021
 20
2.432499999997418
 30
0.0
 11
54.6000100057021
 21
-2.5828e-12
 31
0.0
  0
LINE
  5
128
330
17
100
AcDbEntity
  8
0-VENTANAS
 62
8
100
AcDbLine
 10
56.67501000570211
 20
2.432499999997418
 30
0.0
 11
56.67501000570211
 21
-2.5828e-12
 31
0.0
  0
LWPOLYLINE
  5
129
330
17
100
AcDbEntity
  8
0-VENTANAS
 62
8
100
AcDbPolyline
 90
9
 70
0
 10
14.66001000568566
 20
5.509999999997422
 10
18.94001000568566
 20
5.509999999997422
 10
18.94001000568566
 20
0.0
 10
17.83751000568566
 20
-2.5828e-12
 10
17.83751000568566
 20
2.432499999997418
 10
15.76251000568566
 20
2.432499999997418
 10
15.76251000568566
 20
-2.5828e-12
 10
14.66001000568566
 20
-2.5828e-12
 10
14.66001000568566
 20
5.509999999997422
  0
LWPOLYLINE
  5
12A
330
17
100
AcDbEntity
  8
0-VENTANAS
 62
8
100
AcDbPolyline
 90
9
 70
0
 10
53.4975100057021
 20
5.509999999997421
 10
57.7775100057021
 20
5.509999999997421
 10
57.7775100057021
 20
-9e-16
 10
56.67501000570211
 20
-2.5837e-12
 10
56.67501000570211
 20
2.432499999997417
 10
54.6000100057021
 20
2.432499999997417
 10
54.6000100057021
 20
-2.5837e-12
 10
53.4975100057021
 20
-2.5837e-12
 10
53.4975100057021
 20
5.509999999997421
  0
LINE
  5
12B
330
17
100
AcDbEntity
  8
0-VENTANAS
 62
8
100
AcDbLine
 10
39.79001000569502
 20
0.0649999999999977
 30
0.0
 11
40.76751000569501
 21
0.0650000000000013
 31
0.0
  0
LINE
  5
12C
330
17
100
AcDbEntity
  8
0-VENTANAS
 62
8
100
AcDbLine
 10
40.83251000569503
 20
0.0650000000000013
 30
0.0
 11
41.81001000569501
 21
0.0650000000000048
 31
0.0
  0
LWPOLYLINE
  5
12D
330
17
100
AcDbEntity
  8
0-VENTANAS
 62
8
100
AcDbPolyline
 90
4
 70
1
 10
54.64997512827166
 20
2.282022277682084
 10
55.58754488313256
 20
2.282022277682084
 10
55.58754488313256
 20
0.0619036899925547
 10
54.64997512827166
 20
0.0619036899925547
  0
LWPOLYLINE
  5
12E
330
17
100
AcDbEntity
  8
0-VENTANAS
 62
8
100
AcDbPolyline
 90
4
 70
1
 10
55.68747512827165
 20
2.282022277682088
 10
56.62504488313256
 20
2.282022277682088
 10
56.62504488313256
 20
0.0619036899925511
 10
55.68747512827165
 20
0.0619036899925511
  0
LWPOLYLINE
  5
12F
330
17
100
AcDbEntity
  8
0-VENTANAS
 62
8
100
AcDbPolyline
 90
4
 70
1
 10
15.81247512825522
 20
2.282022277682084
 10
16.75004488311612
 20
2.282022277682084
 10
16.75004488311612
 20
0.0619036899925547
 10
15.81247512825522
 20
0.0619036899925547
  0
LWPOLYLINE
  5
130
330
17
100
AcDbEntity
  8
0-VENTANAS
 62
8
100
AcDbPolyline
 90
4
 70
1
 10
16.84997512825521
 20
2.282022277682088
 10
17.78754488311612
 20
2.282022277682088
 10
17.78754488311612
 20
0.0619036899925511
 10
16.84997512825521
 20
0.0619036899925511
  0
LWPOLYLINE
  5
131
330
17
100
AcDbEntity
  8
0-VENTANAS
 62
8
100
AcDbPolyline
 90
4
 70
1
 10
1.182533732896343
 20
2.067245540637649
 10
2.031061870320201
 20
2.915773678061505
 10
2.879590007744058
 20
2.067245540637648
 10
2.031061870320201
 20
1.218717403213791
  0
LWPOLYLINE
  5
132
330
17
100
AcDbEntity
  8
0-VENTANAS
 62
8
100
AcDbPolyline
 90
4
 70
1
 10
1.274457614450595
 20
2.067245540637649
 10
2.031061870320201
 20
2.823849796507253
 10
2.787666126189806
 20
2.067245540637648
 10
2.031061870320201
 20
1.310641284768042
  0
LWPOLYLINE
  5
133
330
17
100
AcDbEntity
  8
0-VENTANAS
 62
8
100
AcDbPolyline
 90
4
 70
1
 10
6.182533732896338
 20
2.067245540637649
 10
7.031061870320195
 20
2.915773678061505
 10
7.879590007744052
 20
2.067245540637648
 10
7.031061870320195
 20
1.218717403213791
  0
LWPOLYLINE
  5
135
330
17
100
AcDbEntity
  8
0-cortes
 62
251
100
AcDbPolyline
 90
195
 70
0
 10
4.169408960120108
 20
1.424596176903512
 10
4.161390212350937
 20
1.467560938413786
 10
4.157172607145042
 20
1.506640857796657
 10
4.167606840000559
 20
1.530028861577761
 10
4.170372456605662
 20
1.569761284905216
 10
4.166304140189566
 20
1.600631055654164
 10
4.17593566561544
 20
1.628499827301864
 10
4.176513495584373
 20
1.654785697184641
 10
4.200550530322885
 20
1.679876120979366
 10
4.216940101453587
 20
1.688445845255068
 10
4.233336123252769
 20
1.700483796087319
 10
4.263613360502773
 20
1.699602016087308
 10
4.292054481744656
 20
1.69739906556662
 10
4.328591297314915
 20
1.680962559322295
 10
4.352519377484924
 20
1.653792845791693
 10
4.372001623025397
 20
1.618831063953133
 10
4.381557980630901
 20
1.593646163883029
 10
4.394602514179211
 20
1.573260398094302
 10
4.398659188127226
 20
1.548770416228035
 10
4.404229311660287
 20
1.529070443572818
 10
4.409799820645019
 20
1.515897413603546
 10
4.409757796086665
 20
1.493302749456335
 10
4.407452812777194
 20
1.48004198394846
 10
4.413729337078052
 20
1.45463922040478
 10
4.410528932059833
 20
1.427609549532971
 10
4.411295003656135
 20
1.416070792381935
 10
4.424180748236778
 20
1.411426773667459
 10
4.438185527716257
 20
1.401744688859202
 10
4.448127552324677
 20
1.381684641735126
 10
4.451284771825669
 20
1.360216643858694
 10
4.455973283060416
 20
1.328336393150348
 10
4.460348038995363
 20
1.298589569689611
 10
4.46494099128597
 20
1.264245176182267
 10
4.464853264574088
 20
1.217078574815233
 10
4.47112429763402
 20
1.182403722472699
 10
4.469876660520498
 20
1.143577128710086
 10
4.471400881849888
 20
1.122560095589091
 10
4.484070203398374
 20
1.077391839630326
 10
4.493660532964042
 20
1.043200706435738
 10
4.500370422753178
 20
1.019278824092725
 10
4.500315079001325
 20
0.9895230447685243
 10
4.503840883348146
 20
0.9510395157516688
 10
4.51144227204648
 20
0.9048696494765097
 10
4.518634720710934
 20
0.8663409069629198
 10
4.51858584082953
 20
0.840060452232872
 10
4.523041521577397
 20
0.8089084065913557
 10
4.528246554073234
 20
0.776187220995322
 10
4.534870436021833
 20
0.7542712468344764
 10
4.532394724534356
 20
0.7313739589040271
 10
4.525205769233423
 20
0.714903598303579
 10
4.51954679023936
 20
0.705789200788604
 10
4.593865373510112
 20
0.5207081121987651
 10
4.614438118510719
 20
0.4716857779309429
 10
4.624181662307307
 20
0.4460270063620044
 10
4.639601481619479
 20
0.3945442560390731
 10
4.652512523299378
 20
0.3466239959261219
 10
4.654203605581841
 20
0.3015657442530426
 10
4.652609265408727
 20
0.2596043029155626
 10
4.648669101334064
 20
0.2393013192373254
 10
4.643581888630251
 20
0.2130877924558809
 10
4.616456240680889
 20
0.2043205054703796
 10
4.594080463120434
 20
0.2002923817337214
 10
4.569492490636548
 20
0.1886536052280789
 10
4.547806025043968
 20
0.188693940598103
 10
4.526781038173368
 20
0.1841577863153578
 10
4.464257081318436
 20
0.1824119781189875
 10
4.449007708038919
 20
0.1991416372840102
 10
4.455885946123999
 20
0.2255053743283717
 10
4.452688191668187
 20
0.2441387064919038
 10
4.436976683899302
 20
0.2967866108058008
 10
4.430602914615008
 20
0.3394219655958512
 10
4.438424525965302
 20
0.4053359452590886
 10
4.447207857144178
 20
0.4637869440228462
 10
4.457968925789828
 20
0.5238660001784086
 10
4.488898032389585
 20
0.7028322933199453
 10
4.480071900658657
 20
0.7161649536668044
 10
4.471179357190095
 20
0.7253896025708164
 10
4.468539413100472
 20
0.708987568683842
 10
4.467249712228834
 20
0.691783152920274
 10
4.463695326875665
 20
0.6829847892087344
 10
4.451446362492703
 20
0.6824124677972796
 10
4.442035637985526
 20
0.6784626133579222
 10
4.412499568783232
 20
0.6796949578615241
 10
4.401899152258664
 20
0.6301546968106193
 10
4.390855749820133
 20
0.5785441739195305
 10
4.382959240089405
 20
0.5332840111325716
 10
4.379662964168261
 20
0.4989469015496655
 10
4.379995890570228
 20
0.4693958660197606
 10
4.380654301377774
 20
0.4505304951919172
 10
4.384720582619905
 20
0.4185665053637131
 10
4.380549377648065
 20
0.3625193378281912
 10
4.374813402585289
 20
0.3056880080729825
 10
4.359715869332973
 20
0.2397427683871285
 10
4.345534345656773
 20
0.1796764730126814
 10
4.337230947572408
 20
0.1517540394249737
 10
4.334173561102545
 20
0.1321021081801372
 10
4.331412043250878
 20
0.1008930974370668
 10
4.338079011697629
 20
0.0895033391172111
 10
4.339860594563077
 20
0.0615045574644244
 10
4.360219426177906
 20
0.0365043323699137
 10
4.364746954996775
 20
0.0250225688020509
 10
4.357777646956805
 20
0.0002523432079398
 10
4.278200621575365
 20
-0.0002523432079398
 10
4.269355801631348
 20
0.0156719323673971
 10
4.274696998458068
 20
0.0372009113298482
 10
4.272356792112873
 20
0.0618796696057762
 10
4.272404303309997
 20
0.0874242460077148
 10
4.279459149762402
 20
0.0949874979855012
 10
4.27658213128231
 20
0.2039096173442012
 10
4.276677641642237
 20
0.2552611267691611
 10
4.273599754418967
 20
0.2814642105427849
 10
4.273229160550528
 20
0.341320810206809
 10
4.277460677137952
 20
0.3729174236617621
 10
4.279530876251186
 20
0.4052987306456564
 10
4.27697512409756
 20
0.4341628123563643
 10
4.274936658461001
 20
0.4567613460756477
 10
4.271042940942749
 20
0.4867093412497415
 10
4.268447200388777
 20
0.5066741243186332
 10
4.268488722129859
 20
0.5289984468338009
 10
4.265397852226044
 20
0.5356207245457842
 10
4.261190381477831
 20
0.523272150441575
 10
4.25748692695808
 20
0.4975232080323988
 10
4.25374192491256
 20
0.4714853988790349
 10
4.245213465274616
 20
0.4458616026451418
 10
4.248993763529824
 20
0.4244500365607602
 10
4.253978775214648
 20
0.3935081722146931
 10
4.260028006825365
 20
0.3659749763668298
 10
4.259977460719653
 20
0.3387986697589149
 10
4.261985070101331
 20
0.3059298560164534
 10
4.260782833000945
 20
0.2851930493825565
 10
4.257945110294002
 20
0.2635698286276822
 10
4.254680895386741
 20
0.2275113380650218
 10
4.251636501662318
 20
0.1769267900946214
 10
4.249527906076281
 20
0.1049423655843784
 10
4.258595548311888
 20
0.0950646966688582
 10
4.263136967892648
 20
0.027854328738169
 10
4.248712737361159
 20
0.0205671408486887
 10
4.226471681029011
 20
0.0004965634889886
 10
4.14595553506075
 20
0.0006463181148211
 10
4.136960012733538
 20
0.0113813140846251
 10
4.146134941408291
 20
0.0339077999301007
 10
4.166518456150782
 20
0.0537770653404512
 10
4.179027197297386
 20
0.080264708273673
 10
4.183449547364318
 20
0.0880696181910097
 10
4.185462627988272
 20
0.102380356734
 10
4.195813270491441
 20
0.1061044992438476
 10
4.198045991075105
 20
0.1184311503941646
 10
4.194769273293161
 20
0.132527763862796
 10
4.161422273321733
 20
0.2398172288130664
 10
4.160256581749905
 20
0.3145656968147741
 10
4.152547879310617
 20
0.3725546494165102
 10
4.152297441012223
 20
0.427496621154867
 10
4.152634335559639
 20
0.4885549101924191
 10
4.152711362730883
 20
0.5299688627161887
 10
4.147980087191911
 20
0.5582994777681816
 10
4.140853926648816
 20
0.5945500657635201
 10
4.138535397723956
 20
0.6372034739362935
 10
4.136942180070519
 20
0.6665135084816648
 10
4.120439321735346
 20
0.6843591032066831
 10
4.115766300736055
 20
0.7060922779017494
 10
4.113344274680144
 20
0.7246985714059193
 10
4.105729135026933
 20
0.7571554831463655
 10
4.095632168367501
 20
0.7823861814618793
 10
4.094704945886405
 20
0.8336756034601641
 10
4.088126842899015
 20
0.8549260002059819
 10
4.094991998425797
 20
0.8868952541532564
 10
4.106031435729931
 20
0.919688609551602
 10
4.114515257197979
 20
0.9561405267361189
 10
4.124056469771204
 20
0.9796901655781329
 10
4.132357459131469
 20
0.9999978363419577
 10
4.140304409442819
 20
1.006906734726937
 10
4.136610558720434
 20
1.017919823328811
 10
4.13839423277119
 20
1.035283294437664
 10
4.103527803703968
 20
1.046092004413709
 10
4.077816287515275
 20
1.056026225673958
 10
4.05700807421951
 20
1.066923969665898
 10
4.049887115472586
 20
1.074372810479639
 10
4.044987958939458
 20
1.081958296100427
 10
4.044446990136663
 20
1.094450080229937
 10
4.044053462676146
 20
1.110377833860875
 10
4.044232010206968
 20
1.124218461167176
 10
4.04748857048068
 20
1.137202301348334
 10
4.053055877138461
 20
1.153906040815018
 10
4.057762495563849
 20
1.181835164171403
 10
4.061950997060876
 20
1.202943955437942
 10
4.070656819606313
 20
1.245000952285576
 10
4.080325522941137
 20
1.305497972835662
 10
4.085147600405804
 20
1.332307062724831
 10
4.094214698970375
 20
1.360055303849898
 10
4.105476992365964
 20
1.379954332047411
 10
4.118974729910917
 20
1.394685238423662
 10
4.138132460785158
 20
1.406436498240589
 10
4.154345742990386
 20
1.415019348330642
 10
4.166790736455084
 20
1.419872212138223
 10
4.169408960120108
 20
1.424596176903512
  0
LWPOLYLINE
  5
136
330
17
100
AcDbEntity
  8
0-cortes
 62
251
100
AcDbPolyline
 90
21
 70
0
 10
4.137154631452062
 20
1.101892417544288
 10
4.128872146384566
 20
1.10417305570939
 10
4.11707558938869
 20
1.106690592520979
 10
4.112533266877932
 20
1.110218471201624
 10
4.112539384301584
 20
1.113507527381669
 10
4.11255542766176
 20
1.122133301177287
 10
4.119081361632794
 20
1.148670465514668
 10
4.122179547452788
 20
1.161268978864223
 10
4.12478785855464
 20
1.171875457669979
 10
4.127829612641363
 20
1.18424449609909
 10
4.131708646235068
 20
1.194655531640273
 10
4.136539614992642
 20
1.194646546362717
 10
4.14037028352854
 20
1.187677348612945
 10
4.14204926568766
 20
1.17403163431376
 10
4.142033258032284
 20
1.165425057344888
 10
4.140845759716114
 20
1.158932317429258
 10
4.140014048081241
 20
1.147818863679618
 10
4.139362750627526
 20
1.132590540442186
 10
4.140396116997578
 20
1.113090974774858
 10
4.139487469909369
 20
1.104850799009647
 10
4.137154631452062
 20
1.101892417544288
  0
LWPOLYLINE
  5
137
330
17
100
AcDbEntity
  8
0-cortes
 62
251
100
AcDbPolyline
 90
29
 70
0
 10
4.462301181964306
 20
0.8118561206502564
 10
4.456971616807692
 20
0.8344991693781558
 10
4.45093856947318
 20
0.8517747956384484
 10
4.449438689619967
 20
0.8732397109753147
 10
4.440947661488451
 20
0.8897904270045621
 10
4.437571932681777
 20
0.9138504117632766
 10
4.434641442109665
 20
0.9347370298953975
 10
4.428245114470257
 20
0.9550130983150372
 10
4.422827354944388
 20
0.9744760259104296
 10
4.421998137247982
 20
0.9899822582640991
 10
4.418871003096768
 20
1.008666650791834
 10
4.410333739142828
 20
1.019317607897602
 10
4.412828391476068
 20
1.027119704238917
 10
4.416143218191052
 20
1.03351250300448
 10
4.417516200769171
 20
1.038616322717593
 10
4.421768608163887
 20
1.03720704038324
 10
4.424292789170578
 20
1.02928682695893
 10
4.430338385686468
 20
1.010317341587353
 10
4.436437859128062
 20
0.9911788046502552
 10
4.448270372396166
 20
0.9528961893405575
 10
4.457151487967877
 20
0.9241624517777015
 10
4.464746151922099
 20
0.9003812417790396
 10
4.470585717115966
 20
0.8801944467074863
 10
4.475186729923478
 20
0.8639837119788207
 10
4.476679501821053
 20
0.8513365824216087
 10
4.477025243551707
 20
0.8413151615523164
 10
4.473667549165895
 20
0.8308335044439225
 10
4.468947928792573
 20
0.8211926447275981
 10
4.462301181964306
 20
0.8118561206502564
  0
LWPOLYLINE
  5
138
330
17
100
AcDbEntity
  8
0-cortes
 62
251
100
AcDbPolyline
 90
15
 70
0
 10
4.491389485096789
 20
0.7278732049530448
 10
4.479159201629414
 20
0.7310250459140735
 10
4.479195084960849
 20
0.7503178559976441
 10
4.481610004964181
 20
0.7594894789568427
 10
4.483272729125104
 20
0.7658043378622896
 10
4.488122009459999
 20
0.7722177046303916
 10
4.493364374583762
 20
0.7722079541832134
 10
4.496120775544085
 20
0.7690673350432118
 10
4.497930498398204
 20
0.7625178287851233
 10
4.500437263470161
 20
0.7534456808098986
 10
4.503499308031422
 20
0.7423639397736189
 10
4.506338290526429
 20
0.7391331738870284
 10
4.50202447736828
 20
0.7328062228111885
 10
4.496847079286141
 20
0.7298275361791238
 10
4.491389485096789
 20
0.7278732049530448
  0
LWPOLYLINE
  5
139
330
17
100
AcDbEntity
  8
0-cortes
 62
251
100
AcDbPolyline
 90
15
 70
0
 10
4.487692085970422
 20
0.5221085926398449
 10
4.499557171111234
 20
0.701788633777549
 10
4.505516541330564
 20
0.7017775497490295
 10
4.509603092902978
 20
0.6996710888060552
 10
4.5272588324286
 20
0.6432761743416411
 10
4.553197308548902
 20
0.5215388298352409
 10
4.547305595135156
 20
0.5200076376736325
 10
4.539308708529745
 20
0.5179293339226206
 10
4.537091273277184
 20
0.5074206763092735
 10
4.534643911406817
 20
0.499765668185246
 10
4.529172325533295
 20
0.4966083577282772
 10
4.52459058681643
 20
0.4979030712424646
 10
4.511067776399556
 20
0.507609855476323
 10
4.493863003059828
 20
0.5157621406687467
 10
4.487692085970422
 20
0.5221085926398449
  0
LWPOLYLINE
  5
13A
330
17
100
AcDbEntity
  8
0-cortes
 62
251
100
AcDbPolyline
 90
10
 70
0
 10
4.477822942175208
 20
0.5750335839343246
 10
4.473154130538716
 20
0.5611117227200959
 10
4.46925648549211
 20
0.5494893918946835
 10
4.469225748604685
 20
0.5329635871153079
 10
4.469210264619903
 20
0.5246385635943078
 10
4.473596608182958
 20
0.5209446019555547
 10
4.478136655085677
 20
0.5263356177417082
 10
4.478958711524796
 20
0.5473943454420731
 10
4.479721145754695
 20
0.5669257231833689
 10
4.477822942175208
 20
0.5750335839343246
  0
LWPOLYLINE
  5
13B
330
17
100
AcDbEntity
  8
0-VENTANAS
 62
8
100
AcDbPolyline
 90
4
 70
1
 10
64.58358572175787
 20
2.277724376873423
 10
65.43211385918173
 20
3.126252514297279
 10
66.2806419966056
 20
2.277724376873422
 10
65.43211385918173
 20
1.429196239449565
  0
LWPOLYLINE
  5
13C
330
17
100
AcDbEntity
  8
0-VENTANAS
 62
8
100
AcDbPolyline
 90
4
 70
1
 10
64.67550960331212
 20
2.277724376873423
 10
65.43211385918173
 20
3.034328632743028
 10
66.18871811505133
 20
2.277724376873422
 10
65.43211385918173
 20
1.521120121003816
  0
LWPOLYLINE
  5
13D
330
17
100
AcDbEntity
  8
0-VENTANAS
 62
8
100
AcDbPolyline
 90
4
 70
1
 10
69.58358572175787
 20
2.277724376873423
 10
70.43211385918173
 20
3.126252514297279
 10
71.28064199660558
 20
2.277724376873422
 10
70.43211385918173
 20
1.429196239449565
  0
LWPOLYLINE
  5
13E
330
17
100
AcDbEntity
  8
0-VENTANAS
 62
8
100
AcDbPolyline
 90
4
 70
1
 10
69.67550960331212
 20
2.277724376873423
 10
70.43211385918173
 20
3.034328632743028
 10
71.18871811505133
 20
2.277724376873422
 10
70.43211385918173
 20
1.521120121003816
  0
LWPOLYLINE
  5
13F
330
17
100
AcDbEntity
  8
0-LOUVRE
  6
CONTINUOUS
 62
8
100
AcDbPolyline
 90
8
 70
1
 10
4.531244805156006
 20
6.199999999999992
 10
3.531244805156006
 20
5.199999999999981
 10
2.531244805156006
 20
6.199999999999995
 10
1.531244805156006
 20
5.199999999999981
 10
0.5312448051560068
 20
6.199999999999992
 10
-0.4687551948439932
 20
5.233383792237045
 10
-0.4687551948439932
 20
0.1999999999999993
 10
4.531244805156006
 20
0.1999999999999993
  0
LWPOLYLINE
  5
140
330
17
100
AcDbEntity
  8
0-LOUVRE
  6
CONTINUOUS
 62
8
100
AcDbPolyline
 90
8
 70
1
 10
4.531244805155992
 20
6.199999999999992
 10
5.531244805155992
 20
5.199999999999981
 10
6.531244805155992
 20
6.199999999999995
 10
7.531244805155992
 20
5.199999999999981
 10
8.531244805155993
 20
6.199999999999992
 10
9.531244805155993
 20
5.233383792237045
 10
9.531244805155993
 20
0.1999999999999993
 10
4.531244805155992
 20
0.1999999999999993
  0
LWPOLYLINE
  5
141
330
17
100
AcDbEntity
  8
0-LOUVRE
  6
CONTINUOUS
 62
8
100
AcDbPolyline
 90
8
 70
1
 10
77.93211385918171
 20
6.200000000000016
 10
78.93211385918171
 20
5.200000000000005
 10
79.93211385918171
 20
6.200000000000019
 10
80.93211385918173
 20
5.200000000000005
 10
81.93211385918171
 20
6.200000000000016
 10
82.93211385918171
 20
5.233383792237069
 10
82.93211385918171
 20
0.2000000000000233
 10
77.93211385918171
 20
0.2000000000000233
  0
LWPOLYLINE
  5
142
330
17
100
AcDbEntity
  8
0-LOUVRE
  6
CONTINUOUS
 62
8
100
AcDbPolyline
 90
8
 70
1
 10
77.93211385918171
 20
6.200000000000016
 10
76.93211385918171
 20
5.2
 10
75.93211385918171
 20
6.200000000000009
 10
74.93211385918171
 20
5.199999999999991
 10
73.93211385918171
 20
6.199999999999996
 10
72.93211385918171
 20
5.233383792237045
 10
72.93211385918174
 20
0.1999999999999993
 10
77.93211385918174
 20
0.200000000000023
  0
LWPOLYLINE
  5
143
330
17
100
AcDbEntity
  8
0-LOUVRE
  6
CONTINUOUS
 62
8
100
AcDbPolyline
 90
5
 70
1
 10
72.93211385918167
 20
5.233383792237045
 10
71.93211385918167
 20
6.199999999999992
 10
67.93211385918167
 20
2.199999999999933
 10
67.93211385918167
 20
0.1999999999999993
 10
72.93211385918167
 20
0.1999999999999993
  0
LWPOLYLINE
  5
144
330
17
100
AcDbEntity
  8
0
  6
CONTINUOUS
 62
250
100
AcDbPolyline
 90
8
 70
1
 10
77.93211385918167
 20
6.199999999999976
 10
76.93211385918167
 20
5.199999999999965
 10
75.93211385918167
 20
6.19999999999998
 10
74.93211385918167
 20
5.199999999999965
 10
73.93211385918167
 20
6.199999999999976
 10
72.93211385918167
 20
5.23338379223703
 10
72.93211385918167
 20
0.19999999999998241
 10
77.93211385918167
 20
0.19999999999998241
  0
LINE
  5
145
330
17
100
AcDbEntity
  8
0
  6
CONTINUOUS
 62
250
100
AcDbLine
 10
72.93211385918167
 20
5.249255205317846
 30
0.0
 11
72.93211385918167
 21
4.8671966950226855
 31
0.0
  0
LINE
  5
146
330
17
100
AcDbEntity
  8
0
  6
CONTINUOUS
 62
250
100
AcDbLine
 10
72.93211385918167
 20
4.8671966950226855
 30
0.0
 11
73.27126533605767
 21
4.8671966950226855
 31
0.0
  0
LINE
  5
147
330
17
100
AcDbEntity
  8
0
  6
CONTINUOUS
 62
250
100
AcDbLine
 10
73.27126533605767
 20
4.8671966950226855
 30
0.0
 11
72.93211385918167
 21
4.533211749135068
 31
0.0
  0
LINE
  5
148
330
17
100
AcDbEntity
  8
0
  6
CONTINUOUS
 62
250
100
AcDbLine
 10
72.93211385918167
 20
4.533211749135068
 30
0.0
 11
72.93211385918167
 21
3.9929257336910036
 31
0.0
  0
ARC
  5
149
330
17
100
AcDbEntity
  8
0
  6
CONTINUOUS
 62
250
100
AcDbCircle
 10
72.93211385918167
 20
3.8206974407857976
 30
0.0
 40
0.1722282929052101
100
AcDbArc
 50
-89.9999999999847
 51
89.99999999998697
  0
LINE
  5
14A
330
17
100
AcDbEntity
  8
0
  6
CONTINUOUS
 62
250
100
AcDbLine
 10
72.99460928581067
 20
3.154947771343581
 30
0.0
 11
73.86307165173989
 21
2.286485405459308
 31
0.0
  0
LINE
  5
14B
330
17
100
AcDbEntity
  8
0
  6
CONTINUOUS
 62
250
100
AcDbLine
 10
73.86307165173989
 20
2.286485405459308
 30
0.0
 11
72.99460928581067
 21
1.4180230394854023
 31
0.0
  0
LINE
  5
14C
330
17
100
AcDbEntity
  8
0
  6
CONTINUOUS
 62
250
100
AcDbLine
 10
72.93211385918167
 20
0.9142342339609124
 30
0.0
 11
73.54401863782249
 21
0.30232945532014543
 31
0.0
  0
LINE
  5
14D
330
17
100
AcDbEntity
  8
0
  6
CONTINUOUS
 62
250
100
AcDbLine
 10
73.54401863782249
 20
0.30232945532014543
 30
0.0
 11
72.93211385918167
 21
0.30232945532014543
 31
0.0
  0
LINE
  5
14E
330
17
100
AcDbEntity
  8
0
  6
CONTINUOUS
 62
250
100
AcDbLine
 10
76.75919073987848
 20
4.867196695020008
 30
0.0
 11
77.43776052902817
 21
4.867196695020008
 31
0.0
  0
LINE
  5
14F
330
17
100
AcDbEntity
  8
0
  6
CONTINUOUS
 62
250
100
AcDbLine
 10
77.43776052902817
 20
4.867196695020008
 30
0.0
 11
77.09847563445217
 21
4.533080363878861
 31
0.0
  0
LINE
  5
150
330
17
100
AcDbEntity
  8
0
  6
CONTINUOUS
 62
250
100
AcDbLine
 10
77.09847563445217
 20
4.533080363878861
 30
0.0
 11
76.75919073987848
 21
4.867196695020008
 31
0.0
  0
LINE
  5
151
330
17
100
AcDbEntity
  8
0
  6
CONTINUOUS
 62
250
100
AcDbLine
 10
75.92591838482417
 20
4.867196695020015
 30
0.0
 11
76.60448817397389
 21
4.867196695020015
 31
0.0
  0
LINE
  5
152
330
17
100
AcDbEntity
  8
0
  6
CONTINUOUS
 62
250
100
AcDbLine
 10
76.60448817397389
 20
4.867196695020015
 30
0.0
 11
76.26520327939897
 21
4.533080363878875
 31
0.0
  0
LINE
  5
153
330
17
100
AcDbEntity
  8
0
  6
CONTINUOUS
 62
250
100
AcDbLine
 10
76.26520327939897
 20
4.533080363878875
 30
0.0
 11
75.92591838482417
 21
4.867196695020015
 31
0.0
  0
LINE
  5
154
330
17
100
AcDbEntity
  8
0
  6
CONTINUOUS
 62
250
100
AcDbLine
 10
75.77121581891947
 20
4.867196695025742
 30
0.0
 11
75.43193092434527
 21
4.533080363884027
 31
0.0
  0
LINE
  5
155
330
17
100
AcDbEntity
  8
0
  6
CONTINUOUS
 62
250
100
AcDbLine
 10
75.43193092434527
 20
4.533080363884027
 30
0.0
 11
75.09264602976867
 21
4.867196695025742
 31
0.0
  0
LINE
  5
156
330
17
100
AcDbEntity
  8
0
  6
CONTINUOUS
 62
250
100
AcDbLine
 10
75.09264602976867
 20
4.867196695025742
 30
0.0
 11
75.77121581891947
 21
4.867196695025742
 31
0.0
  0
LINE
  5
157
330
17
100
AcDbEntity
  8
0
  6
CONTINUOUS
 62
250
100
AcDbLine
 10
74.93794346386517
 20
4.867196695025742
 30
0.0
 11
74.59865856929028
 21
4.5330803638876676
 31
0.0
  0
LINE
  5
158
330
17
100
AcDbEntity
  8
0
  6
CONTINUOUS
 62
250
100
AcDbLine
 10
74.59865856929028
 20
4.5330803638876676
 30
0.0
 11
74.25937367471548
 21
4.867196695025742
 31
0.0
  0
LINE
  5
159
330
17
100
AcDbEntity
  8
0
  6
CONTINUOUS
 62
250
100
AcDbLine
 10
74.25937367471548
 20
4.867196695025742
 30
0.0
 11
74.93794346386517
 21
4.867196695025742
 31
0.0
  0
LINE
  5
15A
330
17
100
AcDbEntity
  8
0
  6
CONTINUOUS
 62
250
100
AcDbLine
 10
74.10467110881197
 20
4.8671966950226855
 30
0.0
 11
73.76538621423597
 21
4.533080363881547
 31
0.0
  0
LINE
  5
15B
330
17
100
AcDbEntity
  8
0
  6
CONTINUOUS
 62
250
100
AcDbLine
 10
73.76538621423597
 20
4.533080363881547
 30
0.0
 11
73.42610131966228
 21
4.8671966950226855
 31
0.0
  0
LINE
  5
15C
330
17
100
AcDbEntity
  8
0
  6
CONTINUOUS
 62
250
100
AcDbLine
 10
73.42610131966228
 20
4.8671966950226855
 30
0.0
 11
74.10467110881197
 21
4.8671966950226855
 31
0.0
  0
ARC
  5
15D
330
17
100
AcDbEntity
  8
0
  6
CONTINUOUS
 62
250
100
AcDbCircle
 10
76.70333881264139
 20
3.8206974407827636
 30
0.0
 40
0.1065976083175258
100
AcDbArc
 50
15.02588689196348
 51
164.9741131080396
  0
LINE
  5
15E
330
17
100
AcDbEntity
  8
0
  6
CONTINUOUS
 62
250
100
AcDbLine
 10
76.60038590550508
 20
3.848333450104038
 30
0.0
 11
76.17106773183758
 21
3.8483334501040516
 31
0.0
  0
ARC
  5
15F
330
17
100
AcDbEntity
  8
0
  6
CONTINUOUS
 62
250
100
AcDbCircle
 10
76.70333881264139
 20
3.8483334501040236
 30
0.0
 40
0.532271080803773
100
AcDbArc
 50
-4.211444178243999e-13
 51
179.9999999999998
  0
LINE
  5
160
330
17
100
AcDbEntity
  8
0
  6
CONTINUOUS
 62
250
100
AcDbLine
 10
77.23560989344517
 20
3.8483334501040236
 30
0.0
 11
76.80629171977768
 21
3.8483334501040516
 31
0.0
  0
LINE
  5
161
330
17
100
AcDbEntity
  8
0
  6
CONTINUOUS
 62
250
100
AcDbLine
 10
76.80629171977768
 20
3.7930614314645625
 30
0.0
 11
77.23560989344517
 21
3.7930614314645528
 31
0.0
  0
ARC
  5
162
330
17
100
AcDbEntity
  8
0
  6
CONTINUOUS
 62
250
100
AcDbCircle
 10
76.70333881264139
 20
3.7930614314645625
 30
0.0
 40
0.5322710808037662
100
AcDbArc
 50
-179.99999999999983
 51
-4.211444178243999e-13
  0
LINE
  5
163
330
17
100
AcDbEntity
  8
0
  6
CONTINUOUS
 62
250
100
AcDbLine
 10
76.17106773183758
 20
3.7930614314645528
 30
0.0
 11
76.60038590550508
 21
3.7930614314645528
 31
0.0
  0
ARC
  5
164
330
17
100
AcDbEntity
  8
0
  6
CONTINUOUS
 62
250
100
AcDbCircle
 10
76.70333881264139
 20
3.8206974407827636
 30
0.0
 40
0.1065976083167457
100
AcDbArc
 50
-164.9741131096326
 51
-15.025886890369938
  0
ARC
  5
165
330
17
100
AcDbEntity
  8
0
  6
CONTINUOUS
 62
250
100
AcDbCircle
 10
74.16052303604567
 20
3.820697440785443
 30
0.0
 40
0.1065976083175401
100
AcDbArc
 50
15.025886891963061
 51
164.974113108038
  0
LINE
  5
166
330
17
100
AcDbEntity
  8
0
  6
CONTINUOUS
 62
250
100
AcDbLine
 10
74.05757012890939
 20
3.8483334501067157
 30
0.0
 11
73.62825195524186
 21
3.8483334501067237
 31
0.0
  0
ARC
  5
167
330
17
100
AcDbEntity
  8
0
  6
CONTINUOUS
 62
250
100
AcDbCircle
 10
74.16052303604567
 20
3.8483334501067157
 30
0.0
 40
0.5322710808037662
100
AcDbArc
 50
-4.211444178243999e-13
 51
179.9999999999998
  0
LINE
  5
168
330
17
100
AcDbEntity
  8
0
  6
CONTINUOUS
 62
250
100
AcDbLine
 10
74.69279411684948
 20
3.8483334501067237
 30
0.0
 11
74.26347594318199
 21
3.8483334501067157
 31
0.0
  0
LINE
  5
169
330
17
100
AcDbEntity
  8
0
  6
CONTINUOUS
 62
250
100
AcDbLine
 10
74.26347594318199
 20
3.7930614314672417
 30
0.0
 11
74.69279411684948
 21
3.7930614314672417
 31
0.0
  0
ARC
  5
16A
330
17
100
AcDbEntity
  8
0
  6
CONTINUOUS
 62
250
100
AcDbCircle
 10
74.16052303604567
 20
3.7930614314672417
 30
0.0
 40
0.5322710808037725
100
AcDbArc
 50
-179.99999999999983
 51
-4.211444178243999e-13
  0
LINE
  5
16B
330
17
100
AcDbEntity
  8
0
  6
CONTINUOUS
 62
250
100
AcDbLine
 10
73.62825195524186
 20
3.793061431467249
 30
0.0
 11
74.05757012890939
 21
3.7930614314672417
 31
0.0
  0
ARC
  5
16C
330
17
100
AcDbEntity
  8
0
  6
CONTINUOUS
 62
250
100
AcDbCircle
 10
74.16052303604567
 20
3.820697440785443
 30
0.0
 40
0.1065976083167457
100
AcDbArc
 50
-164.9741131096326
 51
-15.025886890368103
  0
ARC
  5
16D
330
17
100
AcDbEntity
  8
0
  6
CONTINUOUS
 62
250
100
AcDbCircle
 10
75.43193092434467
 20
3.8206974407900187
 30
0.0
 40
0.1718624232298842
100
AcDbArc
 50
2.036e-13
 51
180.0
  0
ARC
  5
16E
330
17
100
AcDbEntity
  8
0
  6
CONTINUOUS
 62
250
100
AcDbCircle
 10
75.43193092434467
 20
3.8206974407900187
 30
0.0
 40
0.1718624232298694
100
AcDbArc
 50
-179.99999999999983
 51
-6.24699917438065e-13
  0
LINE
  5
16F
330
17
100
AcDbEntity
  8
0
  6
CONTINUOUS
 62
250
100
AcDbLine
 10
76.93259472279178
 20
2.039158084524127
 30
0.0
 11
75.52308888482219
 21
0.629652246553805
 31
0.0
  0
ARC
  5
170
330
17
100
AcDbEntity
  8
0
  6
CONTINUOUS
 62
250
100
AcDbCircle
 10
75.43193092434589
 20
0.566249370438344
 30
0.0
 40
0.1110391753297565
100
AcDbArc
 50
145.180321594915
 51
34.8196784050884
  0
LINE
  5
171
330
17
100
AcDbEntity
  8
0
  6
CONTINUOUS
 62
250
100
AcDbLine
 10
75.34077296386948
 20
0.629652246553805
 30
0.0
 11
73.93126712589998
 21
2.0391580845241473
 31
0.0
  0
LINE
  5
172
330
17
100
AcDbEntity
  8
0
  6
CONTINUOUS
 62
250
100
AcDbLine
 10
73.93126712589998
 20
2.0391580845241473
 30
0.0
 11
73.54175711264949
 21
1.649648071273882
 31
0.0
  0
LINE
  5
173
330
17
100
AcDbEntity
  8
0
  6
CONTINUOUS
 62
250
100
AcDbLine
 10
73.54175711264949
 20
1.649648071273882
 30
0.0
 11
73.65336464019117
 21
1.538040543732082
 31
0.0
  0
LINE
  5
174
330
17
100
AcDbEntity
  8
0
  6
CONTINUOUS
 62
250
100
AcDbLine
 10
73.65336464019117
 20
1.538040543732082
 30
0.0
 11
74.32472186855739
 21
1.538040543732082
 31
0.0
  0
LINE
  5
175
330
17
100
AcDbEntity
  8
0
  6
CONTINUOUS
 62
250
100
AcDbLine
 10
74.32472186855739
 20
1.538040543732082
 30
0.0
 11
73.93126712589998
 21
1.1445858010747374
 31
0.0
  0
LINE
  5
176
330
17
100
AcDbEntity
  8
0
  6
CONTINUOUS
 62
250
100
AcDbLine
 10
73.93126712589998
 20
1.1445858010747374
 30
0.0
 11
73.42620485570077
 21
1.6496480712739778
 31
0.0
  0
LINE
  5
177
330
17
100
AcDbEntity
  8
0
  6
CONTINUOUS
 62
250
100
AcDbLine
 10
73.42620485570077
 20
1.6496480712739778
 30
0.0
 11
73.93126712589998
 21
2.1547103415207234
 31
0.0
  0
LINE
  5
178
330
17
100
AcDbEntity
  8
0
  6
CONTINUOUS
 62
250
100
AcDbLine
 10
73.93126712589998
 20
2.1547103415207234
 30
0.0
 11
75.41073140505827
 21
0.6752460623144447
 31
0.0
  0
ARC
  5
179
330
17
100
AcDbEntity
  8
0
  6
CONTINUOUS
 62
250
100
AcDbCircle
 10
75.43193092434589
 20
0.5796627304585531
 30
0.0
 40
0.097906041420818
100
AcDbArc
 50
77.49474094213771
 51
102.5052590578706
  0
LINE
  5
17A
330
17
100
AcDbEntity
  8
0
  6
CONTINUOUS
 62
250
100
AcDbLine
 10
75.45313044363348
 20
0.6752460623144518
 30
0.0
 11
76.93259472279178
 21
2.1547103414730104
 31
0.0
  0
LINE
  5
17B
330
17
100
AcDbEntity
  8
0
  6
CONTINUOUS
 62
250
100
AcDbLine
 10
76.93259472279178
 20
2.1547103414730104
 30
0.0
 11
77.43765699299098
 21
1.649648071273928
 31
0.0
  0
LINE
  5
17C
330
17
100
AcDbEntity
  8
0
  6
CONTINUOUS
 62
250
100
AcDbLine
 10
77.43765699299098
 20
1.649648071273928
 30
0.0
 11
76.93259472279178
 21
1.1445858010747028
 31
0.0
  0
LINE
  5
17D
330
17
100
AcDbEntity
  8
0
  6
CONTINUOUS
 62
250
100
AcDbLine
 10
76.93259472279178
 20
1.1445858010747028
 30
0.0
 11
76.53913998013437
 21
1.538040543732043
 31
0.0
  0
LINE
  5
17E
330
17
100
AcDbEntity
  8
0
  6
CONTINUOUS
 62
250
100
AcDbLine
 10
76.53913998013437
 20
1.538040543732043
 30
0.0
 11
77.21049720850047
 21
1.538040543732043
 31
0.0
  0
LINE
  5
17F
330
17
100
AcDbEntity
  8
0
  6
CONTINUOUS
 62
250
100
AcDbLine
 10
77.21049720850047
 20
1.538040543732043
 30
0.0
 11
77.32210473604229
 21
1.6496480712738526
 31
0.0
  0
LINE
  5
180
330
17
100
AcDbEntity
  8
0
  6
CONTINUOUS
 62
250
100
AcDbLine
 10
77.32210473604229
 20
1.6496480712738526
 30
0.0
 11
76.93259472279178
 21
2.039158084524127
 31
0.0
  0
LINE
  5
181
330
17
100
AcDbEntity
  8
0
  6
CONTINUOUS
 62
250
100
AcDbLine
 10
75.82468675979197
 20
3.5169344260394704
 30
0.0
 11
75.51200137877177
 21
3.204249045017468
 31
0.0
  0
LINE
  5
182
330
17
100
AcDbEntity
  8
0
  6
CONTINUOUS
 62
250
100
AcDbLine
 10
75.51200137877177
 20
3.204249045017468
 30
0.0
 11
76.29425930853517
 21
3.204249045017468
 31
0.0
  0
LINE
  5
183
330
17
100
AcDbEntity
  8
0
  6
CONTINUOUS
 62
250
100
AcDbLine
 10
76.29425930853517
 20
3.204249045017468
 30
0.0
 11
75.97728398060829
 21
2.8872737170909213
 31
0.0
  0
LINE
  5
184
330
17
100
AcDbEntity
  8
0
  6
CONTINUOUS
 62
250
100
AcDbLine
 10
75.97728398060829
 20
2.8872737170909213
 30
0.0
 11
75.66495628911468
 21
2.8872737170909213
 31
0.0
  0
LINE
  5
185
330
17
100
AcDbEntity
  8
0
  6
CONTINUOUS
 62
250
100
AcDbLine
 10
75.66495628911468
 20
2.8872737170909213
 30
0.0
 11
75.43193092434589
 21
3.1202990818598
 31
0.0
  0
LINE
  5
186
330
17
100
AcDbEntity
  8
0
  6
CONTINUOUS
 62
250
100
AcDbLine
 10
75.43193092434589
 20
3.1202990818598
 30
0.0
 11
75.19890555957707
 21
2.8872737170910856
 31
0.0
  0
LINE
  5
187
330
17
100
AcDbEntity
  8
0
  6
CONTINUOUS
 62
250
100
AcDbLine
 10
75.19890555957707
 20
2.8872737170910856
 30
0.0
 11
74.88657786808338
 21
2.8872737170910856
 31
0.0
  0
LINE
  5
188
330
17
100
AcDbEntity
  8
0
  6
CONTINUOUS
 62
250
100
AcDbLine
 10
74.88657786808338
 20
2.8872737170910856
 30
0.0
 11
74.56960254015647
 21
3.204249045017468
 31
0.0
  0
LINE
  5
189
330
17
100
AcDbEntity
  8
0
  6
CONTINUOUS
 62
250
100
AcDbLine
 10
74.56960254015647
 20
3.204249045017468
 30
0.0
 11
75.35186046991998
 21
3.204249045017468
 31
0.0
  0
LINE
  5
18A
330
17
100
AcDbEntity
  8
0
  6
CONTINUOUS
 62
250
100
AcDbLine
 10
75.35186046991998
 20
3.204249045017468
 30
0.0
 11
75.03917508889748
 21
3.5169344260394704
 31
0.0
  0
LINE
  5
18B
330
17
100
AcDbEntity
  8
0
  6
CONTINUOUS
 62
250
100
AcDbLine
 10
75.03917508889748
 20
3.5169344260394704
 30
0.0
 11
75.82468675979197
 21
3.5169344260394704
 31
0.0
  0
LINE
  5
18C
330
17
100
AcDbEntity
  8
0
  6
CONTINUOUS
 62
250
100
AcDbLine
 10
76.68701514398597
 20
2.8114932095687495
 30
0.0
 11
76.29425930853517
 21
2.4187373741070326
 31
0.0
  0
LINE
  5
18D
330
17
100
AcDbEntity
  8
0
  6
CONTINUOUS
 62
250
100
AcDbLine
 10
76.29425930853517
 20
2.4187373741070326
 30
0.0
 11
77.07977097943547
 21
2.4187373741070326
 31
0.0
  0
LINE
  5
18E
330
17
100
AcDbEntity
  8
0
  6
CONTINUOUS
 62
250
100
AcDbLine
 10
77.07977097943547
 20
2.4187373741070326
 30
0.0
 11
76.10003746656389
 21
1.4390038612430986
 31
0.0
  0
LINE
  5
18F
330
17
100
AcDbEntity
  8
0
  6
CONTINUOUS
 62
250
100
AcDbLine
 10
76.10003746656389
 20
1.4390038612430986
 30
0.0
 11
76.01965412833968
 21
1.519387199468495
 31
0.0
  0
LINE
  5
190
330
17
100
AcDbEntity
  8
0
  6
CONTINUOUS
 62
250
100
AcDbLine
 10
76.01965412833968
 20
1.519387199468495
 30
0.0
 11
76.52624846753648
 21
2.0259815386573887
 31
0.0
  0
LINE
  5
191
330
17
100
AcDbEntity
  8
0
  6
CONTINUOUS
 62
250
100
AcDbLine
 10
76.52624846753648
 20
2.0259815386573887
 30
0.0
 11
75.74073679663726
 21
2.8114932095687495
 31
0.0
  0
LINE
  5
192
330
17
100
AcDbEntity
  8
0
  6
CONTINUOUS
 62
250
100
AcDbLine
 10
75.74073679663726
 20
2.8114932095687495
 30
0.0
 11
76.68701514398597
 21
2.8114932095687495
 31
0.0
  0
LINE
  5
193
330
17
100
AcDbEntity
  8
0
  6
CONTINUOUS
 62
250
100
AcDbLine
 10
75.43193092434589
 20
0.9316639954746586
 30
0.0
 11
75.97908969594059
 21
1.478822767069234
 31
0.0
  0
LINE
  5
194
330
17
100
AcDbEntity
  8
0
  6
CONTINUOUS
 62
250
100
AcDbLine
 10
75.97908969594059
 20
1.478822767069234
 30
0.0
 11
76.05947303416588
 21
1.398439428843906
 31
0.0
  0
LINE
  5
195
330
17
100
AcDbEntity
  8
0
  6
CONTINUOUS
 62
250
100
AcDbLine
 10
76.05947303416588
 20
1.398439428843906
 30
0.0
 11
75.43193092434589
 21
0.7708973190240593
 31
0.0
  0
LINE
  5
196
330
17
100
AcDbEntity
  8
0
  6
CONTINUOUS
 62
250
100
AcDbLine
 10
75.43193092434589
 20
0.7708973190240593
 30
0.0
 11
74.80438881452577
 21
1.3984394288442816
 31
0.0
  0
LINE
  5
197
330
17
100
AcDbEntity
  8
0
  6
CONTINUOUS
 62
250
100
AcDbLine
 10
74.80438881452577
 20
1.3984394288442816
 30
0.0
 11
74.88477215275108
 21
1.4788227670695564
 31
0.0
  0
LINE
  5
198
330
17
100
AcDbEntity
  8
0
  6
CONTINUOUS
 62
250
100
AcDbLine
 10
74.88477215275108
 20
1.4788227670695564
 30
0.0
 11
75.43193092434589
 21
0.9316639954746586
 31
0.0
  0
LINE
  5
199
330
17
100
AcDbEntity
  8
0
  6
CONTINUOUS
 62
250
100
AcDbLine
 10
74.84420772035199
 20
1.519387199468829
 30
0.0
 11
74.76382438212786
 21
1.4390038612434761
 31
0.0
  0
LINE
  5
19A
330
17
100
AcDbEntity
  8
0
  6
CONTINUOUS
 62
250
100
AcDbLine
 10
74.76382438212786
 20
1.4390038612434761
 30
0.0
 11
73.78409086925618
 21
2.4187373741699307
 31
0.0
  0
LINE
  5
19B
330
17
100
AcDbEntity
  8
0
  6
CONTINUOUS
 62
250
100
AcDbLine
 10
73.78409086925618
 20
2.4187373741699307
 30
0.0
 11
74.56960254015647
 21
2.4187373741699307
 31
0.0
  0
LINE
  5
19C
330
17
100
AcDbEntity
  8
0
  6
CONTINUOUS
 62
250
100
AcDbLine
 10
74.56960254015647
 20
2.4187373741699307
 30
0.0
 11
74.17684670470578
 21
2.811493209568914
 31
0.0
  0
LINE
  5
19D
330
17
100
AcDbEntity
  8
0
  6
CONTINUOUS
 62
250
100
AcDbLine
 10
74.17684670470578
 20
2.811493209568914
 30
0.0
 11
75.12312505205438
 21
2.811493209568914
 31
0.0
  0
LINE
  5
19E
330
17
100
AcDbEntity
  8
0
  6
CONTINUOUS
 62
250
100
AcDbLine
 10
75.12312505205438
 20
2.811493209568914
 30
0.0
 11
74.33761338115528
 21
2.025981538672612
 31
0.0
  0
LINE
  5
19F
330
17
100
AcDbEntity
  8
0
  6
CONTINUOUS
 62
250
100
AcDbLine
 10
74.33761338115528
 20
2.025981538672612
 30
0.0
 11
74.84420772035199
 21
1.519387199468829
 31
0.0
  0
LINE
  5
1A0
330
17
100
AcDbEntity
  8
0
  6
CONTINUOUS
 62
250
100
AcDbLine
 10
75.43193092434589
 20
2.8332456741162035
 30
0.0
 11
76.23919505979708
 21
2.0259815386573887
 31
0.0
  0
LINE
  5
1A1
330
17
100
AcDbEntity
  8
0
  6
CONTINUOUS
 62
250
100
AcDbLine
 10
76.23919505979708
 20
2.0259815386573887
 30
0.0
 11
75.43193092434589
 21
1.2187174032137786
 31
0.0
  0
LINE
  5
1A2
330
17
100
AcDbEntity
  8
0
  6
CONTINUOUS
 62
250
100
AcDbLine
 10
75.43193092434589
 20
1.2187174032137786
 30
0.0
 11
74.62466678889467
 21
2.025981538672612
 31
0.0
  0
LINE
  5
1A3
330
17
100
AcDbEntity
  8
0
  6
CONTINUOUS
 62
250
100
AcDbLine
 10
74.62466678889467
 20
2.025981538672612
 30
0.0
 11
75.43193092434589
 21
2.8332456741162035
 31
0.0
  0
LINE
  5
1A4
330
17
100
AcDbEntity
  8
0
  6
CONTINUOUS
 62
250
100
AcDbLine
 10
77.93211385918167
 20
0.30232945532014543
 30
0.0
 11
77.21553992791237
 21
0.30232945532014543
 31
0.0
  0
LINE
  5
1A5
330
17
100
AcDbEntity
  8
0
  6
CONTINUOUS
 62
250
100
AcDbLine
 10
77.21553992791237
 20
0.30232945532014543
 30
0.0
 11
77.93174262058679
 21
1.018532147994554
 31
0.0
  0
LINE
  5
1A6
330
17
100
AcDbEntity
  8
0
  6
CONTINUOUS
 62
250
100
AcDbLine
 10
73.75877910662538
 20
2.286485405459308
 30
0.0
 11
72.99460928581067
 21
3.05065522622961
 31
0.0
  0
LINE
  5
1A7
330
17
100
AcDbEntity
  8
0
  6
CONTINUOUS
 62
250
100
AcDbLine
 10
72.99460928581067
 20
2.959654061170374
 30
0.0
 11
73.65113545981748
 21
2.3031278871708283
 31
0.0
  0
LINE
  5
1A8
330
17
100
AcDbEntity
  8
0
  6
CONTINUOUS
 62
250
100
AcDbLine
 10
73.65113545981748
 20
2.3031278871708283
 30
0.0
 11
72.99460928581067
 21
1.64660171315691
 31
0.0
  0
LINE
  5
1A9
330
17
100
AcDbEntity
  8
0
  6
CONTINUOUS
 62
250
100
AcDbLine
 10
72.99460928581067
 20
1.5223155846002614
 30
0.0
 11
73.75877910662538
 21
2.286485405459308
 31
0.0
  0
LINE
  5
1AA
330
17
100
AcDbEntity
  8
0
  6
CONTINUOUS
 62
250
100
AcDbLine
 10
73.56213900640387
 20
2.3031278871708283
 30
0.0
 11
72.99460928581067
 21
2.870657607742304
 31
0.0
  0
LINE
  5
1AB
330
17
100
AcDbEntity
  8
0
  6
CONTINUOUS
 62
250
100
AcDbLine
 10
72.99460928581067
 20
2.7591193883614498
 30
0.0
 11
73.45060078702079
 21
2.3031278871708283
 31
0.0
  0
LINE
  5
1AC
330
17
100
AcDbEntity
  8
0
  6
CONTINUOUS
 62
250
100
AcDbLine
 10
73.45060078702079
 20
2.3031278871708283
 30
0.0
 11
72.99460928581067
 21
1.8471363859412735
 31
0.0
  0
LINE
  5
1AD
330
17
100
AcDbEntity
  8
0
  6
CONTINUOUS
 62
250
100
AcDbLine
 10
72.99460928581067
 20
1.7355981665559899
 30
0.0
 11
73.56213900640387
 21
2.3031278871708283
 31
0.0
  0
LINE
  5
1AE
330
17
100
AcDbEntity
  8
0
  6
CONTINUOUS
 62
250
100
AcDbLine
 10
73.36160433364157
 20
2.3031278871708283
 30
0.0
 11
72.99460928581067
 21
2.6701229349997018
 31
0.0
  0
LINE
  5
1AF
330
17
100
AcDbEntity
  8
0
  6
CONTINUOUS
 62
250
100
AcDbLine
 10
72.99460928581067
 20
2.551435004911406
 30
0.0
 11
73.24291640355139
 21
2.3031278871708283
 31
0.0
  0
LINE
  5
1B0
330
17
100
AcDbEntity
  8
0
  6
CONTINUOUS
 62
250
100
AcDbLine
 10
73.24291640355139
 20
2.3031278871708283
 30
0.0
 11
72.99460928581067
 21
2.054820769430096
 31
0.0
  0
LINE
  5
1B1
330
17
100
AcDbEntity
  8
0
  6
CONTINUOUS
 62
250
100
AcDbLine
 10
72.99460928581067
 20
1.9361328393379873
 30
0.0
 11
73.36160433364157
 21
2.3031278871708283
 31
0.0
  0
LINE
  5
1B2
330
17
100
AcDbEntity
  8
0
  6
CONTINUOUS
 62
250
100
AcDbLine
 10
77.23203634529287
 20
2.393578925953909
 30
0.0
 11
77.86961843255267
 21
1.7559968386941316
 31
0.0
  0
LINE
  5
1B3
330
17
100
AcDbEntity
  8
0
  6
CONTINUOUS
 62
250
100
AcDbLine
 10
77.86961843255267
 20
1.844993292091024
 30
0.0
 11
77.32103279868969
 21
2.393578925953909
 31
0.0
  0
LINE
  5
1B4
330
17
100
AcDbEntity
  8
0
  6
CONTINUOUS
 62
250
100
AcDbLine
 10
77.32103279868969
 20
2.393578925953909
 30
0.0
 11
77.86961843255267
 21
2.9421645598172335
 31
0.0
  0
LINE
  5
1B5
330
17
100
AcDbEntity
  8
0
  6
CONTINUOUS
 62
250
100
AcDbLine
 10
77.86961843255267
 20
1.6640912145001696
 30
0.0
 11
77.12394046891737
 21
2.4097691781354316
 31
0.0
  0
LINE
  5
1B6
330
17
100
AcDbEntity
  8
0
  6
CONTINUOUS
 62
250
100
AcDbLine
 10
77.12394046891737
 20
2.4097691781354316
 30
0.0
 11
77.84161567952128
 21
3.1274443887393257
 31
0.0
  0
LINE
  5
1B7
330
17
100
AcDbEntity
  8
0
  6
CONTINUOUS
 62
250
100
AcDbLine
 10
77.84161567952128
 20
3.1274443887393257
 30
0.0
 11
77.86961843255267
 21
3.0994416357076897
 31
0.0
  0
LINE
  5
1B8
330
17
100
AcDbEntity
  8
0
  6
CONTINUOUS
 62
250
100
AcDbLine
 10
77.86961843255267
 20
3.0311610132141604
 30
0.0
 11
77.23203634529287
 21
2.393578925953909
 31
0.0
  0
LINE
  5
1B9
330
17
100
AcDbEntity
  8
0
  6
CONTINUOUS
 62
250
100
AcDbLine
 10
77.90375874379927
 20
1.540954449856157
 30
0.0
 11
77.82496782885389
 21
1.4621635349103324
 31
0.0
  0
LINE
  5
1BA
330
17
100
AcDbEntity
  8
0
  6
CONTINUOUS
 62
250
100
AcDbLine
 10
77.82496782885389
 20
1.4621635349103324
 30
0.0
 11
77.00065132727357
 21
2.2864800364911826
 31
0.0
  0
LINE
  5
1BB
330
17
100
AcDbEntity
  8
0
  6
CONTINUOUS
 62
250
100
AcDbLine
 10
77.00065132727357
 20
2.2864800364911826
 30
0.0
 11
77.07944224221887
 21
2.3652709514369983
 31
0.0
  0
LINE
  5
1BC
330
17
100
AcDbEntity
  8
0
  6
CONTINUOUS
 62
250
100
AcDbLine
 10
77.07944224221887
 20
2.3652709514369983
 30
0.0
 11
77.90375874379927
 21
1.540954449856157
 31
0.0
  0
LINE
  5
1BD
330
17
100
AcDbEntity
  8
0
  6
CONTINUOUS
 62
250
100
AcDbLine
 10
77.51532602922887
 20
2.4069700789021526
 30
0.0
 11
77.86961843255267
 21
2.761262482226334
 31
0.0
  0
LINE
  5
1BE
330
17
100
AcDbEntity
  8
0
  6
CONTINUOUS
 62
250
100
AcDbLine
 10
77.86961843255258
 20
2.8502589356232315
 30
0.0
 11
77.42632957583197
 21
2.406970078902143
 31
0.0
  0
LINE
  5
1BF
330
17
100
AcDbEntity
  8
0
  6
CONTINUOUS
 62
250
100
AcDbLine
 10
77.42632957583197
 20
2.406970078902143
 30
0.0
 11
77.86961843255267
 21
1.963681222181533
 31
0.0
  0
LINE
  5
1C0
330
17
100
AcDbEntity
  8
0
  6
CONTINUOUS
 62
250
100
AcDbLine
 10
77.86961843255267
 20
2.0526776755783986
 30
0.0
 11
77.51532602922887
 21
2.4069700789021526
 31
0.0
  0
LINE
  5
1C1
330
17
100
AcDbEntity
  8
0
  6
CONTINUOUS
 62
250
100
AcDbLine
 10
77.93160911983048
 20
4.533074994959824
 30
0.0
 11
77.59232422525608
 21
4.867191326100885
 31
0.0
  0
LINE
  5
1C2
330
17
100
AcDbEntity
  8
0
  6
CONTINUOUS
 62
250
100
AcDbLine
 10
77.59232422525608
 20
4.867191326100885
 30
0.0
 11
77.93211385918167
 21
4.867191326100892
 31
0.0
  0
CIRCLE
  5
1C3
330
17
100
AcDbEntity
  8
0
  6
CONTINUOUS
 62
250
100
AcDbCircle
 10
73.76503736343048
 20
0.701532223072503
 30
0.0
 40
0.1113061109157168
  0
CIRCLE
  5
1C4
330
17
100
AcDbEntity
  8
0
  6
CONTINUOUS
 62
250
100
AcDbCircle
 10
77.09847563445297
 20
0.7015322230724497
 30
0.0
 40
0.1113061109157168
  0
ARC
  5
1C5
330
17
100
AcDbEntity
  8
0
  6
CONTINUOUS
 62
250
100
AcDbCircle
 10
77.93211385918167
 20
3.8206974407842735
 30
0.0
 40
0.1718624232298773
100
AcDbArc
 50
90.0
 51
-90.00000000000001
  0
LINE
  5
1C6
330
17
100
AcDbEntity
  8
0
  6
CONTINUOUS
 62
250
100
AcDbLine
 10
77.93211385918167
 20
6.199999999999982
 30
0.0
 11
77.93211385918167
 21
0.19999999999998241
 31
0.0
  0
LINE
  5
1C7
330
17
100
AcDbEntity
  8
0
  6
CONTINUOUS
 62
250
100
AcDbLine
 10
77.86961843255267
 20
3.0994416357076746
 30
0.0
 11
77.86961843255267
 21
3.0311610132141675
 31
0.0
  0
LINE
  5
1C8
330
17
100
AcDbEntity
  8
0
  6
CONTINUOUS
 62
250
100
AcDbLine
 10
77.86961843255267
 20
2.942164559817277
 30
0.0
 11
77.86961843255267
 21
2.8502589356233026
 31
0.0
  0
LINE
  5
1C9
330
17
100
AcDbEntity
  8
0
  6
CONTINUOUS
 62
250
100
AcDbLine
 10
77.86961843255267
 20
2.7612624822264005
 30
0.0
 11
77.86961843255267
 21
2.0526776755783844
 31
0.0
  0
LINE
  5
1CA
330
17
100
AcDbEntity
  8
0
  6
CONTINUOUS
 62
250
100
AcDbLine
 10
77.86961843255267
 20
1.9636812221815143
 30
0.0
 11
77.86961843255267
 21
1.8449932920910026
 31
0.0
  0
LINE
  5
1CB
330
17
100
AcDbEntity
  8
0
  6
CONTINUOUS
 62
250
100
AcDbLine
 10
77.86961843255267
 20
1.7559968386941174
 30
0.0
 11
77.86961843255267
 21
1.6640912145001767
 31
0.0
  0
LINE
  5
1CC
330
17
100
AcDbEntity
  8
0
  6
CONTINUOUS
 62
250
100
AcDbLine
 10
72.99460928581067
 20
1.418023039485389
 30
0.0
 11
72.99460928581067
 21
1.5223155846002543
 31
0.0
  0
LINE
  5
1CD
330
17
100
AcDbEntity
  8
0
  6
CONTINUOUS
 62
250
100
AcDbLine
 10
72.99460928581067
 20
1.646601713156917
 30
0.0
 11
72.99460928581067
 21
1.7355981665559899
 31
0.0
  0
LINE
  5
1CE
330
17
100
AcDbEntity
  8
0
  6
CONTINUOUS
 62
250
100
AcDbLine
 10
72.99460928581067
 20
1.8471363859412389
 30
0.0
 11
72.99460928581067
 21
1.936132839337981
 31
0.0
  0
LINE
  5
1CF
330
17
100
AcDbEntity
  8
0
  6
CONTINUOUS
 62
250
100
AcDbLine
 10
72.99460928581078
 20
2.054820769430057
 30
0.0
 11
72.99460928581067
 21
2.551435004911399
 31
0.0
  0
LINE
  5
1D0
330
17
100
AcDbEntity
  8
0
  6
CONTINUOUS
 62
250
100
AcDbLine
 10
72.99460928581067
 20
2.670122934999716
 30
0.0
 11
72.99460928581067
 21
2.7591193883614427
 31
0.0
  0
LINE
  5
1D1
330
17
100
AcDbEntity
  8
0
  6
CONTINUOUS
 62
250
100
AcDbLine
 10
72.99460928581067
 20
2.8706576077423103
 30
0.0
 11
72.99460928581067
 21
2.959654061170367
 31
0.0
  0
LINE
  5
1D2
330
17
100
AcDbEntity
  8
0
  6
CONTINUOUS
 62
250
100
AcDbLine
 10
72.99460928581067
 20
3.05065522622961
 30
0.0
 11
72.99460928581067
 21
3.154947771343588
 31
0.0
  0
LINE
  5
1D3
330
17
100
AcDbEntity
  8
0
  6
CONTINUOUS
 62
250
100
AcDbLine
 10
74.93211385918167
 20
5.19999999999998
 30
0.0
 11
74.93211385918167
 21
0.19999999999998241
 31
0.0
  0
LINE
  5
1D4
330
17
100
AcDbEntity
  8
0
  6
CONTINUOUS
 62
250
100
AcDbLine
 10
73.93211385918167
 20
6.19999999999998
 30
0.0
 11
73.93211385918167
 21
0.19999999999998241
 31
0.0
  0
LINE
  5
1D5
330
17
100
AcDbEntity
  8
0
  6
CONTINUOUS
 62
250
100
AcDbLine
 10
75.93211385918167
 20
6.19999999999998
 30
0.0
 11
75.93211385918167
 21
0.19999999999998241
 31
0.0
  0
LINE
  5
1D6
330
17
100
AcDbEntity
  8
0
  6
CONTINUOUS
 62
250
100
AcDbLine
 10
76.93211385918167
 20
5.199999999999965
 30
0.0
 11
76.93211385918167
 21
0.19999999999998241
 31
0.0
  0
LINE
  5
1D7
330
17
100
AcDbEntity
  8
0
  6
CONTINUOUS
 62
250
100
AcDbLine
 10
72.93211385918167
 20
3.1999999999999824
 30
0.0
 11
77.93211385918167
 21
3.1999999999999824
 31
0.0
  0
LWPOLYLINE
  5
1D8
330
17
100
AcDbEntity
  8
0
  6
CONTINUOUS
 62
250
100
AcDbPolyline
 90
8
 70
1
 10
-77.9321138591818
 20
6.199999999999976
 10
-78.9321138591818
 20
5.199999999999965
 10
-79.9321138591818
 20
6.19999999999998
 10
-80.9321138591818
 20
5.199999999999965
 10
-81.9321138591818
 20
6.199999999999976
 10
-82.9321138591818
 20
5.23338379223703
 10
-82.9321138591818
 20
0.19999999999998241
 10
-77.9321138591818
 20
0.19999999999998241
210
0.0
220
0.0
230
-1.0
  0
LINE
  5
1D9
330
17
100
AcDbEntity
  8
0
  6
CONTINUOUS
 62
250
100
AcDbLine
 10
82.9321138591818
 20
5.249255205317846
 30
0.0
 11
82.9321138591818
 21
4.8671966950226855
 31
0.0
  0
LINE
  5
1DA
330
17
100
AcDbEntity
  8
0
  6
CONTINUOUS
 62
250
100
AcDbLine
 10
82.9321138591818
 20
4.8671966950226855
 30
0.0
 11
82.5929623823058
 21
4.8671966950226855
 31
0.0
  0
LINE
  5
1DB
330
17
100
AcDbEntity
  8
0
  6
CONTINUOUS
 62
250
100
AcDbLine
 10
82.5929623823058
 20
4.8671966950226855
 30
0.0
 11
82.9321138591818
 21
4.533211749135068
 31
0.0
  0
LINE
  5
1DC
330
17
100
AcDbEntity
  8
0
  6
CONTINUOUS
 62
250
100
AcDbLine
 10
82.9321138591818
 20
4.533211749135068
 30
0.0
 11
82.9321138591818
 21
3.9929257336910036
 31
0.0
  0
ARC
  5
1DD
330
17
100
AcDbEntity
  8
0
  6
CONTINUOUS
 62
250
100
AcDbCircle
 10
-82.9321138591818
 20
3.8206974407857976
 30
0.0
 40
0.1722282929052101
210
0.0
220
0.0
230
-1.0
100
AcDbArc
 50
-89.9999999999847
 51
89.99999999998697
  0
LINE
  5
1DE
330
17
100
AcDbEntity
  8
0
  6
CONTINUOUS
 62
250
100
AcDbLine
 10
82.8696184325528
 20
3.154947771343581
 30
0.0
 11
82.0011560666236
 21
2.286485405459308
 31
0.0
  0
LINE
  5
1DF
330
17
100
AcDbEntity
  8
0
  6
CONTINUOUS
 62
250
100
AcDbLine
 10
82.0011560666236
 20
2.286485405459308
 30
0.0
 11
82.8696184325528
 21
1.4180230394854023
 31
0.0
  0
LINE
  5
1E0
330
17
100
AcDbEntity
  8
0
  6
CONTINUOUS
 62
250
100
AcDbLine
 10
82.9321138591818
 20
0.9142342339609124
 30
0.0
 11
82.32020908054099
 21
0.30232945532014543
 31
0.0
  0
LINE
  5
1E1
330
17
100
AcDbEntity
  8
0
  6
CONTINUOUS
 62
250
100
AcDbLine
 10
82.32020908054099
 20
0.30232945532014543
 30
0.0
 11
82.9321138591818
 21
0.30232945532014543
 31
0.0
  0
LINE
  5
1E2
330
17
100
AcDbEntity
  8
0
  6
CONTINUOUS
 62
250
100
AcDbLine
 10
79.10503697848499
 20
4.867196695020008
 30
0.0
 11
78.4264671893353
 21
4.867196695020008
 31
0.0
  0
LINE
  5
1E3
330
17
100
AcDbEntity
  8
0
  6
CONTINUOUS
 62
250
100
AcDbLine
 10
78.4264671893353
 20
4.867196695020008
 30
0.0
 11
78.7657520839113
 21
4.533080363878861
 31
0.0
  0
LINE
  5
1E4
330
17
100
AcDbEntity
  8
0
  6
CONTINUOUS
 62
250
100
AcDbLine
 10
78.7657520839113
 20
4.533080363878861
 30
0.0
 11
79.10503697848499
 21
4.867196695020008
 31
0.0
  0
LINE
  5
1E5
330
17
100
AcDbEntity
  8
0
  6
CONTINUOUS
 62
250
100
AcDbLine
 10
79.9383093335393
 20
4.867196695020015
 30
0.0
 11
79.25973954438959
 21
4.867196695020015
 31
0.0
  0
LINE
  5
1E6
330
17
100
AcDbEntity
  8
0
  6
CONTINUOUS
 62
250
100
AcDbLine
 10
79.25973954438959
 20
4.867196695020015
 30
0.0
 11
79.59902443896449
 21
4.533080363878875
 31
0.0
  0
LINE
  5
1E7
330
17
100
AcDbEntity
  8
0
  6
CONTINUOUS
 62
250
100
AcDbLine
 10
79.59902443896449
 20
4.533080363878875
 30
0.0
 11
79.9383093335393
 21
4.867196695020015
 31
0.0
  0
LINE
  5
1E8
330
17
100
AcDbEntity
  8
0
  6
CONTINUOUS
 62
250
100
AcDbLine
 10
80.093011899444
 20
4.867196695025742
 30
0.0
 11
80.4322967940182
 21
4.533080363884027
 31
0.0
  0
LINE
  5
1E9
330
17
100
AcDbEntity
  8
0
  6
CONTINUOUS
 62
250
100
AcDbLine
 10
80.4322967940182
 20
4.533080363884027
 30
0.0
 11
80.7715816885948
 21
4.867196695025742
 31
0.0
  0
LINE
  5
1EA
330
17
100
AcDbEntity
  8
0
  6
CONTINUOUS
 62
250
100
AcDbLine
 10
80.7715816885948
 20
4.867196695025742
 30
0.0
 11
80.093011899444
 21
4.867196695025742
 31
0.0
  0
LINE
  5
1EB
330
17
100
AcDbEntity
  8
0
  6
CONTINUOUS
 62
250
100
AcDbLine
 10
80.9262842544983
 20
4.867196695025742
 30
0.0
 11
81.2655691490732
 21
4.5330803638876676
 31
0.0
  0
LINE
  5
1EC
330
17
100
AcDbEntity
  8
0
  6
CONTINUOUS
 62
250
100
AcDbLine
 10
81.2655691490732
 20
4.5330803638876676
 30
0.0
 11
81.60485404364799
 21
4.867196695025742
 31
0.0
  0
LINE
  5
1ED
330
17
100
AcDbEntity
  8
0
  6
CONTINUOUS
 62
250
100
AcDbLine
 10
81.60485404364799
 20
4.867196695025742
 30
0.0
 11
80.9262842544983
 21
4.867196695025742
 31
0.0
  0
LINE
  5
1EE
330
17
100
AcDbEntity
  8
0
  6
CONTINUOUS
 62
250
100
AcDbLine
 10
81.7595566095515
 20
4.8671966950226855
 30
0.0
 11
82.09884150412749
 21
4.533080363881547
 31
0.0
  0
LINE
  5
1EF
330
17
100
AcDbEntity
  8
0
  6
CONTINUOUS
 62
250
100
AcDbLine
 10
82.09884150412749
 20
4.533080363881547
 30
0.0
 11
82.4381263987012
 21
4.8671966950226855
 31
0.0
  0
LINE
  5
1F0
330
17
100
AcDbEntity
  8
0
  6
CONTINUOUS
 62
250
100
AcDbLine
 10
82.4381263987012
 20
4.8671966950226855
 30
0.0
 11
81.7595566095515
 21
4.8671966950226855
 31
0.0
  0
ARC
  5
1F1
330
17
100
AcDbEntity
  8
0
  6
CONTINUOUS
 62
250
100
AcDbCircle
 10
-79.16088890572209
 20
3.8206974407827636
 30
0.0
 40
0.1065976083175258
210
0.0
220
0.0
230
-1.0
100
AcDbArc
 50
15.02588689196348
 51
164.9741131080396
  0
LINE
  5
1F2
330
17
100
AcDbEntity
  8
0
  6
CONTINUOUS
 62
250
100
AcDbLine
 10
79.26384181285839
 20
3.848333450104038
 30
0.0
 11
79.6931599865259
 21
3.8483334501040516
 31
0.0
  0
ARC
  5
1F3
330
17
100
AcDbEntity
  8
0
  6
CONTINUOUS
 62
250
100
AcDbCircle
 10
-79.16088890572209
 20
3.8483334501040236
 30
0.0
 40
0.532271080803773
210
0.0
220
0.0
230
-1.0
100
AcDbArc
 50
-4.211444178243999e-13
 51
179.9999999999998
  0
LINE
  5
1F4
330
17
100
AcDbEntity
  8
0
  6
CONTINUOUS
 62
250
100
AcDbLine
 10
78.6286178249183
 20
3.8483334501040236
 30
0.0
 11
79.05793599858579
 21
3.8483334501040516
 31
0.0
  0
LINE
  5
1F5
330
17
100
AcDbEntity
  8
0
  6
CONTINUOUS
 62
250
100
AcDbLine
 10
79.05793599858579
 20
3.7930614314645625
 30
0.0
 11
78.6286178249183
 21
3.7930614314645528
 31
0.0
  0
ARC
  5
1F6
330
17
100
AcDbEntity
  8
0
  6
CONTINUOUS
 62
250
100
AcDbCircle
 10
-79.16088890572209
 20
3.7930614314645625
 30
0.0
 40
0.5322710808037662
210
0.0
220
0.0
230
-1.0
100
AcDbArc
 50
-179.99999999999983
 51
-4.211444178243999e-13
  0
LINE
  5
1F7
330
17
100
AcDbEntity
  8
0
  6
CONTINUOUS
 62
250
100
AcDbLine
 10
79.6931599865259
 20
3.7930614314645528
 30
0.0
 11
79.26384181285839
 21
3.7930614314645528
 31
0.0
  0
ARC
  5
1F8
330
17
100
AcDbEntity
  8
0
  6
CONTINUOUS
 62
250
100
AcDbCircle
 10
-79.16088890572209
 20
3.8206974407827636
 30
0.0
 40
0.1065976083167457
210
0.0
220
0.0
230
-1.0
100
AcDbArc
 50
-164.9741131096326
 51
-15.025886890369938
  0
ARC
  5
1F9
330
17
100
AcDbEntity
  8
0
  6
CONTINUOUS
 62
250
100
AcDbCircle
 10
-81.70370468231779
 20
3.820697440785443
 30
0.0
 40
0.1065976083175401
210
0.0
220
0.0
230
-1.0
100
AcDbArc
 50
15.025886891963061
 51
164.974113108038
  0
LINE
  5
1FA
330
17
100
AcDbEntity
  8
0
  6
CONTINUOUS
 62
250
100
AcDbLine
 10
81.80665758945409
 20
3.8483334501067157
 30
0.0
 11
82.2359757631216
 21
3.8483334501067237
 31
0.0
  0
ARC
  5
1FB
330
17
100
AcDbEntity
  8
0
  6
CONTINUOUS
 62
250
100
AcDbCircle
 10
-81.70370468231779
 20
3.8483334501067157
 30
0.0
 40
0.5322710808037662
210
0.0
220
0.0
230
-1.0
100
AcDbArc
 50
-4.211444178243999e-13
 51
179.9999999999998
  0
LINE
  5
1FC
330
17
100
AcDbEntity
  8
0
  6
CONTINUOUS
 62
250
100
AcDbLine
 10
81.171433601514
 20
3.8483334501067237
 30
0.0
 11
81.6007517751815
 21
3.8483334501067157
 31
0.0
  0
LINE
  5
1FD
330
17
100
AcDbEntity
  8
0
  6
CONTINUOUS
 62
250
100
AcDbLine
 10
81.6007517751815
 20
3.7930614314672417
 30
0.0
 11
81.171433601514
 21
3.7930614314672417
 31
0.0
  0
ARC
  5
1FE
330
17
100
AcDbEntity
  8
0
  6
CONTINUOUS
 62
250
100
AcDbCircle
 10
-81.70370468231779
 20
3.7930614314672417
 30
0.0
 40
0.5322710808037725
210
0.0
220
0.0
230
-1.0
100
AcDbArc
 50
-179.99999999999983
 51
-4.211444178243999e-13
  0
LINE
  5
1FF
330
17
100
AcDbEntity
  8
0
  6
CONTINUOUS
 62
250
100
AcDbLine
 10
82.2359757631216
 20
3.793061431467249
 30
0.0
 11
81.80665758945409
 21
3.7930614314672417
 31
0.0
  0
ARC
  5
200
330
17
100
AcDbEntity
  8
0
  6
CONTINUOUS
 62
250
100
AcDbCircle
 10
-81.70370468231779
 20
3.820697440785443
 30
0.0
 40
0.1065976083167457
210
0.0
220
0.0
230
-1.0
100
AcDbArc
 50
-164.9741131096326
 51
-15.025886890368103
  0
ARC
  5
201
330
17
100
AcDbEntity
  8
0
  6
CONTINUOUS
 62
250
100
AcDbCircle
 10
-80.4322967940188
 20
3.8206974407900187
 30
0.0
 40
0.1718624232298842
210
0.0
220
0.0
230
-1.0
100
AcDbArc
 50
2.036e-13
 51
180.0
  0
ARC
  5
202
330
17
100
AcDbEntity
  8
0
  6
CONTINUOUS
 62
250
100
AcDbCircle
 10
-80.4322967940188
 20
3.8206974407900187
 30
0.0
 40
0.1718624232298694
210
0.0
220
0.0
230
-1.0
100
AcDbArc
 50
-179.99999999999983
 51
-6.24699917438065e-13
  0
LINE
  5
203
330
17
100
AcDbEntity
  8
0
  6
CONTINUOUS
 62
250
100
AcDbLine
 10
78.93163299557169
 20
2.039158084524127
 30
0.0
 11
80.3411388335413
 21
0.629652246553805
 31
0.0
  0
ARC
  5
204
330
17
100
AcDbEntity
  8
0
  6
CONTINUOUS
 62
250
100
AcDbCircle
 10
-80.43229679401759
 20
0.566249370438344
 30
0.0
 40
0.1110391753297565
210
0.0
220
0.0
230
-1.0
100
AcDbArc
 50
145.180321594915
 51
34.8196784050884
  0
LINE
  5
205
330
17
100
AcDbEntity
  8
0
  6
CONTINUOUS
 62
250
100
AcDbLine
 10
80.523454754494
 20
0.629652246553805
 30
0.0
 11
81.9329605924635
 21
2.0391580845241473
 31
0.0
  0
LINE
  5
206
330
17
100
AcDbEntity
  8
0
  6
CONTINUOUS
 62
250
100
AcDbLine
 10
81.9329605924635
 20
2.0391580845241473
 30
0.0
 11
82.32247060571399
 21
1.649648071273882
 31
0.0
  0
LINE
  5
207
330
17
100
AcDbEntity
  8
0
  6
CONTINUOUS
 62
250
100
AcDbLine
 10
82.32247060571399
 20
1.649648071273882
 30
0.0
 11
82.2108630781723
 21
1.538040543732082
 31
0.0
  0
LINE
  5
208
330
17
100
AcDbEntity
  8
0
  6
CONTINUOUS
 62
250
100
AcDbLine
 10
82.2108630781723
 20
1.538040543732082
 30
0.0
 11
81.53950584980609
 21
1.538040543732082
 31
0.0
  0
LINE
  5
209
330
17
100
AcDbEntity
  8
0
  6
CONTINUOUS
 62
250
100
AcDbLine
 10
81.53950584980609
 20
1.538040543732082
 30
0.0
 11
81.9329605924635
 21
1.1445858010747374
 31
0.0
  0
LINE
  5
20A
330
17
100
AcDbEntity
  8
0
  6
CONTINUOUS
 62
250
100
AcDbLine
 10
81.9329605924635
 20
1.1445858010747374
 30
0.0
 11
82.43802286266269
 21
1.6496480712739778
 31
0.0
  0
LINE
  5
20B
330
17
100
AcDbEntity
  8
0
  6
CONTINUOUS
 62
250
100
AcDbLine
 10
82.43802286266269
 20
1.6496480712739778
 30
0.0
 11
81.9329605924635
 21
2.1547103415207234
 31
0.0
  0
LINE
  5
20C
330
17
100
AcDbEntity
  8
0
  6
CONTINUOUS
 62
250
100
AcDbLine
 10
81.9329605924635
 20
2.1547103415207234
 30
0.0
 11
80.4534963133052
 21
0.6752460623144447
 31
0.0
  0
ARC
  5
20D
330
17
100
AcDbEntity
  8
0
  6
CONTINUOUS
 62
250
100
AcDbCircle
 10
-80.43229679401759
 20
0.5796627304585531
 30
0.0
 40
0.097906041420818
210
0.0
220
0.0
230
-1.0
100
AcDbArc
 50
77.49474094213771
 51
102.5052590578706
  0
LINE
  5
20E
330
17
100
AcDbEntity
  8
0
  6
CONTINUOUS
 62
250
100
AcDbLine
 10
80.41109727473
 20
0.6752460623144518
 30
0.0
 11
78.93163299557169
 21
2.1547103414730104
 31
0.0
  0
LINE
  5
20F
330
17
100
AcDbEntity
  8
0
  6
CONTINUOUS
 62
250
100
AcDbLine
 10
78.93163299557169
 20
2.1547103414730104
 30
0.0
 11
78.4265707253725
 21
1.649648071273928
 31
0.0
  0
LINE
  5
210
330
17
100
AcDbEntity
  8
0
  6
CONTINUOUS
 62
250
100
AcDbLine
 10
78.4265707253725
 20
1.649648071273928
 30
0.0
 11
78.93163299557169
 21
1.1445858010747028
 31
0.0
  0
LINE
  5
211
330
17
100
AcDbEntity
  8
0
  6
CONTINUOUS
 62
250
100
AcDbLine
 10
78.93163299557169
 20
1.1445858010747028
 30
0.0
 11
79.3250877382291
 21
1.538040543732043
 31
0.0
  0
LINE
  5
212
330
17
100
AcDbEntity
  8
0
  6
CONTINUOUS
 62
250
100
AcDbLine
 10
79.3250877382291
 20
1.538040543732043
 30
0.0
 11
78.653730509863
 21
1.538040543732043
 31
0.0
  0
LINE
  5
213
330
17
100
AcDbEntity
  8
0
  6
CONTINUOUS
 62
250
100
AcDbLine
 10
78.653730509863
 20
1.538040543732043
 30
0.0
 11
78.54212298232119
 21
1.6496480712738526
 31
0.0
  0
LINE
  5
214
330
17
100
AcDbEntity
  8
0
  6
CONTINUOUS
 62
250
100
AcDbLine
 10
78.54212298232119
 20
1.6496480712738526
 30
0.0
 11
78.93163299557169
 21
2.039158084524127
 31
0.0
  0
LINE
  5
215
330
17
100
AcDbEntity
  8
0
  6
CONTINUOUS
 62
250
100
AcDbLine
 10
80.0395409585715
 20
3.5169344260394704
 30
0.0
 11
80.3522263395917
 21
3.204249045017468
 31
0.0
  0
LINE
  5
216
330
17
100
AcDbEntity
  8
0
  6
CONTINUOUS
 62
250
100
AcDbLine
 10
80.3522263395917
 20
3.204249045017468
 30
0.0
 11
79.56996840982829
 21
3.204249045017468
 31
0.0
  0
LINE
  5
217
330
17
100
AcDbEntity
  8
0
  6
CONTINUOUS
 62
250
100
AcDbLine
 10
79.56996840982829
 20
3.204249045017468
 30
0.0
 11
79.88694373775519
 21
2.8872737170909213
 31
0.0
  0
LINE
  5
218
330
17
100
AcDbEntity
  8
0
  6
CONTINUOUS
 62
250
100
AcDbLine
 10
79.88694373775519
 20
2.8872737170909213
 30
0.0
 11
80.1992714292488
 21
2.8872737170909213
 31
0.0
  0
LINE
  5
219
330
17
100
AcDbEntity
  8
0
  6
CONTINUOUS
 62
250
100
AcDbLine
 10
80.1992714292488
 20
2.8872737170909213
 30
0.0
 11
80.43229679401759
 21
3.1202990818598
 31
0.0
  0
LINE
  5
21A
330
17
100
AcDbEntity
  8
0
  6
CONTINUOUS
 62
250
100
AcDbLine
 10
80.43229679401759
 20
3.1202990818598
 30
0.0
 11
80.6653221587864
 21
2.8872737170910856
 31
0.0
  0
LINE
  5
21B
330
17
100
AcDbEntity
  8
0
  6
CONTINUOUS
 62
250
100
AcDbLine
 10
80.6653221587864
 20
2.8872737170910856
 30
0.0
 11
80.9776498502801
 21
2.8872737170910856
 31
0.0
  0
LINE
  5
21C
330
17
100
AcDbEntity
  8
0
  6
CONTINUOUS
 62
250
100
AcDbLine
 10
80.9776498502801
 20
2.8872737170910856
 30
0.0
 11
81.294625178207
 21
3.204249045017468
 31
0.0
  0
LINE
  5
21D
330
17
100
AcDbEntity
  8
0
  6
CONTINUOUS
 62
250
100
AcDbLine
 10
81.294625178207
 20
3.204249045017468
 30
0.0
 11
80.5123672484435
 21
3.204249045017468
 31
0.0
  0
LINE
  5
21E
330
17
100
AcDbEntity
  8
0
  6
CONTINUOUS
 62
250
100
AcDbLine
 10
80.5123672484435
 20
3.204249045017468
 30
0.0
 11
80.825052629466
 21
3.5169344260394704
 31
0.0
  0
LINE
  5
21F
330
17
100
AcDbEntity
  8
0
  6
CONTINUOUS
 62
250
100
AcDbLine
 10
80.825052629466
 20
3.5169344260394704
 30
0.0
 11
80.0395409585715
 21
3.5169344260394704
 31
0.0
  0
LINE
  5
220
330
17
100
AcDbEntity
  8
0
  6
CONTINUOUS
 62
250
100
AcDbLine
 10
79.17721257437749
 20
2.8114932095687495
 30
0.0
 11
79.56996840982829
 21
2.4187373741070326
 31
0.0
  0
LINE
  5
221
330
17
100
AcDbEntity
  8
0
  6
CONTINUOUS
 62
250
100
AcDbLine
 10
79.56996840982829
 20
2.4187373741070326
 30
0.0
 11
78.784456738928
 21
2.4187373741070326
 31
0.0
  0
LINE
  5
222
330
17
100
AcDbEntity
  8
0
  6
CONTINUOUS
 62
250
100
AcDbLine
 10
78.784456738928
 20
2.4187373741070326
 30
0.0
 11
79.76419025179959
 21
1.4390038612430986
 31
0.0
  0
LINE
  5
223
330
17
100
AcDbEntity
  8
0
  6
CONTINUOUS
 62
250
100
AcDbLine
 10
79.76419025179959
 20
1.4390038612430986
 30
0.0
 11
79.8445735900238
 21
1.519387199468495
 31
0.0
  0
LINE
  5
224
330
17
100
AcDbEntity
  8
0
  6
CONTINUOUS
 62
250
100
AcDbLine
 10
79.8445735900238
 20
1.519387199468495
 30
0.0
 11
79.33797925082699
 21
2.0259815386573887
 31
0.0
  0
LINE
  5
225
330
17
100
AcDbEntity
  8
0
  6
CONTINUOUS
 62
250
100
AcDbLine
 10
79.33797925082699
 20
2.0259815386573887
 30
0.0
 11
80.1234909217262
 21
2.8114932095687495
 31
0.0
  0
LINE
  5
226
330
17
100
AcDbEntity
  8
0
  6
CONTINUOUS
 62
250
100
AcDbLine
 10
80.1234909217262
 20
2.8114932095687495
 30
0.0
 11
79.17721257437749
 21
2.8114932095687495
 31
0.0
  0
LINE
  5
227
330
17
100
AcDbEntity
  8
0
  6
CONTINUOUS
 62
250
100
AcDbLine
 10
80.43229679401759
 20
0.9316639954746586
 30
0.0
 11
79.8851380224229
 21
1.478822767069234
 31
0.0
  0
LINE
  5
228
330
17
100
AcDbEntity
  8
0
  6
CONTINUOUS
 62
250
100
AcDbLine
 10
79.8851380224229
 20
1.478822767069234
 30
0.0
 11
79.80475468419759
 21
1.398439428843906
 31
0.0
  0
LINE
  5
229
330
17
100
AcDbEntity
  8
0
  6
CONTINUOUS
 62
250
100
AcDbLine
 10
79.80475468419759
 20
1.398439428843906
 30
0.0
 11
80.43229679401759
 21
0.7708973190240593
 31
0.0
  0
LINE
  5
22A
330
17
100
AcDbEntity
  8
0
  6
CONTINUOUS
 62
250
100
AcDbLine
 10
80.43229679401759
 20
0.7708973190240593
 30
0.0
 11
81.0598389038377
 21
1.3984394288442816
 31
0.0
  0
LINE
  5
22B
330
17
100
AcDbEntity
  8
0
  6
CONTINUOUS
 62
250
100
AcDbLine
 10
81.0598389038377
 20
1.3984394288442816
 30
0.0
 11
80.9794555656124
 21
1.4788227670695564
 31
0.0
  0
LINE
  5
22C
330
17
100
AcDbEntity
  8
0
  6
CONTINUOUS
 62
250
100
AcDbLine
 10
80.9794555656124
 20
1.4788227670695564
 30
0.0
 11
80.43229679401759
 21
0.9316639954746586
 31
0.0
  0
LINE
  5
22D
330
17
100
AcDbEntity
  8
0
  6
CONTINUOUS
 62
250
100
AcDbLine
 10
81.02001999801149
 20
1.519387199468829
 30
0.0
 11
81.1004033362356
 21
1.4390038612434761
 31
0.0
  0
LINE
  5
22E
330
17
100
AcDbEntity
  8
0
  6
CONTINUOUS
 62
250
100
AcDbLine
 10
81.1004033362356
 20
1.4390038612434761
 30
0.0
 11
82.08013684910729
 21
2.4187373741699307
 31
0.0
  0
LINE
  5
22F
330
17
100
AcDbEntity
  8
0
  6
CONTINUOUS
 62
250
100
AcDbLine
 10
82.08013684910729
 20
2.4187373741699307
 30
0.0
 11
81.294625178207
 21
2.4187373741699307
 31
0.0
  0
LINE
  5
230
330
17
100
AcDbEntity
  8
0
  6
CONTINUOUS
 62
250
100
AcDbLine
 10
81.294625178207
 20
2.4187373741699307
 30
0.0
 11
81.6873810136577
 21
2.811493209568914
 31
0.0
  0
LINE
  5
231
330
17
100
AcDbEntity
  8
0
  6
CONTINUOUS
 62
250
100
AcDbLine
 10
81.6873810136577
 20
2.811493209568914
 30
0.0
 11
80.74110266630909
 21
2.811493209568914
 31
0.0
  0
LINE
  5
232
330
17
100
AcDbEntity
  8
0
  6
CONTINUOUS
 62
250
100
AcDbLine
 10
80.74110266630909
 20
2.811493209568914
 30
0.0
 11
81.5266143372082
 21
2.025981538672612
 31
0.0
  0
LINE
  5
233
330
17
100
AcDbEntity
  8
0
  6
CONTINUOUS
 62
250
100
AcDbLine
 10
81.5266143372082
 20
2.025981538672612
 30
0.0
 11
81.02001999801149
 21
1.519387199468829
 31
0.0
  0
LINE
  5
234
330
17
100
AcDbEntity
  8
0
  6
CONTINUOUS
 62
250
100
AcDbLine
 10
80.43229679401759
 20
2.8332456741162035
 30
0.0
 11
79.6250326585664
 21
2.0259815386573887
 31
0.0
  0
LINE
  5
235
330
17
100
AcDbEntity
  8
0
  6
CONTINUOUS
 62
250
100
AcDbLine
 10
79.6250326585664
 20
2.0259815386573887
 30
0.0
 11
80.43229679401759
 21
1.2187174032137786
 31
0.0
  0
LINE
  5
236
330
17
100
AcDbEntity
  8
0
  6
CONTINUOUS
 62
250
100
AcDbLine
 10
80.43229679401759
 20
1.2187174032137786
 30
0.0
 11
81.2395609294688
 21
2.025981538672612
 31
0.0
  0
LINE
  5
237
330
17
100
AcDbEntity
  8
0
  6
CONTINUOUS
 62
250
100
AcDbLine
 10
81.2395609294688
 20
2.025981538672612
 30
0.0
 11
80.43229679401759
 21
2.8332456741162035
 31
0.0
  0
LINE
  5
238
330
17
100
AcDbEntity
  8
0
  6
CONTINUOUS
 62
250
100
AcDbLine
 10
77.9321138591818
 20
0.30232945532014543
 30
0.0
 11
78.64868779045109
 21
0.30232945532014543
 31
0.0
  0
LINE
  5
239
330
17
100
AcDbEntity
  8
0
  6
CONTINUOUS
 62
250
100
AcDbLine
 10
78.64868779045109
 20
0.30232945532014543
 30
0.0
 11
77.93248509777669
 21
1.018532147994554
 31
0.0
  0
LINE
  5
23A
330
17
100
AcDbEntity
  8
0
  6
CONTINUOUS
 62
250
100
AcDbLine
 10
82.1054486117381
 20
2.286485405459308
 30
0.0
 11
82.8696184325528
 21
3.05065522622961
 31
0.0
  0
LINE
  5
23B
330
17
100
AcDbEntity
  8
0
  6
CONTINUOUS
 62
250
100
AcDbLine
 10
82.8696184325528
 20
2.959654061170374
 30
0.0
 11
82.213092258546
 21
2.3031278871708283
 31
0.0
  0
LINE
  5
23C
330
17
100
AcDbEntity
  8
0
  6
CONTINUOUS
 62
250
100
AcDbLine
 10
82.213092258546
 20
2.3031278871708283
 30
0.0
 11
82.8696184325528
 21
1.64660171315691
 31
0.0
  0
LINE
  5
23D
330
17
100
AcDbEntity
  8
0
  6
CONTINUOUS
 62
250
100
AcDbLine
 10
82.8696184325528
 20
1.5223155846002614
 30
0.0
 11
82.1054486117381
 21
2.286485405459308
 31
0.0
  0
LINE
  5
23E
330
17
100
AcDbEntity
  8
0
  6
CONTINUOUS
 62
250
100
AcDbLine
 10
82.3020887119596
 20
2.3031278871708283
 30
0.0
 11
82.8696184325528
 21
2.870657607742304
 31
0.0
  0
LINE
  5
23F
330
17
100
AcDbEntity
  8
0
  6
CONTINUOUS
 62
250
100
AcDbLine
 10
82.8696184325528
 20
2.7591193883614498
 30
0.0
 11
82.41362693134269
 21
2.3031278871708283
 31
0.0
  0
LINE
  5
240
330
17
100
AcDbEntity
  8
0
  6
CONTINUOUS
 62
250
100
AcDbLine
 10
82.41362693134269
 20
2.3031278871708283
 30
0.0
 11
82.8696184325528
 21
1.8471363859412735
 31
0.0
  0
LINE
  5
241
330
17
100
AcDbEntity
  8
0
  6
CONTINUOUS
 62
250
100
AcDbLine
 10
82.8696184325528
 20
1.7355981665559899
 30
0.0
 11
82.3020887119596
 21
2.3031278871708283
 31
0.0
  0
LINE
  5
242
330
17
100
AcDbEntity
  8
0
  6
CONTINUOUS
 62
250
100
AcDbLine
 10
82.5026233847219
 20
2.3031278871708283
 30
0.0
 11
82.8696184325528
 21
2.6701229349997018
 31
0.0
  0
LINE
  5
243
330
17
100
AcDbEntity
  8
0
  6
CONTINUOUS
 62
250
100
AcDbLine
 10
82.8696184325528
 20
2.551435004911406
 30
0.0
 11
82.62131131481209
 21
2.3031278871708283
 31
0.0
  0
LINE
  5
244
330
17
100
AcDbEntity
  8
0
  6
CONTINUOUS
 62
250
100
AcDbLine
 10
82.62131131481209
 20
2.3031278871708283
 30
0.0
 11
82.8696184325528
 21
2.054820769430096
 31
0.0
  0
LINE
  5
245
330
17
100
AcDbEntity
  8
0
  6
CONTINUOUS
 62
250
100
AcDbLine
 10
82.8696184325528
 20
1.9361328393379873
 30
0.0
 11
82.5026233847219
 21
2.3031278871708283
 31
0.0
  0
LINE
  5
246
330
17
100
AcDbEntity
  8
0
  6
CONTINUOUS
 62
250
100
AcDbLine
 10
78.6321913730706
 20
2.393578925953909
 30
0.0
 11
77.9946092858108
 21
1.7559968386941316
 31
0.0
  0
LINE
  5
247
330
17
100
AcDbEntity
  8
0
  6
CONTINUOUS
 62
250
100
AcDbLine
 10
77.9946092858108
 20
1.844993292091024
 30
0.0
 11
78.5431949196738
 21
2.393578925953909
 31
0.0
  0
LINE
  5
248
330
17
100
AcDbEntity
  8
0
  6
CONTINUOUS
 62
250
100
AcDbLine
 10
78.5431949196738
 20
2.393578925953909
 30
0.0
 11
77.9946092858108
 21
2.9421645598172335
 31
0.0
  0
LINE
  5
249
330
17
100
AcDbEntity
  8
0
  6
CONTINUOUS
 62
250
100
AcDbLine
 10
77.9946092858108
 20
1.6640912145001696
 30
0.0
 11
78.7402872494461
 21
2.4097691781354316
 31
0.0
  0
LINE
  5
24A
330
17
100
AcDbEntity
  8
0
  6
CONTINUOUS
 62
250
100
AcDbLine
 10
78.7402872494461
 20
2.4097691781354316
 30
0.0
 11
78.0226120388422
 21
3.1274443887393257
 31
0.0
  0
LINE
  5
24B
330
17
100
AcDbEntity
  8
0
  6
CONTINUOUS
 62
250
100
AcDbLine
 10
78.0226120388422
 20
3.1274443887393257
 30
0.0
 11
77.9946092858108
 21
3.0994416357076897
 31
0.0
  0
LINE
  5
24C
330
17
100
AcDbEntity
  8
0
  6
CONTINUOUS
 62
250
100
AcDbLine
 10
77.9946092858108
 20
3.0311610132141604
 30
0.0
 11
78.6321913730706
 21
2.393578925953909
 31
0.0
  0
LINE
  5
24D
330
17
100
AcDbEntity
  8
0
  6
CONTINUOUS
 62
250
100
AcDbLine
 10
77.9604689745642
 20
1.540954449856157
 30
0.0
 11
78.0392598895096
 21
1.4621635349103324
 31
0.0
  0
LINE
  5
24E
330
17
100
AcDbEntity
  8
0
  6
CONTINUOUS
 62
250
100
AcDbLine
 10
78.0392598895096
 20
1.4621635349103324
 30
0.0
 11
78.8635763910899
 21
2.2864800364911826
 31
0.0
  0
LINE
  5
24F
330
17
100
AcDbEntity
  8
0
  6
CONTINUOUS
 62
250
100
AcDbLine
 10
78.8635763910899
 20
2.2864800364911826
 30
0.0
 11
78.78478547614459
 21
2.3652709514369983
 31
0.0
  0
LINE
  5
250
330
17
100
AcDbEntity
  8
0
  6
CONTINUOUS
 62
250
100
AcDbLine
 10
78.78478547614459
 20
2.3652709514369983
 30
0.0
 11
77.9604689745642
 21
1.540954449856157
 31
0.0
  0
LINE
  5
251
330
17
100
AcDbEntity
  8
0
  6
CONTINUOUS
 62
250
100
AcDbLine
 10
78.34890168913459
 20
2.4069700789021526
 30
0.0
 11
77.9946092858108
 21
2.761262482226334
 31
0.0
  0
LINE
  5
252
330
17
100
AcDbEntity
  8
0
  6
CONTINUOUS
 62
250
100
AcDbLine
 10
77.9946092858109
 20
2.8502589356232315
 30
0.0
 11
78.4378981425315
 21
2.406970078902143
 31
0.0
  0
LINE
  5
253
330
17
100
AcDbEntity
  8
0
  6
CONTINUOUS
 62
250
100
AcDbLine
 10
78.4378981425315
 20
2.406970078902143
 30
0.0
 11
77.9946092858108
 21
1.963681222181533
 31
0.0
  0
LINE
  5
254
330
17
100
AcDbEntity
  8
0
  6
CONTINUOUS
 62
250
100
AcDbLine
 10
77.9946092858108
 20
2.0526776755783986
 30
0.0
 11
78.34890168913459
 21
2.4069700789021526
 31
0.0
  0
LINE
  5
255
330
17
100
AcDbEntity
  8
0
  6
CONTINUOUS
 62
250
100
AcDbLine
 10
77.932618598533
 20
4.533074994959824
 30
0.0
 11
78.2719034931074
 21
4.867191326100885
 31
0.0
  0
LINE
  5
256
330
17
100
AcDbEntity
  8
0
  6
CONTINUOUS
 62
250
100
AcDbLine
 10
78.2719034931074
 20
4.867191326100885
 30
0.0
 11
77.9321138591818
 21
4.867191326100892
 31
0.0
  0
CIRCLE
  5
257
330
17
100
AcDbEntity
  8
0
  6
CONTINUOUS
 62
250
100
AcDbCircle
 10
-82.099190354933
 20
0.701532223072503
 30
0.0
 40
0.1113061109157168
210
0.0
220
0.0
230
-1.0
  0
CIRCLE
  5
258
330
17
100
AcDbEntity
  8
0
  6
CONTINUOUS
 62
250
100
AcDbCircle
 10
-78.7657520839105
 20
0.7015322230724497
 30
0.0
 40
0.1113061109157168
210
0.0
220
0.0
230
-1.0
  0
ARC
  5
259
330
17
100
AcDbEntity
  8
0
  6
CONTINUOUS
 62
250
100
AcDbCircle
 10
-77.9321138591818
 20
3.8206974407842735
 30
0.0
 40
0.1718624232298773
210
0.0
220
0.0
230
-1.0
100
AcDbArc
 50
90.0
 51
-90.00000000000001
  0
LINE
  5
25A
330
17
100
AcDbEntity
  8
0
  6
CONTINUOUS
 62
250
100
AcDbLine
 10
77.9321138591818
 20
6.199999999999982
 30
0.0
 11
77.9321138591818
 21
0.19999999999998241
 31
0.0
  0
LINE
  5
25B
330
17
100
AcDbEntity
  8
0
  6
CONTINUOUS
 62
250
100
AcDbLine
 10
77.9946092858108
 20
3.0994416357076746
 30
0.0
 11
77.9946092858108
 21
3.0311610132141675
 31
0.0
  0
LINE
  5
25C
330
17
100
AcDbEntity
  8
0
  6
CONTINUOUS
 62
250
100
AcDbLine
 10
77.9946092858108
 20
2.942164559817277
 30
0.0
 11
77.9946092858108
 21
2.8502589356233026
 31
0.0
  0
LINE
  5
25D
330
17
100
AcDbEntity
  8
0
  6
CONTINUOUS
 62
250
100
AcDbLine
 10
77.9946092858108
 20
2.7612624822264005
 30
0.0
 11
77.9946092858108
 21
2.0526776755783844
 31
0.0
  0
LINE
  5
25E
330
17
100
AcDbEntity
  8
0
  6
CONTINUOUS
 62
250
100
AcDbLine
 10
77.9946092858108
 20
1.9636812221815143
 30
0.0
 11
77.9946092858108
 21
1.8449932920910026
 31
0.0
  0
LINE
  5
25F
330
17
100
AcDbEntity
  8
0
  6
CONTINUOUS
 62
250
100
AcDbLine
 10
77.9946092858108
 20
1.7559968386941174
 30
0.0
 11
77.9946092858108
 21
1.6640912145001767
 31
0.0
  0
LINE
  5
260
330
17
100
AcDbEntity
  8
0
  6
CONTINUOUS
 62
250
100
AcDbLine
 10
82.8696184325528
 20
1.418023039485389
 30
0.0
 11
82.8696184325528
 21
1.5223155846002543
 31
0.0
  0
LINE
  5
261
330
17
100
AcDbEntity
  8
0
  6
CONTINUOUS
 62
250
100
AcDbLine
 10
82.8696184325528
 20
1.646601713156917
 30
0.0
 11
82.8696184325528
 21
1.7355981665559899
 31
0.0
  0
LINE
  5
262
330
17
100
AcDbEntity
  8
0
  6
CONTINUOUS
 62
250
100
AcDbLine
 10
82.8696184325528
 20
1.8471363859412389
 30
0.0
 11
82.8696184325528
 21
1.936132839337981
 31
0.0
  0
LINE
  5
263
330
17
100
AcDbEntity
  8
0
  6
CONTINUOUS
 62
250
100
AcDbLine
 10
82.8696184325527
 20
2.054820769430057
 30
0.0
 11
82.8696184325528
 21
2.551435004911399
 31
0.0
  0
LINE
  5
264
330
17
100
AcDbEntity
  8
0
  6
CONTINUOUS
 62
250
100
AcDbLine
 10
82.8696184325528
 20
2.670122934999716
 30
0.0
 11
82.8696184325528
 21
2.7591193883614427
 31
0.0
  0
LINE
  5
265
330
17
100
AcDbEntity
  8
0
  6
CONTINUOUS
 62
250
100
AcDbLine
 10
82.8696184325528
 20
2.8706576077423103
 30
0.0
 11
82.8696184325528
 21
2.959654061170367
 31
0.0
  0
LINE
  5
266
330
17
100
AcDbEntity
  8
0
  6
CONTINUOUS
 62
250
100
AcDbLine
 10
82.8696184325528
 20
3.05065522622961
 30
0.0
 11
82.8696184325528
 21
3.154947771343588
 31
0.0
  0
LINE
  5
267
330
17
100
AcDbEntity
  8
0
  6
CONTINUOUS
 62
250
100
AcDbLine
 10
80.9321138591818
 20
5.19999999999998
 30
0.0
 11
80.9321138591818
 21
0.19999999999998241
 31
0.0
  0
LINE
  5
268
330
17
100
AcDbEntity
  8
0
  6
CONTINUOUS
 62
250
100
AcDbLine
 10
81.9321138591818
 20
6.19999999999998
 30
0.0
 11
81.9321138591818
 21
0.19999999999998241
 31
0.0
  0
LINE
  5
269
330
17
100
AcDbEntity
  8
0
  6
CONTINUOUS
 62
250
100
AcDbLine
 10
79.9321138591818
 20
6.19999999999998
 30
0.0
 11
79.9321138591818
 21
0.19999999999998241
 31
0.0
  0
LINE
  5
26A
330
17
100
AcDbEntity
  8
0
  6
CONTINUOUS
 62
250
100
AcDbLine
 10
78.9321138591818
 20
5.199999999999965
 30
0.0
 11
78.9321138591818
 21
0.19999999999998241
 31
0.0
  0
LINE
  5
26B
330
17
100
AcDbEntity
  8
0
  6
CONTINUOUS
 62
250
100
AcDbLine
 10
82.9321138591818
 20
3.1999999999999824
 30
0.0
 11
77.9321138591818
 21
3.1999999999999824
 31
0.0
  0
LWPOLYLINE
  5
26C
330
17
100
AcDbEntity
  8
0-LOUVRE
  6
CONTINUOUS
 62
250
100
AcDbPolyline
 90
7
 70
0
 10
70.9241781526413
 20
5.207935706540387
 10
70.93211385918174
 20
5.199999999999965
 10
71.93211385918174
 20
6.199999999999976
 10
72.93211385918174
 20
5.233383792237029
 10
72.93211385918174
 20
0.1999999999999833
 10
67.93211385918174
 20
0.1999999999999833
 10
67.93211385918174
 20
2.215871413080764
  0
LINE
  5
26D
330
17
100
AcDbEntity
  8
0-LOUVRE
  6
CONTINUOUS
 62
250
100
AcDbLine
 10
72.93211385918174
 20
5.249255205317846
 30
0.0
 11
72.93211385918174
 21
4.867196695022686
 31
0.0
  0
LINE
  5
26E
330
17
100
AcDbEntity
  8
0-LOUVRE
  6
CONTINUOUS
 62
250
100
AcDbLine
 10
72.93211385918174
 20
4.867196695022686
 30
0.0
 11
72.5929623823057
 21
4.867196695022686
 31
0.0
  0
LINE
  5
26F
330
17
100
AcDbEntity
  8
0-LOUVRE
  6
CONTINUOUS
 62
250
100
AcDbLine
 10
72.5929623823057
 20
4.867196695022686
 30
0.0
 11
72.93211385918174
 21
4.533211749135068
 31
0.0
  0
LINE
  5
270
330
17
100
AcDbEntity
  8
0-LOUVRE
  6
CONTINUOUS
 62
250
100
AcDbLine
 10
72.93211385918174
 20
4.533211749135068
 30
0.0
 11
72.93211385918168
 21
3.992925733691004
 31
0.0
  0
ARC
  5
271
330
17
100
AcDbEntity
  8
0-LOUVRE
  6
CONTINUOUS
 62
250
100
AcDbCircle
 10
72.93211385918174
 20
3.820697440785798
 30
0.0
 40
0.1722282929052101
100
AcDbArc
 50
90.00000000001303
 51
269.9999999999853
  0
LINE
  5
272
330
17
100
AcDbEntity
  8
0-LOUVRE
  6
CONTINUOUS
 62
250
100
AcDbLine
 10
72.86961843255268
 20
3.15494777134358
 30
0.0
 11
72.00115606662357
 21
2.286485405459307
 31
0.0
  0
LINE
  5
273
330
17
100
AcDbEntity
  8
0-LOUVRE
  6
CONTINUOUS
 62
250
100
AcDbLine
 10
72.00115606662357
 20
2.286485405459307
 30
0.0
 11
72.86961843255268
 21
1.418023039485403
 31
0.0
  0
LINE
  5
274
330
17
100
AcDbEntity
  8
0-LOUVRE
  6
CONTINUOUS
 62
250
100
AcDbLine
 10
72.93211385918174
 20
0.9142342339609133
 30
0.0
 11
72.32020908054095
 21
0.3023294553201463
 31
0.0
  0
LINE
  5
275
330
17
100
AcDbEntity
  8
0-LOUVRE
  6
CONTINUOUS
 62
250
100
AcDbLine
 10
72.32020908054095
 20
0.3023294553201463
 30
0.0
 11
72.93211385918174
 21
0.3023294553201463
 31
0.0
  0
LINE
  5
276
330
17
100
AcDbEntity
  8
0-LOUVRE
  6
CONTINUOUS
 62
250
100
AcDbLine
 10
70.34010761094008
 20
4.623865164839145
 30
0.0
 11
70.43229679401817
 21
4.533080363884026
 31
0.0
  0
LINE
  5
277
330
17
100
AcDbEntity
  8
0-LOUVRE
  6
CONTINUOUS
 62
250
100
AcDbLine
 10
70.43229679401817
 20
4.533080363884026
 30
0.0
 11
70.77158168859474
 21
4.867196695025741
 31
0.0
  0
LINE
  5
278
330
17
100
AcDbEntity
  8
0-LOUVRE
  6
CONTINUOUS
 62
250
100
AcDbLine
 10
70.77158168859474
 20
4.867196695025741
 30
0.0
 11
70.58343914112668
 21
4.867196695025741
 31
0.0
  0
LINE
  5
279
330
17
100
AcDbEntity
  8
0-LOUVRE
  6
CONTINUOUS
 62
250
100
AcDbLine
 10
70.92628425449824
 20
4.867196695025741
 30
0.0
 11
71.26556914907307
 21
4.533080363887668
 31
0.0
  0
LINE
  5
27A
330
17
100
AcDbEntity
  8
0-LOUVRE
  6
CONTINUOUS
 62
250
100
AcDbLine
 10
71.26556914907307
 20
4.533080363887668
 30
0.0
 11
71.6048540436479
 21
4.867196695025741
 31
0.0
  0
LINE
  5
27B
330
17
100
AcDbEntity
  8
0-LOUVRE
  6
CONTINUOUS
 62
250
100
AcDbLine
 10
71.6048540436479
 20
4.867196695025741
 30
0.0
 11
70.92628425449824
 21
4.867196695025741
 31
0.0
  0
LINE
  5
27C
330
17
100
AcDbEntity
  8
0-LOUVRE
  6
CONTINUOUS
 62
250
100
AcDbLine
 10
71.75955660955144
 20
4.867196695022686
 30
0.0
 11
72.09884150412744
 21
4.533080363881547
 31
0.0
  0
LINE
  5
27D
330
17
100
AcDbEntity
  8
0-LOUVRE
  6
CONTINUOUS
 62
250
100
AcDbLine
 10
72.09884150412744
 20
4.533080363881547
 30
0.0
 11
72.4381263987011
 21
4.867196695022686
 31
0.0
  0
LINE
  5
27E
330
17
100
AcDbEntity
  8
0-LOUVRE
  6
CONTINUOUS
 62
250
100
AcDbLine
 10
72.4381263987011
 20
4.867196695022686
 30
0.0
 11
71.75955660955144
 21
4.867196695022686
 31
0.0
  0
LINE
  5
27F
330
17
100
AcDbEntity
  8
0-LOUVRE
  6
CONTINUOUS
 62
250
100
AcDbLine
 10
69.564575896205
 20
3.848333450104047
 30
0.0
 11
69.69315998652581
 21
3.848333450104052
 31
0.0
  0
ARC
  5
280
330
17
100
AcDbEntity
  8
0-LOUVRE
  6
CONTINUOUS
 62
250
100
AcDbCircle
 10
69.16088890572203
 20
3.848333450104023
 30
0.0
 40
0.532271080803773
100
AcDbArc
 50
2.036e-13
 51
12.5687974770192
  0
ARC
  5
281
330
17
100
AcDbEntity
  8
0-LOUVRE
  6
CONTINUOUS
 62
250
100
AcDbCircle
 10
69.16088890572203
 20
3.793061431464563
 30
0.0
 40
0.5322710808037662
100
AcDbArc
 50
252.5717636526874
 51
359.9999999999998
  0
LINE
  5
282
330
17
100
AcDbEntity
  8
0-LOUVRE
  6
CONTINUOUS
 62
250
100
AcDbLine
 10
69.69315998652581
 20
3.793061431464552
 30
0.0
 11
69.5093038775655
 21
3.793061431464552
 31
0.0
  0
ARC
  5
283
330
17
100
AcDbEntity
  8
0-LOUVRE
  6
CONTINUOUS
 62
250
100
AcDbCircle
 10
71.70370468231773
 20
3.820697440785442
 30
0.0
 40
0.1065976083175401
100
AcDbArc
 50
15.02588689196211
 51
164.9741131080369
  0
LINE
  5
284
330
17
100
AcDbEntity
  8
0-LOUVRE
  6
CONTINUOUS
 62
250
100
AcDbLine
 10
71.806657589454
 20
3.848333450106716
 30
0.0
 11
72.2359757631215
 21
3.848333450106723
 31
0.0
  0
ARC
  5
285
330
17
100
AcDbEntity
  8
0-LOUVRE
  6
CONTINUOUS
 62
250
100
AcDbCircle
 10
71.70370468231773
 20
3.848333450106716
 30
0.0
 40
0.5322710808037662
100
AcDbArc
 50
2.036e-13
 51
180.0000000000004
  0
LINE
  5
286
330
17
100
AcDbEntity
  8
0-LOUVRE
  6
CONTINUOUS
 62
250
100
AcDbLine
 10
71.17143360151395
 20
3.848333450106723
 30
0.0
 11
71.60075177518142
 21
3.848333450106716
 31
0.0
  0
LINE
  5
287
330
17
100
AcDbEntity
  8
0-LOUVRE
  6
CONTINUOUS
 62
250
100
AcDbLine
 10
71.60075177518142
 20
3.793061431467242
 30
0.0
 11
71.17143360151395
 21
3.793061431467242
 31
0.0
  0
ARC
  5
288
330
17
100
AcDbEntity
  8
0-LOUVRE
  6
CONTINUOUS
 62
250
100
AcDbCircle
 10
71.70370468231773
 20
3.793061431467242
 30
0.0
 40
0.5322710808037725
100
AcDbArc
 50
180.0000000000004
 51
359.9999999999998
  0
LINE
  5
289
330
17
100
AcDbEntity
  8
0-LOUVRE
  6
CONTINUOUS
 62
250
100
AcDbLine
 10
72.2359757631215
 20
3.793061431467249
 30
0.0
 11
71.806657589454
 21
3.793061431467242
 31
0.0
  0
ARC
  5
28A
330
17
100
AcDbEntity
  8
0-LOUVRE
  6
CONTINUOUS
 62
250
100
AcDbCircle
 10
71.70370468231773
 20
3.820697440785442
 30
0.0
 40
0.1065976083167457
100
AcDbArc
 50
195.025886890368
 51
344.9741131096325
  0
ARC
  5
28B
330
17
100
AcDbEntity
  8
0-LOUVRE
  6
CONTINUOUS
 62
250
100
AcDbCircle
 10
70.4322967940187
 20
3.820697440790018
 30
0.0
 40
0.1718624232298842
100
AcDbArc
 50
0.0
 51
179.9999999999998
  0
ARC
  5
28C
330
17
100
AcDbEntity
  8
0-LOUVRE
  6
CONTINUOUS
 62
250
100
AcDbCircle
 10
70.4322967940187
 20
3.820697440790018
 30
0.0
 40
0.1718624232298694
100
AcDbArc
 50
180.0000000000006
 51
359.9999999999998
  0
LINE
  5
28D
330
17
100
AcDbEntity
  8
0-LOUVRE
  6
CONTINUOUS
 62
250
100
AcDbLine
 10
68.93163299557163
 20
2.039158084524126
 30
0.0
 11
70.34113883354124
 21
0.6296522465538051
 31
0.0
  0
ARC
  5
28E
330
17
100
AcDbEntity
  8
0-LOUVRE
  6
CONTINUOUS
 62
250
100
AcDbCircle
 10
70.43229679401755
 20
0.566249370438344
 30
0.0
 40
0.1110391753297565
100
AcDbArc
 50
145.1803215949117
 51
34.81967840508504
  0
LINE
  5
28F
330
17
100
AcDbEntity
  8
0-LOUVRE
  6
CONTINUOUS
 62
250
100
AcDbLine
 10
70.52345475449388
 20
0.6296522465538051
 30
0.0
 11
71.93296059246346
 21
2.039158084524148
 31
0.0
  0
LINE
  5
290
330
17
100
AcDbEntity
  8
0-LOUVRE
  6
CONTINUOUS
 62
250
100
AcDbLine
 10
71.93296059246346
 20
2.039158084524148
 30
0.0
 11
72.32247060571395
 21
1.649648071273881
 31
0.0
  0
LINE
  5
291
330
17
100
AcDbEntity
  8
0-LOUVRE
  6
CONTINUOUS
 62
250
100
AcDbLine
 10
72.32247060571395
 20
1.649648071273881
 30
0.0
 11
72.2108630781722
 21
1.538040543732082
 31
0.0
  0
LINE
  5
292
330
17
100
AcDbEntity
  8
0-LOUVRE
  6
CONTINUOUS
 62
250
100
AcDbLine
 10
72.2108630781722
 20
1.538040543732082
 30
0.0
 11
71.53950584980605
 21
1.538040543732082
 31
0.0
  0
LINE
  5
293
330
17
100
AcDbEntity
  8
0-LOUVRE
  6
CONTINUOUS
 62
250
100
AcDbLine
 10
71.53950584980605
 20
1.538040543732082
 30
0.0
 11
71.93296059246346
 21
1.144585801074738
 31
0.0
  0
LINE
  5
294
330
17
100
AcDbEntity
  8
0-LOUVRE
  6
CONTINUOUS
 62
250
100
AcDbLine
 10
71.93296059246346
 20
1.144585801074738
 30
0.0
 11
72.4380228626626
 21
1.649648071273977
 31
0.0
  0
LINE
  5
295
330
17
100
AcDbEntity
  8
0-LOUVRE
  6
CONTINUOUS
 62
250
100
AcDbLine
 10
72.4380228626626
 20
1.649648071273977
 30
0.0
 11
71.93296059246346
 21
2.154710341520724
 31
0.0
  0
LINE
  5
296
330
17
100
AcDbEntity
  8
0-LOUVRE
  6
CONTINUOUS
 62
250
100
AcDbLine
 10
71.93296059246346
 20
2.154710341520724
 30
0.0
 11
70.45349631330512
 21
0.6752460623144448
 31
0.0
  0
ARC
  5
297
330
17
100
AcDbEntity
  8
0-LOUVRE
  6
CONTINUOUS
 62
250
100
AcDbCircle
 10
70.43229679401755
 20
0.5796627304585531
 30
0.0
 40
0.097906041420818
100
AcDbArc
 50
77.49474094212933
 51
102.5052590578623
  0
LINE
  5
298
330
17
100
AcDbEntity
  8
0-LOUVRE
  6
CONTINUOUS
 62
250
100
AcDbLine
 10
70.41109727472998
 20
0.675246062314452
 30
0.0
 11
68.93163299557163
 21
2.154710341473011
 31
0.0
  0
LINE
  5
299
330
17
100
AcDbEntity
  8
0-LOUVRE
  6
CONTINUOUS
 62
250
100
AcDbLine
 10
68.93163299557163
 20
2.154710341473011
 30
0.0
 11
68.42657072537249
 21
1.649648071273928
 31
0.0
  0
LINE
  5
29A
330
17
100
AcDbEntity
  8
0-LOUVRE
  6
CONTINUOUS
 62
250
100
AcDbLine
 10
68.42657072537249
 20
1.649648071273928
 30
0.0
 11
68.93163299557163
 21
1.144585801074702
 31
0.0
  0
LINE
  5
29B
330
17
100
AcDbEntity
  8
0-LOUVRE
  6
CONTINUOUS
 62
250
100
AcDbLine
 10
68.93163299557163
 20
1.144585801074702
 30
0.0
 11
69.32508773822904
 21
1.538040543732043
 31
0.0
  0
LINE
  5
29C
330
17
100
AcDbEntity
  8
0-LOUVRE
  6
CONTINUOUS
 62
250
100
AcDbLine
 10
69.32508773822904
 20
1.538040543732043
 30
0.0
 11
68.6537305098629
 21
1.538040543732043
 31
0.0
  0
LINE
  5
29D
330
17
100
AcDbEntity
  8
0-LOUVRE
  6
CONTINUOUS
 62
250
100
AcDbLine
 10
68.6537305098629
 20
1.538040543732043
 30
0.0
 11
68.54212298232116
 21
1.649648071273853
 31
0.0
  0
LINE
  5
29E
330
17
100
AcDbEntity
  8
0-LOUVRE
  6
CONTINUOUS
 62
250
100
AcDbLine
 10
68.54212298232116
 20
1.649648071273853
 30
0.0
 11
68.93163299557163
 21
2.039158084524126
 31
0.0
  0
LINE
  5
29F
330
17
100
AcDbEntity
  8
0-LOUVRE
  6
CONTINUOUS
 62
250
100
AcDbLine
 10
70.03954095857145
 20
3.516934426039471
 30
0.0
 11
70.35222633959164
 21
3.204249045017467
 31
0.0
  0
LINE
  5
2A0
330
17
100
AcDbEntity
  8
0-LOUVRE
  6
CONTINUOUS
 62
250
100
AcDbLine
 10
70.35222633959164
 20
3.204249045017467
 30
0.0
 11
69.56996840982822
 21
3.204249045017467
 31
0.0
  0
LINE
  5
2A1
330
17
100
AcDbEntity
  8
0-LOUVRE
  6
CONTINUOUS
 62
250
100
AcDbLine
 10
69.56996840982822
 20
3.204249045017467
 30
0.0
 11
69.8869437377551
 21
2.887273717090922
 31
0.0
  0
LINE
  5
2A2
330
17
100
AcDbEntity
  8
0-LOUVRE
  6
CONTINUOUS
 62
250
100
AcDbLine
 10
69.8869437377551
 20
2.887273717090922
 30
0.0
 11
70.19927142924877
 21
2.887273717090922
 31
0.0
  0
LINE
  5
2A3
330
17
100
AcDbEntity
  8
0-LOUVRE
  6
CONTINUOUS
 62
250
100
AcDbLine
 10
70.19927142924877
 20
2.887273717090922
 30
0.0
 11
70.43229679401755
 21
3.120299081859799
 31
0.0
  0
LINE
  5
2A4
330
17
100
AcDbEntity
  8
0-LOUVRE
  6
CONTINUOUS
 62
250
100
AcDbLine
 10
70.43229679401755
 20
3.120299081859799
 30
0.0
 11
70.66532215878635
 21
2.887273717091085
 31
0.0
  0
LINE
  5
2A5
330
17
100
AcDbEntity
  8
0-LOUVRE
  6
CONTINUOUS
 62
250
100
AcDbLine
 10
70.66532215878635
 20
2.887273717091085
 30
0.0
 11
70.97764985028
 21
2.887273717091085
 31
0.0
  0
LINE
  5
2A6
330
17
100
AcDbEntity
  8
0-LOUVRE
  6
CONTINUOUS
 62
250
100
AcDbLine
 10
70.97764985028
 20
2.887273717091085
 30
0.0
 11
71.2946251782069
 21
3.204249045017467
 31
0.0
  0
LINE
  5
2A7
330
17
100
AcDbEntity
  8
0-LOUVRE
  6
CONTINUOUS
 62
250
100
AcDbLine
 10
71.2946251782069
 20
3.204249045017467
 30
0.0
 11
70.51236724844345
 21
3.204249045017467
 31
0.0
  0
LINE
  5
2A8
330
17
100
AcDbEntity
  8
0-LOUVRE
  6
CONTINUOUS
 62
250
100
AcDbLine
 10
70.51236724844345
 20
3.204249045017467
 30
0.0
 11
70.82505262946593
 21
3.516934426039471
 31
0.0
  0
LINE
  5
2A9
330
17
100
AcDbEntity
  8
0-LOUVRE
  6
CONTINUOUS
 62
250
100
AcDbLine
 10
70.82505262946593
 20
3.516934426039471
 30
0.0
 11
70.03954095857145
 21
3.516934426039471
 31
0.0
  0
LINE
  5
2AA
330
17
100
AcDbEntity
  8
0-LOUVRE
  6
CONTINUOUS
 62
250
100
AcDbLine
 10
69.17721257437746
 20
2.81149320956875
 30
0.0
 11
69.56996840982822
 21
2.418737374107033
 31
0.0
  0
LINE
  5
2AB
330
17
100
AcDbEntity
  8
0-LOUVRE
  6
CONTINUOUS
 62
250
100
AcDbLine
 10
69.56996840982822
 20
2.418737374107033
 30
0.0
 11
68.78445673892791
 21
2.418737374107033
 31
0.0
  0
LINE
  5
2AC
330
17
100
AcDbEntity
  8
0-LOUVRE
  6
CONTINUOUS
 62
250
100
AcDbLine
 10
68.78445673892791
 20
2.418737374107033
 30
0.0
 11
69.76419025179953
 21
1.439003861243099
 31
0.0
  0
LINE
  5
2AD
330
17
100
AcDbEntity
  8
0-LOUVRE
  6
CONTINUOUS
 62
250
100
AcDbLine
 10
69.76419025179953
 20
1.439003861243099
 30
0.0
 11
69.84457359002369
 21
1.519387199468495
 31
0.0
  0
LINE
  5
2AE
330
17
100
AcDbEntity
  8
0-LOUVRE
  6
CONTINUOUS
 62
250
100
AcDbLine
 10
69.84457359002369
 20
1.519387199468495
 30
0.0
 11
69.33797925082693
 21
2.025981538657388
 31
0.0
  0
LINE
  5
2AF
330
17
100
AcDbEntity
  8
0-LOUVRE
  6
CONTINUOUS
 62
250
100
AcDbLine
 10
69.33797925082693
 20
2.025981538657388
 30
0.0
 11
70.12349092172609
 21
2.81149320956875
 31
0.0
  0
LINE
  5
2B0
330
17
100
AcDbEntity
  8
0-LOUVRE
  6
CONTINUOUS
 62
250
100
AcDbLine
 10
70.12349092172609
 20
2.81149320956875
 30
0.0
 11
69.17721257437746
 21
2.81149320956875
 31
0.0
  0
LINE
  5
2B1
330
17
100
AcDbEntity
  8
0-LOUVRE
  6
CONTINUOUS
 62
250
100
AcDbLine
 10
70.43229679401755
 20
0.9316639954746595
 30
0.0
 11
69.8851380224228
 21
1.478822767069233
 31
0.0
  0
LINE
  5
2B2
330
17
100
AcDbEntity
  8
0-LOUVRE
  6
CONTINUOUS
 62
250
100
AcDbLine
 10
69.8851380224228
 20
1.478822767069233
 30
0.0
 11
69.80475468419752
 21
1.398439428843905
 31
0.0
  0
LINE
  5
2B3
330
17
100
AcDbEntity
  8
0-LOUVRE
  6
CONTINUOUS
 62
250
100
AcDbLine
 10
69.80475468419752
 20
1.398439428843905
 30
0.0
 11
70.43229679401755
 21
0.7708973190240603
 31
0.0
  0
LINE
  5
2B4
330
17
100
AcDbEntity
  8
0-LOUVRE
  6
CONTINUOUS
 62
250
100
AcDbLine
 10
70.43229679401755
 20
0.7708973190240603
 30
0.0
 11
71.05983890383759
 21
1.398439428844282
 31
0.0
  0
LINE
  5
2B5
330
17
100
AcDbEntity
  8
0-LOUVRE
  6
CONTINUOUS
 62
250
100
AcDbLine
 10
71.05983890383759
 20
1.398439428844282
 30
0.0
 11
70.97945556561228
 21
1.478822767069557
 31
0.0
  0
LINE
  5
2B6
330
17
100
AcDbEntity
  8
0-LOUVRE
  6
CONTINUOUS
 62
250
100
AcDbLine
 10
70.97945556561228
 20
1.478822767069557
 30
0.0
 11
70.43229679401755
 21
0.9316639954746595
 31
0.0
  0
LINE
  5
2B7
330
17
100
AcDbEntity
  8
0-LOUVRE
  6
CONTINUOUS
 62
250
100
AcDbLine
 10
71.02001999801142
 20
1.519387199468829
 30
0.0
 11
71.10040333623556
 21
1.439003861243476
 31
0.0
  0
LINE
  5
2B8
330
17
100
AcDbEntity
  8
0-LOUVRE
  6
CONTINUOUS
 62
250
100
AcDbLine
 10
71.10040333623556
 20
1.439003861243476
 30
0.0
 11
72.0801368491072
 21
2.41873737416993
 31
0.0
  0
LINE
  5
2B9
330
17
100
AcDbEntity
  8
0-LOUVRE
  6
CONTINUOUS
 62
250
100
AcDbLine
 10
72.0801368491072
 20
2.41873737416993
 30
0.0
 11
71.2946251782069
 21
2.41873737416993
 31
0.0
  0
LINE
  5
2BA
330
17
100
AcDbEntity
  8
0-LOUVRE
  6
CONTINUOUS
 62
250
100
AcDbLine
 10
71.2946251782069
 20
2.41873737416993
 30
0.0
 11
71.68738101365761
 21
2.811493209568913
 31
0.0
  0
LINE
  5
2BB
330
17
100
AcDbEntity
  8
0-LOUVRE
  6
CONTINUOUS
 62
250
100
AcDbLine
 10
71.68738101365761
 20
2.811493209568913
 30
0.0
 11
70.74110266630903
 21
2.811493209568913
 31
0.0
  0
LINE
  5
2BC
330
17
100
AcDbEntity
  8
0-LOUVRE
  6
CONTINUOUS
 62
250
100
AcDbLine
 10
70.74110266630903
 20
2.811493209568913
 30
0.0
 11
71.52661433720817
 21
2.025981538672612
 31
0.0
  0
LINE
  5
2BD
330
17
100
AcDbEntity
  8
0-LOUVRE
  6
CONTINUOUS
 62
250
100
AcDbLine
 10
71.52661433720817
 20
2.025981538672612
 30
0.0
 11
71.02001999801142
 21
1.519387199468829
 31
0.0
  0
LINE
  5
2BE
330
17
100
AcDbEntity
  8
0-LOUVRE
  6
CONTINUOUS
 62
250
100
AcDbLine
 10
70.43229679401755
 20
2.833245674116204
 30
0.0
 11
69.62503265856634
 21
2.025981538657388
 31
0.0
  0
LINE
  5
2BF
330
17
100
AcDbEntity
  8
0-LOUVRE
  6
CONTINUOUS
 62
250
100
AcDbLine
 10
69.62503265856634
 20
2.025981538657388
 30
0.0
 11
70.43229679401755
 21
1.218717403213778
 31
0.0
  0
LINE
  5
2C0
330
17
100
AcDbEntity
  8
0-LOUVRE
  6
CONTINUOUS
 62
250
100
AcDbLine
 10
70.43229679401755
 20
1.218717403213778
 30
0.0
 11
71.23956092946877
 21
2.025981538672612
 31
0.0
  0
LINE
  5
2C1
330
17
100
AcDbEntity
  8
0-LOUVRE
  6
CONTINUOUS
 62
250
100
AcDbLine
 10
71.23956092946877
 20
2.025981538672612
 30
0.0
 11
70.43229679401755
 21
2.833245674116204
 31
0.0
  0
LINE
  5
2C2
330
17
100
AcDbEntity
  8
0-LOUVRE
  6
CONTINUOUS
 62
250
100
AcDbLine
 10
67.93211385918175
 20
0.3023294553201463
 30
0.0
 11
68.648687790451
 21
0.3023294553201463
 31
0.0
  0
LINE
  5
2C3
330
17
100
AcDbEntity
  8
0-LOUVRE
  6
CONTINUOUS
 62
250
100
AcDbLine
 10
68.648687790451
 20
0.3023294553201463
 30
0.0
 11
67.93248509777662
 21
1.018532147994553
 31
0.0
  0
LINE
  5
2C4
330
17
100
AcDbEntity
  8
0-LOUVRE
  6
CONTINUOUS
 62
250
100
AcDbLine
 10
72.10544861173801
 20
2.286485405459307
 30
0.0
 11
72.86961843255267
 21
3.05065522622961
 31
0.0
  0
LINE
  5
2C5
330
17
100
AcDbEntity
  8
0-LOUVRE
  6
CONTINUOUS
 62
250
100
AcDbLine
 10
72.86961843255268
 20
2.959654061170374
 30
0.0
 11
72.21309225854596
 21
2.303127887170829
 31
0.0
  0
LINE
  5
2C6
330
17
100
AcDbEntity
  8
0-LOUVRE
  6
CONTINUOUS
 62
250
100
AcDbLine
 10
72.21309225854596
 20
2.303127887170829
 30
0.0
 11
72.86961843255268
 21
1.646601713156909
 31
0.0
  0
LINE
  5
2C7
330
17
100
AcDbEntity
  8
0-LOUVRE
  6
CONTINUOUS
 62
250
100
AcDbLine
 10
72.86961843255268
 20
1.522315584600262
 30
0.0
 11
72.10544861173801
 21
2.286485405459307
 31
0.0
  0
LINE
  5
2C8
330
17
100
AcDbEntity
  8
0-LOUVRE
  6
CONTINUOUS
 62
250
100
AcDbLine
 10
72.3020887119595
 20
2.303127887170829
 30
0.0
 11
72.86961843255268
 21
2.870657607742304
 31
0.0
  0
LINE
  5
2C9
330
17
100
AcDbEntity
  8
0-LOUVRE
  6
CONTINUOUS
 62
250
100
AcDbLine
 10
72.86961843255268
 20
2.759119388361449
 30
0.0
 11
72.41362693134258
 21
2.303127887170829
 31
0.0
  0
LINE
  5
2CA
330
17
100
AcDbEntity
  8
0-LOUVRE
  6
CONTINUOUS
 62
250
100
AcDbLine
 10
72.41362693134258
 20
2.303127887170829
 30
0.0
 11
72.86961843255267
 21
1.847136385941274
 31
0.0
  0
LINE
  5
2CB
330
17
100
AcDbEntity
  8
0-LOUVRE
  6
CONTINUOUS
 62
250
100
AcDbLine
 10
72.86961843255268
 20
1.735598166555989
 30
0.0
 11
72.3020887119595
 21
2.303127887170829
 31
0.0
  0
LINE
  5
2CC
330
17
100
AcDbEntity
  8
0-LOUVRE
  6
CONTINUOUS
 62
250
100
AcDbLine
 10
72.5026233847218
 20
2.303127887170829
 30
0.0
 11
72.86961843255267
 21
2.670122934999701
 31
0.0
  0
LINE
  5
2CD
330
17
100
AcDbEntity
  8
0-LOUVRE
  6
CONTINUOUS
 62
250
100
AcDbLine
 10
72.86961843255268
 20
2.551435004911406
 30
0.0
 11
72.62131131481199
 21
2.303127887170829
 31
0.0
  0
LINE
  5
2CE
330
17
100
AcDbEntity
  8
0-LOUVRE
  6
CONTINUOUS
 62
250
100
AcDbLine
 10
72.62131131481199
 20
2.303127887170829
 30
0.0
 11
72.86961843255268
 21
2.054820769430095
 31
0.0
  0
LINE
  5
2CF
330
17
100
AcDbEntity
  8
0-LOUVRE
  6
CONTINUOUS
 62
250
100
AcDbLine
 10
72.86961843255267
 20
1.936132839337988
 30
0.0
 11
72.5026233847218
 21
2.303127887170829
 31
0.0
  0
LINE
  5
2D0
330
17
100
AcDbEntity
  8
0-LOUVRE
  6
Continuous
 62
250
100
AcDbLine
 10
68.05321933265772
 20
1.722701261347109
 30
0.0
 11
68.05321933265772
 21
1.814606885541062
 31
0.0
  0
LINE
  5
2D1
330
17
100
AcDbEntity
  8
0-LOUVRE
  6
Continuous
 62
250
100
AcDbLine
 10
68.05321933265772
 20
1.722701261347109
 30
0.0
 11
68.05321933265772
 21
1.814606885541062
 31
0.0
  0
LINE
  5
2D2
330
17
100
AcDbEntity
  8
0-LOUVRE
  6
Continuous
 62
250
100
AcDbLine
 10
68.05321933265772
 20
1.722701261347109
 30
0.0
 11
68.05321933265772
 21
1.814606885541062
 31
0.0
  0
LINE
  5
2D3
330
17
100
AcDbEntity
  8
0-LOUVRE
  6
Continuous
 62
250
100
AcDbLine
 10
68.05321933265772
 20
1.722701261347109
 30
0.0
 11
68.05321933265772
 21
1.814606885541062
 31
0.0
  0
LINE
  5
2D4
330
17
100
AcDbEntity
  8
0-LOUVRE
  6
CONTINUOUS
 62
250
100
AcDbLine
 10
68.63219137307054
 20
2.393578925953908
 30
0.0
 11
67.99460928581078
 21
1.755996838694132
 31
0.0
  0
LINE
  5
2D5
330
17
100
AcDbEntity
  8
0-LOUVRE
  6
Continuous
 62
250
100
AcDbLine
 10
68.05321933265772
 20
1.722701261347109
 30
0.0
 11
68.05321933265772
 21
1.814606885541062
 31
0.0
  0
LINE
  5
2D6
330
17
100
AcDbEntity
  8
0-LOUVRE
  6
CONTINUOUS
 62
250
100
AcDbLine
 10
67.99460928581078
 20
1.844993292091023
 30
0.0
 11
68.54319491967368
 21
2.393578925953908
 31
0.0
  0
LINE
  5
2D7
330
17
100
AcDbEntity
  8
0-LOUVRE
  6
CONTINUOUS
 62
250
100
AcDbLine
 10
68.54319491967368
 20
2.393578925953908
 30
0.0
 11
68.32650814586437
 21
2.610265699763392
 31
0.0
  0
LINE
  5
2D8
330
17
100
AcDbEntity
  8
0-LOUVRE
  6
CONTINUOUS
 62
250
100
AcDbLine
 10
67.99460928581075
 20
1.664091214500169
 30
0.0
 11
68.74028724944606
 21
2.409769178135432
 31
0.0
  0
LINE
  5
2D9
330
17
100
AcDbEntity
  8
0-LOUVRE
  6
CONTINUOUS
 62
250
100
AcDbLine
 10
68.74028724944606
 20
2.409769178135432
 30
0.0
 11
68.43314943684123
 21
2.716906990740259
 31
0.0
  0
LINE
  5
2DA
330
17
100
AcDbEntity
  8
0-LOUVRE
  6
CONTINUOUS
 62
250
100
AcDbLine
 10
68.3710063725628
 20
2.65476392646183
 30
0.0
 11
68.63219137307054
 21
2.393578925953908
 31
0.0
  0
LINE
  5
2DB
330
17
100
AcDbEntity
  8
0-LOUVRE
  6
CONTINUOUS
 62
250
100
AcDbLine
 10
67.96046897456414
 20
1.540954449856156
 30
0.0
 11
68.03925988950948
 21
1.462163534910333
 31
0.0
  0
LINE
  5
2DC
330
17
100
AcDbEntity
  8
0-LOUVRE
  6
CONTINUOUS
 62
250
100
AcDbLine
 10
68.03925988950948
 20
1.462163534910333
 30
0.0
 11
68.86357639108984
 21
2.286480036491182
 31
0.0
  0
LINE
  5
2DD
330
17
100
AcDbEntity
  8
0-LOUVRE
  6
CONTINUOUS
 62
250
100
AcDbLine
 10
68.86357639108984
 20
2.286480036491182
 30
0.0
 11
68.7847854761445
 21
2.365270951436999
 31
0.0
  0
LINE
  5
2DE
330
17
100
AcDbEntity
  8
0-LOUVRE
  6
CONTINUOUS
 62
250
100
AcDbLine
 10
68.7847854761445
 20
2.365270951436999
 30
0.0
 11
67.96046897456414
 21
1.540954449856156
 31
0.0
  0
LINE
  5
2DF
330
17
100
AcDbEntity
  8
0-LOUVRE
  6
CONTINUOUS
 62
250
100
AcDbLine
 10
68.3489016891345
 20
2.406970078902153
 30
0.0
 11
68.23605710706889
 21
2.519814660967913
 31
0.0
  0
LINE
  5
2E0
330
17
100
AcDbEntity
  8
0-LOUVRE
  6
CONTINUOUS
 62
250
100
AcDbLine
 10
68.28055533376732
 20
2.564312887666371
 30
0.0
 11
68.4378981425314
 21
2.406970078902142
 31
0.0
  0
LINE
  5
2E1
330
17
100
AcDbEntity
  8
0-LOUVRE
  6
CONTINUOUS
 62
250
100
AcDbLine
 10
68.4378981425314
 20
2.406970078902142
 30
0.0
 11
67.99460928581075
 21
1.963681222181532
 31
0.0
  0
LINE
  5
2E2
330
17
100
AcDbEntity
  8
0-LOUVRE
  6
CONTINUOUS
 62
250
100
AcDbLine
 10
67.99460928581075
 20
2.052677675578399
 30
0.0
 11
68.3489016891345
 21
2.406970078902153
 31
0.0
  0
CIRCLE
  5
2E3
330
17
100
AcDbEntity
  8
0-LOUVRE
  6
CONTINUOUS
 62
250
100
AcDbCircle
 10
72.09919035493292
 20
0.701532223072503
 30
0.0
 40
0.1113061109157168
  0
CIRCLE
  5
2E4
330
17
100
AcDbEntity
  8
0-LOUVRE
  6
CONTINUOUS
 62
250
100
AcDbCircle
 10
68.76575208391041
 20
0.7015322230724497
 30
0.0
 40
0.1113061109157168
  0
LINE
  5
2E5
330
17
100
AcDbEntity
  8
0-LOUVRE
  6
CONTINUOUS
 62
250
100
AcDbLine
 10
67.93211385918175
 20
2.215871413080771
 30
0.0
 11
67.93211385918175
 21
0.1999999999999833
 31
0.0
  0
LINE
  5
2E6
330
17
100
AcDbEntity
  8
0-LOUVRE
  6
CONTINUOUS
 62
250
100
AcDbLine
 10
67.99460928581074
 20
2.278366839709763
 30
0.0
 11
67.99460928581074
 21
2.052677675578385
 31
0.0
  0
LINE
  5
2E7
330
17
100
AcDbEntity
  8
0-LOUVRE
  6
CONTINUOUS
 62
250
100
AcDbLine
 10
67.99460928581075
 20
1.963681222181515
 30
0.0
 11
67.99460928581075
 21
1.844993292091002
 31
0.0
  0
LINE
  5
2E8
330
17
100
AcDbEntity
  8
0-LOUVRE
  6
CONTINUOUS
 62
250
100
AcDbLine
 10
67.99460928581075
 20
1.755996838694118
 30
0.0
 11
67.99460928581075
 21
1.664091214500176
 31
0.0
  0
LINE
  5
2E9
330
17
100
AcDbEntity
  8
0-LOUVRE
  6
CONTINUOUS
 62
250
100
AcDbLine
 10
72.86961843255268
 20
1.418023039485388
 30
0.0
 11
72.86961843255267
 21
1.522315584600255
 31
0.0
  0
LINE
  5
2EA
330
17
100
AcDbEntity
  8
0-LOUVRE
  6
CONTINUOUS
 62
250
100
AcDbLine
 10
72.86961843255268
 20
1.646601713156917
 30
0.0
 11
72.86961843255268
 21
1.735598166555989
 31
0.0
  0
LINE
  5
2EB
330
17
100
AcDbEntity
  8
0-LOUVRE
  6
CONTINUOUS
 62
250
100
AcDbLine
 10
72.86961843255267
 20
1.847136385941238
 30
0.0
 11
72.86961843255267
 21
1.936132839337981
 31
0.0
  0
LINE
  5
2EC
330
17
100
AcDbEntity
  8
0-LOUVRE
  6
CONTINUOUS
 62
250
100
AcDbLine
 10
72.86961843255266
 20
2.054820769430056
 30
0.0
 11
72.86961843255267
 21
2.551435004911398
 31
0.0
  0
LINE
  5
2ED
330
17
100
AcDbEntity
  8
0-LOUVRE
  6
CONTINUOUS
 62
250
100
AcDbLine
 10
72.86961843255268
 20
2.670122934999715
 30
0.0
 11
72.86961843255268
 21
2.759119388361442
 31
0.0
  0
LINE
  5
2EE
330
17
100
AcDbEntity
  8
0-LOUVRE
  6
CONTINUOUS
 62
250
100
AcDbLine
 10
72.86961843255268
 20
2.870657607742311
 30
0.0
 11
72.86961843255268
 21
2.959654061170367
 31
0.0
  0
LINE
  5
2EF
330
17
100
AcDbEntity
  8
0-LOUVRE
  6
CONTINUOUS
 62
250
100
AcDbLine
 10
72.86961843255267
 20
3.05065522622961
 30
0.0
 11
72.86961843255268
 21
3.154947771343588
 31
0.0
  0
LINE
  5
2F0
330
17
100
AcDbEntity
  8
0-LOUVRE
  6
CONTINUOUS
 62
250
100
AcDbLine
 10
70.93211385918173
 20
5.199999999999979
 30
0.0
 11
70.93211385918173
 21
0.1999999999999833
 31
0.0
  0
LINE
  5
2F1
330
17
100
AcDbEntity
  8
0-LOUVRE
  6
CONTINUOUS
 62
250
100
AcDbLine
 10
71.93211385918173
 20
6.199999999999979
 30
0.0
 11
71.93211385918173
 21
0.1999999999999833
 31
0.0
  0
LINE
  5
2F2
330
17
100
AcDbEntity
  8
0-LOUVRE
  6
CONTINUOUS
 62
250
100
AcDbLine
 10
69.93211385918174
 20
4.215871413080791
 30
0.0
 11
69.93211385918174
 21
0.1999999999999833
 31
0.0
  0
LINE
  5
2F3
330
17
100
AcDbEntity
  8
0-LOUVRE
  6
CONTINUOUS
 62
250
100
AcDbLine
 10
68.93211385918174
 20
3.215871413080777
 30
0.0
 11
68.93211385918174
 21
0.1999999999999833
 31
0.0
  0
LINE
  5
2F4
330
17
100
AcDbEntity
  8
0-LOUVRE
  6
CONTINUOUS
 62
250
100
AcDbLine
 10
72.93211385918173
 20
3.199999999999983
 30
0.0
 11
68.91624244610095
 21
3.199999999999983
 31
0.0
  0
LWPOLYLINE
  5
2F5
330
17
100
AcDbEntity
  8
0-LOUVRE
  6
CONTINUOUS
 62
8
100
AcDbPolyline
 90
5
 70
1
 10
72.93211385918174
 20
5.233383792237029
 10
71.93211385918174
 20
6.199999999999976
 10
67.93211385918174
 20
2.199999999999917
 10
67.93211385918174
 20
0.1999999999999833
 10
72.93211385918174
 20
0.1999999999999833
  0
LWPOLYLINE
  5
2F6
330
17
100
AcDbEntity
  8
0
  6
CONTINUOUS
 62
250
100
AcDbPolyline
 90
8
 70
1
 10
4.531244805155993
 20
6.199999999999989
 10
3.5312448051559926
 20
5.199999999999978
 10
2.5312448051559926
 20
6.199999999999993
 10
1.5312448051559926
 20
5.199999999999978
 10
0.5312448051559926
 20
6.199999999999989
 10
-0.4687551948440074
 20
5.233383792237043
 10
-0.4687551948440074
 20
0.19999999999999574
 10
4.531244805155993
 20
0.19999999999999574
  0
LINE
  5
2F7
330
17
100
AcDbEntity
  8
0
  6
CONTINUOUS
 62
250
100
AcDbLine
 10
-0.4687551948440074
 20
5.2492552053178585
 30
0.0
 11
-0.4687551948440074
 21
4.867196695022699
 31
0.0
  0
LINE
  5
2F8
330
17
100
AcDbEntity
  8
0
  6
CONTINUOUS
 62
250
100
AcDbLine
 10
-0.4687551948440074
 20
4.867196695022699
 30
0.0
 11
-0.12960371796800985
 21
4.867196695022699
 31
0.0
  0
LINE
  5
2F9
330
17
100
AcDbEntity
  8
0
  6
CONTINUOUS
 62
250
100
AcDbLine
 10
-0.12960371796800985
 20
4.867196695022699
 30
0.0
 11
-0.4687551948440074
 21
4.533211749135081
 31
0.0
  0
LINE
  5
2FA
330
17
100
AcDbEntity
  8
0
  6
CONTINUOUS
 62
250
100
AcDbLine
 10
-0.4687551948440074
 20
4.533211749135081
 30
0.0
 11
-0.4687551948440074
 21
3.992925733691017
 31
0.0
  0
ARC
  5
2FB
330
17
100
AcDbEntity
  8
0
  6
CONTINUOUS
 62
250
100
AcDbCircle
 10
-0.4687551948440074
 20
3.820697440785811
 30
0.0
 40
0.1722282929052101
100
AcDbArc
 50
-89.9999999999847
 51
89.99999999998697
  0
LINE
  5
2FC
330
17
100
AcDbEntity
  8
0
  6
CONTINUOUS
 62
250
100
AcDbLine
 10
-0.4062597682150084
 20
3.1549477713435943
 30
0.0
 11
0.4622025977141959
 21
2.286485405459321
 31
0.0
  0
LINE
  5
2FD
330
17
100
AcDbEntity
  8
0
  6
CONTINUOUS
 62
250
100
AcDbLine
 10
0.4622025977141959
 20
2.286485405459321
 30
0.0
 11
-0.4062597682150084
 21
1.4180230394854156
 31
0.0
  0
LINE
  5
2FE
330
17
100
AcDbEntity
  8
0
  6
CONTINUOUS
 62
250
100
AcDbLine
 10
-0.4687551948440074
 20
0.9142342339609257
 30
0.0
 11
0.14314958379679865
 21
0.30232945532015876
 31
0.0
  0
LINE
  5
2FF
330
17
100
AcDbEntity
  8
0
  6
CONTINUOUS
 62
250
100
AcDbLine
 10
0.14314958379679865
 20
0.30232945532015876
 30
0.0
 11
-0.4687551948440074
 21
0.30232945532015876
 31
0.0
  0
LINE
  5
300
330
17
100
AcDbEntity
  8
0
  6
CONTINUOUS
 62
250
100
AcDbLine
 10
3.3583216858528004
 20
4.867196695020021
 30
0.0
 11
4.036891475002491
 21
4.867196695020021
 31
0.0
  0
LINE
  5
301
330
17
100
AcDbEntity
  8
0
  6
CONTINUOUS
 62
250
100
AcDbLine
 10
4.036891475002491
 20
4.867196695020021
 30
0.0
 11
3.697606580426495
 21
4.533080363878874
 31
0.0
  0
LINE
  5
302
330
17
100
AcDbEntity
  8
0
  6
CONTINUOUS
 62
250
100
AcDbLine
 10
3.697606580426495
 20
4.533080363878874
 30
0.0
 11
3.3583216858528004
 21
4.867196695020021
 31
0.0
  0
LINE
  5
303
330
17
100
AcDbEntity
  8
0
  6
CONTINUOUS
 62
250
100
AcDbLine
 10
2.5250493307984954
 20
4.867196695020028
 30
0.0
 11
3.2036191199482005
 21
4.867196695020028
 31
0.0
  0
LINE
  5
304
330
17
100
AcDbEntity
  8
0
  6
CONTINUOUS
 62
250
100
AcDbLine
 10
3.2036191199482005
 20
4.867196695020028
 30
0.0
 11
2.864334225373298
 21
4.533080363878888
 31
0.0
  0
LINE
  5
305
330
17
100
AcDbEntity
  8
0
  6
CONTINUOUS
 62
250
100
AcDbLine
 10
2.864334225373298
 20
4.533080363878888
 30
0.0
 11
2.5250493307984954
 21
4.867196695020028
 31
0.0
  0
LINE
  5
306
330
17
100
AcDbEntity
  8
0
  6
CONTINUOUS
 62
250
100
AcDbLine
 10
2.370346764893796
 20
4.867196695025755
 30
0.0
 11
2.03106187031959
 21
4.53308036388404
 31
0.0
  0
LINE
  5
307
330
17
100
AcDbEntity
  8
0
  6
CONTINUOUS
 62
250
100
AcDbLine
 10
2.03106187031959
 20
4.53308036388404
 30
0.0
 11
1.6917769757429966
 21
4.867196695025755
 31
0.0
  0
LINE
  5
308
330
17
100
AcDbEntity
  8
0
  6
CONTINUOUS
 62
250
100
AcDbLine
 10
1.6917769757429966
 20
4.867196695025755
 30
0.0
 11
2.370346764893796
 21
4.867196695025755
 31
0.0
  0
LINE
  5
309
330
17
100
AcDbEntity
  8
0
  6
CONTINUOUS
 62
250
100
AcDbLine
 10
1.5370744098394908
 20
4.867196695025755
 30
0.0
 11
1.1977895152645885
 21
4.533080363887681
 31
0.0
  0
LINE
  5
30A
330
17
100
AcDbEntity
  8
0
  6
CONTINUOUS
 62
250
100
AcDbLine
 10
1.1977895152645885
 20
4.533080363887681
 30
0.0
 11
0.8585046206897999
 21
4.867196695025755
 31
0.0
  0
LINE
  5
30B
330
17
100
AcDbEntity
  8
0
  6
CONTINUOUS
 62
250
100
AcDbLine
 10
0.8585046206897999
 20
4.867196695025755
 30
0.0
 11
1.5370744098394908
 21
4.867196695025755
 31
0.0
  0
LINE
  5
30C
330
17
100
AcDbEntity
  8
0
  6
CONTINUOUS
 62
250
100
AcDbLine
 10
0.7038020547862942
 20
4.867196695022699
 30
0.0
 11
0.3645171602102977
 21
4.5330803638815595
 31
0.0
  0
LINE
  5
30D
330
17
100
AcDbEntity
  8
0
  6
CONTINUOUS
 62
250
100
AcDbLine
 10
0.3645171602102977
 20
4.5330803638815595
 30
0.0
 11
0.02523226563658909
 21
4.867196695022699
 31
0.0
  0
LINE
  5
30E
330
17
100
AcDbEntity
  8
0
  6
CONTINUOUS
 62
250
100
AcDbLine
 10
0.02523226563658909
 20
4.867196695022699
 30
0.0
 11
0.7038020547862942
 21
4.867196695022699
 31
0.0
  0
ARC
  5
30F
330
17
100
AcDbEntity
  8
0
  6
CONTINUOUS
 62
250
100
AcDbCircle
 10
3.3024697586157004
 20
3.820697440782777
 30
0.0
 40
0.1065976083175258
100
AcDbArc
 50
15.02588689196348
 51
164.9741131080396
  0
LINE
  5
310
330
17
100
AcDbEntity
  8
0
  6
CONTINUOUS
 62
250
100
AcDbLine
 10
3.1995168514794017
 20
3.848333450104051
 30
0.0
 11
2.7701986778118908
 21
3.848333450104065
 31
0.0
  0
ARC
  5
311
330
17
100
AcDbEntity
  8
0
  6
CONTINUOUS
 62
250
100
AcDbCircle
 10
3.3024697586157004
 20
3.848333450104037
 30
0.0
 40
0.532271080803773
100
AcDbArc
 50
-4.211444178243999e-13
 51
179.9999999999998
  0
LINE
  5
312
330
17
100
AcDbEntity
  8
0
  6
CONTINUOUS
 62
250
100
AcDbLine
 10
3.8347408394194957
 20
3.848333450104037
 30
0.0
 11
3.405422665751999
 21
3.848333450104065
 31
0.0
  0
LINE
  5
313
330
17
100
AcDbEntity
  8
0
  6
CONTINUOUS
 62
250
100
AcDbLine
 10
3.405422665751999
 20
3.793061431464576
 30
0.0
 11
3.8347408394194957
 21
3.793061431464566
 31
0.0
  0
ARC
  5
314
330
17
100
AcDbEntity
  8
0
  6
CONTINUOUS
 62
250
100
AcDbCircle
 10
3.3024697586157004
 20
3.793061431464576
 30
0.0
 40
0.5322710808037662
100
AcDbArc
 50
-179.99999999999983
 51
-4.211444178243999e-13
  0
LINE
  5
315
330
17
100
AcDbEntity
  8
0
  6
CONTINUOUS
 62
250
100
AcDbLine
 10
2.7701986778118908
 20
3.793061431464566
 30
0.0
 11
3.1995168514794017
 21
3.793061431464566
 31
0.0
  0
ARC
  5
316
330
17
100
AcDbEntity
  8
0
  6
CONTINUOUS
 62
250
100
AcDbCircle
 10
3.3024697586157004
 20
3.820697440782777
 30
0.0
 40
0.1065976083167457
100
AcDbArc
 50
-164.9741131096326
 51
-15.025886890369938
  0
ARC
  5
317
330
17
100
AcDbEntity
  8
0
  6
CONTINUOUS
 62
250
100
AcDbCircle
 10
0.7596539820199979
 20
3.820697440785456
 30
0.0
 40
0.1065976083175401
100
AcDbArc
 50
15.025886891963061
 51
164.974113108038
  0
LINE
  5
318
330
17
100
AcDbEntity
  8
0
  6
CONTINUOUS
 62
250
100
AcDbLine
 10
0.6567010748836992
 20
3.848333450106729
 30
0.0
 11
0.22738290121618832
 21
3.848333450106737
 31
0.0
  0
ARC
  5
319
330
17
100
AcDbEntity
  8
0
  6
CONTINUOUS
 62
250
100
AcDbCircle
 10
0.7596539820199979
 20
3.848333450106729
 30
0.0
 40
0.5322710808037662
100
AcDbArc
 50
-4.211444178243999e-13
 51
179.9999999999998
  0
LINE
  5
31A
330
17
100
AcDbEntity
  8
0
  6
CONTINUOUS
 62
250
100
AcDbLine
 10
1.2919250628237933
 20
3.848333450106737
 30
0.0
 11
0.8626068891562966
 21
3.848333450106729
 31
0.0
  0
LINE
  5
31B
330
17
100
AcDbEntity
  8
0
  6
CONTINUOUS
 62
250
100
AcDbLine
 10
0.8626068891562966
 20
3.793061431467255
 30
0.0
 11
1.2919250628237933
 21
3.793061431467255
 31
0.0
  0
ARC
  5
31C
330
17
100
AcDbEntity
  8
0
  6
CONTINUOUS
 62
250
100
AcDbCircle
 10
0.7596539820199979
 20
3.793061431467255
 30
0.0
 40
0.5322710808037725
100
AcDbArc
 50
-179.99999999999983
 51
-4.211444178243999e-13
  0
LINE
  5
31D
330
17
100
AcDbEntity
  8
0
  6
CONTINUOUS
 62
250
100
AcDbLine
 10
0.22738290121618832
 20
3.793061431467262
 30
0.0
 11
0.6567010748836992
 21
3.793061431467255
 31
0.0
  0
ARC
  5
31E
330
17
100
AcDbEntity
  8
0
  6
CONTINUOUS
 62
250
100
AcDbCircle
 10
0.7596539820199979
 20
3.820697440785456
 30
0.0
 40
0.1065976083167457
100
AcDbArc
 50
-164.9741131096326
 51
-15.025886890368103
  0
ARC
  5
31F
330
17
100
AcDbEntity
  8
0
  6
CONTINUOUS
 62
250
100
AcDbCircle
 10
2.031061870318993
 20
3.820697440790032
 30
0.0
 40
0.1718624232298842
100
AcDbArc
 50
2.036e-13
 51
180.0
  0
ARC
  5
320
330
17
100
AcDbEntity
  8
0
  6
CONTINUOUS
 62
250
100
AcDbCircle
 10
2.031061870318993
 20
3.820697440790032
 30
0.0
 40
0.1718624232298694
100
AcDbArc
 50
-179.99999999999983
 51
-6.24699917438065e-13
  0
LINE
  5
321
330
17
100
AcDbEntity
  8
0
  6
CONTINUOUS
 62
250
100
AcDbLine
 10
3.5317256687661
 20
2.03915808452414
 30
0.0
 11
2.122219830796496
 21
0.6296522465538184
 31
0.0
  0
ARC
  5
322
330
17
100
AcDbEntity
  8
0
  6
CONTINUOUS
 62
250
100
AcDbCircle
 10
2.031061870320201
 20
0.5662493704383573
 30
0.0
 40
0.1110391753297565
100
AcDbArc
 50
145.180321594915
 51
34.8196784050884
  0
LINE
  5
323
330
17
100
AcDbEntity
  8
0
  6
CONTINUOUS
 62
250
100
AcDbLine
 10
1.9399039098437925
 20
0.6296522465538184
 30
0.0
 11
0.5303980718742878
 21
2.0391580845241606
 31
0.0
  0
LINE
  5
324
330
17
100
AcDbEntity
  8
0
  6
CONTINUOUS
 62
250
100
AcDbLine
 10
0.5303980718742878
 20
2.0391580845241606
 30
0.0
 11
0.14088805862380127
 21
1.6496480712738952
 31
0.0
  0
LINE
  5
325
330
17
100
AcDbEntity
  8
0
  6
CONTINUOUS
 62
250
100
AcDbLine
 10
0.14088805862380127
 20
1.6496480712738952
 30
0.0
 11
0.2524955861654945
 21
1.5380405437320954
 31
0.0
  0
LINE
  5
326
330
17
100
AcDbEntity
  8
0
  6
CONTINUOUS
 62
250
100
AcDbLine
 10
0.2524955861654945
 20
1.5380405437320954
 30
0.0
 11
0.9238528145316991
 21
1.5380405437320954
 31
0.0
  0
LINE
  5
327
330
17
100
AcDbEntity
  8
0
  6
CONTINUOUS
 62
250
100
AcDbLine
 10
0.9238528145316991
 20
1.5380405437320954
 30
0.0
 11
0.5303980718742878
 21
1.1445858010747507
 31
0.0
  0
LINE
  5
328
330
17
100
AcDbEntity
  8
0
  6
CONTINUOUS
 62
250
100
AcDbLine
 10
0.5303980718742878
 20
1.1445858010747507
 30
0.0
 11
0.02533580167509797
 21
1.6496480712739912
 31
0.0
  0
LINE
  5
329
330
17
100
AcDbEntity
  8
0
  6
CONTINUOUS
 62
250
100
AcDbLine
 10
0.02533580167509797
 20
1.6496480712739912
 30
0.0
 11
0.5303980718742878
 21
2.1547103415207367
 31
0.0
  0
LINE
  5
32A
330
17
100
AcDbEntity
  8
0
  6
CONTINUOUS
 62
250
100
AcDbLine
 10
0.5303980718742878
 20
2.1547103415207367
 30
0.0
 11
2.009862351032595
 21
0.675246062314458
 31
0.0
  0
ARC
  5
32B
330
17
100
AcDbEntity
  8
0
  6
CONTINUOUS
 62
250
100
AcDbCircle
 10
2.031061870320201
 20
0.5796627304585664
 30
0.0
 40
0.097906041420818
100
AcDbArc
 50
77.49474094213771
 51
102.5052590578706
  0
LINE
  5
32C
330
17
100
AcDbEntity
  8
0
  6
CONTINUOUS
 62
250
100
AcDbLine
 10
2.052261389607793
 20
0.6752460623144652
 30
0.0
 11
3.5317256687661
 21
2.1547103414730238
 31
0.0
  0
LINE
  5
32D
330
17
100
AcDbEntity
  8
0
  6
CONTINUOUS
 62
250
100
AcDbLine
 10
3.5317256687661
 20
2.1547103414730238
 30
0.0
 11
4.03678793896529
 21
1.6496480712739414
 31
0.0
  0
LINE
  5
32E
330
17
100
AcDbEntity
  8
0
  6
CONTINUOUS
 62
250
100
AcDbLine
 10
4.03678793896529
 20
1.6496480712739414
 30
0.0
 11
3.5317256687661
 21
1.144585801074716
 31
0.0
  0
LINE
  5
32F
330
17
100
AcDbEntity
  8
0
  6
CONTINUOUS
 62
250
100
AcDbLine
 10
3.5317256687661
 20
1.144585801074716
 30
0.0
 11
3.1382709261086887
 21
1.5380405437320563
 31
0.0
  0
LINE
  5
330
330
17
100
AcDbEntity
  8
0
  6
CONTINUOUS
 62
250
100
AcDbLine
 10
3.1382709261086887
 20
1.5380405437320563
 30
0.0
 11
3.809628154474794
 21
1.5380405437320563
 31
0.0
  0
LINE
  5
331
330
17
100
AcDbEntity
  8
0
  6
CONTINUOUS
 62
250
100
AcDbLine
 10
3.809628154474794
 20
1.5380405437320563
 30
0.0
 11
3.9212356820166008
 21
1.649648071273866
 31
0.0
  0
LINE
  5
332
330
17
100
AcDbEntity
  8
0
  6
CONTINUOUS
 62
250
100
AcDbLine
 10
3.9212356820166008
 20
1.649648071273866
 30
0.0
 11
3.5317256687661
 21
2.03915808452414
 31
0.0
  0
LINE
  5
333
330
17
100
AcDbEntity
  8
0
  6
CONTINUOUS
 62
250
100
AcDbLine
 10
2.4238177057662966
 20
3.5169344260394837
 30
0.0
 11
2.1111323247460945
 21
3.204249045017481
 31
0.0
  0
LINE
  5
334
330
17
100
AcDbEntity
  8
0
  6
CONTINUOUS
 62
250
100
AcDbLine
 10
2.1111323247460945
 20
3.204249045017481
 30
0.0
 11
2.893390254509498
 21
3.204249045017481
 31
0.0
  0
LINE
  5
335
330
17
100
AcDbEntity
  8
0
  6
CONTINUOUS
 62
250
100
AcDbLine
 10
2.893390254509498
 20
3.204249045017481
 30
0.0
 11
2.5764149265826006
 21
2.8872737170909346
 31
0.0
  0
LINE
  5
336
330
17
100
AcDbEntity
  8
0
  6
CONTINUOUS
 62
250
100
AcDbLine
 10
2.5764149265826006
 20
2.8872737170909346
 30
0.0
 11
2.2640872350889936
 21
2.8872737170909346
 31
0.0
  0
LINE
  5
337
330
17
100
AcDbEntity
  8
0
  6
CONTINUOUS
 62
250
100
AcDbLine
 10
2.2640872350889936
 20
2.8872737170909346
 30
0.0
 11
2.031061870320201
 21
3.1202990818598133
 31
0.0
  0
LINE
  5
338
330
17
100
AcDbEntity
  8
0
  6
CONTINUOUS
 62
250
100
AcDbLine
 10
2.031061870320201
 20
3.1202990818598133
 30
0.0
 11
1.7980365055513943
 21
2.887273717091099
 31
0.0
  0
LINE
  5
339
330
17
100
AcDbEntity
  8
0
  6
CONTINUOUS
 62
250
100
AcDbLine
 10
1.7980365055513943
 20
2.887273717091099
 30
0.0
 11
1.4857088140576877
 21
2.887273717091099
 31
0.0
  0
LINE
  5
33A
330
17
100
AcDbEntity
  8
0
  6
CONTINUOUS
 62
250
100
AcDbLine
 10
1.4857088140576877
 20
2.887273717091099
 30
0.0
 11
1.1687334861307903
 21
3.204249045017481
 31
0.0
  0
LINE
  5
33B
330
17
100
AcDbEntity
  8
0
  6
CONTINUOUS
 62
250
100
AcDbLine
 10
1.1687334861307903
 20
3.204249045017481
 30
0.0
 11
1.9509914158942934
 21
3.204249045017481
 31
0.0
  0
LINE
  5
33C
330
17
100
AcDbEntity
  8
0
  6
CONTINUOUS
 62
250
100
AcDbLine
 10
1.9509914158942934
 20
3.204249045017481
 30
0.0
 11
1.638306034871789
 21
3.5169344260394837
 31
0.0
  0
LINE
  5
33D
330
17
100
AcDbEntity
  8
0
  6
CONTINUOUS
 62
250
100
AcDbLine
 10
1.638306034871789
 20
3.5169344260394837
 30
0.0
 11
2.4238177057662966
 21
3.5169344260394837
 31
0.0
  0
LINE
  5
33E
330
17
100
AcDbEntity
  8
0
  6
CONTINUOUS
 62
250
100
AcDbLine
 10
3.2861460899602974
 20
2.811493209568763
 30
0.0
 11
2.893390254509498
 21
2.418737374107046
 31
0.0
  0
LINE
  5
33F
330
17
100
AcDbEntity
  8
0
  6
CONTINUOUS
 62
250
100
AcDbLine
 10
2.893390254509498
 20
2.418737374107046
 30
0.0
 11
3.6789019254097894
 21
2.418737374107046
 31
0.0
  0
LINE
  5
340
330
17
100
AcDbEntity
  8
0
  6
CONTINUOUS
 62
250
100
AcDbLine
 10
3.6789019254097894
 20
2.418737374107046
 30
0.0
 11
2.6991684125381994
 21
1.439003861243112
 31
0.0
  0
LINE
  5
341
330
17
100
AcDbEntity
  8
0
  6
CONTINUOUS
 62
250
100
AcDbLine
 10
2.6991684125381994
 20
1.439003861243112
 30
0.0
 11
2.6187850743139904
 21
1.5193871994685084
 31
0.0
  0
LINE
  5
342
330
17
100
AcDbEntity
  8
0
  6
CONTINUOUS
 62
250
100
AcDbLine
 10
2.6187850743139904
 20
1.5193871994685084
 30
0.0
 11
3.1253794135107995
 21
2.025981538657402
 31
0.0
  0
LINE
  5
343
330
17
100
AcDbEntity
  8
0
  6
CONTINUOUS
 62
250
100
AcDbLine
 10
3.1253794135107995
 20
2.025981538657402
 30
0.0
 11
2.339867742611588
 21
2.811493209568763
 31
0.0
  0
LINE
  5
344
330
17
100
AcDbEntity
  8
0
  6
CONTINUOUS
 62
250
100
AcDbLine
 10
2.339867742611588
 20
2.811493209568763
 30
0.0
 11
3.2861460899602974
 21
2.811493209568763
 31
0.0
  0
LINE
  5
345
330
17
100
AcDbEntity
  8
0
  6
CONTINUOUS
 62
250
100
AcDbLine
 10
2.031061870320201
 20
0.9316639954746719
 30
0.0
 11
2.5782206419148963
 21
1.4788227670692473
 31
0.0
  0
LINE
  5
346
330
17
100
AcDbEntity
  8
0
  6
CONTINUOUS
 62
250
100
AcDbLine
 10
2.5782206419148963
 20
1.4788227670692473
 30
0.0
 11
2.6586039801401995
 21
1.3984394288439193
 31
0.0
  0
LINE
  5
347
330
17
100
AcDbEntity
  8
0
  6
CONTINUOUS
 62
250
100
AcDbLine
 10
2.6586039801401995
 20
1.3984394288439193
 30
0.0
 11
2.031061870320201
 21
0.7708973190240727
 31
0.0
  0
LINE
  5
348
330
17
100
AcDbEntity
  8
0
  6
CONTINUOUS
 62
250
100
AcDbLine
 10
2.031061870320201
 20
0.7708973190240727
 30
0.0
 11
1.4035197605000889
 21
1.398439428844295
 31
0.0
  0
LINE
  5
349
330
17
100
AcDbEntity
  8
0
  6
CONTINUOUS
 62
250
100
AcDbLine
 10
1.4035197605000889
 20
1.398439428844295
 30
0.0
 11
1.483903098725392
 21
1.4788227670695697
 31
0.0
  0
LINE
  5
34A
330
17
100
AcDbEntity
  8
0
  6
CONTINUOUS
 62
250
100
AcDbLine
 10
1.483903098725392
 20
1.4788227670695697
 30
0.0
 11
2.031061870320201
 21
0.9316639954746719
 31
0.0
  0
LINE
  5
34B
330
17
100
AcDbEntity
  8
0
  6
CONTINUOUS
 62
250
100
AcDbLine
 10
1.443338666326298
 20
1.5193871994688424
 30
0.0
 11
1.3629553281021884
 21
1.4390038612434894
 31
0.0
  0
LINE
  5
34C
330
17
100
AcDbEntity
  8
0
  6
CONTINUOUS
 62
250
100
AcDbLine
 10
1.3629553281021884
 20
1.4390038612434894
 30
0.0
 11
0.3832218152304989
 21
2.418737374169944
 31
0.0
  0
LINE
  5
34D
330
17
100
AcDbEntity
  8
0
  6
CONTINUOUS
 62
250
100
AcDbLine
 10
0.3832218152304989
 20
2.418737374169944
 30
0.0
 11
1.1687334861307903
 21
2.418737374169944
 31
0.0
  0
LINE
  5
34E
330
17
100
AcDbEntity
  8
0
  6
CONTINUOUS
 62
250
100
AcDbLine
 10
1.1687334861307903
 20
2.418737374169944
 30
0.0
 11
0.7759776506800904
 21
2.811493209568927
 31
0.0
  0
LINE
  5
34F
330
17
100
AcDbEntity
  8
0
  6
CONTINUOUS
 62
250
100
AcDbLine
 10
0.7759776506800904
 20
2.811493209568927
 30
0.0
 11
1.7222559980287002
 21
2.811493209568927
 31
0.0
  0
LINE
  5
350
330
17
100
AcDbEntity
  8
0
  6
CONTINUOUS
 62
250
100
AcDbLine
 10
1.7222559980287002
 20
2.811493209568927
 30
0.0
 11
0.9367443271295883
 21
2.0259815386726254
 31
0.0
  0
LINE
  5
351
330
17
100
AcDbEntity
  8
0
  6
CONTINUOUS
 62
250
100
AcDbLine
 10
0.9367443271295883
 20
2.0259815386726254
 30
0.0
 11
1.443338666326298
 21
1.5193871994688424
 31
0.0
  0
LINE
  5
352
330
17
100
AcDbEntity
  8
0
  6
CONTINUOUS
 62
250
100
AcDbLine
 10
2.031061870320201
 20
2.833245674116217
 30
0.0
 11
2.8383260057713926
 21
2.025981538657402
 31
0.0
  0
LINE
  5
353
330
17
100
AcDbEntity
  8
0
  6
CONTINUOUS
 62
250
100
AcDbLine
 10
2.8383260057713926
 20
2.025981538657402
 30
0.0
 11
2.031061870320201
 21
1.218717403213792
 31
0.0
  0
LINE
  5
354
330
17
100
AcDbEntity
  8
0
  6
CONTINUOUS
 62
250
100
AcDbLine
 10
2.031061870320201
 20
1.218717403213792
 30
0.0
 11
1.2237977348689952
 21
2.0259815386726254
 31
0.0
  0
LINE
  5
355
330
17
100
AcDbEntity
  8
0
  6
CONTINUOUS
 62
250
100
AcDbLine
 10
1.2237977348689952
 20
2.0259815386726254
 30
0.0
 11
2.031061870320201
 21
2.833245674116217
 31
0.0
  0
LINE
  5
356
330
17
100
AcDbEntity
  8
0
  6
CONTINUOUS
 62
250
100
AcDbLine
 10
4.531244805155993
 20
0.30232945532015876
 30
0.0
 11
3.8146708738866977
 21
0.30232945532015876
 31
0.0
  0
LINE
  5
357
330
17
100
AcDbEntity
  8
0
  6
CONTINUOUS
 62
250
100
AcDbLine
 10
3.8146708738866977
 20
0.30232945532015876
 30
0.0
 11
4.530873566561098
 21
1.0185321479945673
 31
0.0
  0
LINE
  5
358
330
17
100
AcDbEntity
  8
0
  6
CONTINUOUS
 62
250
100
AcDbLine
 10
0.3579100525996921
 20
2.286485405459321
 30
0.0
 11
-0.4062597682150084
 21
3.0506552262296234
 31
0.0
  0
LINE
  5
359
330
17
100
AcDbEntity
  8
0
  6
CONTINUOUS
 62
250
100
AcDbLine
 10
-0.4062597682150084
 20
2.9596540611703874
 30
0.0
 11
0.25026640579179116
 21
2.3031278871708416
 31
0.0
  0
LINE
  5
35A
330
17
100
AcDbEntity
  8
0
  6
CONTINUOUS
 62
250
100
AcDbLine
 10
0.25026640579179116
 20
2.3031278871708416
 30
0.0
 11
-0.4062597682150084
 21
1.6466017131569233
 31
0.0
  0
LINE
  5
35B
330
17
100
AcDbEntity
  8
0
  6
CONTINUOUS
 62
250
100
AcDbLine
 10
-0.4062597682150084
 20
1.5223155846002747
 30
0.0
 11
0.3579100525996921
 21
2.286485405459321
 31
0.0
  0
LINE
  5
35C
330
17
100
AcDbEntity
  8
0
  6
CONTINUOUS
 62
250
100
AcDbLine
 10
0.1612699523781913
 20
2.3031278871708416
 30
0.0
 11
-0.4062597682150084
 21
2.8706576077423174
 31
0.0
  0
LINE
  5
35D
330
17
100
AcDbEntity
  8
0
  6
CONTINUOUS
 62
250
100
AcDbLine
 10
-0.4062597682150084
 20
2.759119388361463
 30
0.0
 11
0.04973173299509881
 21
2.3031278871708416
 31
0.0
  0
LINE
  5
35E
330
17
100
AcDbEntity
  8
0
  6
CONTINUOUS
 62
250
100
AcDbLine
 10
0.04973173299509881
 20
2.3031278871708416
 30
0.0
 11
-0.4062597682150084
 21
1.8471363859412868
 31
0.0
  0
LINE
  5
35F
330
17
100
AcDbEntity
  8
0
  6
CONTINUOUS
 62
250
100
AcDbLine
 10
-0.4062597682150084
 20
1.7355981665560032
 30
0.0
 11
0.1612699523781913
 21
2.3031278871708416
 31
0.0
  0
LINE
  5
360
330
17
100
AcDbEntity
  8
0
  6
CONTINUOUS
 62
250
100
AcDbLine
 10
-0.039264720384110774
 20
2.3031278871708416
 30
0.0
 11
-0.4062597682150084
 21
2.670122934999715
 31
0.0
  0
LINE
  5
361
330
17
100
AcDbEntity
  8
0
  6
CONTINUOUS
 62
250
100
AcDbLine
 10
-0.4062597682150084
 20
2.5514350049114194
 30
0.0
 11
-0.15795265047430007
 21
2.3031278871708416
 31
0.0
  0
LINE
  5
362
330
17
100
AcDbEntity
  8
0
  6
CONTINUOUS
 62
250
100
AcDbLine
 10
-0.15795265047430007
 20
2.3031278871708416
 30
0.0
 11
-0.4062597682150084
 21
2.0548207694301093
 31
0.0
  0
LINE
  5
363
330
17
100
AcDbEntity
  8
0
  6
CONTINUOUS
 62
250
100
AcDbLine
 10
-0.4062597682150084
 20
1.9361328393380006
 30
0.0
 11
-0.039264720384110774
 21
2.3031278871708416
 31
0.0
  0
LINE
  5
364
330
17
100
AcDbEntity
  8
0
  6
CONTINUOUS
 62
250
100
AcDbLine
 10
3.8311672912671924
 20
2.393578925953922
 30
0.0
 11
4.468749378526994
 21
1.755996838694145
 31
0.0
  0
LINE
  5
365
330
17
100
AcDbEntity
  8
0
  6
CONTINUOUS
 62
250
100
AcDbLine
 10
4.468749378526994
 20
1.8449932920910372
 30
0.0
 11
3.920163744663995
 21
2.393578925953922
 31
0.0
  0
LINE
  5
366
330
17
100
AcDbEntity
  8
0
  6
CONTINUOUS
 62
250
100
AcDbLine
 10
3.920163744663995
 20
2.393578925953922
 30
0.0
 11
4.468749378526994
 21
2.942164559817247
 31
0.0
  0
LINE
  5
367
330
17
100
AcDbEntity
  8
0
  6
CONTINUOUS
 62
250
100
AcDbLine
 10
4.468749378526994
 20
1.664091214500183
 30
0.0
 11
3.7230714148916917
 21
2.409769178135445
 31
0.0
  0
LINE
  5
368
330
17
100
AcDbEntity
  8
0
  6
CONTINUOUS
 62
250
100
AcDbLine
 10
3.7230714148916917
 20
2.409769178135445
 30
0.0
 11
4.440746625495592
 21
3.127444388739339
 31
0.0
  0
LINE
  5
369
330
17
100
AcDbEntity
  8
0
  6
CONTINUOUS
 62
250
100
AcDbLine
 10
4.440746625495592
 20
3.127444388739339
 30
0.0
 11
4.468749378526994
 21
3.099441635707703
 31
0.0
  0
LINE
  5
36A
330
17
100
AcDbEntity
  8
0
  6
CONTINUOUS
 62
250
100
AcDbLine
 10
4.468749378526994
 20
3.0311610132141737
 30
0.0
 11
3.8311672912671924
 21
2.393578925953922
 31
0.0
  0
LINE
  5
36B
330
17
100
AcDbEntity
  8
0
  6
CONTINUOUS
 62
250
100
AcDbLine
 10
4.502889689773596
 20
1.5409544498561702
 30
0.0
 11
4.424098774828195
 21
1.4621635349103457
 31
0.0
  0
LINE
  5
36C
330
17
100
AcDbEntity
  8
0
  6
CONTINUOUS
 62
250
100
AcDbLine
 10
4.424098774828195
 20
1.4621635349103457
 30
0.0
 11
3.5997822732478966
 21
2.286480036491196
 31
0.0
  0
LINE
  5
36D
330
17
100
AcDbEntity
  8
0
  6
CONTINUOUS
 62
250
100
AcDbLine
 10
3.5997822732478966
 20
2.286480036491196
 30
0.0
 11
3.678573188193198
 21
2.3652709514370116
 31
0.0
  0
LINE
  5
36E
330
17
100
AcDbEntity
  8
0
  6
CONTINUOUS
 62
250
100
AcDbLine
 10
3.678573188193198
 20
2.3652709514370116
 30
0.0
 11
4.502889689773596
 21
1.5409544498561702
 31
0.0
  0
LINE
  5
36F
330
17
100
AcDbEntity
  8
0
  6
CONTINUOUS
 62
250
100
AcDbLine
 10
4.114456975203197
 20
2.406970078902166
 30
0.0
 11
4.468749378526994
 21
2.761262482226347
 31
0.0
  0
LINE
  5
370
330
17
100
AcDbEntity
  8
0
  6
CONTINUOUS
 62
250
100
AcDbLine
 10
4.468749378526894
 20
2.850258935623245
 30
0.0
 11
4.025460521806295
 21
2.406970078902156
 31
0.0
  0
LINE
  5
371
330
17
100
AcDbEntity
  8
0
  6
CONTINUOUS
 62
250
100
AcDbLine
 10
4.025460521806295
 20
2.406970078902156
 30
0.0
 11
4.468749378526994
 21
1.9636812221815463
 31
0.0
  0
LINE
  5
372
330
17
100
AcDbEntity
  8
0
  6
CONTINUOUS
 62
250
100
AcDbLine
 10
4.468749378526994
 20
2.052677675578412
 30
0.0
 11
4.114456975203197
 21
2.406970078902166
 31
0.0
  0
LINE
  5
373
330
17
100
AcDbEntity
  8
0
  6
CONTINUOUS
 62
250
100
AcDbLine
 10
4.5307400658047925
 20
4.533074994959837
 30
0.0
 11
4.191455171230388
 21
4.867191326100897
 31
0.0
  0
LINE
  5
374
330
17
100
AcDbEntity
  8
0
  6
CONTINUOUS
 62
250
100
AcDbLine
 10
4.191455171230388
 20
4.867191326100897
 30
0.0
 11
4.531244805155993
 21
4.8671913261009045
 31
0.0
  0
CIRCLE
  5
375
330
17
100
AcDbEntity
  8
0
  6
CONTINUOUS
 62
250
100
AcDbCircle
 10
0.36416830940478917
 20
0.7015322230725163
 30
0.0
 40
0.1113061109157168
  0
CIRCLE
  5
376
330
17
100
AcDbEntity
  8
0
  6
CONTINUOUS
 62
250
100
AcDbCircle
 10
3.6976065804272906
 20
0.701532223072463
 30
0.0
 40
0.1113061109157168
  0
ARC
  5
377
330
17
100
AcDbEntity
  8
0
  6
CONTINUOUS
 62
250
100
AcDbCircle
 10
4.531244805155993
 20
3.820697440784287
 30
0.0
 40
0.1718624232298773
100
AcDbArc
 50
90.0
 51
-90.00000000000001
  0
LINE
  5
378
330
17
100
AcDbEntity
  8
0
  6
CONTINUOUS
 62
250
100
AcDbLine
 10
4.531244805155993
 20
6.199999999999996
 30
0.0
 11
4.531244805155993
 21
0.19999999999999574
 31
0.0
  0
LINE
  5
379
330
17
100
AcDbEntity
  8
0
  6
CONTINUOUS
 62
250
100
AcDbLine
 10
4.468749378526994
 20
3.099441635707688
 30
0.0
 11
4.468749378526994
 21
3.031161013214181
 31
0.0
  0
LINE
  5
37A
330
17
100
AcDbEntity
  8
0
  6
CONTINUOUS
 62
250
100
AcDbLine
 10
4.468749378526994
 20
2.9421645598172903
 30
0.0
 11
4.468749378526994
 21
2.850258935623316
 31
0.0
  0
LINE
  5
37B
330
17
100
AcDbEntity
  8
0
  6
CONTINUOUS
 62
250
100
AcDbLine
 10
4.468749378526994
 20
2.761262482226414
 30
0.0
 11
4.468749378526994
 21
2.0526776755783978
 31
0.0
  0
LINE
  5
37C
330
17
100
AcDbEntity
  8
0
  6
CONTINUOUS
 62
250
100
AcDbLine
 10
4.468749378526994
 20
1.9636812221815276
 30
0.0
 11
4.468749378526994
 21
1.844993292091016
 31
0.0
  0
LINE
  5
37D
330
17
100
AcDbEntity
  8
0
  6
CONTINUOUS
 62
250
100
AcDbLine
 10
4.468749378526994
 20
1.7559968386941307
 30
0.0
 11
4.468749378526994
 21
1.66409121450019
 31
0.0
  0
LINE
  5
37E
330
17
100
AcDbEntity
  8
0
  6
CONTINUOUS
 62
250
100
AcDbLine
 10
-0.4062597682150084
 20
1.4180230394854023
 30
0.0
 11
-0.4062597682150084
 21
1.5223155846002676
 31
0.0
  0
LINE
  5
37F
330
17
100
AcDbEntity
  8
0
  6
CONTINUOUS
 62
250
100
AcDbLine
 10
-0.4062597682150084
 20
1.6466017131569304
 30
0.0
 11
-0.4062597682150084
 21
1.7355981665560032
 31
0.0
  0
LINE
  5
380
330
17
100
AcDbEntity
  8
0
  6
CONTINUOUS
 62
250
100
AcDbLine
 10
-0.4062597682150084
 20
1.8471363859412522
 30
0.0
 11
-0.4062597682150084
 21
1.9361328393379944
 31
0.0
  0
LINE
  5
381
330
17
100
AcDbEntity
  8
0
  6
CONTINUOUS
 62
250
100
AcDbLine
 10
-0.40625976821490895
 20
2.05482076943007
 30
0.0
 11
-0.4062597682150084
 21
2.5514350049114123
 31
0.0
  0
LINE
  5
382
330
17
100
AcDbEntity
  8
0
  6
CONTINUOUS
 62
250
100
AcDbLine
 10
-0.4062597682150084
 20
2.6701229349997293
 30
0.0
 11
-0.4062597682150084
 21
2.759119388361456
 31
0.0
  0
LINE
  5
383
330
17
100
AcDbEntity
  8
0
  6
CONTINUOUS
 62
250
100
AcDbLine
 10
-0.4062597682150084
 20
2.8706576077423236
 30
0.0
 11
-0.4062597682150084
 21
2.9596540611703803
 31
0.0
  0
LINE
  5
384
330
17
100
AcDbEntity
  8
0
  6
CONTINUOUS
 62
250
100
AcDbLine
 10
-0.4062597682150084
 20
3.0506552262296234
 30
0.0
 11
-0.4062597682150084
 21
3.1549477713436014
 31
0.0
  0
LINE
  5
385
330
17
100
AcDbEntity
  8
0
  6
CONTINUOUS
 62
250
100
AcDbLine
 10
1.5312448051559926
 20
5.199999999999993
 30
0.0
 11
1.5312448051559926
 21
0.19999999999999574
 31
0.0
  0
LINE
  5
386
330
17
100
AcDbEntity
  8
0
  6
CONTINUOUS
 62
250
100
AcDbLine
 10
0.5312448051559926
 20
6.199999999999993
 30
0.0
 11
0.5312448051559926
 21
0.19999999999999574
 31
0.0
  0
LINE
  5
387
330
17
100
AcDbEntity
  8
0
  6
CONTINUOUS
 62
250
100
AcDbLine
 10
2.5312448051559926
 20
6.199999999999993
 30
0.0
 11
2.5312448051559926
 21
0.19999999999999574
 31
0.0
  0
LINE
  5
388
330
17
100
AcDbEntity
  8
0
  6
CONTINUOUS
 62
250
100
AcDbLine
 10
3.5312448051559926
 20
5.199999999999978
 30
0.0
 11
3.5312448051559926
 21
0.19999999999999574
 31
0.0
  0
LINE
  5
389
330
17
100
AcDbEntity
  8
0
  6
CONTINUOUS
 62
250
100
AcDbLine
 10
-0.4687551948440074
 20
3.1999999999999957
 30
0.0
 11
4.531244805155993
 21
3.1999999999999957
 31
0.0
  0
LWPOLYLINE
  5
38A
330
17
100
AcDbEntity
  8
0
  6
CONTINUOUS
 62
250
100
AcDbPolyline
 90
8
 70
1
 10
-4.531244805156106
 20
6.199999999999989
 10
-5.531244805156106
 20
5.199999999999978
 10
-6.531244805156106
 20
6.199999999999993
 10
-7.531244805156106
 20
5.199999999999978
 10
-8.531244805156106
 20
6.199999999999989
 10
-9.531244805156106
 20
5.233383792237043
 10
-9.531244805156106
 20
0.19999999999999574
 10
-4.531244805156106
 20
0.19999999999999574
210
0.0
220
0.0
230
-1.0
  0
LINE
  5
38B
330
17
100
AcDbEntity
  8
0
  6
CONTINUOUS
 62
250
100
AcDbLine
 10
9.531244805156106
 20
5.2492552053178585
 30
0.0
 11
9.531244805156106
 21
4.867196695022699
 31
0.0
  0
LINE
  5
38C
330
17
100
AcDbEntity
  8
0
  6
CONTINUOUS
 62
250
100
AcDbLine
 10
9.531244805156106
 20
4.867196695022699
 30
0.0
 11
9.192093328280109
 21
4.867196695022699
 31
0.0
  0
LINE
  5
38D
330
17
100
AcDbEntity
  8
0
  6
CONTINUOUS
 62
250
100
AcDbLine
 10
9.192093328280109
 20
4.867196695022699
 30
0.0
 11
9.531244805156106
 21
4.533211749135081
 31
0.0
  0
LINE
  5
38E
330
17
100
AcDbEntity
  8
0
  6
CONTINUOUS
 62
250
100
AcDbLine
 10
9.531244805156106
 20
4.533211749135081
 30
0.0
 11
9.531244805156106
 21
3.992925733691017
 31
0.0
  0
ARC
  5
38F
330
17
100
AcDbEntity
  8
0
  6
CONTINUOUS
 62
250
100
AcDbCircle
 10
-9.531244805156106
 20
3.820697440785811
 30
0.0
 40
0.1722282929052101
210
0.0
220
0.0
230
-1.0
100
AcDbArc
 50
-89.9999999999847
 51
89.99999999998697
  0
LINE
  5
390
330
17
100
AcDbEntity
  8
0
  6
CONTINUOUS
 62
250
100
AcDbLine
 10
9.468749378527107
 20
3.1549477713435943
 30
0.0
 11
8.600287012597903
 21
2.286485405459321
 31
0.0
  0
LINE
  5
391
330
17
100
AcDbEntity
  8
0
  6
CONTINUOUS
 62
250
100
AcDbLine
 10
8.600287012597903
 20
2.286485405459321
 30
0.0
 11
9.468749378527107
 21
1.4180230394854156
 31
0.0
  0
LINE
  5
392
330
17
100
AcDbEntity
  8
0
  6
CONTINUOUS
 62
250
100
AcDbLine
 10
9.531244805156106
 20
0.9142342339609257
 30
0.0
 11
8.9193400265153
 21
0.30232945532015876
 31
0.0
  0
LINE
  5
393
330
17
100
AcDbEntity
  8
0
  6
CONTINUOUS
 62
250
100
AcDbLine
 10
8.9193400265153
 20
0.30232945532015876
 30
0.0
 11
9.531244805156106
 21
0.30232945532015876
 31
0.0
  0
LINE
  5
394
330
17
100
AcDbEntity
  8
0
  6
CONTINUOUS
 62
250
100
AcDbLine
 10
5.704167924459298
 20
4.867196695020021
 30
0.0
 11
5.0255981353096075
 21
4.867196695020021
 31
0.0
  0
LINE
  5
395
330
17
100
AcDbEntity
  8
0
  6
CONTINUOUS
 62
250
100
AcDbLine
 10
5.0255981353096075
 20
4.867196695020021
 30
0.0
 11
5.364883029885604
 21
4.533080363878874
 31
0.0
  0
LINE
  5
396
330
17
100
AcDbEntity
  8
0
  6
CONTINUOUS
 62
250
100
AcDbLine
 10
5.364883029885604
 20
4.533080363878874
 30
0.0
 11
5.704167924459298
 21
4.867196695020021
 31
0.0
  0
LINE
  5
397
330
17
100
AcDbEntity
  8
0
  6
CONTINUOUS
 62
250
100
AcDbLine
 10
6.5374402795136035
 20
4.867196695020028
 30
0.0
 11
5.858870490363898
 21
4.867196695020028
 31
0.0
  0
LINE
  5
398
330
17
100
AcDbEntity
  8
0
  6
CONTINUOUS
 62
250
100
AcDbLine
 10
5.858870490363898
 20
4.867196695020028
 30
0.0
 11
6.198155384938801
 21
4.533080363878888
 31
0.0
  0
LINE
  5
399
330
17
100
AcDbEntity
  8
0
  6
CONTINUOUS
 62
250
100
AcDbLine
 10
6.198155384938801
 20
4.533080363878888
 30
0.0
 11
6.5374402795136035
 21
4.867196695020028
 31
0.0
  0
LINE
  5
39A
330
17
100
AcDbEntity
  8
0
  6
CONTINUOUS
 62
250
100
AcDbLine
 10
6.692142845418303
 20
4.867196695025755
 30
0.0
 11
7.031427739992509
 21
4.53308036388404
 31
0.0
  0
LINE
  5
39B
330
17
100
AcDbEntity
  8
0
  6
CONTINUOUS
 62
250
100
AcDbLine
 10
7.031427739992509
 20
4.53308036388404
 30
0.0
 11
7.370712634569102
 21
4.867196695025755
 31
0.0
  0
LINE
  5
39C
330
17
100
AcDbEntity
  8
0
  6
CONTINUOUS
 62
250
100
AcDbLine
 10
7.370712634569102
 20
4.867196695025755
 30
0.0
 11
6.692142845418303
 21
4.867196695025755
 31
0.0
  0
LINE
  5
39D
330
17
100
AcDbEntity
  8
0
  6
CONTINUOUS
 62
250
100
AcDbLine
 10
7.525415200472608
 20
4.867196695025755
 30
0.0
 11
7.86470009504751
 21
4.533080363887681
 31
0.0
  0
LINE
  5
39E
330
17
100
AcDbEntity
  8
0
  6
CONTINUOUS
 62
250
100
AcDbLine
 10
7.86470009504751
 20
4.533080363887681
 30
0.0
 11
8.203984989622299
 21
4.867196695025755
 31
0.0
  0
LINE
  5
39F
330
17
100
AcDbEntity
  8
0
  6
CONTINUOUS
 62
250
100
AcDbLine
 10
8.203984989622299
 20
4.867196695025755
 30
0.0
 11
7.525415200472608
 21
4.867196695025755
 31
0.0
  0
LINE
  5
3A0
330
17
100
AcDbEntity
  8
0
  6
CONTINUOUS
 62
250
100
AcDbLine
 10
8.358687555525805
 20
4.867196695022699
 30
0.0
 11
8.697972450101801
 21
4.5330803638815595
 31
0.0
  0
LINE
  5
3A1
330
17
100
AcDbEntity
  8
0
  6
CONTINUOUS
 62
250
100
AcDbLine
 10
8.697972450101801
 20
4.5330803638815595
 30
0.0
 11
9.03725734467551
 21
4.867196695022699
 31
0.0
  0
LINE
  5
3A2
330
17
100
AcDbEntity
  8
0
  6
CONTINUOUS
 62
250
100
AcDbLine
 10
9.03725734467551
 20
4.867196695022699
 30
0.0
 11
8.358687555525805
 21
4.867196695022699
 31
0.0
  0
ARC
  5
3A3
330
17
100
AcDbEntity
  8
0
  6
CONTINUOUS
 62
250
100
AcDbCircle
 10
-5.7600198516963985
 20
3.820697440782777
 30
0.0
 40
0.1065976083175258
210
0.0
220
0.0
230
-1.0
100
AcDbArc
 50
15.02588689196348
 51
164.9741131080396
  0
LINE
  5
3A4
330
17
100
AcDbEntity
  8
0
  6
CONTINUOUS
 62
250
100
AcDbLine
 10
5.862972758832697
 20
3.848333450104051
 30
0.0
 11
6.292290932500208
 21
3.848333450104065
 31
0.0
  0
ARC
  5
3A5
330
17
100
AcDbEntity
  8
0
  6
CONTINUOUS
 62
250
100
AcDbCircle
 10
-5.7600198516963985
 20
3.848333450104037
 30
0.0
 40
0.532271080803773
210
0.0
220
0.0
230
-1.0
100
AcDbArc
 50
-4.211444178243999e-13
 51
179.9999999999998
  0
LINE
  5
3A6
330
17
100
AcDbEntity
  8
0
  6
CONTINUOUS
 62
250
100
AcDbLine
 10
5.227748770892603
 20
3.848333450104037
 30
0.0
 11
5.6570669445601
 21
3.848333450104065
 31
0.0
  0
LINE
  5
3A7
330
17
100
AcDbEntity
  8
0
  6
CONTINUOUS
 62
250
100
AcDbLine
 10
5.6570669445601
 20
3.793061431464576
 30
0.0
 11
5.227748770892603
 21
3.793061431464566
 31
0.0
  0
ARC
  5
3A8
330
17
100
AcDbEntity
  8
0
  6
CONTINUOUS
 62
250
100
AcDbCircle
 10
-5.7600198516963985
 20
3.793061431464576
 30
0.0
 40
0.5322710808037662
210
0.0
220
0.0
230
-1.0
100
AcDbArc
 50
-179.99999999999983
 51
-4.211444178243999e-13
  0
LINE
  5
3A9
330
17
100
AcDbEntity
  8
0
  6
CONTINUOUS
 62
250
100
AcDbLine
 10
6.292290932500208
 20
3.793061431464566
 30
0.0
 11
5.862972758832697
 21
3.793061431464566
 31
0.0
  0
ARC
  5
3AA
330
17
100
AcDbEntity
  8
0
  6
CONTINUOUS
 62
250
100
AcDbCircle
 10
-5.7600198516963985
 20
3.820697440782777
 30
0.0
 40
0.1065976083167457
210
0.0
220
0.0
230
-1.0
100
AcDbArc
 50
-164.9741131096326
 51
-15.025886890369938
  0
ARC
  5
3AB
330
17
100
AcDbEntity
  8
0
  6
CONTINUOUS
 62
250
100
AcDbCircle
 10
-8.302835628292101
 20
3.820697440785456
 30
0.0
 40
0.1065976083175401
210
0.0
220
0.0
230
-1.0
100
AcDbArc
 50
15.025886891963061
 51
164.974113108038
  0
LINE
  5
3AC
330
17
100
AcDbEntity
  8
0
  6
CONTINUOUS
 62
250
100
AcDbLine
 10
8.4057885354284
 20
3.848333450106729
 30
0.0
 11
8.83510670909591
 21
3.848333450106737
 31
0.0
  0
ARC
  5
3AD
330
17
100
AcDbEntity
  8
0
  6
CONTINUOUS
 62
250
100
AcDbCircle
 10
-8.302835628292101
 20
3.848333450106729
 30
0.0
 40
0.5322710808037662
210
0.0
220
0.0
230
-1.0
100
AcDbArc
 50
-4.211444178243999e-13
 51
179.9999999999998
  0
LINE
  5
3AE
330
17
100
AcDbEntity
  8
0
  6
CONTINUOUS
 62
250
100
AcDbLine
 10
7.770564547488306
 20
3.848333450106737
 30
0.0
 11
8.199882721155802
 21
3.848333450106729
 31
0.0
  0
LINE
  5
3AF
330
17
100
AcDbEntity
  8
0
  6
CONTINUOUS
 62
250
100
AcDbLine
 10
8.199882721155802
 20
3.793061431467255
 30
0.0
 11
7.770564547488306
 21
3.793061431467255
 31
0.0
  0
ARC
  5
3B0
330
17
100
AcDbEntity
  8
0
  6
CONTINUOUS
 62
250
100
AcDbCircle
 10
-8.302835628292101
 20
3.793061431467255
 30
0.0
 40
0.5322710808037725
210
0.0
220
0.0
230
-1.0
100
AcDbArc
 50
-179.99999999999983
 51
-4.211444178243999e-13
  0
LINE
  5
3B1
330
17
100
AcDbEntity
  8
0
  6
CONTINUOUS
 62
250
100
AcDbLine
 10
8.83510670909591
 20
3.793061431467262
 30
0.0
 11
8.4057885354284
 21
3.793061431467255
 31
0.0
  0
ARC
  5
3B2
330
17
100
AcDbEntity
  8
0
  6
CONTINUOUS
 62
250
100
AcDbCircle
 10
-8.302835628292101
 20
3.820697440785456
 30
0.0
 40
0.1065976083167457
210
0.0
220
0.0
230
-1.0
100
AcDbArc
 50
-164.9741131096326
 51
-15.025886890368103
  0
ARC
  5
3B3
330
17
100
AcDbEntity
  8
0
  6
CONTINUOUS
 62
250
100
AcDbCircle
 10
-7.031427739993106
 20
3.820697440790032
 30
0.0
 40
0.1718624232298842
210
0.0
220
0.0
230
-1.0
100
AcDbArc
 50
2.036e-13
 51
180.0
  0
ARC
  5
3B4
330
17
100
AcDbEntity
  8
0
  6
CONTINUOUS
 62
250
100
AcDbCircle
 10
-7.031427739993106
 20
3.820697440790032
 30
0.0
 40
0.1718624232298694
210
0.0
220
0.0
230
-1.0
100
AcDbArc
 50
-179.99999999999983
 51
-6.24699917438065e-13
  0
LINE
  5
3B5
330
17
100
AcDbEntity
  8
0
  6
CONTINUOUS
 62
250
100
AcDbLine
 10
5.530763941545999
 20
2.03915808452414
 30
0.0
 11
6.940269779515603
 21
0.6296522465538184
 31
0.0
  0
ARC
  5
3B6
330
17
100
AcDbEntity
  8
0
  6
CONTINUOUS
 62
250
100
AcDbCircle
 10
-7.031427739991898
 20
0.5662493704383573
 30
0.0
 40
0.1110391753297565
210
0.0
220
0.0
230
-1.0
100
AcDbArc
 50
145.180321594915
 51
34.8196784050884
  0
LINE
  5
3B7
330
17
100
AcDbEntity
  8
0
  6
CONTINUOUS
 62
250
100
AcDbLine
 10
7.122585700468306
 20
0.6296522465538184
 30
0.0
 11
8.532091538437811
 21
2.0391580845241606
 31
0.0
  0
LINE
  5
3B8
330
17
100
AcDbEntity
  8
0
  6
CONTINUOUS
 62
250
100
AcDbLine
 10
8.532091538437811
 20
2.0391580845241606
 30
0.0
 11
8.921601551688298
 21
1.6496480712738952
 31
0.0
  0
LINE
  5
3B9
330
17
100
AcDbEntity
  8
0
  6
CONTINUOUS
 62
250
100
AcDbLine
 10
8.921601551688298
 20
1.6496480712738952
 30
0.0
 11
8.809994024146604
 21
1.5380405437320954
 31
0.0
  0
LINE
  5
3BA
330
17
100
AcDbEntity
  8
0
  6
CONTINUOUS
 62
250
100
AcDbLine
 10
8.809994024146604
 20
1.5380405437320954
 30
0.0
 11
8.1386367957804
 21
1.5380405437320954
 31
0.0
  0
LINE
  5
3BB
330
17
100
AcDbEntity
  8
0
  6
CONTINUOUS
 62
250
100
AcDbLine
 10
8.1386367957804
 20
1.5380405437320954
 30
0.0
 11
8.532091538437811
 21
1.1445858010747507
 31
0.0
  0
LINE
  5
3BC
330
17
100
AcDbEntity
  8
0
  6
CONTINUOUS
 62
250
100
AcDbLine
 10
8.532091538437811
 20
1.1445858010747507
 30
0.0
 11
9.037153808637001
 21
1.6496480712739912
 31
0.0
  0
LINE
  5
3BD
330
17
100
AcDbEntity
  8
0
  6
CONTINUOUS
 62
250
100
AcDbLine
 10
9.037153808637001
 20
1.6496480712739912
 30
0.0
 11
8.532091538437811
 21
2.1547103415207367
 31
0.0
  0
LINE
  5
3BE
330
17
100
AcDbEntity
  8
0
  6
CONTINUOUS
 62
250
100
AcDbLine
 10
8.532091538437811
 20
2.1547103415207367
 30
0.0
 11
7.052627259279504
 21
0.675246062314458
 31
0.0
  0
ARC
  5
3BF
330
17
100
AcDbEntity
  8
0
  6
CONTINUOUS
 62
250
100
AcDbCircle
 10
-7.031427739991898
 20
0.5796627304585664
 30
0.0
 40
0.097906041420818
210
0.0
220
0.0
230
-1.0
100
AcDbArc
 50
77.49474094213771
 51
102.5052590578706
  0
LINE
  5
3C0
330
17
100
AcDbEntity
  8
0
  6
CONTINUOUS
 62
250
100
AcDbLine
 10
7.010228220704306
 20
0.6752460623144652
 30
0.0
 11
5.530763941545999
 21
2.1547103414730238
 31
0.0
  0
LINE
  5
3C1
330
17
100
AcDbEntity
  8
0
  6
CONTINUOUS
 62
250
100
AcDbLine
 10
5.530763941545999
 20
2.1547103414730238
 30
0.0
 11
5.025701671346809
 21
1.6496480712739414
 31
0.0
  0
LINE
  5
3C2
330
17
100
AcDbEntity
  8
0
  6
CONTINUOUS
 62
250
100
AcDbLine
 10
5.025701671346809
 20
1.6496480712739414
 30
0.0
 11
5.530763941545999
 21
1.144585801074716
 31
0.0
  0
LINE
  5
3C3
330
17
100
AcDbEntity
  8
0
  6
CONTINUOUS
 62
250
100
AcDbLine
 10
5.530763941545999
 20
1.144585801074716
 30
0.0
 11
5.92421868420341
 21
1.5380405437320563
 31
0.0
  0
LINE
  5
3C4
330
17
100
AcDbEntity
  8
0
  6
CONTINUOUS
 62
250
100
AcDbLine
 10
5.92421868420341
 20
1.5380405437320563
 30
0.0
 11
5.252861455837305
 21
1.5380405437320563
 31
0.0
  0
LINE
  5
3C5
330
17
100
AcDbEntity
  8
0
  6
CONTINUOUS
 62
250
100
AcDbLine
 10
5.252861455837305
 20
1.5380405437320563
 30
0.0
 11
5.141253928295498
 21
1.649648071273866
 31
0.0
  0
LINE
  5
3C6
330
17
100
AcDbEntity
  8
0
  6
CONTINUOUS
 62
250
100
AcDbLine
 10
5.141253928295498
 20
1.649648071273866
 30
0.0
 11
5.530763941545999
 21
2.03915808452414
 31
0.0
  0
LINE
  5
3C7
330
17
100
AcDbEntity
  8
0
  6
CONTINUOUS
 62
250
100
AcDbLine
 10
6.638671904545802
 20
3.5169344260394837
 30
0.0
 11
6.951357285566004
 21
3.204249045017481
 31
0.0
  0
LINE
  5
3C8
330
17
100
AcDbEntity
  8
0
  6
CONTINUOUS
 62
250
100
AcDbLine
 10
6.951357285566004
 20
3.204249045017481
 30
0.0
 11
6.169099355802601
 21
3.204249045017481
 31
0.0
  0
LINE
  5
3C9
330
17
100
AcDbEntity
  8
0
  6
CONTINUOUS
 62
250
100
AcDbLine
 10
6.169099355802601
 20
3.204249045017481
 30
0.0
 11
6.486074683729498
 21
2.8872737170909346
 31
0.0
  0
LINE
  5
3CA
330
17
100
AcDbEntity
  8
0
  6
CONTINUOUS
 62
250
100
AcDbLine
 10
6.486074683729498
 20
2.8872737170909346
 30
0.0
 11
6.798402375223105
 21
2.8872737170909346
 31
0.0
  0
LINE
  5
3CB
330
17
100
AcDbEntity
  8
0
  6
CONTINUOUS
 62
250
100
AcDbLine
 10
6.798402375223105
 20
2.8872737170909346
 30
0.0
 11
7.031427739991898
 21
3.1202990818598133
 31
0.0
  0
LINE
  5
3CC
330
17
100
AcDbEntity
  8
0
  6
CONTINUOUS
 62
250
100
AcDbLine
 10
7.031427739991898
 20
3.1202990818598133
 30
0.0
 11
7.264453104760705
 21
2.887273717091099
 31
0.0
  0
LINE
  5
3CD
330
17
100
AcDbEntity
  8
0
  6
CONTINUOUS
 62
250
100
AcDbLine
 10
7.264453104760705
 20
2.887273717091099
 30
0.0
 11
7.576780796254411
 21
2.887273717091099
 31
0.0
  0
LINE
  5
3CE
330
17
100
AcDbEntity
  8
0
  6
CONTINUOUS
 62
250
100
AcDbLine
 10
7.576780796254411
 20
2.887273717091099
 30
0.0
 11
7.893756124181309
 21
3.204249045017481
 31
0.0
  0
LINE
  5
3CF
330
17
100
AcDbEntity
  8
0
  6
CONTINUOUS
 62
250
100
AcDbLine
 10
7.893756124181309
 20
3.204249045017481
 30
0.0
 11
7.1114981944178055
 21
3.204249045017481
 31
0.0
  0
LINE
  5
3D0
330
17
100
AcDbEntity
  8
0
  6
CONTINUOUS
 62
250
100
AcDbLine
 10
7.1114981944178055
 20
3.204249045017481
 30
0.0
 11
7.42418357544031
 21
3.5169344260394837
 31
0.0
  0
LINE
  5
3D1
330
17
100
AcDbEntity
  8
0
  6
CONTINUOUS
 62
250
100
AcDbLine
 10
7.42418357544031
 20
3.5169344260394837
 30
0.0
 11
6.638671904545802
 21
3.5169344260394837
 31
0.0
  0
LINE
  5
3D2
330
17
100
AcDbEntity
  8
0
  6
CONTINUOUS
 62
250
100
AcDbLine
 10
5.776343520351801
 20
2.811493209568763
 30
0.0
 11
6.169099355802601
 21
2.418737374107046
 31
0.0
  0
LINE
  5
3D3
330
17
100
AcDbEntity
  8
0
  6
CONTINUOUS
 62
250
100
AcDbLine
 10
6.169099355802601
 20
2.418737374107046
 30
0.0
 11
5.383587684902309
 21
2.418737374107046
 31
0.0
  0
LINE
  5
3D4
330
17
100
AcDbEntity
  8
0
  6
CONTINUOUS
 62
250
100
AcDbLine
 10
5.383587684902309
 20
2.418737374107046
 30
0.0
 11
6.3633211977738995
 21
1.439003861243112
 31
0.0
  0
LINE
  5
3D5
330
17
100
AcDbEntity
  8
0
  6
CONTINUOUS
 62
250
100
AcDbLine
 10
6.3633211977738995
 20
1.439003861243112
 30
0.0
 11
6.443704535998108
 21
1.5193871994685084
 31
0.0
  0
LINE
  5
3D6
330
17
100
AcDbEntity
  8
0
  6
CONTINUOUS
 62
250
100
AcDbLine
 10
6.443704535998108
 20
1.5193871994685084
 30
0.0
 11
5.937110196801299
 21
2.025981538657402
 31
0.0
  0
LINE
  5
3D7
330
17
100
AcDbEntity
  8
0
  6
CONTINUOUS
 62
250
100
AcDbLine
 10
5.937110196801299
 20
2.025981538657402
 30
0.0
 11
6.722621867700511
 21
2.811493209568763
 31
0.0
  0
LINE
  5
3D8
330
17
100
AcDbEntity
  8
0
  6
CONTINUOUS
 62
250
100
AcDbLine
 10
6.722621867700511
 20
2.811493209568763
 30
0.0
 11
5.776343520351801
 21
2.811493209568763
 31
0.0
  0
LINE
  5
3D9
330
17
100
AcDbEntity
  8
0
  6
CONTINUOUS
 62
250
100
AcDbLine
 10
7.031427739991898
 20
0.9316639954746719
 30
0.0
 11
6.484268968397203
 21
1.4788227670692473
 31
0.0
  0
LINE
  5
3DA
330
17
100
AcDbEntity
  8
0
  6
CONTINUOUS
 62
250
100
AcDbLine
 10
6.484268968397203
 20
1.4788227670692473
 30
0.0
 11
6.403885630171899
 21
1.3984394288439193
 31
0.0
  0
LINE
  5
3DB
330
17
100
AcDbEntity
  8
0
  6
CONTINUOUS
 62
250
100
AcDbLine
 10
6.403885630171899
 20
1.3984394288439193
 30
0.0
 11
7.031427739991898
 21
0.7708973190240727
 31
0.0
  0
LINE
  5
3DC
330
17
100
AcDbEntity
  8
0
  6
CONTINUOUS
 62
250
100
AcDbLine
 10
7.031427739991898
 20
0.7708973190240727
 30
0.0
 11
7.65896984981201
 21
1.398439428844295
 31
0.0
  0
LINE
  5
3DD
330
17
100
AcDbEntity
  8
0
  6
CONTINUOUS
 62
250
100
AcDbLine
 10
7.65896984981201
 20
1.398439428844295
 30
0.0
 11
7.578586511586707
 21
1.4788227670695697
 31
0.0
  0
LINE
  5
3DE
330
17
100
AcDbEntity
  8
0
  6
CONTINUOUS
 62
250
100
AcDbLine
 10
7.578586511586707
 20
1.4788227670695697
 30
0.0
 11
7.031427739991898
 21
0.9316639954746719
 31
0.0
  0
LINE
  5
3DF
330
17
100
AcDbEntity
  8
0
  6
CONTINUOUS
 62
250
100
AcDbLine
 10
7.619150943985801
 20
1.5193871994688424
 30
0.0
 11
7.69953428220991
 21
1.4390038612434894
 31
0.0
  0
LINE
  5
3E0
330
17
100
AcDbEntity
  8
0
  6
CONTINUOUS
 62
250
100
AcDbLine
 10
7.69953428220991
 20
1.4390038612434894
 30
0.0
 11
8.6792677950816
 21
2.418737374169944
 31
0.0
  0
LINE
  5
3E1
330
17
100
AcDbEntity
  8
0
  6
CONTINUOUS
 62
250
100
AcDbLine
 10
8.6792677950816
 20
2.418737374169944
 30
0.0
 11
7.893756124181309
 21
2.418737374169944
 31
0.0
  0
LINE
  5
3E2
330
17
100
AcDbEntity
  8
0
  6
CONTINUOUS
 62
250
100
AcDbLine
 10
7.893756124181309
 20
2.418737374169944
 30
0.0
 11
8.286511959632008
 21
2.811493209568927
 31
0.0
  0
LINE
  5
3E3
330
17
100
AcDbEntity
  8
0
  6
CONTINUOUS
 62
250
100
AcDbLine
 10
8.286511959632008
 20
2.811493209568927
 30
0.0
 11
7.340233612283399
 21
2.811493209568927
 31
0.0
  0
LINE
  5
3E4
330
17
100
AcDbEntity
  8
0
  6
CONTINUOUS
 62
250
100
AcDbLine
 10
7.340233612283399
 20
2.811493209568927
 30
0.0
 11
8.12574528318251
 21
2.0259815386726254
 31
0.0
  0
LINE
  5
3E5
330
17
100
AcDbEntity
  8
0
  6
CONTINUOUS
 62
250
100
AcDbLine
 10
8.12574528318251
 20
2.0259815386726254
 30
0.0
 11
7.619150943985801
 21
1.5193871994688424
 31
0.0
  0
LINE
  5
3E6
330
17
100
AcDbEntity
  8
0
  6
CONTINUOUS
 62
250
100
AcDbLine
 10
7.031427739991898
 20
2.833245674116217
 30
0.0
 11
6.224163604540706
 21
2.025981538657402
 31
0.0
  0
LINE
  5
3E7
330
17
100
AcDbEntity
  8
0
  6
CONTINUOUS
 62
250
100
AcDbLine
 10
6.224163604540706
 20
2.025981538657402
 30
0.0
 11
7.031427739991898
 21
1.218717403213792
 31
0.0
  0
LINE
  5
3E8
330
17
100
AcDbEntity
  8
0
  6
CONTINUOUS
 62
250
100
AcDbLine
 10
7.031427739991898
 20
1.218717403213792
 30
0.0
 11
7.838691875443104
 21
2.0259815386726254
 31
0.0
  0
LINE
  5
3E9
330
17
100
AcDbEntity
  8
0
  6
CONTINUOUS
 62
250
100
AcDbLine
 10
7.838691875443104
 20
2.0259815386726254
 30
0.0
 11
7.031427739991898
 21
2.833245674116217
 31
0.0
  0
LINE
  5
3EA
330
17
100
AcDbEntity
  8
0
  6
CONTINUOUS
 62
250
100
AcDbLine
 10
4.531244805156106
 20
0.30232945532015876
 30
0.0
 11
5.247818736425401
 21
0.30232945532015876
 31
0.0
  0
LINE
  5
3EB
330
17
100
AcDbEntity
  8
0
  6
CONTINUOUS
 62
250
100
AcDbLine
 10
5.247818736425401
 20
0.30232945532015876
 30
0.0
 11
4.531616043751001
 21
1.0185321479945673
 31
0.0
  0
LINE
  5
3EC
330
17
100
AcDbEntity
  8
0
  6
CONTINUOUS
 62
250
100
AcDbLine
 10
8.704579557712407
 20
2.286485405459321
 30
0.0
 11
9.468749378527107
 21
3.0506552262296234
 31
0.0
  0
LINE
  5
3ED
330
17
100
AcDbEntity
  8
0
  6
CONTINUOUS
 62
250
100
AcDbLine
 10
9.468749378527107
 20
2.9596540611703874
 30
0.0
 11
8.812223204520308
 21
2.3031278871708416
 31
0.0
  0
LINE
  5
3EE
330
17
100
AcDbEntity
  8
0
  6
CONTINUOUS
 62
250
100
AcDbLine
 10
8.812223204520308
 20
2.3031278871708416
 30
0.0
 11
9.468749378527107
 21
1.6466017131569233
 31
0.0
  0
LINE
  5
3EF
330
17
100
AcDbEntity
  8
0
  6
CONTINUOUS
 62
250
100
AcDbLine
 10
9.468749378527107
 20
1.5223155846002747
 30
0.0
 11
8.704579557712407
 21
2.286485405459321
 31
0.0
  0
LINE
  5
3F0
330
17
100
AcDbEntity
  8
0
  6
CONTINUOUS
 62
250
100
AcDbLine
 10
8.901219657933908
 20
2.3031278871708416
 30
0.0
 11
9.468749378527107
 21
2.8706576077423174
 31
0.0
  0
LINE
  5
3F1
330
17
100
AcDbEntity
  8
0
  6
CONTINUOUS
 62
250
100
AcDbLine
 10
9.468749378527107
 20
2.759119388361463
 30
0.0
 11
9.012757877317
 21
2.3031278871708416
 31
0.0
  0
LINE
  5
3F2
330
17
100
AcDbEntity
  8
0
  6
CONTINUOUS
 62
250
100
AcDbLine
 10
9.012757877317
 20
2.3031278871708416
 30
0.0
 11
9.468749378527107
 21
1.8471363859412868
 31
0.0
  0
LINE
  5
3F3
330
17
100
AcDbEntity
  8
0
  6
CONTINUOUS
 62
250
100
AcDbLine
 10
9.468749378527107
 20
1.7355981665560032
 30
0.0
 11
8.901219657933908
 21
2.3031278871708416
 31
0.0
  0
LINE
  5
3F4
330
17
100
AcDbEntity
  8
0
  6
CONTINUOUS
 62
250
100
AcDbLine
 10
9.10175433069621
 20
2.3031278871708416
 30
0.0
 11
9.468749378527107
 21
2.670122934999715
 31
0.0
  0
LINE
  5
3F5
330
17
100
AcDbEntity
  8
0
  6
CONTINUOUS
 62
250
100
AcDbLine
 10
9.468749378527107
 20
2.5514350049114194
 30
0.0
 11
9.220442260786399
 21
2.3031278871708416
 31
0.0
  0
LINE
  5
3F6
330
17
100
AcDbEntity
  8
0
  6
CONTINUOUS
 62
250
100
AcDbLine
 10
9.220442260786399
 20
2.3031278871708416
 30
0.0
 11
9.468749378527107
 21
2.0548207694301093
 31
0.0
  0
LINE
  5
3F7
330
17
100
AcDbEntity
  8
0
  6
CONTINUOUS
 62
250
100
AcDbLine
 10
9.468749378527107
 20
1.9361328393380006
 30
0.0
 11
9.10175433069621
 21
2.3031278871708416
 31
0.0
  0
LINE
  5
3F8
330
17
100
AcDbEntity
  8
0
  6
CONTINUOUS
 62
250
100
AcDbLine
 10
5.2313223190449065
 20
2.393578925953922
 30
0.0
 11
4.593740231785105
 21
1.755996838694145
 31
0.0
  0
LINE
  5
3F9
330
17
100
AcDbEntity
  8
0
  6
CONTINUOUS
 62
250
100
AcDbLine
 10
4.593740231785105
 20
1.8449932920910372
 30
0.0
 11
5.142325865648104
 21
2.393578925953922
 31
0.0
  0
LINE
  5
3FA
330
17
100
AcDbEntity
  8
0
  6
CONTINUOUS
 62
250
100
AcDbLine
 10
5.142325865648104
 20
2.393578925953922
 30
0.0
 11
4.593740231785105
 21
2.942164559817247
 31
0.0
  0
LINE
  5
3FB
330
17
100
AcDbEntity
  8
0
  6
CONTINUOUS
 62
250
100
AcDbLine
 10
4.593740231785105
 20
1.664091214500183
 30
0.0
 11
5.339418195420407
 21
2.409769178135445
 31
0.0
  0
LINE
  5
3FC
330
17
100
AcDbEntity
  8
0
  6
CONTINUOUS
 62
250
100
AcDbLine
 10
5.339418195420407
 20
2.409769178135445
 30
0.0
 11
4.621742984816507
 21
3.127444388739339
 31
0.0
  0
LINE
  5
3FD
330
17
100
AcDbEntity
  8
0
  6
CONTINUOUS
 62
250
100
AcDbLine
 10
4.621742984816507
 20
3.127444388739339
 30
0.0
 11
4.593740231785105
 21
3.099441635707703
 31
0.0
  0
LINE
  5
3FE
330
17
100
AcDbEntity
  8
0
  6
CONTINUOUS
 62
250
100
AcDbLine
 10
4.593740231785105
 20
3.0311610132141737
 30
0.0
 11
5.2313223190449065
 21
2.393578925953922
 31
0.0
  0
LINE
  5
3FF
330
17
100
AcDbEntity
  8
0
  6
CONTINUOUS
 62
250
100
AcDbLine
 10
4.559599920538503
 20
1.5409544498561702
 30
0.0
 11
4.638390835483904
 21
1.4621635349103457
 31
0.0
  0
LINE
  5
400
330
17
100
AcDbEntity
  8
0
  6
CONTINUOUS
 62
250
100
AcDbLine
 10
4.638390835483904
 20
1.4621635349103457
 30
0.0
 11
5.462707337064202
 21
2.286480036491196
 31
0.0
  0
LINE
  5
401
330
17
100
AcDbEntity
  8
0
  6
CONTINUOUS
 62
250
100
AcDbLine
 10
5.462707337064202
 20
2.286480036491196
 30
0.0
 11
5.383916422118901
 21
2.3652709514370116
 31
0.0
  0
LINE
  5
402
330
17
100
AcDbEntity
  8
0
  6
CONTINUOUS
 62
250
100
AcDbLine
 10
5.383916422118901
 20
2.3652709514370116
 30
0.0
 11
4.559599920538503
 21
1.5409544498561702
 31
0.0
  0
LINE
  5
403
330
17
100
AcDbEntity
  8
0
  6
CONTINUOUS
 62
250
100
AcDbLine
 10
4.948032635108902
 20
2.406970078902166
 30
0.0
 11
4.593740231785105
 21
2.761262482226347
 31
0.0
  0
LINE
  5
404
330
17
100
AcDbEntity
  8
0
  6
CONTINUOUS
 62
250
100
AcDbLine
 10
4.593740231785205
 20
2.850258935623245
 30
0.0
 11
5.037029088505804
 21
2.406970078902156
 31
0.0
  0
LINE
  5
405
330
17
100
AcDbEntity
  8
0
  6
CONTINUOUS
 62
250
100
AcDbLine
 10
5.037029088505804
 20
2.406970078902156
 30
0.0
 11
4.593740231785105
 21
1.9636812221815463
 31
0.0
  0
LINE
  5
406
330
17
100
AcDbEntity
  8
0
  6
CONTINUOUS
 62
250
100
AcDbLine
 10
4.593740231785105
 20
2.052677675578412
 30
0.0
 11
4.948032635108902
 21
2.406970078902166
 31
0.0
  0
LINE
  5
407
330
17
100
AcDbEntity
  8
0
  6
CONTINUOUS
 62
250
100
AcDbLine
 10
4.531749544507306
 20
4.533074994959837
 30
0.0
 11
4.871034439081711
 21
4.867191326100897
 31
0.0
  0
LINE
  5
408
330
17
100
AcDbEntity
  8
0
  6
CONTINUOUS
 62
250
100
AcDbLine
 10
4.871034439081711
 20
4.867191326100897
 30
0.0
 11
4.531244805156106
 21
4.8671913261009045
 31
0.0
  0
CIRCLE
  5
409
330
17
100
AcDbEntity
  8
0
  6
CONTINUOUS
 62
250
100
AcDbCircle
 10
-8.69832130090731
 20
0.7015322230725163
 30
0.0
 40
0.1113061109157168
210
0.0
220
0.0
230
-1.0
  0
CIRCLE
  5
40A
330
17
100
AcDbEntity
  8
0
  6
CONTINUOUS
 62
250
100
AcDbCircle
 10
-5.364883029884808
 20
0.701532223072463
 30
0.0
 40
0.1113061109157168
210
0.0
220
0.0
230
-1.0
  0
ARC
  5
40B
330
17
100
AcDbEntity
  8
0
  6
CONTINUOUS
 62
250
100
AcDbCircle
 10
-4.531244805156106
 20
3.820697440784287
 30
0.0
 40
0.1718624232298773
210
0.0
220
0.0
230
-1.0
100
AcDbArc
 50
90.0
 51
-90.00000000000001
  0
LINE
  5
40C
330
17
100
AcDbEntity
  8
0
  6
CONTINUOUS
 62
250
100
AcDbLine
 10
4.531244805156106
 20
6.199999999999996
 30
0.0
 11
4.531244805156106
 21
0.19999999999999574
 31
0.0
  0
LINE
  5
40D
330
17
100
AcDbEntity
  8
0
  6
CONTINUOUS
 62
250
100
AcDbLine
 10
4.593740231785105
 20
3.099441635707688
 30
0.0
 11
4.593740231785105
 21
3.031161013214181
 31
0.0
  0
LINE
  5
40E
330
17
100
AcDbEntity
  8
0
  6
CONTINUOUS
 62
250
100
AcDbLine
 10
4.593740231785105
 20
2.9421645598172903
 30
0.0
 11
4.593740231785105
 21
2.850258935623316
 31
0.0
  0
LINE
  5
40F
330
17
100
AcDbEntity
  8
0
  6
CONTINUOUS
 62
250
100
AcDbLine
 10
4.593740231785105
 20
2.761262482226414
 30
0.0
 11
4.593740231785105
 21
2.0526776755783978
 31
0.0
  0
LINE
  5
410
330
17
100
AcDbEntity
  8
0
  6
CONTINUOUS
 62
250
100
AcDbLine
 10
4.593740231785105
 20
1.9636812221815276
 30
0.0
 11
4.593740231785105
 21
1.844993292091016
 31
0.0
  0
LINE
  5
411
330
17
100
AcDbEntity
  8
0
  6
CONTINUOUS
 62
250
100
AcDbLine
 10
4.593740231785105
 20
1.7559968386941307
 30
0.0
 11
4.593740231785105
 21
1.66409121450019
 31
0.0
  0
LINE
  5
412
330
17
100
AcDbEntity
  8
0
  6
CONTINUOUS
 62
250
100
AcDbLine
 10
9.468749378527107
 20
1.4180230394854023
 30
0.0
 11
9.468749378527107
 21
1.5223155846002676
 31
0.0
  0
LINE
  5
413
330
17
100
AcDbEntity
  8
0
  6
CONTINUOUS
 62
250
100
AcDbLine
 10
9.468749378527107
 20
1.6466017131569304
 30
0.0
 11
9.468749378527107
 21
1.7355981665560032
 31
0.0
  0
LINE
  5
414
330
17
100
AcDbEntity
  8
0
  6
CONTINUOUS
 62
250
100
AcDbLine
 10
9.468749378527107
 20
1.8471363859412522
 30
0.0
 11
9.468749378527107
 21
1.9361328393379944
 31
0.0
  0
LINE
  5
415
330
17
100
AcDbEntity
  8
0
  6
CONTINUOUS
 62
250
100
AcDbLine
 10
9.468749378527008
 20
2.05482076943007
 30
0.0
 11
9.468749378527107
 21
2.5514350049114123
 31
0.0
  0
LINE
  5
416
330
17
100
AcDbEntity
  8
0
  6
CONTINUOUS
 62
250
100
AcDbLine
 10
9.468749378527107
 20
2.6701229349997293
 30
0.0
 11
9.468749378527107
 21
2.759119388361456
 31
0.0
  0
LINE
  5
417
330
17
100
AcDbEntity
  8
0
  6
CONTINUOUS
 62
250
100
AcDbLine
 10
9.468749378527107
 20
2.8706576077423236
 30
0.0
 11
9.468749378527107
 21
2.9596540611703803
 31
0.0
  0
LINE
  5
418
330
17
100
AcDbEntity
  8
0
  6
CONTINUOUS
 62
250
100
AcDbLine
 10
9.468749378527107
 20
3.0506552262296234
 30
0.0
 11
9.468749378527107
 21
3.1549477713436014
 31
0.0
  0
LINE
  5
419
330
17
100
AcDbEntity
  8
0
  6
CONTINUOUS
 62
250
100
AcDbLine
 10
7.531244805156106
 20
5.199999999999993
 30
0.0
 11
7.531244805156106
 21
0.19999999999999574
 31
0.0
  0
LINE
  5
41A
330
17
100
AcDbEntity
  8
0
  6
CONTINUOUS
 62
250
100
AcDbLine
 10
8.531244805156106
 20
6.199999999999993
 30
0.0
 11
8.531244805156106
 21
0.19999999999999574
 31
0.0
  0
LINE
  5
41B
330
17
100
AcDbEntity
  8
0
  6
CONTINUOUS
 62
250
100
AcDbLine
 10
6.531244805156106
 20
6.199999999999993
 30
0.0
 11
6.531244805156106
 21
0.19999999999999574
 31
0.0
  0
LINE
  5
41C
330
17
100
AcDbEntity
  8
0
  6
CONTINUOUS
 62
250
100
AcDbLine
 10
5.531244805156106
 20
5.199999999999978
 30
0.0
 11
5.531244805156106
 21
0.19999999999999574
 31
0.0
  0
LINE
  5
41D
330
17
100
AcDbEntity
  8
0
  6
CONTINUOUS
 62
250
100
AcDbLine
 10
9.531244805156106
 20
3.1999999999999957
 30
0.0
 11
4.531244805156106
 21
3.1999999999999957
 31
0.0
  0
LWPOLYLINE
  5
41E
330
17
100
AcDbEntity
  8
0-VENTANAS
 62
8
100
AcDbPolyline
 90
4
 70
1
 10
6.275164721231776
 20
2.067245540637649
 10
7.031061870320195
 20
2.823142689726067
 10
7.786959019408614
 20
2.067245540637648
 10
7.031061870320195
 20
1.311348391549229
  0
LWPOLYLINE
  5
420
330
17
100
AcDbEntity
  8
0-COD LOU
100
AcDbPolyline
 90
8
 70
1
 10
4.531244805156006
 20
6.215871413080805
 10
3.531244805156006
 20
5.215871413080794
 10
2.531244805156006
 20
6.215871413080808
 10
1.531244805156006
 20
5.215871413080794
 10
0.5312448051560068
 20
6.215871413080805
 10
-0.4687551948439932
 20
5.249255205317858
 10
-0.4687551948439932
 20
0.2158714130808121
 10
4.531244805156006
 20
0.2158714130808121
  0
LWPOLYLINE
  5
421
330
17
100
AcDbEntity
  8
0-COD LOU
100
AcDbPolyline
 90
8
 70
1
 10
4.531244805156006
 20
6.215871413080805
 10
5.531244805156006
 20
5.215871413080794
 10
6.531244805156006
 20
6.215871413080808
 10
7.531244805156006
 20
5.215871413080794
 10
8.531244805156007
 20
6.215871413080805
 10
9.531244805156007
 20
5.249255205317858
 10
9.531244805156007
 20
0.2158714130808121
 10
4.531244805156006
 20
0.2158714130808121
  0
LWPOLYLINE
  5
422
330
17
100
AcDbEntity
  8
0-COD LOU
100
AcDbPolyline
 90
8
 70
1
 10
77.93211385918183
 20
6.199999999999976
 10
76.93211385918183
 20
5.199999999999965
 10
75.93211385918183
 20
6.199999999999979
 10
74.93211385918183
 20
5.199999999999965
 10
73.93211385918183
 20
6.199999999999976
 10
72.93211385918183
 20
5.233383792237029
 10
72.93211385918183
 20
0.1999999999999833
 10
77.93211385918183
 20
0.1999999999999833
  0
LWPOLYLINE
  5
423
330
17
100
AcDbEntity
  8
0-COD LOU
100
AcDbPolyline
 90
8
 70
1
 10
77.93211385918183
 20
6.199999999999976
 10
78.93211385918183
 20
5.199999999999965
 10
79.93211385918183
 20
6.199999999999979
 10
80.93211385918183
 20
5.199999999999965
 10
81.93211385918183
 20
6.199999999999976
 10
82.93211385918183
 20
5.233383792237029
 10
82.93211385918183
 20
0.1999999999999833
 10
77.93211385918183
 20
0.1999999999999833
  0
LWPOLYLINE
  5
424
330
17
100
AcDbEntity
  8
0-COD LOU
100
AcDbPolyline
 90
5
 70
1
 10
72.93211385918178
 20
5.233383792237029
 10
71.93211385918178
 20
6.199999999999976
 10
67.93211385918178
 20
2.199999999999917
 10
67.93211385918178
 20
0.1999999999999833
 10
72.93211385918178
 20
0.1999999999999833
  0
LINE
  5
426
330
17
100
AcDbEntity
  8
0-EJES
100
AcDbLine
 10
14.40001000568495
 20
-1.744121524316895
 30
0.0
 11
14.40001000568495
 21
14.96412298936536
 31
0.0
  0
LINE
  5
427
330
17
100
AcDbEntity
  8
0-EJES
100
AcDbLine
 10
9.600010005684952
 20
-1.744121524316895
 30
0.0
 11
9.600010005684952
 21
14.96412298936536
 31
0.0
  0
LINE
  5
428
330
17
100
AcDbEntity
  8
0-EJES
100
AcDbLine
 10
4.800010005684954
 20
-1.744121524316895
 30
0.0
 11
4.800010005684954
 21
14.96412298936536
 31
0.0
  0
LINE
  5
429
330
17
100
AcDbEntity
  8
0-EJES
100
AcDbLine
 10
1.00056849544e-05
 20
-1.744121524316895
 30
0.0
 11
1.00056849544e-05
 21
14.96412298936536
 31
0.0
  0
LINE
  5
42A
330
17
100
AcDbEntity
  8
0-EJES
100
AcDbLine
 10
19.20001000568495
 20
-1.744121524316895
 30
0.0
 11
19.20001000568495
 21
14.96412298936536
 31
0.0
  0
LINE
  5
42B
330
17
100
AcDbEntity
  8
0-EJES
100
AcDbLine
 10
24.00001000568496
 20
-1.744121524316895
 30
0.0
 11
24.00001000568496
 21
14.96412298936536
 31
0.0
  0
LINE
  5
42C
330
17
100
AcDbEntity
  8
0-EJES
100
AcDbLine
 10
28.80001000568496
 20
-1.744121524316895
 30
0.0
 11
28.80001000568496
 21
14.96412298936536
 31
0.0
  0
LINE
  5
42D
330
17
100
AcDbEntity
  8
0-EJES
100
AcDbLine
 10
33.60001000568495
 20
-1.744121524316895
 30
0.0
 11
33.60001000568495
 21
14.96412298936536
 31
0.0
  0
LINE
  5
42E
330
17
100
AcDbEntity
  8
0-EJES
100
AcDbLine
 10
38.40001000568495
 20
-1.744121524316895
 30
0.0
 11
38.40001000568495
 21
14.96412298936536
 31
0.0
  0
LINE
  5
42F
330
17
100
AcDbEntity
  8
0-EJES
100
AcDbLine
 10
43.20001000568495
 20
-1.744121524316895
 30
0.0
 11
43.20001000568495
 21
14.96412298936536
 31
0.0
  0
LINE
  5
430
330
17
100
AcDbEntity
  8
0-EJES
100
AcDbLine
 10
48.00001000568494
 20
-1.744121524316895
 30
0.0
 11
48.00001000568494
 21
14.96412298936536
 31
0.0
  0
LINE
  5
431
330
17
100
AcDbEntity
  8
0-EJES
100
AcDbLine
 10
48.52001000568495
 20
-1.744121524316895
 30
0.0
 11
48.52001000568495
 21
14.96412298936536
 31
0.0
  0
LINE
  5
432
330
17
100
AcDbEntity
  8
0-EJES
100
AcDbLine
 10
53.23001000569163
 20
-1.732080712080765
 30
0.0
 11
53.23001000569163
 21
14.97616380160149
 31
0.0
  0
LINE
  5
433
330
17
100
AcDbEntity
  8
0-EJES
100
AcDbLine
 10
58.03001000569164
 20
-1.732080712080765
 30
0.0
 11
58.03001000569164
 21
14.97616380160149
 31
0.0
  0
LINE
  5
434
330
17
100
AcDbEntity
  8
0-EJES
100
AcDbLine
 10
62.83001000569163
 20
-1.732080712080765
 30
0.0
 11
62.83001000569163
 21
14.97616380160149
 31
0.0
  0
LINE
  5
435
330
17
100
AcDbEntity
  8
0-EJES
100
AcDbLine
 10
67.63001000569163
 20
-1.732080712080765
 30
0.0
 11
67.63001000569163
 21
14.97616380160149
 31
0.0
  0
LINE
  5
436
330
17
100
AcDbEntity
  8
0-EJES
100
AcDbLine
 10
72.43001000569161
 20
-1.732080712080765
 30
0.0
 11
72.43001000569161
 21
14.97616380160149
 31
0.0
  0
CIRCLE
  5
437
330
17
100
AcDbEntity
  8
0-EJES
100
AcDbCircle
 10
1.00056849526e-05
 20
15.16219014946512
 30
0.0
 40
0.1980671600997539
  0
CIRCLE
  5
438
330
17
100
AcDbEntity
  8
0-EJES
100
AcDbCircle
 10
4.800010005684954
 20
15.16219014946512
 30
0.0
 40
0.1980671600997539
  0
CIRCLE
  5
439
330
17
100
AcDbEntity
  8
0-EJES
100
AcDbCircle
 10
9.600010005684952
 20
15.16219014946512
 30
0.0
 40
0.1980671600997539
  0
CIRCLE
  5
43A
330
17
100
AcDbEntity
  8
0-EJES
100
AcDbCircle
 10
14.40001000568495
 20
15.16219014946512
 30
0.0
 40
0.1980671600997539
  0
CIRCLE
  5
43B
330
17
100
AcDbEntity
  8
0-EJES
100
AcDbCircle
 10
19.20001000568495
 20
15.16219014946512
 30
0.0
 40
0.1980671600997539
  0
CIRCLE
  5
43C
330
17
100
AcDbEntity
  8
0-EJES
100
AcDbCircle
 10
24.00001000568496
 20
15.16219014946512
 30
0.0
 40
0.1980671600997539
  0
CIRCLE
  5
43D
330
17
100
AcDbEntity
  8
0-EJES
100
AcDbCircle
 10
28.80001000568496
 20
15.16219014946512
 30
0.0
 40
0.1980671600997539
  0
CIRCLE
  5
43E
330
17
100
AcDbEntity
  8
0-EJES
100
AcDbCircle
 10
33.60001000568495
 20
15.16219014946512
 30
0.0
 40
0.1980671600997539
  0
CIRCLE
  5
43F
330
17
100
AcDbEntity
  8
0-EJES
100
AcDbCircle
 10
38.40001000568495
 20
15.16219014946512
 30
0.0
 40
0.1980671600997539
  0
CIRCLE
  5
440
330
17
100
AcDbEntity
  8
0-EJES
100
AcDbCircle
 10
43.20001000568495
 20
15.16219014946512
 30
0.0
 40
0.1980671600997539
  0
CIRCLE
  5
441
330
17
100
AcDbEntity
  8
0-EJES
100
AcDbCircle
 10
48.00001000568494
 20
15.16219014946512
 30
0.0
 40
0.1980671600997539
  0
CIRCLE
  5
442
330
17
100
AcDbEntity
  8
0-EJES
100
AcDbCircle
 10
48.52001000568495
 20
15.16219014946512
 30
0.0
 40
0.1980671600997539
  0
CIRCLE
  5
443
330
17
100
AcDbEntity
  8
0-EJES
100
AcDbCircle
 10
53.23001000569163
 20
15.16219014946512
 30
0.0
 40
0.1980671600997539
  0
CIRCLE
  5
444
330
17
100
AcDbEntity
  8
0-EJES
100
AcDbCircle
 10
58.03001000569164
 20
15.16219014946512
 30
0.0
 40
0.1980671600997539
  0
CIRCLE
  5
445
330
17
100
AcDbEntity
  8
0-EJES
100
AcDbCircle
 10
62.83001000569163
 20
15.17423096170125
 30
0.0
 40
0.1980671600997539
  0
CIRCLE
  5
446
330
17
100
AcDbEntity
  8
0-EJES
100
AcDbCircle
 10
67.63001000569163
 20
15.17423096170125
 30
0.0
 40
0.1980671600997539
  0
CIRCLE
  5
447
330
17
100
AcDbEntity
  8
0-EJES
100
AcDbCircle
 10
72.43001000569161
 20
15.17423096170125
 30
0.0
 40
0.1980671600997539
  0
LINE
  5
448
330
17
100
AcDbEntity
  8
0
 62
3
100
AcDbLine
 10
-0.2301233392039554
 20
6.611820983235261
 30
0.0
 11
72.56001000567909
 21
6.611820983235261
 31
0.0
  0
LINE
  5
449
330
17
100
AcDbEntity
  8
0
 62
3
100
AcDbLine
 10
-0.2301233392039554
 20
9.011820983235264
 30
0.0
 11
72.56001000567908
 21
9.011820983235264
 31
0.0
  0
LINE
  5
44A
330
17
100
AcDbEntity
  8
0
 62
3
100
AcDbLine
 10
-0.2301233392039554
 20
6.611820983235261
 30
0.0
 11
-0.2301233392039554
 21
9.011820983235264
 31
0.0
  0
LINE
  5
44B
330
17
100
AcDbEntity
  8
0
 62
8
100
AcDbLine
 10
-0.2301233392039554
 20
9.011820983235262
 30
0.0
 11
-0.2301233392039554
 21
13.42999999999741
 31
0.0
  0
LINE
  5
44C
330
17
100
AcDbEntity
  8
0
 62
3
100
AcDbLine
 10
72.56001000567909
 20
6.611820983235261
 30
0.0
 11
72.56001000567909
 21
9.011820983235264
 31
0.0
  0
LINE
  5
44D
330
17
100
AcDbEntity
  8
0
 62
8
100
AcDbLine
 10
72.56001000567908
 20
9.011820983235264
 30
0.0
 11
72.56001000567908
 21
13.42999999999741
 31
0.0
  0
LINE
  5
44E
330
17
100
AcDbEntity
  8
A-WALL
 62
11
100
AcDbLine
 10
14.20001000568495
 20
-0.0011288766999655
 30
0.0
 11
14.20001000568495
 21
6.611820983235262
 31
0.0
  0
LINE
  5
44F
330
17
100
AcDbEntity
  8
A-WALL
 62
11
100
AcDbLine
 10
14.60001000568495
 20
-0.0011288766999655
 30
0.0
 11
14.60001000568495
 21
6.611820983235262
 31
0.0
  0
LINE
  5
450
330
17
100
AcDbEntity
  8
A-WALL
 62
11
100
AcDbLine
 10
19.40001000568496
 20
-0.0011288766999655
 30
0.0
 11
19.40001000568496
 21
6.611820983235262
 31
0.0
  0
LINE
  5
451
330
17
100
AcDbEntity
  8
A-WALL
 62
11
100
AcDbLine
 10
19.00001000568495
 20
-0.0011288766999655
 30
0.0
 11
19.00001000568495
 21
6.611820983235262
 31
0.0
  0
LINE
  5
452
330
17
100
AcDbEntity
  8
A-WALL
 62
11
100
AcDbLine
 10
9.800010005684955
 20
-0.0011288766999655
 30
0.0
 11
9.800010005684953
 21
6.611820983235262
 31
0.0
  0
LINE
  5
453
330
17
100
AcDbEntity
  8
A-WALL
 62
11
100
AcDbLine
 10
23.80001000568496
 20
-0.0011288766999655
 30
0.0
 11
23.80001000568496
 21
6.611820983235262
 31
0.0
  0
LINE
  5
454
330
17
100
AcDbEntity
  8
A-WALL
 62
11
100
AcDbLine
 10
29.00001000568496
 20
-0.0011288766999655
 30
0.0
 11
29.00001000568496
 21
6.611820983235262
 31
0.0
  0
LINE
  5
455
330
17
100
AcDbEntity
  8
A-WALL
 62
11
100
AcDbLine
 10
33.80001000568495
 20
-0.0011288766999655
 30
0.0
 11
33.80001000568495
 21
6.611820983235262
 31
0.0
  0
LINE
  5
456
330
17
100
AcDbEntity
  8
A-WALL
 62
11
100
AcDbLine
 10
33.40001000568495
 20
-0.0011288766999655
 30
0.0
 11
33.40001000568495
 21
6.611820983235262
 31
0.0
  0
LINE
  5
457
330
17
100
AcDbEntity
  8
A-WALL
 62
11
100
AcDbLine
 10
38.60001000568495
 20
-0.0011288766999655
 30
0.0
 11
38.60001000568495
 21
6.611820983235262
 31
0.0
  0
LINE
  5
458
330
17
100
AcDbEntity
  8
A-WALL
 62
11
100
AcDbLine
 10
38.20001000568495
 20
-0.0011288766999655
 30
0.0
 11
38.20001000568495
 21
6.611820983235262
 31
0.0
  0
LINE
  5
459
330
17
100
AcDbEntity
  8
A-WALL
 62
11
100
AcDbLine
 10
43.00001000568495
 20
-0.0011288766999655
 30
0.0
 11
43.00001000568495
 21
6.611820983235262
 31
0.0
  0
LINE
  5
45A
330
17
100
AcDbEntity
  8
A-WALL
 62
11
100
AcDbLine
 10
48.72001000568495
 20
-0.0011288766999655
 30
0.0
 11
48.72001000568495
 21
6.611820983235262
 31
0.0
  0
LINE
  5
45B
330
17
100
AcDbEntity
  8
A-WALL
 62
11
100
AcDbLine
 10
53.43001000569164
 20
-0.0011288766999655
 30
0.0
 11
53.43001000569163
 21
6.611820983235262
 31
0.0
  0
LINE
  5
45C
330
17
100
AcDbEntity
  8
A-WALL
 62
11
100
AcDbLine
 10
53.03001000569164
 20
-0.0011288766999655
 30
0.0
 11
53.03001000569164
 21
6.611820983235262
 31
0.0
  0
LINE
  5
45D
330
17
100
AcDbEntity
  8
A-WALL
 62
11
100
AcDbLine
 10
58.23001000569163
 20
-0.0011288766999655
 30
0.0
 11
58.23001000569163
 21
6.611820983235262
 31
0.0
  0
LINE
  5
45E
330
17
100
AcDbEntity
  8
A-WALL
 62
11
100
AcDbLine
 10
57.83001000569164
 20
-0.0011288766999655
 30
0.0
 11
57.83001000569163
 21
6.611820983235262
 31
0.0
  0
LINE
  5
45F
330
17
100
AcDbEntity
  8
A-WALL
 62
11
100
AcDbLine
 10
62.63001000569164
 20
-0.0011288766999655
 30
0.0
 11
62.63001000569164
 21
6.611820983235262
 31
0.0
  0
LINE
  5
460
330
17
100
AcDbEntity
  8
A-WALL
 62
11
100
AcDbLine
 10
67.83001000569163
 20
-0.0011288766999655
 30
0.0
 11
67.83001000569163
 21
6.611820983235261
 31
0.0
  0
LINE
  5
461
330
17
100
AcDbEntity
  8
A-WALL
 62
11
100
AcDbLine
 10
67.43001000569161
 20
-0.0011288766999655
 30
0.0
 11
67.43001000569164
 21
6.611820983235261
 31
0.0
  0
CIRCLE
  5
462
330
17
100
AcDbEntity
  8
0-EJES
100
AcDbCircle
 10
1.00056849526e-05
 20
-1.942188684416649
 30
0.0
 40
0.1980671600997539
  0
CIRCLE
  5
463
330
17
100
AcDbEntity
  8
0-EJES
100
AcDbCircle
 10
4.800010005684954
 20
-1.942188684416649
 30
0.0
 40
0.1980671600997539
  0
CIRCLE
  5
464
330
17
100
AcDbEntity
  8
0-EJES
100
AcDbCircle
 10
9.600010005684952
 20
-1.942188684416649
 30
0.0
 40
0.1980671600997539
  0
CIRCLE
  5
465
330
17
100
AcDbEntity
  8
0-EJES
100
AcDbCircle
 10
14.40001000568495
 20
-1.942188684416649
 30
0.0
 40
0.1980671600997539
  0
CIRCLE
  5
466
330
17
100
AcDbEntity
  8
0-EJES
100
AcDbCircle
 10
19.20001000568495
 20
-1.942188684416649
 30
0.0
 40
0.1980671600997539
  0
CIRCLE
  5
467
330
17
100
AcDbEntity
  8
0-EJES
100
AcDbCircle
 10
24.00001000568496
 20
-1.942188684416649
 30
0.0
 40
0.1980671600997539
  0
CIRCLE
  5
468
330
17
100
AcDbEntity
  8
0-EJES
100
AcDbCircle
 10
28.80001000568496
 20
-1.942188684416649
 30
0.0
 40
0.1980671600997539
  0
CIRCLE
  5
469
330
17
100
AcDbEntity
  8
0-EJES
100
AcDbCircle
 10
33.60001000568495
 20
-1.942188684416649
 30
0.0
 40
0.1980671600997539
  0
CIRCLE
  5
46A
330
17
100
AcDbEntity
  8
0-EJES
100
AcDbCircle
 10
38.40001000568495
 20
-1.942188684416649
 30
0.0
 40
0.1980671600997539
  0
CIRCLE
  5
46B
330
17
100
AcDbEntity
  8
0-EJES
100
AcDbCircle
 10
43.20001000568495
 20
-1.942188684416649
 30
0.0
 40
0.1980671600997539
  0
CIRCLE
  5
46C
330
17
100
AcDbEntity
  8
0-EJES
100
AcDbCircle
 10
48.00001000568494
 20
-1.942188684416649
 30
0.0
 40
0.1980671600997539
  0
CIRCLE
  5
46D
330
17
100
AcDbEntity
  8
0-EJES
100
AcDbCircle
 10
48.52001000568495
 20
-1.942188684416649
 30
0.0
 40
0.1980671600997539
  0
CIRCLE
  5
46E
330
17
100
AcDbEntity
  8
0-EJES
100
AcDbCircle
 10
53.23001000569163
 20
-1.942188684416649
 30
0.0
 40
0.1980671600997539
  0
CIRCLE
  5
46F
330
17
100
AcDbEntity
  8
0-EJES
100
AcDbCircle
 10
58.03001000569164
 20
-1.942188684416649
 30
0.0
 40
0.1980671600997539
  0
CIRCLE
  5
470
330
17
100
AcDbEntity
  8
0-EJES
100
AcDbCircle
 10
62.83001000569163
 20
-1.930147872180519
 30
0.0
 40
0.1980671600997539
  0
CIRCLE
  5
471
330
17
100
AcDbEntity
  8
0-EJES
100
AcDbCircle
 10
67.63001000569163
 20
-1.930147872180519
 30
0.0
 40
0.1980671600997539
  0
CIRCLE
  5
472
330
17
100
AcDbEntity
  8
0-EJES
100
AcDbCircle
 10
72.43001000569161
 20
-1.930147872180519
 30
0.0
 40
0.1980671600997539
  0
LINE
  5
473
330
17
100
AcDbEntity
  8
0-VENTANAS
 62
8
100
AcDbLine
 10
72.56001000567909
 20
7.590823315496173
 30
0.0
 11
72.43001000569161
 21
7.590823315496174
 31
0.0
  0
LWPOLYLINE
  5
474
330
17
100
AcDbEntity
  8
0-VENTANAS
 62
8
100
AcDbPolyline
 90
4
 70
1
 10
42.42245013253887
 20
7.763932459831845
 10
43.42245013253887
 20
8.763932459831844
 10
44.42245013253887
 20
7.763932459831845
 10
43.42245013253887
 20
6.763932459831845
  0
LWPOLYLINE
  5
475
330
17
100
AcDbEntity
  8
0-VENTANAS
 62
8
100
AcDbPolyline
 90
5
 70
0
 10
44.92245013253888
 20
8.263932459831832
 10
44.42245013253887
 20
7.763932459831838
 10
44.92245013253887
 20
7.263932459831845
 10
45.42245013253888
 20
7.763932459831838
 10
44.92245013253888
 20
8.263932459831832
  0
LWPOLYLINE
  5
476
330
17
100
AcDbEntity
  8
0-VENTANAS
 62
8
100
AcDbPolyline
 90
5
 70
0
 10
48.63909544824287
 20
8.263932459831839
 10
48.13909544824287
 20
7.763932459831845
 10
48.63909544824286
 20
7.263932459831853
 10
49.13909544824287
 20
7.763932459831845
 10
48.63909544824287
 20
8.263932459831839
  0
LWPOLYLINE
  5
477
330
17
100
AcDbEntity
  8
0-VENTANAS
 62
8
100
AcDbPolyline
 90
5
 70
0
 10
49.63909544824287
 20
8.263932459831839
 10
49.13909544824287
 20
7.763932459831845
 10
49.63909544824286
 20
7.263932459831853
 10
50.13909544824286
 20
7.763932459831845
 10
49.63909544824287
 20
8.263932459831839
  0
LWPOLYLINE
  5
478
330
17
100
AcDbEntity
  8
0-VENTANAS
 62
8
100
AcDbPolyline
 90
5
 70
0
 10
50.63909544824287
 20
8.263932459831839
 10
50.13909544824286
 20
7.763932459831845
 10
50.63909544824286
 20
7.263932459831853
 10
51.13909544824287
 20
7.763932459831845
 10
50.63909544824287
 20
8.263932459831839
  0
LINE
  5
479
330
17
100
AcDbEntity
  8
0-VENTANAS
 62
8
100
AcDbLine
 10
72.25180968462158
 20
7.763932459831845
 30
0.0
 11
40.97611185323398
 21
7.763932459831842
 31
0.0
  0
LINE
  5
47A
330
17
100
AcDbEntity
  8
0
 62
8
100
AcDbLine
 10
42.42245013253887
 20
7.763932459831845
 30
0.0
 11
44.42245013253887
 21
7.763932459831845
 31
0.0
  0
LINE
  5
47B
330
17
100
AcDbEntity
  8
0
 62
8
100
AcDbLine
 10
43.42245013253887
 20
6.763932459831845
 30
0.0
 11
43.42245013253887
 21
8.763932459831844
 31
0.0
  0
LWPOLYLINE
  5
47C
330
17
100
AcDbEntity
  8
0
 62
8
100
AcDbPolyline
 90
3
 70
1
 10
43.37245013253887
 20
6.884643137950501
 10
42.54316081065752
 20
7.713932459831848
 10
43.37245013253887
 20
7.713932459831848
  0
CIRCLE
  5
47D
330
17
100
AcDbEntity
  8
0
 62
8
100
AcDbCircle
 10
43.34745013253887
 20
7.895926958400341
 30
0.0
 40
0.025
  0
CIRCLE
  5
47E
330
17
100
AcDbEntity
  8
0
 62
8
100
AcDbCircle
 10
43.00548314112785
 20
7.895926958400341
 30
0.0
 40
0.025
  0
CIRCLE
  5
47F
330
17
100
AcDbEntity
  8
0
 62
8
100
AcDbCircle
 10
42.66351614971684
 20
7.895926958400341
 30
0.0
 40
0.025
  0
CIRCLE
  5
480
330
17
100
AcDbEntity
  8
0
 62
8
100
AcDbCircle
 10
43.11947213826486
 20
7.895926958400341
 30
0.0
 40
0.025
  0
CIRCLE
  5
481
330
17
100
AcDbEntity
  8
0
 62
8
100
AcDbCircle
 10
43.23346113540186
 20
7.895926958400341
 30
0.0
 40
0.025
  0
CIRCLE
  5
482
330
17
100
AcDbEntity
  8
0
 62
8
100
AcDbCircle
 10
42.89149414399084
 20
7.895926958400341
 30
0.0
 40
0.025
  0
CIRCLE
  5
483
330
17
100
AcDbEntity
  8
0
 62
8
100
AcDbCircle
 10
42.77750514685384
 20
7.895926958400341
 30
0.0
 40
0.025
  0
CIRCLE
  5
484
330
17
100
AcDbEntity
  8
0
 62
8
100
AcDbCircle
 10
43.29045563397037
 20
7.838932459831841
 30
0.0
 40
0.025
  0
CIRCLE
  5
485
330
17
100
AcDbEntity
  8
0
 62
8
100
AcDbCircle
 10
43.17646663683336
 20
7.838932459831841
 30
0.0
 40
0.025
  0
CIRCLE
  5
486
330
17
100
AcDbEntity
  8
0
 62
8
100
AcDbCircle
 10
43.06247763969635
 20
7.838932459831841
 30
0.0
 40
0.025
  0
CIRCLE
  5
487
330
17
100
AcDbEntity
  8
0
 62
8
100
AcDbCircle
 10
42.94848864255935
 20
7.838932459831841
 30
0.0
 40
0.025
  0
CIRCLE
  5
488
330
17
100
AcDbEntity
  8
0
 62
8
100
AcDbCircle
 10
42.83449964542234
 20
7.838932459831841
 30
0.0
 40
0.025
  0
CIRCLE
  5
489
330
17
100
AcDbEntity
  8
0
 62
8
100
AcDbCircle
 10
42.72051064828533
 20
7.838932459831841
 30
0.0
 40
0.025
  0
CIRCLE
  5
48A
330
17
100
AcDbEntity
  8
0
 62
8
100
AcDbCircle
 10
42.60652165114833
 20
7.838932459831841
 30
0.0
 40
0.025
  0
CIRCLE
  5
48B
330
17
100
AcDbEntity
  8
0
 62
8
100
AcDbCircle
 10
43.29045563397037
 20
7.952921456968841
 30
0.0
 40
0.025
  0
CIRCLE
  5
48C
330
17
100
AcDbEntity
  8
0
 62
8
100
AcDbCircle
 10
43.17646663683336
 20
7.952921456968841
 30
0.0
 40
0.025
  0
CIRCLE
  5
48D
330
17
100
AcDbEntity
  8
0
 62
8
100
AcDbCircle
 10
43.06247763969635
 20
7.952921456968841
 30
0.0
 40
0.025
  0
CIRCLE
  5
48E
330
17
100
AcDbEntity
  8
0
 62
8
100
AcDbCircle
 10
42.94848864255935
 20
7.952921456968841
 30
0.0
 40
0.025
  0
CIRCLE
  5
48F
330
17
100
AcDbEntity
  8
0
 62
8
100
AcDbCircle
 10
42.83449964542234
 20
7.952921456968841
 30
0.0
 40
0.025
  0
CIRCLE
  5
490
330
17
100
AcDbEntity
  8
0
 62
8
100
AcDbCircle
 10
42.72051064828533
 20
7.952921456968841
 30
0.0
 40
0.025
  0
CIRCLE
  5
491
330
17
100
AcDbEntity
  8
0
 62
8
100
AcDbCircle
 10
43.34745013253887
 20
8.009915955537341
 30
0.0
 40
0.025
  0
CIRCLE
  5
492
330
17
100
AcDbEntity
  8
0
 62
8
100
AcDbCircle
 10
43.00548314112785
 20
8.009915955537341
 30
0.0
 40
0.025
  0
CIRCLE
  5
493
330
17
100
AcDbEntity
  8
0
 62
8
100
AcDbCircle
 10
43.11947213826486
 20
8.009915955537341
 30
0.0
 40
0.025
  0
CIRCLE
  5
494
330
17
100
AcDbEntity
  8
0
 62
8
100
AcDbCircle
 10
43.23346113540186
 20
8.009915955537341
 30
0.0
 40
0.025
  0
CIRCLE
  5
495
330
17
100
AcDbEntity
  8
0
 62
8
100
AcDbCircle
 10
42.89149414399084
 20
8.009915955537341
 30
0.0
 40
0.025
  0
CIRCLE
  5
496
330
17
100
AcDbEntity
  8
0
 62
8
100
AcDbCircle
 10
42.77750514685384
 20
8.009915955537341
 30
0.0
 40
0.025
  0
CIRCLE
  5
497
330
17
100
AcDbEntity
  8
0
 62
8
100
AcDbCircle
 10
43.29045563397037
 20
8.06691045410584
 30
0.0
 40
0.025
  0
CIRCLE
  5
498
330
17
100
AcDbEntity
  8
0
 62
8
100
AcDbCircle
 10
43.17646663683336
 20
8.06691045410584
 30
0.0
 40
0.025
  0
CIRCLE
  5
499
330
17
100
AcDbEntity
  8
0
 62
8
100
AcDbCircle
 10
43.06247763969635
 20
8.06691045410584
 30
0.0
 40
0.025
  0
CIRCLE
  5
49A
330
17
100
AcDbEntity
  8
0
 62
8
100
AcDbCircle
 10
42.94848864255935
 20
8.06691045410584
 30
0.0
 40
0.025
  0
CIRCLE
  5
49B
330
17
100
AcDbEntity
  8
0
 62
8
100
AcDbCircle
 10
42.83449964542234
 20
8.06691045410584
 30
0.0
 40
0.025
  0
CIRCLE
  5
49C
330
17
100
AcDbEntity
  8
0
 62
8
100
AcDbCircle
 10
43.34745013253887
 20
8.12390495267434
 30
0.0
 40
0.025
  0
CIRCLE
  5
49D
330
17
100
AcDbEntity
  8
0
 62
8
100
AcDbCircle
 10
43.00548314112785
 20
8.12390495267434
 30
0.0
 40
0.025
  0
CIRCLE
  5
49E
330
17
100
AcDbEntity
  8
0
 62
8
100
AcDbCircle
 10
43.11947213826486
 20
8.12390495267434
 30
0.0
 40
0.025
  0
CIRCLE
  5
49F
330
17
100
AcDbEntity
  8
0
 62
8
100
AcDbCircle
 10
43.23346113540186
 20
8.12390495267434
 30
0.0
 40
0.025
  0
CIRCLE
  5
4A0
330
17
100
AcDbEntity
  8
0
 62
8
100
AcDbCircle
 10
42.89149414399084
 20
8.12390495267434
 30
0.0
 40
0.025
  0
CIRCLE
  5
4A1
330
17
100
AcDbEntity
  8
0
 62
8
100
AcDbCircle
 10
43.29045563397037
 20
8.18089945124284
 30
0.0
 40
0.025
  0
CIRCLE
  5
4A2
330
17
100
AcDbEntity
  8
0
 62
8
100
AcDbCircle
 10
43.17646663683336
 20
8.18089945124284
 30
0.0
 40
0.025
  0
CIRCLE
  5
4A3
330
17
100
AcDbEntity
  8
0
 62
8
100
AcDbCircle
 10
43.06247763969635
 20
8.18089945124284
 30
0.0
 40
0.025
  0
CIRCLE
  5
4A4
330
17
100
AcDbEntity
  8
0
 62
8
100
AcDbCircle
 10
42.94848864255935
 20
8.18089945124284
 30
0.0
 40
0.025
  0
CIRCLE
  5
4A5
330
17
100
AcDbEntity
  8
0
 62
8
100
AcDbCircle
 10
43.34745013253887
 20
8.23789394981134
 30
0.0
 40
0.025
  0
CIRCLE
  5
4A6
330
17
100
AcDbEntity
  8
0
 62
8
100
AcDbCircle
 10
43.00548314112785
 20
8.23789394981134
 30
0.0
 40
0.025
  0
CIRCLE
  5
4A7
330
17
100
AcDbEntity
  8
0
 62
8
100
AcDbCircle
 10
43.11947213826486
 20
8.23789394981134
 30
0.0
 40
0.025
  0
CIRCLE
  5
4A8
330
17
100
AcDbEntity
  8
0
 62
8
100
AcDbCircle
 10
43.23346113540186
 20
8.23789394981134
 30
0.0
 40
0.025
  0
CIRCLE
  5
4A9
330
17
100
AcDbEntity
  8
0
 62
8
100
AcDbCircle
 10
43.29045563397037
 20
8.29488844837984
 30
0.0
 40
0.025
  0
CIRCLE
  5
4AA
330
17
100
AcDbEntity
  8
0
 62
8
100
AcDbCircle
 10
43.17646663683336
 20
8.29488844837984
 30
0.0
 40
0.025
  0
CIRCLE
  5
4AB
330
17
100
AcDbEntity
  8
0
 62
8
100
AcDbCircle
 10
43.06247763969635
 20
8.29488844837984
 30
0.0
 40
0.025
  0
CIRCLE
  5
4AC
330
17
100
AcDbEntity
  8
0
 62
8
100
AcDbCircle
 10
43.34745013253887
 20
8.351882946948338
 30
0.0
 40
0.025
  0
CIRCLE
  5
4AD
330
17
100
AcDbEntity
  8
0
 62
8
100
AcDbCircle
 10
43.11947213826486
 20
8.351882946948338
 30
0.0
 40
0.025
  0
CIRCLE
  5
4AE
330
17
100
AcDbEntity
  8
0
 62
8
100
AcDbCircle
 10
43.23346113540186
 20
8.351882946948338
 30
0.0
 40
0.025
  0
CIRCLE
  5
4AF
330
17
100
AcDbEntity
  8
0
 62
8
100
AcDbCircle
 10
43.29045563397037
 20
8.40887744551684
 30
0.0
 40
0.025
  0
CIRCLE
  5
4B0
330
17
100
AcDbEntity
  8
0
 62
8
100
AcDbCircle
 10
43.17646663683336
 20
8.40887744551684
 30
0.0
 40
0.025
  0
CIRCLE
  5
4B1
330
17
100
AcDbEntity
  8
0
 62
8
100
AcDbCircle
 10
43.34745013253887
 20
8.46587194408534
 30
0.0
 40
0.025
  0
CIRCLE
  5
4B2
330
17
100
AcDbEntity
  8
0
 62
8
100
AcDbCircle
 10
43.23346113540186
 20
8.46587194408534
 30
0.0
 40
0.025
  0
CIRCLE
  5
4B3
330
17
100
AcDbEntity
  8
0
 62
8
100
AcDbCircle
 10
43.29045563397037
 20
8.52286644265384
 30
0.0
 40
0.025
  0
CIRCLE
  5
4B4
330
17
100
AcDbEntity
  8
0
 62
8
100
AcDbCircle
 10
43.34745013253887
 20
8.57986094122234
 30
0.0
 40
0.025
  0
LWPOLYLINE
  5
4B5
330
17
100
AcDbEntity
  8
0
 62
8
100
AcDbPolyline
 90
3
 70
1
 10
43.47245013253886
 20
6.884643137950501
 10
44.30173945442021
 20
7.713932459831848
 10
43.47245013253886
 20
7.713932459831848
  0
CIRCLE
  5
4B6
330
17
100
AcDbEntity
  8
0
 62
8
100
AcDbCircle
 10
43.49745013253886
 20
7.895926958400341
 30
0.0
 40
0.025
  0
CIRCLE
  5
4B7
330
17
100
AcDbEntity
  8
0
 62
8
100
AcDbCircle
 10
43.83941712394988
 20
7.895926958400341
 30
0.0
 40
0.025
  0
CIRCLE
  5
4B8
330
17
100
AcDbEntity
  8
0
 62
8
100
AcDbCircle
 10
44.1813841153609
 20
7.895926958400341
 30
0.0
 40
0.025
  0
CIRCLE
  5
4B9
330
17
100
AcDbEntity
  8
0
 62
8
100
AcDbCircle
 10
43.72542812681287
 20
7.895926958400341
 30
0.0
 40
0.025
  0
CIRCLE
  5
4BA
330
17
100
AcDbEntity
  8
0
 62
8
100
AcDbCircle
 10
43.61143912967587
 20
7.895926958400341
 30
0.0
 40
0.025
  0
CIRCLE
  5
4BB
330
17
100
AcDbEntity
  8
0
 62
8
100
AcDbCircle
 10
43.95340612108689
 20
7.895926958400341
 30
0.0
 40
0.025
  0
CIRCLE
  5
4BC
330
17
100
AcDbEntity
  8
0
 62
8
100
AcDbCircle
 10
44.06739511822389
 20
7.895926958400341
 30
0.0
 40
0.025
  0
CIRCLE
  5
4BD
330
17
100
AcDbEntity
  8
0
 62
8
100
AcDbCircle
 10
43.55444463110737
 20
7.838932459831841
 30
0.0
 40
0.025
  0
CIRCLE
  5
4BE
330
17
100
AcDbEntity
  8
0
 62
8
100
AcDbCircle
 10
43.66843362824438
 20
7.838932459831841
 30
0.0
 40
0.025
  0
CIRCLE
  5
4BF
330
17
100
AcDbEntity
  8
0
 62
8
100
AcDbCircle
 10
43.78242262538138
 20
7.838932459831841
 30
0.0
 40
0.025
  0
CIRCLE
  5
4C0
330
17
100
AcDbEntity
  8
0
 62
8
100
AcDbCircle
 10
43.89641162251839
 20
7.838932459831841
 30
0.0
 40
0.025
  0
CIRCLE
  5
4C1
330
17
100
AcDbEntity
  8
0
 62
8
100
AcDbCircle
 10
44.0104006196554
 20
7.838932459831841
 30
0.0
 40
0.025
  0
CIRCLE
  5
4C2
330
17
100
AcDbEntity
  8
0
 62
8
100
AcDbCircle
 10
44.1243896167924
 20
7.838932459831841
 30
0.0
 40
0.025
  0
CIRCLE
  5
4C3
330
17
100
AcDbEntity
  8
0
 62
8
100
AcDbCircle
 10
44.2383786139294
 20
7.838932459831841
 30
0.0
 40
0.025
  0
CIRCLE
  5
4C4
330
17
100
AcDbEntity
  8
0
 62
8
100
AcDbCircle
 10
43.55444463110737
 20
7.952921456968841
 30
0.0
 40
0.025
  0
CIRCLE
  5
4C5
330
17
100
AcDbEntity
  8
0
 62
8
100
AcDbCircle
 10
43.66843362824438
 20
7.952921456968841
 30
0.0
 40
0.025
  0
CIRCLE
  5
4C6
330
17
100
AcDbEntity
  8
0
 62
8
100
AcDbCircle
 10
43.78242262538138
 20
7.952921456968841
 30
0.0
 40
0.025
  0
CIRCLE
  5
4C7
330
17
100
AcDbEntity
  8
0
 62
8
100
AcDbCircle
 10
43.89641162251839
 20
7.952921456968841
 30
0.0
 40
0.025
  0
CIRCLE
  5
4C8
330
17
100
AcDbEntity
  8
0
 62
8
100
AcDbCircle
 10
44.0104006196554
 20
7.952921456968841
 30
0.0
 40
0.025
  0
CIRCLE
  5
4C9
330
17
100
AcDbEntity
  8
0
 62
8
100
AcDbCircle
 10
44.1243896167924
 20
7.952921456968841
 30
0.0
 40
0.025
  0
CIRCLE
  5
4CA
330
17
100
AcDbEntity
  8
0
 62
8
100
AcDbCircle
 10
43.49745013253886
 20
8.009915955537341
 30
0.0
 40
0.025
  0
CIRCLE
  5
4CB
330
17
100
AcDbEntity
  8
0
 62
8
100
AcDbCircle
 10
43.83941712394988
 20
8.009915955537341
 30
0.0
 40
0.025
  0
CIRCLE
  5
4CC
330
17
100
AcDbEntity
  8
0
 62
8
100
AcDbCircle
 10
43.72542812681287
 20
8.009915955537341
 30
0.0
 40
0.025
  0
CIRCLE
  5
4CD
330
17
100
AcDbEntity
  8
0
 62
8
100
AcDbCircle
 10
43.61143912967587
 20
8.009915955537341
 30
0.0
 40
0.025
  0
CIRCLE
  5
4CE
330
17
100
AcDbEntity
  8
0
 62
8
100
AcDbCircle
 10
43.95340612108689
 20
8.009915955537341
 30
0.0
 40
0.025
  0
CIRCLE
  5
4CF
330
17
100
AcDbEntity
  8
0
 62
8
100
AcDbCircle
 10
44.06739511822389
 20
8.009915955537341
 30
0.0
 40
0.025
  0
CIRCLE
  5
4D0
330
17
100
AcDbEntity
  8
0
 62
8
100
AcDbCircle
 10
43.55444463110737
 20
8.06691045410584
 30
0.0
 40
0.025
  0
CIRCLE
  5
4D1
330
17
100
AcDbEntity
  8
0
 62
8
100
AcDbCircle
 10
43.66843362824438
 20
8.06691045410584
 30
0.0
 40
0.025
  0
CIRCLE
  5
4D2
330
17
100
AcDbEntity
  8
0
 62
8
100
AcDbCircle
 10
43.78242262538138
 20
8.06691045410584
 30
0.0
 40
0.025
  0
CIRCLE
  5
4D3
330
17
100
AcDbEntity
  8
0
 62
8
100
AcDbCircle
 10
43.89641162251839
 20
8.06691045410584
 30
0.0
 40
0.025
  0
CIRCLE
  5
4D4
330
17
100
AcDbEntity
  8
0
 62
8
100
AcDbCircle
 10
44.0104006196554
 20
8.06691045410584
 30
0.0
 40
0.025
  0
CIRCLE
  5
4D5
330
17
100
AcDbEntity
  8
0
 62
8
100
AcDbCircle
 10
43.49745013253886
 20
8.12390495267434
 30
0.0
 40
0.025
  0
CIRCLE
  5
4D6
330
17
100
AcDbEntity
  8
0
 62
8
100
AcDbCircle
 10
43.83941712394988
 20
8.12390495267434
 30
0.0
 40
0.025
  0
CIRCLE
  5
4D7
330
17
100
AcDbEntity
  8
0
 62
8
100
AcDbCircle
 10
43.72542812681287
 20
8.12390495267434
 30
0.0
 40
0.025
  0
CIRCLE
  5
4D8
330
17
100
AcDbEntity
  8
0
 62
8
100
AcDbCircle
 10
43.61143912967587
 20
8.12390495267434
 30
0.0
 40
0.025
  0
CIRCLE
  5
4D9
330
17
100
AcDbEntity
  8
0
 62
8
100
AcDbCircle
 10
43.95340612108689
 20
8.12390495267434
 30
0.0
 40
0.025
  0
CIRCLE
  5
4DA
330
17
100
AcDbEntity
  8
0
 62
8
100
AcDbCircle
 10
43.55444463110737
 20
8.18089945124284
 30
0.0
 40
0.025
  0
CIRCLE
  5
4DB
330
17
100
AcDbEntity
  8
0
 62
8
100
AcDbCircle
 10
43.66843362824438
 20
8.18089945124284
 30
0.0
 40
0.025
  0
CIRCLE
  5
4DC
330
17
100
AcDbEntity
  8
0
 62
8
100
AcDbCircle
 10
43.78242262538138
 20
8.18089945124284
 30
0.0
 40
0.025
  0
CIRCLE
  5
4DD
330
17
100
AcDbEntity
  8
0
 62
8
100
AcDbCircle
 10
43.89641162251839
 20
8.18089945124284
 30
0.0
 40
0.025
  0
CIRCLE
  5
4DE
330
17
100
AcDbEntity
  8
0
 62
8
100
AcDbCircle
 10
43.49745013253886
 20
8.23789394981134
 30
0.0
 40
0.025
  0
CIRCLE
  5
4DF
330
17
100
AcDbEntity
  8
0
 62
8
100
AcDbCircle
 10
43.83941712394988
 20
8.23789394981134
 30
0.0
 40
0.025
  0
CIRCLE
  5
4E0
330
17
100
AcDbEntity
  8
0
 62
8
100
AcDbCircle
 10
43.72542812681287
 20
8.23789394981134
 30
0.0
 40
0.025
  0
CIRCLE
  5
4E1
330
17
100
AcDbEntity
  8
0
 62
8
100
AcDbCircle
 10
43.61143912967587
 20
8.23789394981134
 30
0.0
 40
0.025
  0
CIRCLE
  5
4E2
330
17
100
AcDbEntity
  8
0
 62
8
100
AcDbCircle
 10
43.55444463110737
 20
8.29488844837984
 30
0.0
 40
0.025
  0
CIRCLE
  5
4E3
330
17
100
AcDbEntity
  8
0
 62
8
100
AcDbCircle
 10
43.66843362824438
 20
8.29488844837984
 30
0.0
 40
0.025
  0
CIRCLE
  5
4E4
330
17
100
AcDbEntity
  8
0
 62
8
100
AcDbCircle
 10
43.78242262538138
 20
8.29488844837984
 30
0.0
 40
0.025
  0
CIRCLE
  5
4E5
330
17
100
AcDbEntity
  8
0
 62
8
100
AcDbCircle
 10
43.49745013253886
 20
8.351882946948338
 30
0.0
 40
0.025
  0
CIRCLE
  5
4E6
330
17
100
AcDbEntity
  8
0
 62
8
100
AcDbCircle
 10
43.72542812681287
 20
8.351882946948338
 30
0.0
 40
0.025
  0
CIRCLE
  5
4E7
330
17
100
AcDbEntity
  8
0
 62
8
100
AcDbCircle
 10
43.61143912967587
 20
8.351882946948338
 30
0.0
 40
0.025
  0
CIRCLE
  5
4E8
330
17
100
AcDbEntity
  8
0
 62
8
100
AcDbCircle
 10
43.55444463110737
 20
8.40887744551684
 30
0.0
 40
0.025
  0
CIRCLE
  5
4E9
330
17
100
AcDbEntity
  8
0
 62
8
100
AcDbCircle
 10
43.66843362824438
 20
8.40887744551684
 30
0.0
 40
0.025
  0
CIRCLE
  5
4EA
330
17
100
AcDbEntity
  8
0
 62
8
100
AcDbCircle
 10
43.49745013253886
 20
8.46587194408534
 30
0.0
 40
0.025
  0
CIRCLE
  5
4EB
330
17
100
AcDbEntity
  8
0
 62
8
100
AcDbCircle
 10
43.61143912967587
 20
8.46587194408534
 30
0.0
 40
0.025
  0
CIRCLE
  5
4EC
330
17
100
AcDbEntity
  8
0
 62
8
100
AcDbCircle
 10
43.55444463110737
 20
8.52286644265384
 30
0.0
 40
0.025
  0
CIRCLE
  5
4ED
330
17
100
AcDbEntity
  8
0
 62
8
100
AcDbCircle
 10
43.49745013253886
 20
8.57986094122234
 30
0.0
 40
0.025
  0
LINE
  5
4EE
330
17
100
AcDbEntity
  8
0
 62
8
100
AcDbLine
 10
43.42245013253887
 20
6.763932459831845
 30
0.0
 11
42.42245013253887
 21
7.763932459831845
 31
0.0
  0
LINE
  5
4EF
330
17
100
AcDbEntity
  8
0
 62
8
100
AcDbLine
 10
42.42245013253887
 20
7.763932459831845
 30
0.0
 11
43.42245013253887
 21
8.763932459831844
 31
0.0
  0
LINE
  5
4F0
330
17
100
AcDbEntity
  8
0
 62
8
100
AcDbLine
 10
43.42245013253887
 20
8.763932459831844
 30
0.0
 11
44.42245013253887
 21
7.763932459831845
 31
0.0
  0
LINE
  5
4F1
330
17
100
AcDbEntity
  8
0
 62
8
100
AcDbLine
 10
44.42245013253887
 20
7.763932459831845
 30
0.0
 11
43.42245013253887
 21
6.763932459831845
 31
0.0
  0
LWPOLYLINE
  5
4F2
330
17
100
AcDbEntity
  8
0
 62
8
100
AcDbPolyline
 90
4
 70
1
 10
42.42245013253887
 20
7.763932459831845
 10
43.42245013253887
 20
6.763932459831845
 10
44.42245013253887
 20
7.763932459831845
 10
43.42245013253887
 20
8.763932459831844
  0
LINE
  5
4F3
330
17
100
AcDbEntity
  8
0
 62
8
100
AcDbLine
 10
44.92245013253888
 20
7.263932459831853
 30
0.0
 11
44.92245013253887
 21
8.263932459831844
 31
0.0
  0
LINE
  5
4F4
330
17
100
AcDbEntity
  8
0
 62
8
100
AcDbLine
 10
44.92245013253888
 20
8.263932459831844
 30
0.0
 11
44.42245013253887
 21
7.763932459831845
 31
0.0
  0
CIRCLE
  5
4F5
330
17
100
AcDbEntity
  8
0
 62
8
100
AcDbCircle
 10
44.87245013253888
 20
7.880621264752594
 30
0.0
 40
0.025
  0
CIRCLE
  5
4F6
330
17
100
AcDbEntity
  8
0
 62
8
100
AcDbCircle
 10
44.60982349551154
 20
7.880621264752594
 30
0.0
 40
0.025
  0
CIRCLE
  5
4F7
330
17
100
AcDbEntity
  8
0
 62
8
100
AcDbCircle
 10
44.74113681402521
 20
7.880621264752594
 30
0.0
 40
0.025
  0
CIRCLE
  5
4F8
330
17
100
AcDbEntity
  8
0
 62
8
100
AcDbCircle
 10
44.80679347328204
 20
7.814964605495756
 30
0.0
 40
0.025
  0
CIRCLE
  5
4F9
330
17
100
AcDbEntity
  8
0
 62
8
100
AcDbCircle
 10
44.67548015476838
 20
7.814964605495756
 30
0.0
 40
0.025
  0
CIRCLE
  5
4FA
330
17
100
AcDbEntity
  8
0
 62
8
100
AcDbCircle
 10
44.54416683625471
 20
7.814964605495756
 30
0.0
 40
0.025
  0
CIRCLE
  5
4FB
330
17
100
AcDbEntity
  8
0
 62
8
100
AcDbCircle
 10
44.80679347328204
 20
7.946277924009432
 30
0.0
 40
0.025
  0
CIRCLE
  5
4FC
330
17
100
AcDbEntity
  8
0
 62
8
100
AcDbCircle
 10
44.67548015476838
 20
7.946277924009432
 30
0.0
 40
0.025
  0
CIRCLE
  5
4FD
330
17
100
AcDbEntity
  8
0
 62
8
100
AcDbCircle
 10
44.87245013253888
 20
8.01193458326627
 30
0.0
 40
0.025
  0
CIRCLE
  5
4FE
330
17
100
AcDbEntity
  8
0
 62
8
100
AcDbCircle
 10
44.74113681402521
 20
8.01193458326627
 30
0.0
 40
0.025
  0
CIRCLE
  5
4FF
330
17
100
AcDbEntity
  8
0
 62
8
100
AcDbCircle
 10
44.80679347328204
 20
8.07759124252311
 30
0.0
 40
0.025
  0
CIRCLE
  5
500
330
17
100
AcDbEntity
  8
0
 62
8
100
AcDbCircle
 10
44.87245013253888
 20
8.143247901779947
 30
0.0
 40
0.025
  0
CIRCLE
  5
501
330
17
100
AcDbEntity
  8
0
 62
8
100
AcDbCircle
 10
44.97245013253887
 20
7.880621264752594
 30
0.0
 40
0.025
  0
CIRCLE
  5
502
330
17
100
AcDbEntity
  8
0
 62
8
100
AcDbCircle
 10
45.23507676956621
 20
7.880621264752594
 30
0.0
 40
0.025
  0
CIRCLE
  5
503
330
17
100
AcDbEntity
  8
0
 62
8
100
AcDbCircle
 10
45.10376345105254
 20
7.880621264752594
 30
0.0
 40
0.025
  0
CIRCLE
  5
504
330
17
100
AcDbEntity
  8
0
 62
8
100
AcDbCircle
 10
45.0381067917957
 20
7.814964605495756
 30
0.0
 40
0.025
  0
CIRCLE
  5
505
330
17
100
AcDbEntity
  8
0
 62
8
100
AcDbCircle
 10
45.16942011030937
 20
7.814964605495756
 30
0.0
 40
0.025
  0
CIRCLE
  5
506
330
17
100
AcDbEntity
  8
0
 62
8
100
AcDbCircle
 10
45.30073342882304
 20
7.814964605495756
 30
0.0
 40
0.025
  0
CIRCLE
  5
507
330
17
100
AcDbEntity
  8
0
 62
8
100
AcDbCircle
 10
45.0381067917957
 20
7.946277924009432
 30
0.0
 40
0.025
  0
CIRCLE
  5
508
330
17
100
AcDbEntity
  8
0
 62
8
100
AcDbCircle
 10
45.16942011030937
 20
7.946277924009432
 30
0.0
 40
0.025
  0
CIRCLE
  5
509
330
17
100
AcDbEntity
  8
0
 62
8
100
AcDbCircle
 10
44.97245013253887
 20
8.01193458326627
 30
0.0
 40
0.025
  0
CIRCLE
  5
50A
330
17
100
AcDbEntity
  8
0
 62
8
100
AcDbCircle
 10
45.10376345105254
 20
8.01193458326627
 30
0.0
 40
0.025
  0
CIRCLE
  5
50B
330
17
100
AcDbEntity
  8
0
 62
8
100
AcDbCircle
 10
45.0381067917957
 20
8.07759124252311
 30
0.0
 40
0.025
  0
CIRCLE
  5
50C
330
17
100
AcDbEntity
  8
0
 62
8
100
AcDbCircle
 10
44.97245013253887
 20
8.143247901779947
 30
0.0
 40
0.025
  0
LWPOLYLINE
  5
50D
330
17
100
AcDbEntity
  8
0
 62
8
100
AcDbPolyline
 90
3
 70
1
 10
44.89745013253887
 20
7.324287798891166
 10
44.4828054715982
 20
7.738932459831847
 10
44.89745013253887
 20
7.738932459831847
  0
LINE
  5
50E
330
17
100
AcDbEntity
  8
0
 62
8
100
AcDbLine
 10
44.42245013253888
 20
7.763932459831838
 30
0.0
 11
45.42245013253888
 21
7.763932459831838
 31
0.0
  0
LINE
  5
50F
330
17
100
AcDbEntity
  8
0
 62
8
100
AcDbLine
 10
44.42245013253887
 20
7.763932459831845
 30
0.0
 11
44.92245013253888
 21
7.263932459831853
 31
0.0
  0
LINE
  5
510
330
17
100
AcDbEntity
  8
0
 62
8
100
AcDbLine
 10
44.92245013253888
 20
7.263932459831845
 30
0.0
 11
45.42245013253888
 21
7.763932459831838
 31
0.0
  0
LWPOLYLINE
  5
511
330
17
100
AcDbEntity
  8
0
 62
8
100
AcDbPolyline
 90
3
 70
1
 10
44.94745013253887
 20
7.324287798891166
 10
45.36209479347955
 20
7.738932459831847
 10
44.94745013253887
 20
7.738932459831847
  0
LWPOLYLINE
  5
512
330
17
100
AcDbEntity
  8
0
 62
8
100
AcDbPolyline
 90
5
 70
0
 10
44.92245013253888
 20
7.263932459831845
 10
44.42245013253888
 20
7.763932459831838
 10
44.92245013253888
 20
8.263932459831832
 10
45.42245013253888
 20
7.763932459831838
 10
44.92245013253888
 20
7.263932459831845
  0
LINE
  5
513
330
17
100
AcDbEntity
  8
0
 62
8
100
AcDbLine
 10
48.63909544824288
 20
7.263932459831853
 30
0.0
 11
48.63909544824287
 21
8.263932459831844
 31
0.0
  0
LINE
  5
514
330
17
100
AcDbEntity
  8
0
 62
8
100
AcDbLine
 10
49.13909544824288
 20
7.763932459831845
 30
0.0
 11
48.63909544824288
 21
8.263932459831844
 31
0.0
  0
LINE
  5
515
330
17
100
AcDbEntity
  8
0
 62
8
100
AcDbLine
 10
48.63909544824288
 20
8.263932459831844
 30
0.0
 11
48.13909544824287
 21
7.763932459831845
 31
0.0
  0
CIRCLE
  5
516
330
17
100
AcDbEntity
  8
0
 62
8
100
AcDbCircle
 10
48.58909544824288
 20
7.880621264752594
 30
0.0
 40
0.025
  0
CIRCLE
  5
517
330
17
100
AcDbEntity
  8
0
 62
8
100
AcDbCircle
 10
48.32646881121554
 20
7.880621264752594
 30
0.0
 40
0.025
  0
CIRCLE
  5
518
330
17
100
AcDbEntity
  8
0
 62
8
100
AcDbCircle
 10
48.45778212972921
 20
7.880621264752594
 30
0.0
 40
0.025
  0
CIRCLE
  5
519
330
17
100
AcDbEntity
  8
0
 62
8
100
AcDbCircle
 10
48.52343878898604
 20
7.814964605495756
 30
0.0
 40
0.025
  0
CIRCLE
  5
51A
330
17
100
AcDbEntity
  8
0
 62
8
100
AcDbCircle
 10
48.39212547047238
 20
7.814964605495756
 30
0.0
 40
0.025
  0
CIRCLE
  5
51B
330
17
100
AcDbEntity
  8
0
 62
8
100
AcDbCircle
 10
48.26081215195871
 20
7.814964605495756
 30
0.0
 40
0.025
  0
CIRCLE
  5
51C
330
17
100
AcDbEntity
  8
0
 62
8
100
AcDbCircle
 10
48.52343878898604
 20
7.946277924009432
 30
0.0
 40
0.025
  0
CIRCLE
  5
51D
330
17
100
AcDbEntity
  8
0
 62
8
100
AcDbCircle
 10
48.39212547047238
 20
7.946277924009432
 30
0.0
 40
0.025
  0
CIRCLE
  5
51E
330
17
100
AcDbEntity
  8
0
 62
8
100
AcDbCircle
 10
48.58909544824288
 20
8.01193458326627
 30
0.0
 40
0.025
  0
CIRCLE
  5
51F
330
17
100
AcDbEntity
  8
0
 62
8
100
AcDbCircle
 10
48.45778212972921
 20
8.01193458326627
 30
0.0
 40
0.025
  0
CIRCLE
  5
520
330
17
100
AcDbEntity
  8
0
 62
8
100
AcDbCircle
 10
48.52343878898604
 20
8.07759124252311
 30
0.0
 40
0.025
  0
CIRCLE
  5
521
330
17
100
AcDbEntity
  8
0
 62
8
100
AcDbCircle
 10
48.58909544824288
 20
8.143247901779947
 30
0.0
 40
0.025
  0
CIRCLE
  5
522
330
17
100
AcDbEntity
  8
0
 62
8
100
AcDbCircle
 10
48.68909544824287
 20
7.880621264752594
 30
0.0
 40
0.025
  0
CIRCLE
  5
523
330
17
100
AcDbEntity
  8
0
 62
8
100
AcDbCircle
 10
48.95172208527021
 20
7.880621264752594
 30
0.0
 40
0.025
  0
CIRCLE
  5
524
330
17
100
AcDbEntity
  8
0
 62
8
100
AcDbCircle
 10
48.82040876675654
 20
7.880621264752594
 30
0.0
 40
0.025
  0
CIRCLE
  5
525
330
17
100
AcDbEntity
  8
0
 62
8
100
AcDbCircle
 10
48.75475210749971
 20
7.814964605495756
 30
0.0
 40
0.025
  0
CIRCLE
  5
526
330
17
100
AcDbEntity
  8
0
 62
8
100
AcDbCircle
 10
48.88606542601337
 20
7.814964605495756
 30
0.0
 40
0.025
  0
CIRCLE
  5
527
330
17
100
AcDbEntity
  8
0
 62
8
100
AcDbCircle
 10
49.01737874452704
 20
7.814964605495756
 30
0.0
 40
0.025
  0
CIRCLE
  5
528
330
17
100
AcDbEntity
  8
0
 62
8
100
AcDbCircle
 10
48.75475210749971
 20
7.946277924009432
 30
0.0
 40
0.025
  0
CIRCLE
  5
529
330
17
100
AcDbEntity
  8
0
 62
8
100
AcDbCircle
 10
48.88606542601337
 20
7.946277924009432
 30
0.0
 40
0.025
  0
CIRCLE
  5
52A
330
17
100
AcDbEntity
  8
0
 62
8
100
AcDbCircle
 10
48.68909544824287
 20
8.01193458326627
 30
0.0
 40
0.025
  0
CIRCLE
  5
52B
330
17
100
AcDbEntity
  8
0
 62
8
100
AcDbCircle
 10
48.82040876675654
 20
8.01193458326627
 30
0.0
 40
0.025
  0
CIRCLE
  5
52C
330
17
100
AcDbEntity
  8
0
 62
8
100
AcDbCircle
 10
48.75475210749971
 20
8.07759124252311
 30
0.0
 40
0.025
  0
CIRCLE
  5
52D
330
17
100
AcDbEntity
  8
0
 62
8
100
AcDbCircle
 10
48.68909544824287
 20
8.143247901779947
 30
0.0
 40
0.025
  0
LWPOLYLINE
  5
52E
330
17
100
AcDbEntity
  8
0
 62
8
100
AcDbPolyline
 90
3
 70
1
 10
48.61409544824287
 20
7.324287798891166
 10
48.1994507873022
 20
7.738932459831847
 10
48.61409544824287
 20
7.738932459831847
  0
LINE
  5
52F
330
17
100
AcDbEntity
  8
0
 62
8
100
AcDbLine
 10
48.13909544824287
 20
7.763932459831845
 30
0.0
 11
49.13909544824288
 21
7.763932459831845
 31
0.0
  0
LINE
  5
530
330
17
100
AcDbEntity
  8
0
 62
8
100
AcDbLine
 10
48.13909544824287
 20
7.763932459831845
 30
0.0
 11
48.63909544824288
 21
7.263932459831853
 31
0.0
  0
LINE
  5
531
330
17
100
AcDbEntity
  8
0
 62
8
100
AcDbLine
 10
48.63909544824288
 20
7.263932459831853
 30
0.0
 11
49.13909544824288
 21
7.763932459831845
 31
0.0
  0
LWPOLYLINE
  5
532
330
17
100
AcDbEntity
  8
0
 62
8
100
AcDbPolyline
 90
3
 70
1
 10
48.66409544824287
 20
7.324287798891166
 10
49.07874010918355
 20
7.738932459831847
 10
48.66409544824287
 20
7.738932459831847
  0
LWPOLYLINE
  5
533
330
17
100
AcDbEntity
  8
0
 62
8
100
AcDbPolyline
 90
5
 70
0
 10
48.63909544824288
 20
7.263932459831853
 10
48.13909544824287
 20
7.763932459831845
 10
48.63909544824287
 20
8.263932459831839
 10
49.13909544824288
 20
7.763932459831845
 10
48.63909544824288
 20
7.263932459831853
  0
LINE
  5
534
330
17
100
AcDbEntity
  8
0
 62
8
100
AcDbLine
 10
49.63909544824288
 20
7.263932459831853
 30
0.0
 11
49.63909544824287
 21
8.263932459831844
 31
0.0
  0
LINE
  5
535
330
17
100
AcDbEntity
  8
0
 62
8
100
AcDbLine
 10
50.13909544824287
 20
7.763932459831845
 30
0.0
 11
49.63909544824288
 21
8.263932459831844
 31
0.0
  0
LINE
  5
536
330
17
100
AcDbEntity
  8
0
 62
8
100
AcDbLine
 10
49.63909544824288
 20
8.263932459831844
 30
0.0
 11
49.13909544824288
 21
7.763932459831845
 31
0.0
  0
CIRCLE
  5
537
330
17
100
AcDbEntity
  8
0
 62
8
100
AcDbCircle
 10
49.58909544824288
 20
7.880621264752594
 30
0.0
 40
0.025
  0
CIRCLE
  5
538
330
17
100
AcDbEntity
  8
0
 62
8
100
AcDbCircle
 10
49.32646881121554
 20
7.880621264752594
 30
0.0
 40
0.025
  0
CIRCLE
  5
539
330
17
100
AcDbEntity
  8
0
 62
8
100
AcDbCircle
 10
49.45778212972921
 20
7.880621264752594
 30
0.0
 40
0.025
  0
CIRCLE
  5
53A
330
17
100
AcDbEntity
  8
0
 62
8
100
AcDbCircle
 10
49.52343878898605
 20
7.814964605495756
 30
0.0
 40
0.025
  0
CIRCLE
  5
53B
330
17
100
AcDbEntity
  8
0
 62
8
100
AcDbCircle
 10
49.39212547047238
 20
7.814964605495756
 30
0.0
 40
0.025
  0
CIRCLE
  5
53C
330
17
100
AcDbEntity
  8
0
 62
8
100
AcDbCircle
 10
49.26081215195871
 20
7.814964605495756
 30
0.0
 40
0.025
  0
CIRCLE
  5
53D
330
17
100
AcDbEntity
  8
0
 62
8
100
AcDbCircle
 10
49.52343878898605
 20
7.946277924009432
 30
0.0
 40
0.025
  0
CIRCLE
  5
53E
330
17
100
AcDbEntity
  8
0
 62
8
100
AcDbCircle
 10
49.39212547047238
 20
7.946277924009432
 30
0.0
 40
0.025
  0
CIRCLE
  5
53F
330
17
100
AcDbEntity
  8
0
 62
8
100
AcDbCircle
 10
49.58909544824288
 20
8.01193458326627
 30
0.0
 40
0.025
  0
CIRCLE
  5
540
330
17
100
AcDbEntity
  8
0
 62
8
100
AcDbCircle
 10
49.45778212972921
 20
8.01193458326627
 30
0.0
 40
0.025
  0
CIRCLE
  5
541
330
17
100
AcDbEntity
  8
0
 62
8
100
AcDbCircle
 10
49.52343878898605
 20
8.07759124252311
 30
0.0
 40
0.025
  0
CIRCLE
  5
542
330
17
100
AcDbEntity
  8
0
 62
8
100
AcDbCircle
 10
49.58909544824288
 20
8.143247901779947
 30
0.0
 40
0.025
  0
CIRCLE
  5
543
330
17
100
AcDbEntity
  8
0
 62
8
100
AcDbCircle
 10
49.68909544824287
 20
7.880621264752594
 30
0.0
 40
0.025
  0
CIRCLE
  5
544
330
17
100
AcDbEntity
  8
0
 62
8
100
AcDbCircle
 10
49.95172208527021
 20
7.880621264752594
 30
0.0
 40
0.025
  0
CIRCLE
  5
545
330
17
100
AcDbEntity
  8
0
 62
8
100
AcDbCircle
 10
49.82040876675654
 20
7.880621264752594
 30
0.0
 40
0.025
  0
CIRCLE
  5
546
330
17
100
AcDbEntity
  8
0
 62
8
100
AcDbCircle
 10
49.7547521074997
 20
7.814964605495756
 30
0.0
 40
0.025
  0
CIRCLE
  5
547
330
17
100
AcDbEntity
  8
0
 62
8
100
AcDbCircle
 10
49.88606542601337
 20
7.814964605495756
 30
0.0
 40
0.025
  0
CIRCLE
  5
548
330
17
100
AcDbEntity
  8
0
 62
8
100
AcDbCircle
 10
50.01737874452704
 20
7.814964605495756
 30
0.0
 40
0.025
  0
CIRCLE
  5
549
330
17
100
AcDbEntity
  8
0
 62
8
100
AcDbCircle
 10
49.7547521074997
 20
7.946277924009432
 30
0.0
 40
0.025
  0
CIRCLE
  5
54A
330
17
100
AcDbEntity
  8
0
 62
8
100
AcDbCircle
 10
49.88606542601337
 20
7.946277924009432
 30
0.0
 40
0.025
  0
CIRCLE
  5
54B
330
17
100
AcDbEntity
  8
0
 62
8
100
AcDbCircle
 10
49.68909544824287
 20
8.01193458326627
 30
0.0
 40
0.025
  0
CIRCLE
  5
54C
330
17
100
AcDbEntity
  8
0
 62
8
100
AcDbCircle
 10
49.82040876675654
 20
8.01193458326627
 30
0.0
 40
0.025
  0
CIRCLE
  5
54D
330
17
100
AcDbEntity
  8
0
 62
8
100
AcDbCircle
 10
49.7547521074997
 20
8.07759124252311
 30
0.0
 40
0.025
  0
CIRCLE
  5
54E
330
17
100
AcDbEntity
  8
0
 62
8
100
AcDbCircle
 10
49.68909544824287
 20
8.143247901779947
 30
0.0
 40
0.025
  0
LWPOLYLINE
  5
54F
330
17
100
AcDbEntity
  8
0
 62
8
100
AcDbPolyline
 90
3
 70
1
 10
49.61409544824288
 20
7.324287798891166
 10
49.19945078730219
 20
7.738932459831847
 10
49.61409544824288
 20
7.738932459831847
  0
LINE
  5
550
330
17
100
AcDbEntity
  8
0
 62
8
100
AcDbLine
 10
49.13909544824288
 20
7.763932459831845
 30
0.0
 11
50.13909544824287
 21
7.763932459831845
 31
0.0
  0
LINE
  5
551
330
17
100
AcDbEntity
  8
0
 62
8
100
AcDbLine
 10
49.13909544824288
 20
7.763932459831845
 30
0.0
 11
49.63909544824288
 21
7.263932459831853
 31
0.0
  0
LINE
  5
552
330
17
100
AcDbEntity
  8
0
 62
8
100
AcDbLine
 10
49.63909544824288
 20
7.263932459831853
 30
0.0
 11
50.13909544824287
 21
7.763932459831845
 31
0.0
  0
LWPOLYLINE
  5
553
330
17
100
AcDbEntity
  8
0
 62
8
100
AcDbPolyline
 90
3
 70
1
 10
49.66409544824287
 20
7.324287798891166
 10
50.07874010918356
 20
7.738932459831847
 10
49.66409544824287
 20
7.738932459831847
  0
LWPOLYLINE
  5
554
330
17
100
AcDbEntity
  8
0
 62
8
100
AcDbPolyline
 90
5
 70
0
 10
49.63909544824288
 20
7.263932459831853
 10
49.13909544824288
 20
7.763932459831845
 10
49.63909544824287
 20
8.263932459831839
 10
50.13909544824287
 20
7.763932459831845
 10
49.63909544824288
 20
7.263932459831853
  0
LINE
  5
555
330
17
100
AcDbEntity
  8
0
 62
8
100
AcDbLine
 10
50.63909544824287
 20
7.263932459831853
 30
0.0
 11
50.63909544824287
 21
8.263932459831844
 31
0.0
  0
LINE
  5
556
330
17
100
AcDbEntity
  8
0
 62
8
100
AcDbLine
 10
51.13909544824288
 20
7.763932459831845
 30
0.0
 11
50.63909544824287
 21
8.263932459831844
 31
0.0
  0
LINE
  5
557
330
17
100
AcDbEntity
  8
0
 62
8
100
AcDbLine
 10
50.63909544824287
 20
8.263932459831844
 30
0.0
 11
50.13909544824287
 21
7.763932459831845
 31
0.0
  0
CIRCLE
  5
558
330
17
100
AcDbEntity
  8
0
 62
8
100
AcDbCircle
 10
50.58909544824288
 20
7.880621264752594
 30
0.0
 40
0.025
  0
CIRCLE
  5
559
330
17
100
AcDbEntity
  8
0
 62
8
100
AcDbCircle
 10
50.32646881121554
 20
7.880621264752594
 30
0.0
 40
0.025
  0
CIRCLE
  5
55A
330
17
100
AcDbEntity
  8
0
 62
8
100
AcDbCircle
 10
50.45778212972921
 20
7.880621264752594
 30
0.0
 40
0.025
  0
CIRCLE
  5
55B
330
17
100
AcDbEntity
  8
0
 62
8
100
AcDbCircle
 10
50.52343878898605
 20
7.814964605495756
 30
0.0
 40
0.025
  0
CIRCLE
  5
55C
330
17
100
AcDbEntity
  8
0
 62
8
100
AcDbCircle
 10
50.39212547047238
 20
7.814964605495756
 30
0.0
 40
0.025
  0
CIRCLE
  5
55D
330
17
100
AcDbEntity
  8
0
 62
8
100
AcDbCircle
 10
50.26081215195871
 20
7.814964605495756
 30
0.0
 40
0.025
  0
CIRCLE
  5
55E
330
17
100
AcDbEntity
  8
0
 62
8
100
AcDbCircle
 10
50.52343878898605
 20
7.946277924009432
 30
0.0
 40
0.025
  0
CIRCLE
  5
55F
330
17
100
AcDbEntity
  8
0
 62
8
100
AcDbCircle
 10
50.39212547047238
 20
7.946277924009432
 30
0.0
 40
0.025
  0
CIRCLE
  5
560
330
17
100
AcDbEntity
  8
0
 62
8
100
AcDbCircle
 10
50.58909544824288
 20
8.01193458326627
 30
0.0
 40
0.025
  0
CIRCLE
  5
561
330
17
100
AcDbEntity
  8
0
 62
8
100
AcDbCircle
 10
50.45778212972921
 20
8.01193458326627
 30
0.0
 40
0.025
  0
CIRCLE
  5
562
330
17
100
AcDbEntity
  8
0
 62
8
100
AcDbCircle
 10
50.52343878898605
 20
8.07759124252311
 30
0.0
 40
0.025
  0
CIRCLE
  5
563
330
17
100
AcDbEntity
  8
0
 62
8
100
AcDbCircle
 10
50.58909544824288
 20
8.143247901779947
 30
0.0
 40
0.025
  0
CIRCLE
  5
564
330
17
100
AcDbEntity
  8
0
 62
8
100
AcDbCircle
 10
50.68909544824287
 20
7.880621264752594
 30
0.0
 40
0.025
  0
CIRCLE
  5
565
330
17
100
AcDbEntity
  8
0
 62
8
100
AcDbCircle
 10
50.95172208527021
 20
7.880621264752594
 30
0.0
 40
0.025
  0
CIRCLE
  5
566
330
17
100
AcDbEntity
  8
0
 62
8
100
AcDbCircle
 10
50.82040876675654
 20
7.880621264752594
 30
0.0
 40
0.025
  0
CIRCLE
  5
567
330
17
100
AcDbEntity
  8
0
 62
8
100
AcDbCircle
 10
50.75475210749971
 20
7.814964605495756
 30
0.0
 40
0.025
  0
CIRCLE
  5
568
330
17
100
AcDbEntity
  8
0
 62
8
100
AcDbCircle
 10
50.88606542601337
 20
7.814964605495756
 30
0.0
 40
0.025
  0
CIRCLE
  5
569
330
17
100
AcDbEntity
  8
0
 62
8
100
AcDbCircle
 10
51.01737874452704
 20
7.814964605495756
 30
0.0
 40
0.025
  0
CIRCLE
  5
56A
330
17
100
AcDbEntity
  8
0
 62
8
100
AcDbCircle
 10
50.75475210749971
 20
7.946277924009432
 30
0.0
 40
0.025
  0
CIRCLE
  5
56B
330
17
100
AcDbEntity
  8
0
 62
8
100
AcDbCircle
 10
50.88606542601337
 20
7.946277924009432
 30
0.0
 40
0.025
  0
CIRCLE
  5
56C
330
17
100
AcDbEntity
  8
0
 62
8
100
AcDbCircle
 10
50.68909544824287
 20
8.01193458326627
 30
0.0
 40
0.025
  0
CIRCLE
  5
56D
330
17
100
AcDbEntity
  8
0
 62
8
100
AcDbCircle
 10
50.82040876675654
 20
8.01193458326627
 30
0.0
 40
0.025
  0
CIRCLE
  5
56E
330
17
100
AcDbEntity
  8
0
 62
8
100
AcDbCircle
 10
50.75475210749971
 20
8.07759124252311
 30
0.0
 40
0.025
  0
CIRCLE
  5
56F
330
17
100
AcDbEntity
  8
0
 62
8
100
AcDbCircle
 10
50.68909544824287
 20
8.143247901779947
 30
0.0
 40
0.025
  0
LWPOLYLINE
  5
570
330
17
100
AcDbEntity
  8
0
 62
8
100
AcDbPolyline
 90
3
 70
1
 10
50.61409544824288
 20
7.324287798891166
 10
50.1994507873022
 20
7.738932459831847
 10
50.61409544824288
 20
7.738932459831847
  0
LINE
  5
571
330
17
100
AcDbEntity
  8
0
 62
8
100
AcDbLine
 10
50.13909544824287
 20
7.763932459831845
 30
0.0
 11
51.13909544824288
 21
7.763932459831845
 31
0.0
  0
LINE
  5
572
330
17
100
AcDbEntity
  8
0
 62
8
100
AcDbLine
 10
50.13909544824287
 20
7.763932459831845
 30
0.0
 11
50.63909544824287
 21
7.263932459831853
 31
0.0
  0
LINE
  5
573
330
17
100
AcDbEntity
  8
0
 62
8
100
AcDbLine
 10
50.63909544824287
 20
7.263932459831853
 30
0.0
 11
51.13909544824288
 21
7.763932459831845
 31
0.0
  0
LWPOLYLINE
  5
574
330
17
100
AcDbEntity
  8
0
 62
8
100
AcDbPolyline
 90
3
 70
1
 10
50.66409544824288
 20
7.324287798891166
 10
51.07874010918355
 20
7.738932459831847
 10
50.66409544824288
 20
7.738932459831847
  0
LWPOLYLINE
  5
575
330
17
100
AcDbEntity
  8
0
 62
8
100
AcDbPolyline
 90
5
 70
0
 10
50.63909544824287
 20
7.263932459831853
 10
50.13909544824287
 20
7.763932459831845
 10
50.63909544824287
 20
8.263932459831839
 10
51.13909544824288
 20
7.763932459831845
 10
50.63909544824287
 20
7.263932459831853
  0
LWPOLYLINE
  5
576
330
17
100
AcDbEntity
  8
0
 62
8
100
AcDbPolyline
 90
8
 70
1
 10
55.0482467321018
 20
9.263932459831842
 10
54.8482467321018
 20
9.263932459831842
 10
54.8482467321018
 20
8.354025812593598
 42
1.0
 10
56.02843343762531
 20
8.354025812593598
 10
56.02843343762531
 20
9.263932459831842
 10
55.8284334376253
 20
9.263932459831842
 10
55.8284334376253
 20
8.354025812593598
 42
-1.0
 10
55.0482467321018
 20
8.354025812593598
  0
LWPOLYLINE
  5
577
330
17
100
AcDbEntity
  8
0
 62
8
100
AcDbPolyline
 90
9
 70
1
 10
54.8482467321018
 20
9.263932459831842
 10
54.61140470919452
 20
9.263932459831842
 10
54.17555648244572
 20
8.576814436842902
 10
53.73970825569694
 20
9.263932459831842
 10
53.50286623278965
 20
9.263932459831842
 10
54.07555648244573
 20
8.36108195367268
 10
54.07555648244573
 20
7.763932459831845
 10
54.27555648244574
 20
7.763932459831845
 10
54.27555648244574
 20
8.361081953672686
  0
LWPOLYLINE
  5
578
330
17
100
AcDbEntity
  8
0
 62
8
100
AcDbPolyline
 90
8
 70
1
 10
52.52267952726615
 20
9.263932459831842
 10
52.32267952726616
 20
9.263932459831842
 10
52.32267952726616
 20
8.354025812593598
 42
1.0
 10
53.50286623278965
 20
8.354025812593598
 10
53.50286623278965
 20
9.263932459831842
 10
53.30286623278965
 20
9.263932459831842
 10
53.30286623278965
 20
8.354025812593598
 42
-1.0
 10
52.52267952726615
 20
8.354025812593598
  0
LWPOLYLINE
  5
579
330
17
100
AcDbEntity
  8
0
 62
8
100
AcDbPolyline
 90
10
 70
1
 10
56.22843343762531
 20
8.932050673844852
 10
57.00862014314882
 20
7.763932459831845
 10
57.20862014314882
 20
7.763932459831845
 10
57.20862014314882
 20
9.263932459831842
 10
57.00862014314882
 20
9.263932459831842
 10
57.00862014314882
 20
8.095814245818843
 10
56.22843343762531
 20
9.263932459831842
 10
56.02843343762531
 20
9.263932459831842
 10
56.02843343762531
 20
7.763932459831845
 10
56.22843343762531
 20
7.763932459831845
  0
LWPOLYLINE
  5
57A
330
17
100
AcDbEntity
  8
0
 62
8
100
AcDbPolyline
 90
4
 70
1
 10
57.69871349591056
 20
9.263932459831844
 10
57.89871349591057
 20
9.263932459831844
 10
57.89871349591057
 20
7.763932459831845
 10
57.69871349591056
 20
7.763932459831845
  0
LWPOLYLINE
  5
57B
330
17
100
AcDbEntity
  8
0
 62
8
100
AcDbPolyline
 90
8
 70
1
 10
55.0482467321018
 20
6.263932459831849
 10
54.8482467321018
 20
6.263932459831849
 10
54.8482467321018
 20
7.173839107070094
 42
-1.0
 10
56.02843343762531
 20
7.173839107070094
 10
56.02843343762531
 20
6.263932459831849
 10
55.8284334376253
 20
6.263932459831849
 10
55.8284334376253
 20
7.173839107070094
 42
1.0
 10
55.0482467321018
 20
7.173839107070094
  0
LWPOLYLINE
  5
57C
330
17
100
AcDbEntity
  8
0
 62
8
100
AcDbPolyline
 90
9
 70
1
 10
54.8482467321018
 20
6.263932459831849
 10
54.61140470919452
 20
6.263932459831849
 10
54.17555648244572
 20
6.951050482820789
 10
53.73970825569694
 20
6.263932459831849
 10
53.50286623278965
 20
6.263932459831849
 10
54.07555648244573
 20
7.166782965991011
 10
54.07555648244573
 20
7.763932459831845
 10
54.27555648244574
 20
7.763932459831845
 10
54.27555648244574
 20
7.166782965991004
  0
LWPOLYLINE
  5
57D
330
17
100
AcDbEntity
  8
0
 62
8
100
AcDbPolyline
 90
8
 70
1
 10
52.52267952726615
 20
6.263932459831849
 10
52.32267952726616
 20
6.263932459831849
 10
52.32267952726616
 20
7.173839107070094
 42
-1.0
 10
53.50286623278965
 20
7.173839107070094
 10
53.50286623278965
 20
6.263932459831849
 10
53.30286623278965
 20
6.263932459831849
 10
53.30286623278965
 20
7.173839107070094
 42
1.0
 10
52.52267952726615
 20
7.173839107070094
  0
LWPOLYLINE
  5
57E
330
17
100
AcDbEntity
  8
0
 62
8
100
AcDbPolyline
 90
10
 70
1
 10
56.22843343762531
 20
6.595814245818839
 10
57.00862014314882
 20
7.763932459831845
 10
57.20862014314882
 20
7.763932459831845
 10
57.20862014314882
 20
6.263932459831849
 10
57.00862014314882
 20
6.263932459831849
 10
57.00862014314882
 20
7.432050673844848
 10
56.22843343762531
 20
6.263932459831849
 10
56.02843343762531
 20
6.263932459831849
 10
56.02843343762531
 20
7.763932459831845
 10
56.22843343762531
 20
7.763932459831845
  0
LWPOLYLINE
  5
57F
330
17
100
AcDbEntity
  8
0
 62
8
100
AcDbPolyline
 90
4
 70
1
 10
57.69871349591056
 20
6.263932459831845
 10
57.89871349591057
 20
6.263932459831845
 10
57.89871349591057
 20
7.763932459831845
 10
57.69871349591056
 20
7.763932459831845
  0
LWPOLYLINE
  5
580
330
17
100
AcDbEntity
  8
0-VENTANAS
 62
8
100
AcDbPolyline
 90
4
 70
1
 10
63.85086885468786
 20
7.763932459831845
 10
64.85086885468786
 20
8.763932459831844
 10
65.85086885468786
 20
7.763932459831845
 10
64.85086885468786
 20
6.763932459831845
  0
LINE
  5
581
330
17
100
AcDbEntity
  8
0
 62
8
100
AcDbLine
 10
63.85086885468786
 20
7.763932459831845
 30
0.0
 11
65.85086885468786
 21
7.763932459831845
 31
0.0
  0
LINE
  5
582
330
17
100
AcDbEntity
  8
0
 62
8
100
AcDbLine
 10
64.85086885468786
 20
6.763932459831845
 30
0.0
 11
64.85086885468786
 21
8.763932459831844
 31
0.0
  0
LWPOLYLINE
  5
583
330
17
100
AcDbEntity
  8
0
 62
8
100
AcDbPolyline
 90
3
 70
1
 10
64.80086885468786
 20
6.884643137950501
 10
63.97157953280651
 20
7.713932459831848
 10
64.80086885468786
 20
7.713932459831848
  0
CIRCLE
  5
584
330
17
100
AcDbEntity
  8
0
 62
8
100
AcDbCircle
 10
64.77586885468787
 20
7.895926958400341
 30
0.0
 40
0.025
  0
CIRCLE
  5
585
330
17
100
AcDbEntity
  8
0
 62
8
100
AcDbCircle
 10
64.43390186327684
 20
7.895926958400341
 30
0.0
 40
0.025
  0
CIRCLE
  5
586
330
17
100
AcDbEntity
  8
0
 62
8
100
AcDbCircle
 10
64.09193487186583
 20
7.895926958400341
 30
0.0
 40
0.025
  0
CIRCLE
  5
587
330
17
100
AcDbEntity
  8
0
 62
8
100
AcDbCircle
 10
64.54789086041384
 20
7.895926958400341
 30
0.0
 40
0.025
  0
CIRCLE
  5
588
330
17
100
AcDbEntity
  8
0
 62
8
100
AcDbCircle
 10
64.66187985755086
 20
7.895926958400341
 30
0.0
 40
0.025
  0
CIRCLE
  5
589
330
17
100
AcDbEntity
  8
0
 62
8
100
AcDbCircle
 10
64.31991286613984
 20
7.895926958400341
 30
0.0
 40
0.025
  0
CIRCLE
  5
58A
330
17
100
AcDbEntity
  8
0
 62
8
100
AcDbCircle
 10
64.20592386900283
 20
7.895926958400341
 30
0.0
 40
0.025
  0
CIRCLE
  5
58B
330
17
100
AcDbEntity
  8
0
 62
8
100
AcDbCircle
 10
64.71887435611936
 20
7.838932459831841
 30
0.0
 40
0.025
  0
CIRCLE
  5
58C
330
17
100
AcDbEntity
  8
0
 62
8
100
AcDbCircle
 10
64.60488535898234
 20
7.838932459831841
 30
0.0
 40
0.025
  0
CIRCLE
  5
58D
330
17
100
AcDbEntity
  8
0
 62
8
100
AcDbCircle
 10
64.49089636184534
 20
7.838932459831841
 30
0.0
 40
0.025
  0
CIRCLE
  5
58E
330
17
100
AcDbEntity
  8
0
 62
8
100
AcDbCircle
 10
64.37690736470833
 20
7.838932459831841
 30
0.0
 40
0.025
  0
CIRCLE
  5
58F
330
17
100
AcDbEntity
  8
0
 62
8
100
AcDbCircle
 10
64.26291836757133
 20
7.838932459831841
 30
0.0
 40
0.025
  0
CIRCLE
  5
590
330
17
100
AcDbEntity
  8
0
 62
8
100
AcDbCircle
 10
64.14892937043433
 20
7.838932459831841
 30
0.0
 40
0.025
  0
CIRCLE
  5
591
330
17
100
AcDbEntity
  8
0
 62
8
100
AcDbCircle
 10
64.03494037329733
 20
7.838932459831841
 30
0.0
 40
0.025
  0
CIRCLE
  5
592
330
17
100
AcDbEntity
  8
0
 62
8
100
AcDbCircle
 10
64.71887435611936
 20
7.952921456968841
 30
0.0
 40
0.025
  0
CIRCLE
  5
593
330
17
100
AcDbEntity
  8
0
 62
8
100
AcDbCircle
 10
64.60488535898234
 20
7.952921456968841
 30
0.0
 40
0.025
  0
CIRCLE
  5
594
330
17
100
AcDbEntity
  8
0
 62
8
100
AcDbCircle
 10
64.49089636184534
 20
7.952921456968841
 30
0.0
 40
0.025
  0
CIRCLE
  5
595
330
17
100
AcDbEntity
  8
0
 62
8
100
AcDbCircle
 10
64.37690736470833
 20
7.952921456968841
 30
0.0
 40
0.025
  0
CIRCLE
  5
596
330
17
100
AcDbEntity
  8
0
 62
8
100
AcDbCircle
 10
64.26291836757133
 20
7.952921456968841
 30
0.0
 40
0.025
  0
CIRCLE
  5
597
330
17
100
AcDbEntity
  8
0
 62
8
100
AcDbCircle
 10
64.14892937043433
 20
7.952921456968841
 30
0.0
 40
0.025
  0
CIRCLE
  5
598
330
17
100
AcDbEntity
  8
0
 62
8
100
AcDbCircle
 10
64.77586885468787
 20
8.009915955537341
 30
0.0
 40
0.025
  0
CIRCLE
  5
599
330
17
100
AcDbEntity
  8
0
 62
8
100
AcDbCircle
 10
64.43390186327684
 20
8.009915955537341
 30
0.0
 40
0.025
  0
CIRCLE
  5
59A
330
17
100
AcDbEntity
  8
0
 62
8
100
AcDbCircle
 10
64.54789086041384
 20
8.009915955537341
 30
0.0
 40
0.025
  0
CIRCLE
  5
59B
330
17
100
AcDbEntity
  8
0
 62
8
100
AcDbCircle
 10
64.66187985755086
 20
8.009915955537341
 30
0.0
 40
0.025
  0
CIRCLE
  5
59C
330
17
100
AcDbEntity
  8
0
 62
8
100
AcDbCircle
 10
64.31991286613984
 20
8.009915955537341
 30
0.0
 40
0.025
  0
CIRCLE
  5
59D
330
17
100
AcDbEntity
  8
0
 62
8
100
AcDbCircle
 10
64.20592386900283
 20
8.009915955537341
 30
0.0
 40
0.025
  0
CIRCLE
  5
59E
330
17
100
AcDbEntity
  8
0
 62
8
100
AcDbCircle
 10
64.71887435611936
 20
8.06691045410584
 30
0.0
 40
0.025
  0
CIRCLE
  5
59F
330
17
100
AcDbEntity
  8
0
 62
8
100
AcDbCircle
 10
64.60488535898234
 20
8.06691045410584
 30
0.0
 40
0.025
  0
CIRCLE
  5
5A0
330
17
100
AcDbEntity
  8
0
 62
8
100
AcDbCircle
 10
64.49089636184534
 20
8.06691045410584
 30
0.0
 40
0.025
  0
CIRCLE
  5
5A1
330
17
100
AcDbEntity
  8
0
 62
8
100
AcDbCircle
 10
64.37690736470833
 20
8.06691045410584
 30
0.0
 40
0.025
  0
CIRCLE
  5
5A2
330
17
100
AcDbEntity
  8
0
 62
8
100
AcDbCircle
 10
64.26291836757133
 20
8.06691045410584
 30
0.0
 40
0.025
  0
CIRCLE
  5
5A3
330
17
100
AcDbEntity
  8
0
 62
8
100
AcDbCircle
 10
64.77586885468787
 20
8.12390495267434
 30
0.0
 40
0.025
  0
CIRCLE
  5
5A4
330
17
100
AcDbEntity
  8
0
 62
8
100
AcDbCircle
 10
64.43390186327684
 20
8.12390495267434
 30
0.0
 40
0.025
  0
CIRCLE
  5
5A5
330
17
100
AcDbEntity
  8
0
 62
8
100
AcDbCircle
 10
64.54789086041384
 20
8.12390495267434
 30
0.0
 40
0.025
  0
CIRCLE
  5
5A6
330
17
100
AcDbEntity
  8
0
 62
8
100
AcDbCircle
 10
64.66187985755086
 20
8.12390495267434
 30
0.0
 40
0.025
  0
CIRCLE
  5
5A7
330
17
100
AcDbEntity
  8
0
 62
8
100
AcDbCircle
 10
64.31991286613984
 20
8.12390495267434
 30
0.0
 40
0.025
  0
CIRCLE
  5
5A8
330
17
100
AcDbEntity
  8
0
 62
8
100
AcDbCircle
 10
64.71887435611936
 20
8.18089945124284
 30
0.0
 40
0.025
  0
CIRCLE
  5
5A9
330
17
100
AcDbEntity
  8
0
 62
8
100
AcDbCircle
 10
64.60488535898234
 20
8.18089945124284
 30
0.0
 40
0.025
  0
CIRCLE
  5
5AA
330
17
100
AcDbEntity
  8
0
 62
8
100
AcDbCircle
 10
64.49089636184534
 20
8.18089945124284
 30
0.0
 40
0.025
  0
CIRCLE
  5
5AB
330
17
100
AcDbEntity
  8
0
 62
8
100
AcDbCircle
 10
64.37690736470833
 20
8.18089945124284
 30
0.0
 40
0.025
  0
CIRCLE
  5
5AC
330
17
100
AcDbEntity
  8
0
 62
8
100
AcDbCircle
 10
64.77586885468787
 20
8.23789394981134
 30
0.0
 40
0.025
  0
CIRCLE
  5
5AD
330
17
100
AcDbEntity
  8
0
 62
8
100
AcDbCircle
 10
64.43390186327684
 20
8.23789394981134
 30
0.0
 40
0.025
  0
CIRCLE
  5
5AE
330
17
100
AcDbEntity
  8
0
 62
8
100
AcDbCircle
 10
64.54789086041384
 20
8.23789394981134
 30
0.0
 40
0.025
  0
CIRCLE
  5
5AF
330
17
100
AcDbEntity
  8
0
 62
8
100
AcDbCircle
 10
64.66187985755086
 20
8.23789394981134
 30
0.0
 40
0.025
  0
CIRCLE
  5
5B0
330
17
100
AcDbEntity
  8
0
 62
8
100
AcDbCircle
 10
64.71887435611936
 20
8.29488844837984
 30
0.0
 40
0.025
  0
CIRCLE
  5
5B1
330
17
100
AcDbEntity
  8
0
 62
8
100
AcDbCircle
 10
64.60488535898234
 20
8.29488844837984
 30
0.0
 40
0.025
  0
CIRCLE
  5
5B2
330
17
100
AcDbEntity
  8
0
 62
8
100
AcDbCircle
 10
64.49089636184534
 20
8.29488844837984
 30
0.0
 40
0.025
  0
CIRCLE
  5
5B3
330
17
100
AcDbEntity
  8
0
 62
8
100
AcDbCircle
 10
64.77586885468787
 20
8.351882946948338
 30
0.0
 40
0.025
  0
CIRCLE
  5
5B4
330
17
100
AcDbEntity
  8
0
 62
8
100
AcDbCircle
 10
64.54789086041384
 20
8.351882946948338
 30
0.0
 40
0.025
  0
CIRCLE
  5
5B5
330
17
100
AcDbEntity
  8
0
 62
8
100
AcDbCircle
 10
64.66187985755086
 20
8.351882946948338
 30
0.0
 40
0.025
  0
CIRCLE
  5
5B6
330
17
100
AcDbEntity
  8
0
 62
8
100
AcDbCircle
 10
64.71887435611936
 20
8.40887744551684
 30
0.0
 40
0.025
  0
CIRCLE
  5
5B7
330
17
100
AcDbEntity
  8
0
 62
8
100
AcDbCircle
 10
64.60488535898234
 20
8.40887744551684
 30
0.0
 40
0.025
  0
CIRCLE
  5
5B8
330
17
100
AcDbEntity
  8
0
 62
8
100
AcDbCircle
 10
64.77586885468787
 20
8.46587194408534
 30
0.0
 40
0.025
  0
CIRCLE
  5
5B9
330
17
100
AcDbEntity
  8
0
 62
8
100
AcDbCircle
 10
64.66187985755086
 20
8.46587194408534
 30
0.0
 40
0.025
  0
CIRCLE
  5
5BA
330
17
100
AcDbEntity
  8
0
 62
8
100
AcDbCircle
 10
64.71887435611936
 20
8.52286644265384
 30
0.0
 40
0.025
  0
CIRCLE
  5
5BB
330
17
100
AcDbEntity
  8
0
 62
8
100
AcDbCircle
 10
64.77586885468787
 20
8.57986094122234
 30
0.0
 40
0.025
  0
LWPOLYLINE
  5
5BC
330
17
100
AcDbEntity
  8
0
 62
8
100
AcDbPolyline
 90
3
 70
1
 10
64.90086885468786
 20
6.884643137950501
 10
65.7301581765692
 20
7.713932459831848
 10
64.90086885468786
 20
7.713932459831848
  0
CIRCLE
  5
5BD
330
17
100
AcDbEntity
  8
0
 62
8
100
AcDbCircle
 10
64.92586885468785
 20
7.895926958400341
 30
0.0
 40
0.025
  0
CIRCLE
  5
5BE
330
17
100
AcDbEntity
  8
0
 62
8
100
AcDbCircle
 10
65.26783584609888
 20
7.895926958400341
 30
0.0
 40
0.025
  0
CIRCLE
  5
5BF
330
17
100
AcDbEntity
  8
0
 62
8
100
AcDbCircle
 10
65.60980283750989
 20
7.895926958400341
 30
0.0
 40
0.025
  0
CIRCLE
  5
5C0
330
17
100
AcDbEntity
  8
0
 62
8
100
AcDbCircle
 10
65.15384684896188
 20
7.895926958400341
 30
0.0
 40
0.025
  0
CIRCLE
  5
5C1
330
17
100
AcDbEntity
  8
0
 62
8
100
AcDbCircle
 10
65.03985785182486
 20
7.895926958400341
 30
0.0
 40
0.025
  0
CIRCLE
  5
5C2
330
17
100
AcDbEntity
  8
0
 62
8
100
AcDbCircle
 10
65.38182484323588
 20
7.895926958400341
 30
0.0
 40
0.025
  0
CIRCLE
  5
5C3
330
17
100
AcDbEntity
  8
0
 62
8
100
AcDbCircle
 10
65.49581384037288
 20
7.895926958400341
 30
0.0
 40
0.025
  0
CIRCLE
  5
5C4
330
17
100
AcDbEntity
  8
0
 62
8
100
AcDbCircle
 10
64.98286335325636
 20
7.838932459831841
 30
0.0
 40
0.025
  0
CIRCLE
  5
5C5
330
17
100
AcDbEntity
  8
0
 62
8
100
AcDbCircle
 10
65.09685235039336
 20
7.838932459831841
 30
0.0
 40
0.025
  0
CIRCLE
  5
5C6
330
17
100
AcDbEntity
  8
0
 62
8
100
AcDbCircle
 10
65.21084134753038
 20
7.838932459831841
 30
0.0
 40
0.025
  0
CIRCLE
  5
5C7
330
17
100
AcDbEntity
  8
0
 62
8
100
AcDbCircle
 10
65.32483034466739
 20
7.838932459831841
 30
0.0
 40
0.025
  0
CIRCLE
  5
5C8
330
17
100
AcDbEntity
  8
0
 62
8
100
AcDbCircle
 10
65.43881934180439
 20
7.838932459831841
 30
0.0
 40
0.025
  0
CIRCLE
  5
5C9
330
17
100
AcDbEntity
  8
0
 62
8
100
AcDbCircle
 10
65.55280833894139
 20
7.838932459831841
 30
0.0
 40
0.025
  0
CIRCLE
  5
5CA
330
17
100
AcDbEntity
  8
0
 62
8
100
AcDbCircle
 10
65.66679733607839
 20
7.838932459831841
 30
0.0
 40
0.025
  0
CIRCLE
  5
5CB
330
17
100
AcDbEntity
  8
0
 62
8
100
AcDbCircle
 10
64.98286335325636
 20
7.952921456968841
 30
0.0
 40
0.025
  0
CIRCLE
  5
5CC
330
17
100
AcDbEntity
  8
0
 62
8
100
AcDbCircle
 10
65.09685235039336
 20
7.952921456968841
 30
0.0
 40
0.025
  0
CIRCLE
  5
5CD
330
17
100
AcDbEntity
  8
0
 62
8
100
AcDbCircle
 10
65.21084134753038
 20
7.952921456968841
 30
0.0
 40
0.025
  0
CIRCLE
  5
5CE
330
17
100
AcDbEntity
  8
0
 62
8
100
AcDbCircle
 10
65.32483034466739
 20
7.952921456968841
 30
0.0
 40
0.025
  0
CIRCLE
  5
5CF
330
17
100
AcDbEntity
  8
0
 62
8
100
AcDbCircle
 10
65.43881934180439
 20
7.952921456968841
 30
0.0
 40
0.025
  0
CIRCLE
  5
5D0
330
17
100
AcDbEntity
  8
0
 62
8
100
AcDbCircle
 10
65.55280833894139
 20
7.952921456968841
 30
0.0
 40
0.025
  0
CIRCLE
  5
5D1
330
17
100
AcDbEntity
  8
0
 62
8
100
AcDbCircle
 10
64.92586885468785
 20
8.009915955537341
 30
0.0
 40
0.025
  0
CIRCLE
  5
5D2
330
17
100
AcDbEntity
  8
0
 62
8
100
AcDbCircle
 10
65.26783584609888
 20
8.009915955537341
 30
0.0
 40
0.025
  0
CIRCLE
  5
5D3
330
17
100
AcDbEntity
  8
0
 62
8
100
AcDbCircle
 10
65.15384684896188
 20
8.009915955537341
 30
0.0
 40
0.025
  0
CIRCLE
  5
5D4
330
17
100
AcDbEntity
  8
0
 62
8
100
AcDbCircle
 10
65.03985785182486
 20
8.009915955537341
 30
0.0
 40
0.025
  0
CIRCLE
  5
5D5
330
17
100
AcDbEntity
  8
0
 62
8
100
AcDbCircle
 10
65.38182484323588
 20
8.009915955537341
 30
0.0
 40
0.025
  0
CIRCLE
  5
5D6
330
17
100
AcDbEntity
  8
0
 62
8
100
AcDbCircle
 10
65.49581384037288
 20
8.009915955537341
 30
0.0
 40
0.025
  0
CIRCLE
  5
5D7
330
17
100
AcDbEntity
  8
0
 62
8
100
AcDbCircle
 10
64.98286335325636
 20
8.06691045410584
 30
0.0
 40
0.025
  0
CIRCLE
  5
5D8
330
17
100
AcDbEntity
  8
0
 62
8
100
AcDbCircle
 10
65.09685235039336
 20
8.06691045410584
 30
0.0
 40
0.025
  0
CIRCLE
  5
5D9
330
17
100
AcDbEntity
  8
0
 62
8
100
AcDbCircle
 10
65.21084134753038
 20
8.06691045410584
 30
0.0
 40
0.025
  0
CIRCLE
  5
5DA
330
17
100
AcDbEntity
  8
0
 62
8
100
AcDbCircle
 10
65.32483034466739
 20
8.06691045410584
 30
0.0
 40
0.025
  0
CIRCLE
  5
5DB
330
17
100
AcDbEntity
  8
0
 62
8
100
AcDbCircle
 10
65.43881934180439
 20
8.06691045410584
 30
0.0
 40
0.025
  0
CIRCLE
  5
5DC
330
17
100
AcDbEntity
  8
0
 62
8
100
AcDbCircle
 10
64.92586885468785
 20
8.12390495267434
 30
0.0
 40
0.025
  0
CIRCLE
  5
5DD
330
17
100
AcDbEntity
  8
0
 62
8
100
AcDbCircle
 10
65.26783584609888
 20
8.12390495267434
 30
0.0
 40
0.025
  0
CIRCLE
  5
5DE
330
17
100
AcDbEntity
  8
0
 62
8
100
AcDbCircle
 10
65.15384684896188
 20
8.12390495267434
 30
0.0
 40
0.025
  0
CIRCLE
  5
5DF
330
17
100
AcDbEntity
  8
0
 62
8
100
AcDbCircle
 10
65.03985785182486
 20
8.12390495267434
 30
0.0
 40
0.025
  0
CIRCLE
  5
5E0
330
17
100
AcDbEntity
  8
0
 62
8
100
AcDbCircle
 10
65.38182484323588
 20
8.12390495267434
 30
0.0
 40
0.025
  0
CIRCLE
  5
5E1
330
17
100
AcDbEntity
  8
0
 62
8
100
AcDbCircle
 10
64.98286335325636
 20
8.18089945124284
 30
0.0
 40
0.025
  0
CIRCLE
  5
5E2
330
17
100
AcDbEntity
  8
0
 62
8
100
AcDbCircle
 10
65.09685235039336
 20
8.18089945124284
 30
0.0
 40
0.025
  0
CIRCLE
  5
5E3
330
17
100
AcDbEntity
  8
0
 62
8
100
AcDbCircle
 10
65.21084134753038
 20
8.18089945124284
 30
0.0
 40
0.025
  0
CIRCLE
  5
5E4
330
17
100
AcDbEntity
  8
0
 62
8
100
AcDbCircle
 10
65.32483034466739
 20
8.18089945124284
 30
0.0
 40
0.025
  0
CIRCLE
  5
5E5
330
17
100
AcDbEntity
  8
0
 62
8
100
AcDbCircle
 10
64.92586885468785
 20
8.23789394981134
 30
0.0
 40
0.025
  0
CIRCLE
  5
5E6
330
17
100
AcDbEntity
  8
0
 62
8
100
AcDbCircle
 10
65.26783584609888
 20
8.23789394981134
 30
0.0
 40
0.025
  0
CIRCLE
  5
5E7
330
17
100
AcDbEntity
  8
0
 62
8
100
AcDbCircle
 10
65.15384684896188
 20
8.23789394981134
 30
0.0
 40
0.025
  0
CIRCLE
  5
5E8
330
17
100
AcDbEntity
  8
0
 62
8
100
AcDbCircle
 10
65.03985785182486
 20
8.23789394981134
 30
0.0
 40
0.025
  0
CIRCLE
  5
5E9
330
17
100
AcDbEntity
  8
0
 62
8
100
AcDbCircle
 10
64.98286335325636
 20
8.29488844837984
 30
0.0
 40
0.025
  0
CIRCLE
  5
5EA
330
17
100
AcDbEntity
  8
0
 62
8
100
AcDbCircle
 10
65.09685235039336
 20
8.29488844837984
 30
0.0
 40
0.025
  0
CIRCLE
  5
5EB
330
17
100
AcDbEntity
  8
0
 62
8
100
AcDbCircle
 10
65.21084134753038
 20
8.29488844837984
 30
0.0
 40
0.025
  0
CIRCLE
  5
5EC
330
17
100
AcDbEntity
  8
0
 62
8
100
AcDbCircle
 10
64.92586885468785
 20
8.351882946948338
 30
0.0
 40
0.025
  0
CIRCLE
  5
5ED
330
17
100
AcDbEntity
  8
0
 62
8
100
AcDbCircle
 10
65.15384684896188
 20
8.351882946948338
 30
0.0
 40
0.025
  0
CIRCLE
  5
5EE
330
17
100
AcDbEntity
  8
0
 62
8
100
AcDbCircle
 10
65.03985785182486
 20
8.351882946948338
 30
0.0
 40
0.025
  0
CIRCLE
  5
5EF
330
17
100
AcDbEntity
  8
0
 62
8
100
AcDbCircle
 10
64.98286335325636
 20
8.40887744551684
 30
0.0
 40
0.025
  0
CIRCLE
  5
5F0
330
17
100
AcDbEntity
  8
0
 62
8
100
AcDbCircle
 10
65.09685235039336
 20
8.40887744551684
 30
0.0
 40
0.025
  0
CIRCLE
  5
5F1
330
17
100
AcDbEntity
  8
0
 62
8
100
AcDbCircle
 10
64.92586885468785
 20
8.46587194408534
 30
0.0
 40
0.025
  0
CIRCLE
  5
5F2
330
17
100
AcDbEntity
  8
0
 62
8
100
AcDbCircle
 10
65.03985785182486
 20
8.46587194408534
 30
0.0
 40
0.025
  0
CIRCLE
  5
5F3
330
17
100
AcDbEntity
  8
0
 62
8
100
AcDbCircle
 10
64.98286335325636
 20
8.52286644265384
 30
0.0
 40
0.025
  0
CIRCLE
  5
5F4
330
17
100
AcDbEntity
  8
0
 62
8
100
AcDbCircle
 10
64.92586885468785
 20
8.57986094122234
 30
0.0
 40
0.025
  0
LINE
  5
5F5
330
17
100
AcDbEntity
  8
0
 62
8
100
AcDbLine
 10
64.85086885468786
 20
6.763932459831845
 30
0.0
 11
63.85086885468786
 21
7.763932459831845
 31
0.0
  0
LINE
  5
5F6
330
17
100
AcDbEntity
  8
0
 62
8
100
AcDbLine
 10
63.85086885468786
 20
7.763932459831845
 30
0.0
 11
64.85086885468786
 21
8.763932459831844
 31
0.0
  0
LINE
  5
5F7
330
17
100
AcDbEntity
  8
0
 62
8
100
AcDbLine
 10
64.85086885468786
 20
8.763932459831844
 30
0.0
 11
65.85086885468786
 21
7.763932459831845
 31
0.0
  0
LINE
  5
5F8
330
17
100
AcDbEntity
  8
0
 62
8
100
AcDbLine
 10
65.85086885468786
 20
7.763932459831845
 30
0.0
 11
64.85086885468786
 21
6.763932459831845
 31
0.0
  0
LWPOLYLINE
  5
5F9
330
17
100
AcDbEntity
  8
0
 62
8
100
AcDbPolyline
 90
4
 70
1
 10
63.85086885468786
 20
7.763932459831845
 10
64.85086885468786
 20
6.763932459831845
 10
65.85086885468786
 20
7.763932459831845
 10
64.85086885468786
 20
8.763932459831844
  0
LWPOLYLINE
  5
5FA
330
17
100
AcDbEntity
  8
0-cortes
 62
251
100
AcDbPolyline
 90
285
 70
0
 10
18.30535260020739
 20
1.433789820099534
 10
18.2949538409587
 20
1.447648544618591
 10
18.28109123157598
 20
1.443261258686998
 10
18.26792367289503
 20
1.439093944773766
 10
18.23210352379536
 20
1.43471401834665
 10
18.22971847986984
 20
1.454219512432718
 10
18.22534162696699
 20
1.468397326413839
 10
18.21585118221802
 20
1.480658356491929
 10
18.21585118221802
 20
1.498012037600531
 10
18.19525190696473
 20
1.500094139398392
 10
18.20044227553243
 20
1.513581060024687
 10
18.20261574237012
 20
1.536235602343516
 10
18.19517981851235
 20
1.552497242305001
 10
18.18727103546875
 20
1.56979297916974
 10
18.18727103546875
 20
1.608486659329066
 10
18.20342313303642
 20
1.635326651180566
 10
18.22165069820793
 20
1.660987493544372
 10
18.24881002262297
 20
1.687022264394414
 10
18.29531788764317
 20
1.697063094085876
 10
18.33438261996029
 20
1.698552434249666
 10
18.35781857581256
 20
1.685535048824462
 10
18.36695218272249
 20
1.684986903657428
 10
18.37650390265609
 20
1.694069541602857
 10
18.37650390265609
 20
1.706878716847985
 10
18.373151789623
 20
1.72314460599679
 10
18.37695085106058
 20
1.736280968667283
 10
18.39052871105699
 20
1.751607787413174
 10
18.40746949735413
 20
1.756279768896941
 10
18.43053780209951
 20
1.745916000967433
 10
18.43360516574629
 20
1.726648060960972
 10
18.44616297414203
 20
1.709132910733526
 10
18.43871623701629
 20
1.694534827616998
 10
18.44601519281483
 20
1.674975818277196
 10
18.44601519281483
 20
1.658918139308472
 10
18.4547775441952
 20
1.654685948714927
 10
18.45959665723345
 20
1.661839455606703
 10
18.46339211424882
 20
1.651035896787334
 10
18.45010621248449
 20
1.641549586044433
 10
18.43900819524848
 20
1.643153654266196
 10
18.43837894238656
 20
1.638800061936468
 10
18.42703430331634
 20
1.627828960114147
 10
18.4163760256395
 20
1.634396079152292
 10
18.4044021337077
 20
1.629726222262728
 10
18.41275358090983
 20
1.611913628921143
 10
18.41859995439385
 20
1.574964820380714
 10
18.42561776522829
 20
1.558127415534439
 10
18.41064499367943
 20
1.538013887246808
 10
18.38982584864656
 20
1.519304715375863
 10
18.38023448006428
 20
1.504806488161872
 10
18.38491302062042
 20
1.488202788619219
 10
18.39801509683142
 20
1.497087839353415
 10
18.40994573569188
 20
1.49287901929031
 10
18.4148765858312
 20
1.465529124957271
 10
18.43483066943592
 20
1.443233638969246
 10
18.45816570145488
 20
1.44822006031606
 10
18.4522940970127
 20
1.460249509684004
 10
18.46065996190535
 20
1.476825589508536
 10
18.47797560815471
 20
1.485625656495628
 10
18.47797560815471
 20
1.502201736320525
 10
18.47093256636211
 20
1.526407232019451
 10
18.44642609699307
 20
1.547529942301302
 10
18.45457209210625
 20
1.576770725001395
 10
18.47294383418242
 20
1.612034730760278
 10
18.487934627844
 20
1.62849183333952
 10
18.49501371386274
 20
1.656417492556983
 10
18.51100293258938
 20
1.675925511648589
 10
18.54109625701418
 20
1.685560543948742
 10
18.57918058637998
 20
1.677569947150065
 10
18.64336453991101
 20
1.666524184652431
 10
18.69273792091136
 20
1.651248356154365
 10
18.72894434609376
 20
1.618344773964725
 10
18.76524448626416
 20
1.498249992091476
 10
18.79295889176209
 20
1.457296324480697
 10
18.78811094334313
 20
1.410270568156413
 10
18.80297197779058
 20
1.380796080152332
 10
18.80297197779058
 20
1.323969573221738
 10
18.81715538078655
 20
1.298635918283299
 10
18.81488819896064
 20
1.2665248095328
 10
18.81450973458599
 20
1.172458424728802
 10
18.80619433160965
 20
1.12788020031434
 10
18.80397318426996
 20
1.11597280330066
 10
18.83491797544028
 20
1.105591088107107
 10
18.85871866874826
 20
1.097606157203134
 10
18.86061390427304
 20
1.069700327214881
 10
18.83756362164085
 20
1.057989566898033
 10
18.81186408838543
 20
1.065546746587283
 10
18.81146760189771
 20
1.011061541882813
 10
18.79328328979742
 20
0.9822796714153341
 10
18.78040108336635
 20
0.9629649903480056
 10
18.78835604408076
 20
0.8955537577462315
 10
18.78646372220729
 20
0.8330652086814929
 10
18.78618526378401
 20
0.8238699110511866
 10
18.76058195013028
 20
0.8246452484723292
 10
18.76058195013028
 20
0.8546510803832774
 10
18.76058195013028
 20
0.9250941081543012
 10
18.75464027492663
 20
0.9375909681298573
 10
18.75464027492663
 20
0.9269871211155624
 10
18.7474422429614
 20
0.8879795813077073
 10
18.74024060657374
 20
0.8697994332610505
 10
18.72867820744731
 20
0.8743796046691443
 10
18.72867820744731
 20
0.9118387682381552
 10
18.72867820744731
 20
0.9269871211155624
 10
18.70349351799897
 20
0.9061576047605264
 10
18.66788182254837
 20
0.8910092518831191
 10
18.6231761688363
 20
0.8822984178300821
 10
18.60347439481499
 20
0.8822984178300821
 10
18.58150183454476
 20
0.9023694542445284
 10
18.58150183454476
 20
0.8694212555874933
 10
18.58201366255643
 20
0.8458042723353109
 10
18.57385685417515
 20
0.8246008274944038
 10
18.56178564283292
 20
0.8056027108839636
 10
18.54767072386668
 20
0.7859990850774992
 10
18.54975408013903
 20
0.7573361918560373
 10
18.57080751264178
 20
0.6600744181701046
 10
18.58179018835407
 20
0.6256984925659453
 10
18.60471792061734
 20
0.5672084287903978
 10
18.6226282965985
 20
0.5359344099467976
 10
18.63452649565548
 20
0.4936528712910651
 10
18.6647531837173
 20
0.4443113078649362
 10
18.68847749337889
 20
0.3987961376414013
 10
18.69230178577496
 20
0.3479269913656111
 10
18.7041639406057
 20
0.3299486797175035
 10
18.72159853280144
 20
0.2524647485195608
 10
18.72301507088983
 20
0.2096924287254147
 10
18.73142058443117
 20
0.1946927974048904
 10
18.73041495052136
 20
0.1807002234847488
 10
18.72063615196285
 20
0.1725800264722999
 10
18.71567286202006
 20
0.1585980755206364
 10
18.72184002911687
 20
0.1473207323124903
 10
18.72905968761771
 20
0.1694228802765991
 10
18.74079208323409
 20
0.1736338249335496
 10
18.74485426752304
 20
0.1694228802765991
 10
18.73673350336802
 20
0.1525833508368457
 10
18.73507907338698
 20
0.1373967552732047
 10
18.74109485473381
 20
0.1207059473899719
 10
18.75200544199405
 20
0.0965471927519168
 10
18.75442040514682
 20
0.0764995268679094
 10
18.76180947151071
 20
0.0620289193716701
 10
18.77326793100841
 20
0.0462028211130914
 10
18.76618163614459
 20
0.0270581075396059
 10
18.74868937318664
 20
0.0154514523122487
 10
18.71868255490475
 20
0.0059545186008698
 10
18.69138986685303
 20
0.0042973355370748
 10
18.67616118129823
 20
0.0050515662903479
 10
18.6577642082639
 20
0.0104777785273882
 10
18.64660610094589
 20
0.0137688774684328
 10
18.62700046123226
 20
0.0076138262581402
 10
18.61358119583136
 20
0.0026401524732798
 10
18.59050928666355
 20
-0.0011288766999655
 10
18.54104939952041
 20
-0.0029369059141224
 10
18.52356434540801
 20
0.0025424211645841
 10
18.49901526165107
 20
0.01023541762439
 10
18.4776331880062
 20
0.0163352832796555
 10
18.47876858113049
 20
0.0294673967628292
 10
18.4834002641924
 20
0.0387263759832628
 10
18.48812566224277
 20
0.0579985651770407
 10
18.49625363524289
 20
0.0644212118456196
 10
18.55550673863505
 20
0.0644212118456196
 10
18.56779421533432
 20
0.0764209169023289
 10
18.56474487380095
 20
0.0950323574642127
 10
18.5684394069829
 20
0.1067749866864958
 10
18.58653360851739
 20
0.1111325283064914
 10
18.59927524246647
 20
0.1292701844795978
 10
18.59927524246647
 20
0.1450197973664409
 10
18.6048476798317
 20
0.1600406746235556
 10
18.6048476798317
 20
0.1748214727958874
 10
18.60606237025335
 20
0.1942062654541594
 10
18.61866343172077
 20
0.2186773353621483
 10
18.60800154962104
 20
0.2504187648137304
 10
18.57309632100342
 20
0.3440602308833043
 10
18.5543857632014
 20
0.4030835676700911
 10
18.54812848553914
 20
0.4201631761949934
 10
18.53671688353521
 20
0.4228996528439524
 10
18.5058269817121
 20
0.4396329526003698
 10
18.48863749025433
 20
0.4547196922614738
 10
18.46226392996963
 20
0.4913349395953795
 10
18.45054234762089
 20
0.5233121989444243
 10
18.42752090036973
 20
0.5694243799897089
 10
18.41136161524358
 20
0.6017915840655271
 10
18.39965239226289
 20
0.6252452707122558
 10
18.37357350706922
 20
0.5999038008006892
 10
18.34113009909814
 20
0.5620010497019124
 10
18.31884755848345
 20
0.5291760774778496
 10
18.30597762772758
 20
0.5102170580871146
 10
18.29283654381553
 20
0.4908585961474153
 10
18.27545751902634
 20
0.4639191828587173
 10
18.26295017254737
 20
0.4029603412371188
 10
18.24926778429498
 20
0.363884814431799
 10
18.21877797338246
 20
0.3162110570379433
 10
18.18867744011246
 20
0.2650210971175788
 10
18.171870017452
 20
0.245874258950618
 10
18.16335396240132
 20
0.2361728590889491
 10
18.1475690001719
 20
0.1830202797739133
 10
18.13139956031413
 20
0.1604889638880564
 10
18.11400461676707
 20
0.1558339791539254
 10
18.10469439314889
 20
0.1355079914992636
 10
18.10420419167295
 20
0.1230175053045031
 10
18.11473991898109
 20
0.137957648002196
 10
18.13139956031413
 20
0.1438342740975784
 10
18.13402051641746
 20
0.1364041283094899
 10
18.12875483216695
 20
0.1345466779084674
 10
18.11645201972377
 20
0.1244877241251778
 10
18.10371399019724
 20
0.1048947212871916
 10
18.10101788208002
 20
0.0813839677187112
 10
18.09979598281328
 20
0.0559143387853425
 10
18.09562927026847
 20
0.0392596489945021
 10
18.10028257986645
 20
0.0177077707912687
 10
18.08338144221788
 20
0.0039935186421438
 10
18.04124213740855
 20
0.0047286280522982
 10
18.00228553776996
 20
0.0216255215214041
 10
17.97900457209031
 20
0.0432177670047125
 10
17.95808810764689
 20
0.0570552455868096
 10
17.91902337532989
 20
0.062128775274207
 10
17.87719044644329
 20
0.0842670413307119
 10
17.84889212448141
 20
0.1070214395520779
 10
17.83058886643474
 20
0.1320810219071795
 10
17.82674294750306
 20
0.1543743833017288
 10
17.83797072395354
 20
0.1719022810911319
 10
17.85396715152527
 20
0.1754376049607522
 10
17.86473356188052
 20
0.1709780828440159
 10
17.88749549070352
 20
0.1559125891198683
 10
17.91087017137128
 20
0.1482236846230123
 10
17.92425339254638
 20
0.1626772953699742
 10
17.94455350072215
 20
0.1596008837336953
 10
17.95916583000943
 20
0.1722082225799042
 10
17.97838821582267
 20
0.1717471857530839
 10
17.99146145665262
 20
0.1866618333268697
 10
18.00207287683558
 20
0.1868148040714388
 10
18.02249553538039
 20
0.1938599566856744
 10
18.03358634377142
 20
0.205562218628252
 10
18.04217386061592
 20
0.2146231786601156
 10
18.03512903665129
 20
0.2309723589387893
 10
18.04599997526251
 20
0.2499301082691581
 10
18.05572043173667
 20
0.266881540321652
 10
18.06624241267654
 20
0.2763366830119587
 10
18.08526295082337
 20
0.2849774054736898
 10
18.11172662167352
 20
0.3504871267395622
 10
18.13475888219265
 20
0.4094021092491751
 10
18.14788258493926
 20
0.4341557501155045
 10
18.14540634660185
 20
0.4509889057744623
 10
18.13872014264829
 20
0.4631182110445771
 10
18.14837639083786
 20
0.4801978195694794
 10
18.14837639083786
 20
0.4992596739900677
 10
18.14837639083786
 20
0.5101503411496539
 10
18.15038044981274
 20
0.5247271783295915
 10
18.17346677667107
 20
0.5763420569840179
 10
18.18356039517281
 20
0.5989086998868558
 10
18.19968895120579
 20
0.6196391514147664
 10
18.2243251797892
 20
0.6723779401213826
 10
18.24353490737693
 20
0.713500215023565
 10
18.25598642805213
 20
0.7508774270947072
 10
18.28292948711024
 20
0.8077379275238492
 10
18.2977214718076
 20
0.8389548598854653
 10
18.31710662235972
 20
0.8518784856422918
 10
18.31710662235972
 20
0.8735748362150914
 10
18.31012125132887
 20
0.8880369453366938
 10
18.29340754365629
 20
0.8935247707900408
 10
18.28031988513582
 20
0.9298744439152457
 10
18.26681411359212
 20
0.9413727448650597
 10
18.25981432487075
 20
0.9763733010087207
 10
18.25006075727075
 20
0.9903722487100274
 10
18.22673653851976
 20
0.9950654761303886
 10
18.22032787510742
 20
1.019899851556139
 10
18.22032787510742
 20
1.039125299689043
 10
18.24837388748623
 20
1.044332678777895
 10
18.25959445509128
 20
1.05835074782195
 10
18.2471736147551
 20
1.087990954132557
 10
18.24117585552134
 20
1.139370002889517
 10
18.24117585552134
 20
1.188356759172528
 10
18.22872257538123
 20
1.207227400162313
 10
18.2287946638335
 20
1.228358608818801
 10
18.23936643536778
 20
1.253020892156865
 10
18.25925563936531
 20
1.27692682014818
 10
18.27384634211663
 20
1.310865079456316
 10
18.29104304241983
 20
1.330736404065319
 10
18.30019467144317
 20
1.351017775252955
 10
18.30552921691564
 20
1.367610851827127
 10
18.30049023409757
 20
1.375017185366012
 10
18.25849871061579
 20
1.377683550423661
 10
18.25553587522521
 20
1.382128200384237
 10
18.26208511111921
 20
1.392434604284396
 10
18.27684522173369
 20
1.407485225853108
 10
18.28747463065887
 20
1.418323844574235
 10
18.29972609650284
 20
1.420950900542813
 10
18.30535260020739
 20
1.433789820099534
  0
LWPOLYLINE
  5
5FB
330
17
100
AcDbEntity
  8
0-cortes
 62
251
100
AcDbPolyline
 90
28
 70
0
 10
18.51374950262326
 20
1.133253297709348
 10
18.5000202568771
 20
1.152315152129574
 10
18.5000202568771
 20
1.213567187677991
 10
18.49366565980441
 20
1.262872633011365
 10
18.49095152957412
 20
1.311521578900528
 10
18.48840320278433
 20
1.324105547216667
 10
18.49621038217166
 20
1.356123173845425
 10
18.48362013397233
 20
1.365998285230361
 10
18.47453698897872
 20
1.385431943543345
 10
18.46609182678825
 20
1.395307054928281
 10
18.46609182678825
 20
1.409803157548797
 10
18.47390261059812
 20
1.403909534704141
 10
18.48218557377076
 20
1.386866044271627
 10
18.4944550283573
 20
1.37491945405695
 10
18.50576931095035
 20
1.381131765952336
 10
18.51469386134878
 20
1.370778620991305
 10
18.52282183434889
 20
1.343539205529651
 10
18.51931473114317
 20
1.329361791959865
 10
18.52011130854149
 20
1.301965156566321
 10
18.52664612674497
 20
1.279981985847864
 10
18.53492908991771
 20
1.265009974245096
 10
18.53410728156078
 20
1.228690045431488
 10
18.53181126435417
 20
1.190664067899735
 10
18.52266269349847
 20
1.191216460697091
 10
18.51726021025153
 20
1.186325647622496
 10
18.51700429624592
 20
1.162591811718503
 10
18.51878848544098
 20
1.140389807851853
 10
18.51374950262326
 20
1.133253297709348
  0
LINE
  5
5FC
330
17
100
AcDbEntity
  8
0
 62
3
100
AcDbLine
 10
0.9698766607960445
 20
6.611820983235261
 30
0.0
 11
0.9698766607960445
 21
9.011820983235264
 31
0.0
  0
LINE
  5
5FD
330
17
100
AcDbEntity
  8
0
 62
3
100
AcDbLine
 10
0.9798766607960446
 20
6.611820983235261
 30
0.0
 11
0.9798766607960446
 21
9.011820983235264
 31
0.0
  0
ENDSEC
  0
SECTION
  2
OBJECTS
  0
DICTIONARY
  5
A
330
0
100
AcDbDictionary
281
1
  3
ACAD_COLOR
350
B
  3
ACAD_GROUP
350
C
  3
ACAD_LAYOUT
350
D
  3
ACAD_MATERIAL
350
E
  3
ACAD_MLEADERSTYLE
350
F
  3
ACAD_MLINESTYLE
350
10
  3
ACAD_PLOTSETTINGS
350
11
  3
ACAD_PLOTSTYLENAME
350
12
  3
ACAD_SCALELIST
350
14
  3
ACAD_TABLESTYLE
350
15
  3
ACAD_VISUALSTYLE
350
16
  3
EZDXF_META
350
2D
  0
DICTIONARY
  5
B
330
A
100
AcDbDictionary
281
1
  0
DICTIONARY
  5
C
330
A
100
AcDbDictionary
281
1
  0
DICTIONARY
  5
D
330
A
100
AcDbDictionary
281
1
  3
Model
350
1A
  3
Layout1
350
1E
  0
DICTIONARY
  5
E
330
A
100
AcDbDictionary
281
1
  3
ByBlock
350
1F
  3
ByLayer
350
20
  3
Global
350
21
  0
DICTIONARY
  5
F
330
A
100
AcDbDictionary
281
1
  3
Standard
350
2C
  0
DICTIONARY
  5
10
330
A
100
AcDbDictionary
281
1
  3
Standard
350
22
  0
DICTIONARY
  5
11
330
A
100
AcDbDictionary
281
1
  0
ACDBDICTIONARYWDFLT
  5
12
330
A
100
AcDbDictionary
281
1
  3
Normal
350
13
100
AcDbDictionaryWithDefault
340
13
  0
ACDBPLACEHOLDER
  5
13
330
12
  0
DICTIONARY
  5
14
330
A
100
AcDbDictionary
281
1
  0
DICTIONARY
  5
15
330
A
100
AcDbDictionary
281
1
  0
DICTIONARY
  5
16
330
A
100
AcDbDictionary
281
1
  0
LAYOUT
  5
1A
330
D
100
AcDbPlotSettings
  1

  4
A3
  6

 40
7.5
 41
20.0
 42
7.5
 43
20.0
 44
420.0
 45
297.0
 46
0.0
 47
0.0
 48
0.0
 49
0.0
140
0.0
141
0.0
142
1.0
143
1.0
 70
1024
 72
1
 73
0
 74
5
  7

 75
16
 76
0
 77
2
 78
300
147
1.0
148
0.0
149
0.0
100
AcDbLayout
  1
Model
 70
1
 71
0
 10
0.0
 20
0.0
 11
420.0
 21
297.0
 12
0.0
 22
0.0
 32
0.0
 14
1e+20
 24
1e+20
 34
1e+20
 15
-1e+20
 25
-1e+20
 35
-1e+20
146
0.0
 13
0.0
 23
0.0
 33
0.0
 16
1.0
 26
0.0
 36
0.0
 17
0.0
 27
1.0
 37
0.0
 76
1
330
17
  0
LAYOUT
  5
1E
330
D
100
AcDbPlotSettings
  1

  4
A3
  6

 40
7.5
 41
20.0
 42
7.5
 43
20.0
 44
420.0
 45
297.0
 46
0.0
 47
0.0
 48
0.0
 49
0.0
140
0.0
141
0.0
142
1.0
143
1.0
 70
0
 72
1
 73
0
 74
5
  7

 75
16
 76
0
 77
2
 78
300
147
1.0
148
0.0
149
0.0
100
AcDbLayout
  1
Layout1
 70
1
 71
1
 10
0.0
 20
0.0
 11
420.0
 21
297.0
 12
0.0
 22
0.0
 32
0.0
 14
1e+20
 24
1e+20
 34
1e+20
 15
-1e+20
 25
-1e+20
 35
-1e+20
146
0.0
 13
0.0
 23
0.0
 33
0.0
 16
1.0
 26
0.0
 36
0.0
 17
0.0
 27
1.0
 37
0.0
 76
1
330
1B
  0
MATERIAL
  5
1F
102
{ACAD_REACTORS
330
E
102
}
330
E
100
AcDbMaterial
  1
ByBlock
  2

 70
0
 40
1.0
 71
1
 41
1.0
 91
-1023410177
 42
1.0
 72
1
  3

 73
1
 74
1
 75
1
 44
0.5
 73
0
 45
1.0
 46
1.0
 77
1
  4

 78
1
 79
1
170
1
 48
1.0
171
1
  6

172
1
173
1
174
1
140
1.0
141
1.0
175
1
  7

176
1
177
1
178
1
143
1.0
179
1
  8

270
1
271
1
272
1
145
1.0
146
1.0
273
1
  9

274
1
275
1
276
1
 42
1.0
 72
1
  3

 73
1
 74
1
 75
1
 94
63
  0
MATERIAL
  5
20
102
{ACAD_REACTORS
330
E
102
}
330
E
100
AcDbMaterial
  1
ByLayer
  2

 70
0
 40
1.0
 71
1
 41
1.0
 91
-1023410177
 42
1.0
 72
1
  3

 73
1
 74
1
 75
1
 44
0.5
 73
0
 45
1.0
 46
1.0
 77
1
  4

 78
1
 79
1
170
1
 48
1.0
171
1
  6

172
1
173
1
174
1
140
1.0
141
1.0
175
1
  7

176
1
177
1
178
1
143
1.0
179
1
  8

270
1
271
1
272
1
145
1.0
146
1.0
273
1
  9

274
1
275
1
276
1
 42
1.0
 72
1
  3

 73
1
 74
1
 75
1
 94
63
  0
MATERIAL
  5
21
102
{ACAD_REACTORS
330
E
102
}
330
E
100
AcDbMaterial
  1
Global
  2

 70
0
 40
1.0
 71
1
 41
1.0
 91
-1023410177
 42
1.0
 72
1
  3

 73
1
 74
1
 75
1
 44
0.5
 73
0
 45
1.0
 46
1.0
 77
1
  4

 78
1
 79
1
170
1
 48
1.0
171
1
  6

172
1
173
1
174
1
140
1.0
141
1.0
175
1
  7

176
1
177
1
178
1
143
1.0
179
1
  8

270
1
271
1
272
1
145
1.0
146
1.0
273
1
  9

274
1
275
1
276
1
 42
1.0
 72
1
  3

 73
1
 74
1
 75
1
 94
63
  0
MLINESTYLE
  5
22
102
{ACAD_REACTORS
330
10
102
}
330
10
100
AcDbMlineStyle
  2
Standard
 70
0
  3

 62
256
 51
90.0
 52
90.0
 71
2
 49
0.5
 62
256
  6
BYLAYER
 49
-0.5
 62
256
  6
BYLAYER
  0
MLEADERSTYLE
  5
2C
102
{ACAD_REACTORS
330
F
102
}
330
F
100
AcDbMLeaderStyle
179
2
170
2
171
1
172
0
 90
2
 40
0.0
 41
0.0
173
1
 91
-1056964608
 92
-2
290
1
 42
2.0
291
1
 43
8.0
  3
Standard
 44
4.0
300

342
29
174
1
175
1
176
0
178
1
 93
-1056964608
 45
4.0
292
0
297
0
 46
4.0
 94
-1056964608
 47
1.0
 49
1.0
140
1.0
294
1
141
0.0
177
0
142
1.0
295
0
296
0
143
3.75
271
0
272
9
273
9
  0
DICTIONARY
  5
2D
330
A
100
AcDbDictionary
280
1
281
1
  3
CREATED_BY_EZDXF
350
2E
  3
WRITTEN_BY_EZDXF
350
600
  0
DICTIONARYVAR
  5
2E
330
2D
100
DictionaryVariables
280
0
  1
1.4.4 @ 2026-10-03T07:35:17.732782+00:00
  0
DICTIONARYVAR
  5
600
330
2D
100
DictionaryVariables
280
0
  1
1.4.4 @ 2026-10-03T07:35:17.856665+00:00
  0
ENDSEC
  0
EOF
