  0
SECTION
  2
HEADER
  9
$ACADVER
  1
AC1032
  9
$ACADMAINTVER
 90
4
  9
$DWGCODEPAGE
  3
ANSI_1252
  9
$LASTSAVEDBY
  1
ezdxf
  9
$REQUIREDVERSIONS
160
0
  9
$INSBASE
 10
0.0
 20
0.0
 30
0.0
  9
$EXTMIN
 10
1e+20
 20
1e+20
 30
1e+20
  9
$EXTMAX
 10
-1e+20
 20
-1e+20
 30
-1e+20
  9
$LIMMIN
 10
0.0
 20
0.0
  9
$LIMMAX
 10
420.0
 20
297.0
  9
$ORTHOMODE
 70
0
  9
$REGENMODE
 70
1
  9
$FILLMODE
 70
1
  9
$QTEXTMODE
 70
0
  9
$MIRRTEXT
 70
1
  9
$LTSCALE
 40
1.0
  9
$ATTMODE
 70
1
  9
$TEXTSIZE
 40
2.5
  9
$TRACEWID
 40
1.0
  9
$TEXTSTYLE
  7
Standard
  9
$CLAYER
  8
0
  9
$CELTYPE
  6
ByLayer
  9
$CECOLOR
 62
256
  9
$CELTSCALE
 40
1.0
  9
$DISPSILH
 70
0
  9
$DIMSCALE
 40
1.0
  9
$DIMASZ
 40
2.5
  9
$DIMEXO
 40
0.625
  9
$DIMDLI
 40
3.75
  9
$DIMRND
 40
0.0
  9
$DIMDLE
 40
0.0
  9
$DIMEXE
 40
1.25
  9
$DIMTP
 40
0.0
  9
$DIMTM
 40
0.0
  9
$DIMTXT
 40
2.5
  9
$DIMCEN
 40
2.5
  9
$DIMTSZ
 40
0.0
  9
$DIMTOL
 70
0
  9
$DIMLIM
 70
0
  9
$DIMTIH
 70
0
  9
$DIMTOH
 70
0
  9
$DIMSE1
 70
0
  9
$DIMSE2
 70
0
  9
$DIMTAD
 70
1
  9
$DIMZIN
 70
8
  9
$DIMBLK
  1

  9
$DIMASO
 70
1
  9
$DIMSHO
 70
1
  9
$DIMPOST
  1

  9
$DIMAPOST
  1

  9
$DIMALT
 70
0
  9
$DIMALTD
 70
3
  9
$DIMALTF
 40
0.03937007874
  9
$DIMLFAC
 40
1.0
  9
$DIMTOFL
 70
1
  9
$DIMTVP
 40
0.0
  9
$DIMTIX
 70
0
  9
$DIMSOXD
 70
0
  9
$DIMSAH
 70
0
  9
$DIMBLK1
  1

  9
$DIMBLK2
  1

  9
$DIMSTYLE
  2
ISO-25
  9
$DIMCLRD
 70
0
  9
$DIMCLRE
 70
0
  9
$DIMCLRT
 70
0
  9
$DIMTFAC
 40
1.0
  9
$DIMGAP
 40
0.625
  9
$DIMJUST
 70
0
  9
$DIMSD1
 70
0
  9
$DIMSD2
 70
0
  9
$DIMTOLJ
 70
0
  9
$DIMTZIN
 70
8
  9
$DIMALTZ
 70
0
  9
$DIMALTTZ
 70
0
  9
$DIMUPT
 70
0
  9
$DIMDEC
 70
2
  9
$DIMTDEC
 70
2
  9
$DIMALTU
 70
2
  9
$DIMALTTD
 70
3
  9
$DIMTXSTY
  7
Standard
  9
$DIMAUNIT
 70
0
  9
$DIMADEC
 70
0
  9
$DIMALTRND
 40
0.0
  9
$DIMAZIN
 70
0
  9
$DIMDSEP
 70
44
  9
$DIMATFIT
 70
3
  9
$DIMFRAC
 70
0
  9
$DIMLDRBLK
  1

  9
$DIMLUNIT
 70
2
  9
$DIMLWD
 70
-2
  9
$DIMLWE
 70
-2
  9
$DIMTMOVE
 70
0
  9
$DIMFXL
 40
1.0
  9
$DIMFXLON
 70
0
  9
$DIMJOGANG
 40
0.785398163397
  9
$DIMTFILL
 70
0
  9
$DIMTFILLCLR
 70
0
  9
$DIMARCSYM
 70
0
  9
$DIMLTYPE
  6

  9
$DIMLTEX1
  6

  9
$DIMLTEX2
  6

  9
$DIMTXTDIRECTION
 70
0
  9
$LUNITS
 70
2
  9
$LUPREC
 70
4
  9
$SKETCHINC
 40
1.0
  9
$FILLETRAD
 40
10.0
  9
$AUNITS
 70
0
  9
$AUPREC
 70
2
  9
$MENU
  1
.
  9
$ELEVATION
 40
0.0
  9
$PELEVATION
 40
0.0
  9
$THICKNESS
 40
0.0
  9
$LIMCHECK
 70
0
  9
$CHAMFERA
 40
0.0
  9
$CHAMFERB
 40
0.0
  9
$CHAMFERC
 40
0.0
  9
$CHAMFERD
 40
0.0
  9
$SKPOLY
 70
0
  9
$TDCREATE
 40
2461317.3161921296
  9
$TDUCREATE
 40
2458532.153996898
  9
$TDUPDATE
 40
2461317.3161921296
  9
$TDUUPDATE
 40
2458532.1544311
  9
$TDINDWG
 40
0.0
  9
$TDUSRTIMER
 40
0.0
  9
$USRTIMER
 70
1
  9
$ANGBASE
 50
0.0
  9
$ANGDIR
 70
0
  9
$PDMODE
 70
0
  9
$PDSIZE
 40
0.0
  9
$PLINEWID
 40
0.0
  9
$SPLFRAME
 70
0
  9
$SPLINETYPE
 70
6
  9
$SPLINESEGS
 70
8
  9
$HANDSEED
  5
40B
  9
$SURFTAB1
 70
6
  9
$SURFTAB2
 70
6
  9
$SURFTYPE
 70
6
  9
$SURFU
 70
6
  9
$SURFV
 70
6
  9
$UCSBASE
  2

  9
$UCSNAME
  2

  9
$UCSORG
 10
0.0
 20
0.0
 30
0.0
  9
$UCSXDIR
 10
1.0
 20
0.0
 30
0.0
  9
$UCSYDIR
 10
0.0
 20
1.0
 30
0.0
  9
$UCSORTHOREF
  2

  9
$UCSORTHOVIEW
 70
0
  9
$UCSORGTOP
 10
0.0
 20
0.0
 30
0.0
  9
$UCSORGBOTTOM
 10
0.0
 20
0.0
 30
0.0
  9
$UCSORGLEFT
 10
0.0
 20
0.0
 30
0.0
  9
$UCSORGRIGHT
 10
0.0
 20
0.0
 30
0.0
  9
$UCSORGFRONT
 10
0.0
 20
0.0
 30
0.0
  9
$UCSORGBACK
 10
0.0
 20
0.0
 30
0.0
  9
$PUCSBASE
  2

  9
$PUCSNAME
  2

  9
$PUCSORG
 10
0.0
 20
0.0
 30
0.0
  9
$PUCSXDIR
 10
1.0
 20
0.0
 30
0.0
  9
$PUCSYDIR
 10
0.0
 20
1.0
 30
0.0
  9
$PUCSORTHOREF
  2

  9
$PUCSORTHOVIEW
 70
0
  9
$PUCSORGTOP
 10
0.0
 20
0.0
 30
0.0
  9
$PUCSORGBOTTOM
 10
0.0
 20
0.0
 30
0.0
  9
$PUCSORGLEFT
 10
0.0
 20
0.0
 30
0.0
  9
$PUCSORGRIGHT
 10
0.0
 20
0.0
 30
0.0
  9
$PUCSORGFRONT
 10
0.0
 20
0.0
 30
0.0
  9
$PUCSORGBACK
 10
0.0
 20
0.0
 30
0.0
  9
$USERI1
 70
0
  9
$USERI2
 70
0
  9
$USERI3
 70
0
  9
$USERI4
 70
0
  9
$USERI5
 70
0
  9
$USERR1
 40
0.0
  9
$USERR2
 40
0.0
  9
$USERR3
 40
0.0
  9
$USERR4
 40
0.0
  9
$USERR5
 40
0.0
  9
$WORLDVIEW
 70
1
  9
$SHADEDGE
 70
3
  9
$SHADEDIF
 70
70
  9
$TILEMODE
 70
1
  9
$MAXACTVP
 70
64
  9
$PINSBASE
 10
0.0
 20
0.0
 30
0.0
  9
$PLIMCHECK
 70
0
  9
$PEXTMIN
 10
1e+20
 20
1e+20
 30
1e+20
  9
$PEXTMAX
 10
-1e+20
 20
-1e+20
 30
-1e+20
  9
$PLIMMIN
 10
0.0
 20
0.0
  9
$PLIMMAX
 10
420.0
 20
297.0
  9
$UNITMODE
 70
0
  9
$VISRETAIN
 70
1
  9
$PLINEGEN
 70
0
  9
$PSLTSCALE
 70
1
  9
$TREEDEPTH
 70
3020
  9
$CMLSTYLE
  2
Standard
  9
$CMLJUST
 70
0
  9
$CMLSCALE
 40
20.0
  9
$PROXYGRAPHICS
 70
1
  9
$MEASUREMENT
 70
1
  9
$CELWEIGHT
370
-1
  9
$ENDCAPS
280
0
  9
$JOINSTYLE
280
0
  9
$LWDISPLAY
290
0
  9
$INSUNITS
 70
6
  9
$HYPERLINKBASE
  1

  9
$STYLESHEET
  1

  9
$XEDIT
290
1
  9
$CEPSNTYPE
380
0
  9
$PSTYLEMODE
290
1
  9
$FINGERPRINTGUID
  2
{9227E95F-2B98-4E26-B1E4-A34A8CF6ACD8}
  9
$VERSIONGUID
  2
{4CC615E1-A14E-45CB-AB0A-0046CADAC9B1}
  9
$EXTNAMES
290
1
  9
$PSVPSCALE
 40
0.0
  9
$OLESTARTUP
290
0
  9
$SORTENTS
280
127
  9
$INDEXCTL
280
0
  9
$HIDETEXT
280
1
  9
$XCLIPFRAME
280
1
  9
$HALOGAP
280
0
  9
$OBSCOLOR
 70
257
  9
$OBSLTYPE
280
0
  9
$INTERSECTIONDISPLAY
280
0
  9
$INTERSECTIONCOLOR
 70
257
  9
$DIMASSOC
280
2
  9
$PROJECTNAME
  1

  9
$CAMERADISPLAY
290
0
  9
$LENSLENGTH
 40
50.0
  9
$CAMERAHEIGHT
 40
0.0
  9
$STEPSPERSEC
 40
24.0
  9
$STEPSIZE
 40
100.0
  9
$3DDWFPREC
 40
2.0
  9
$PSOLWIDTH
 40
0.005
  9
$PSOLHEIGHT
 40
0.08
  9
$LOFTANG1
 40
1.570796326795
  9
$LOFTANG2
 40
1.570796326795
  9
$LOFTMAG1
 40
0.0
  9
$LOFTMAG2
 40
0.0
  9
$LOFTPARAM
 70
7
  9
$LOFTNORMALS
280
1
  9
$LATITUDE
 40
37.795
  9
$LONGITUDE
 40
-122.394
  9
$NORTHDIRECTION
 40
0.0
  9
$TIMEZONE
 70
-8000
  9
$LIGHTGLYPHDISPLAY
280
1
  9
$TILEMODELIGHTSYNCH
280
1
  9
$CMATERIAL
347
20
  9
$SOLIDHIST
280
0
  9
$SHOWHIST
280
1
  9
$DWFFRAME
280
2
  9
$DGNFRAME
280
2
  9
$REALWORLDSCALE
290
1
  9
$INTERFERECOLOR
 62
256
  9
$CSHADOW
280
0
  9
$SHADOWPLANELOCATION
 40
0.0
  0
ENDSEC
  0
SECTION
  2
CLASSES
  0
CLASS
  1
ACDBDICTIONARYWDFLT
  2
AcDbDictionaryWithDefault
  3
ObjectDBX Classes
 90
0
 91
0
280
0
281
0
  0
CLASS
  1
SUN
  2
AcDbSun
  3
SCENEOE
 90
1153
 91
0
280
0
281
0
  0
CLASS
  1
VISUALSTYLE
  2
AcDbVisualStyle
  3
ObjectDBX Classes
 90
4095
 91
0
280
0
281
0
  0
CLASS
  1
MATERIAL
  2
AcDbMaterial
  3
ObjectDBX Classes
 90
1153
 91
0
280
0
281
0
  0
CLASS
  1
SCALE
  2
AcDbScale
  3
ObjectDBX Classes
 90
1153
 91
0
280
0
281
0
  0
CLASS
  1
TABLESTYLE
  2
AcDbTableStyle
  3
ObjectDBX Classes
 90
4095
 91
0
280
0
281
0
  0
CLASS
  1
MLEADERSTYLE
  2
AcDbMLeaderStyle
  3
ACDB_MLEADERSTYLE_CLASS
 90
4095
 91
0
280
0
281
0
  0
CLASS
  1
DICTIONARYVAR
  2
AcDbDictionaryVar
  3
ObjectDBX Classes
 90
0
 91
0
280
0
281
0
  0
CLASS
  1
CELLSTYLEMAP
  2
AcDbCellStyleMap
  3
ObjectDBX Classes
 90
1152
 91
0
280
0
281
0
  0
CLASS
  1
MENTALRAYRENDERSETTINGS
  2
AcDbMentalRayRenderSettings
  3
SCENEOE
 90
1024
 91
0
280
0
281
0
  0
CLASS
  1
ACDBDETAILVIEWSTYLE
  2
AcDbDetailViewStyle
  3
ObjectDBX Classes
 90
1025
 91
0
280
0
281
0
  0
CLASS
  1
ACDBSECTIONVIEWSTYLE
  2
AcDbSectionViewStyle
  3
ObjectDBX Classes
 90
1025
 91
0
280
0
281
0
  0
CLASS
  1
RASTERVARIABLES
  2
AcDbRasterVariables
  3
ISM
 90
0
 91
0
280
0
281
0
  0
CLASS
  1
ACDBPLACEHOLDER
  2
AcDbPlaceHolder
  3
ObjectDBX Classes
 90
0
 91
0
280
0
281
0
  0
CLASS
  1
LAYOUT
  2
AcDbLayout
  3
ObjectDBX Classes
 90
0
 91
0
280
0
281
0
  0
ENDSEC
  0
SECTION
  2
TABLES
  0
TABLE
  2
VPORT
  5
8
330
0
100
AcDbSymbolTable
 70
1
  0
VPORT
  5
23
330
8
100
AcDbSymbolTableRecord
100
AcDbViewportTableRecord
  2
*Active
 70
0
 10
0.0
 20
0.0
 11
1.0
 21
1.0
 12
0.0
 22
0.0
 13
0.0
 23
0.0
 14
0.5
 24
0.5
 15
0.5
 25
0.5
 16
0.0
 26
0.0
 36
1.0
 17
0.0
 27
0.0
 37
0.0
 40
1000.0
 41
1.34
 42
50.0
 43
0.0
 44
0.0
 50
0.0
 51
0.0
 71
0
 72
1000
 73
1
 74
3
 75
0
 76
0
 77
0
 78
0
281
0
 65
0
146
0.0
  0
ENDTAB
  0
TABLE
  2
LTYPE
  5
2
330
0
100
AcDbSymbolTable
 70
3
  0
LTYPE
  5
24
330
2
100
AcDbSymbolTableRecord
100
AcDbLinetypeTableRecord
  2
ByBlock
 70
0
  3

 72
65
 73
0
 40
0.0
  0
LTYPE
  5
25
330
2
100
AcDbSymbolTableRecord
100
AcDbLinetypeTableRecord
  2
ByLayer
 70
0
  3

 72
65
 73
0
 40
0.0
  0
LTYPE
  5
26
330
2
100
AcDbSymbolTableRecord
100
AcDbLinetypeTableRecord
  2
Continuous
 70
0
  3

 72
65
 73
0
 40
0.0
  0
ENDTAB
  0
TABLE
  2
LAYER
  5
1
330
0
100
AcDbSymbolTable
 70
13
  0
LAYER
  5
27
330
1
100
AcDbSymbolTableRecord
100
AcDbLayerTableRecord
  2
0
 70
0
 62
7
  6
Continuous
370
-3
390
13
347
21
  0
LAYER
  5
28
330
1
100
AcDbSymbolTableRecord
100
AcDbLayerTableRecord
  2
Defpoints
 70
0
 62
7
  6
Continuous
290
0
370
-3
390
13
347
21
  0
LAYER
  5
1EC
330
1
100
AcDbSymbolTableRecord
100
AcDbLayerTableRecord
  2
0-LOUVRE
 70
0
 62
7
  6
Continuous
370
-3
390
13
347
21
  0
LAYER
  5
1EE
330
1
100
AcDbSymbolTableRecord
100
AcDbLayerTableRecord
  2
A-WALL
 70
0
 62
7
  6
Continuous
370
-3
390
13
347
21
  0
LAYER
  5
1F0
330
1
100
AcDbSymbolTableRecord
100
AcDbLayerTableRecord
  2
A-ROOF
 70
0
 62
7
  6
Continuous
370
-3
390
13
347
21
  0
LAYER
  5
204
330
1
100
AcDbSymbolTableRecord
100
AcDbLayerTableRecord
  2
A-FLOR
 70
0
 62
7
  6
Continuous
370
-3
390
13
347
21
  0
LAYER
  5
20A
330
1
100
AcDbSymbolTableRecord
100
AcDbLayerTableRecord
  2
A-FLOR-LEVL
 70
0
 62
7
  6
Continuous
370
-3
390
13
347
21
  0
LAYER
  5
20C
330
1
100
AcDbSymbolTableRecord
100
AcDbLayerTableRecord
  2
0-VENTANAS
 70
0
 62
7
  6
Continuous
370
-3
390
13
347
21
  0
LAYER
  5
2AC
330
1
100
AcDbSymbolTableRecord
100
AcDbLayerTableRecord
  2
A-GLAZ-CWMG
 70
0
 62
7
  6
Continuous
370
-3
390
13
347
21
  0
LAYER
  5
30D
330
1
100
AcDbSymbolTableRecord
100
AcDbLayerTableRecord
  2
0-cortes
 70
0
 62
7
  6
Continuous
370
-3
390
13
347
21
  0
LAYER
  5
3AD
330
1
100
AcDbSymbolTableRecord
100
AcDbLayerTableRecord
  2
0-COD LOU
 70
0
 62
7
  6
Continuous
370
-3
390
13
347
21
  0
LAYER
  5
3B3
330
1
100
AcDbSymbolTableRecord
100
AcDbLayerTableRecord
  2
0-EJES
 70
0
 62
7
  6
Continuous
370
-3
390
13
347
21
  0
LAYER
  5
3EF
330
1
100
AcDbSymbolTableRecord
100
AcDbLayerTableRecord
  2
0-TEXTO
 70
0
 62
7
  6
Continuous
370
-3
390
13
347
21
  0
ENDTAB
  0
TABLE
  2
STYLE
  5
5
330
0
100
AcDbSymbolTable
 70
1
  0
STYLE
  5
29
330
5
100
AcDbSymbolTableRecord
100
AcDbTextStyleTableRecord
  2
Standard
 70
0
 40
0.0
 41
1.0
 50
0.0
 71
0
 42
2.5
  3
txt
  4

  0
ENDTAB
  0
TABLE
  2
VIEW
  5
7
330
0
100
AcDbSymbolTable
 70
0
  0
ENDTAB
  0
TABLE
  2
UCS
  5
6
330
0
100
AcDbSymbolTable
 70
0
  0
ENDTAB
  0
TABLE
  2
APPID
  5
3
330
0
100
AcDbSymbolTable
 70
3
  0
APPID
  5
2A
330
3
100
AcDbSymbolTableRecord
100
AcDbRegAppTableRecord
  2
ACAD
 70
0
  0
APPID
  5
408
330
3
100
AcDbSymbolTableRecord
100
AcDbRegAppTableRecord
  2
HATCHBACKGROUNDCOLOR
 70
0
  0
APPID
  5
409
330
3
100
AcDbSymbolTableRecord
100
AcDbRegAppTableRecord
  2
EZDXF
 70
0
  0
ENDTAB
  0
TABLE
  2
DIMSTYLE
  5
4
330
0
100
AcDbSymbolTable
 70
1
100
AcDbDimStyleTable
  0
DIMSTYLE
105
2B
330
4
100
AcDbSymbolTableRecord
100
AcDbDimStyleTableRecord
  2
Standard
 70
0
 40
1.0
 41
2.5
 42
0.625
 43
3.75
 44
1.25
 45
0.0
 46
0.0
 47
0.0
 48
0.0
 49
2.5
140
2.5
141
2.5
142
0.0
143
0.03937007874
144
1.0
145
0.0
146
1.0
147
0.625
148
0.0
 69
0
 70
0
 71
0
 72
0
 73
0
 74
0
 75
0
 76
0
 77
1
 78
8
 79
3
170
0
171
3
172
1
173
0
174
0
175
0
176
0
177
0
178
0
179
2
271
2
272
2
273
2
274
3
275
0
276
0
277
2
278
44
279
0
280
0
281
0
282
0
283
0
284
8
285
0
286
0
288
0
289
3
290
0
371
-2
372
-2
  0
ENDTAB
  0
TABLE
  2
BLOCK_RECORD
  5
9
330
0
100
AcDbSymbolTable
 70
2
  0
BLOCK_RECORD
  5
17
330
9
100
AcDbSymbolTableRecord
100
AcDbBlockTableRecord
  2
*Model_Space
340
1A
 70
0
280
1
281
0
  0
BLOCK_RECORD
  5
1B
330
9
100
AcDbSymbolTableRecord
100
AcDbBlockTableRecord
  2
*Paper_Space
340
1E
 70
0
280
1
281
0
  0
ENDTAB
  0
ENDSEC
  0
SECTION
  2
BLOCKS
  0
BLOCK
  5
18
330
17
100
AcDbEntity
  8
0
100
AcDbBlockBegin
  2
*Model_Space
 70
0
 10
0.0
 20
0.0
 30
0.0
  3
*Model_Space
  1

  0
ENDBLK
  5
19
330
17
100
AcDbEntity
  8
0
100
AcDbBlockEnd
  0
BLOCK
  5
1C
330
1B
100
AcDbEntity
  8
0
100
AcDbBlockBegin
  2
*Paper_Space
 70
0
 10
0.0
 20
0.0
 30
0.0
  3
*Paper_Space
  1

  0
ENDBLK
  5
1D
330
1B
100
AcDbEntity
  8
0
100
AcDbBlockEnd
  0
ENDSEC
  0
SECTION
  2
ENTITIES
  0
LINE
  5
2F
330
17
100
AcDbEntity
  8
0
 62
8
100
AcDbLine
 10
25.87965430590526
 20
36.89555051364562
 30
0.0
 11
25.87965430590526
 21
36.89555051364562
 31
0.0
  0
LWPOLYLINE
  5
30
330
17
100
AcDbEntity
  8
0
  6
CONTINUOUS
 62
250
100
AcDbPolyline
 90
8
 70
1
 10
-77.9321138591818
 20
49.114427838547776
 10
-78.9321138591818
 20
48.11442783854776
 10
-79.9321138591818
 20
49.114427838547776
 10
-80.9321138591818
 20
48.11442783854776
 10
-81.9321138591818
 20
49.114427838547776
 10
-82.9321138591818
 20
48.14781163078483
 10
-82.9321138591818
 20
43.11442783854778
 10
-77.9321138591818
 20
43.11442783854778
210
0.0
220
0.0
230
-1.0
  0
LINE
  5
31
330
17
100
AcDbEntity
  8
0
  6
CONTINUOUS
 62
250
100
AcDbLine
 10
82.9321138591818
 20
48.163683043865646
 30
0.0
 11
82.9321138591818
 21
47.78162453357048
 31
0.0
  0
LINE
  5
32
330
17
100
AcDbEntity
  8
0
  6
CONTINUOUS
 62
250
100
AcDbLine
 10
82.9321138591818
 20
47.78162453357048
 30
0.0
 11
82.5929623823058
 21
47.78162453357048
 31
0.0
  0
LINE
  5
33
330
17
100
AcDbEntity
  8
0
  6
CONTINUOUS
 62
250
100
AcDbLine
 10
82.5929623823058
 20
47.78162453357048
 30
0.0
 11
82.9321138591818
 21
47.447639587682865
 31
0.0
  0
LINE
  5
34
330
17
100
AcDbEntity
  8
0
  6
CONTINUOUS
 62
250
100
AcDbLine
 10
82.9321138591818
 20
47.447639587682865
 30
0.0
 11
82.9321138591818
 21
46.907353572238804
 31
0.0
  0
ARC
  5
35
330
17
100
AcDbEntity
  8
0
  6
CONTINUOUS
 62
250
100
AcDbCircle
 10
-82.9321138591818
 20
46.735125279333595
 30
0.0
 40
0.1722282929052101
210
0.0
220
0.0
230
-1.0
100
AcDbArc
 50
-89.9999999999847
 51
89.99999999998697
  0
LINE
  5
36
330
17
100
AcDbEntity
  8
0
  6
CONTINUOUS
 62
250
100
AcDbLine
 10
82.8696184325528
 20
46.06937560989138
 30
0.0
 11
82.0011560666236
 21
45.200913244007104
 31
0.0
  0
LINE
  5
37
330
17
100
AcDbEntity
  8
0
  6
CONTINUOUS
 62
250
100
AcDbLine
 10
82.0011560666236
 20
45.200913244007104
 30
0.0
 11
82.8696184325528
 21
44.3324508780332
 31
0.0
  0
LINE
  5
38
330
17
100
AcDbEntity
  8
0
  6
CONTINUOUS
 62
250
100
AcDbLine
 10
82.9321138591818
 20
43.828662072508706
 30
0.0
 11
82.32020908054099
 21
43.21675729386794
 31
0.0
  0
LINE
  5
39
330
17
100
AcDbEntity
  8
0
  6
CONTINUOUS
 62
250
100
AcDbLine
 10
82.32020908054099
 20
43.21675729386794
 30
0.0
 11
82.9321138591818
 21
43.21675729386794
 31
0.0
  0
LINE
  5
3A
330
17
100
AcDbEntity
  8
0
  6
CONTINUOUS
 62
250
100
AcDbLine
 10
79.10503697848499
 20
47.78162453356781
 30
0.0
 11
78.4264671893353
 21
47.78162453356781
 31
0.0
  0
LINE
  5
3B
330
17
100
AcDbEntity
  8
0
  6
CONTINUOUS
 62
250
100
AcDbLine
 10
78.4264671893353
 20
47.78162453356781
 30
0.0
 11
78.7657520839113
 21
47.44750820242666
 31
0.0
  0
LINE
  5
3C
330
17
100
AcDbEntity
  8
0
  6
CONTINUOUS
 62
250
100
AcDbLine
 10
78.7657520839113
 20
47.44750820242666
 30
0.0
 11
79.10503697848499
 21
47.78162453356781
 31
0.0
  0
LINE
  5
3D
330
17
100
AcDbEntity
  8
0
  6
CONTINUOUS
 62
250
100
AcDbLine
 10
79.9383093335393
 20
47.781624533567815
 30
0.0
 11
79.25973954438959
 21
47.781624533567815
 31
0.0
  0
LINE
  5
3E
330
17
100
AcDbEntity
  8
0
  6
CONTINUOUS
 62
250
100
AcDbLine
 10
79.25973954438959
 20
47.781624533567815
 30
0.0
 11
79.59902443896449
 21
47.447508202426675
 31
0.0
  0
LINE
  5
3F
330
17
100
AcDbEntity
  8
0
  6
CONTINUOUS
 62
250
100
AcDbLine
 10
79.59902443896449
 20
47.447508202426675
 30
0.0
 11
79.9383093335393
 21
47.781624533567815
 31
0.0
  0
LINE
  5
40
330
17
100
AcDbEntity
  8
0
  6
CONTINUOUS
 62
250
100
AcDbLine
 10
80.093011899444
 20
47.78162453357354
 30
0.0
 11
80.4322967940182
 21
47.44750820243183
 31
0.0
  0
LINE
  5
41
330
17
100
AcDbEntity
  8
0
  6
CONTINUOUS
 62
250
100
AcDbLine
 10
80.4322967940182
 20
47.44750820243183
 30
0.0
 11
80.7715816885948
 21
47.78162453357354
 31
0.0
  0
LINE
  5
42
330
17
100
AcDbEntity
  8
0
  6
CONTINUOUS
 62
250
100
AcDbLine
 10
80.7715816885948
 20
47.78162453357354
 30
0.0
 11
80.093011899444
 21
47.78162453357354
 31
0.0
  0
LINE
  5
43
330
17
100
AcDbEntity
  8
0
  6
CONTINUOUS
 62
250
100
AcDbLine
 10
80.9262842544983
 20
47.78162453357354
 30
0.0
 11
81.2655691490732
 21
47.447508202435465
 31
0.0
  0
LINE
  5
44
330
17
100
AcDbEntity
  8
0
  6
CONTINUOUS
 62
250
100
AcDbLine
 10
81.2655691490732
 20
47.447508202435465
 30
0.0
 11
81.60485404364799
 21
47.78162453357354
 31
0.0
  0
LINE
  5
45
330
17
100
AcDbEntity
  8
0
  6
CONTINUOUS
 62
250
100
AcDbLine
 10
81.60485404364799
 20
47.78162453357354
 30
0.0
 11
80.9262842544983
 21
47.78162453357354
 31
0.0
  0
LINE
  5
46
330
17
100
AcDbEntity
  8
0
  6
CONTINUOUS
 62
250
100
AcDbLine
 10
81.7595566095515
 20
47.78162453357048
 30
0.0
 11
82.09884150412749
 21
47.44750820242935
 31
0.0
  0
LINE
  5
47
330
17
100
AcDbEntity
  8
0
  6
CONTINUOUS
 62
250
100
AcDbLine
 10
82.09884150412749
 20
47.44750820242935
 30
0.0
 11
82.4381263987012
 21
47.78162453357048
 31
0.0
  0
LINE
  5
48
330
17
100
AcDbEntity
  8
0
  6
CONTINUOUS
 62
250
100
AcDbLine
 10
82.4381263987012
 20
47.78162453357048
 30
0.0
 11
81.7595566095515
 21
47.78162453357048
 31
0.0
  0
ARC
  5
49
330
17
100
AcDbEntity
  8
0
  6
CONTINUOUS
 62
250
100
AcDbCircle
 10
-79.16088890572209
 20
46.73512527933056
 30
0.0
 40
0.1065976083175258
210
0.0
220
0.0
230
-1.0
100
AcDbArc
 50
15.02588689196348
 51
164.9741131080396
  0
LINE
  5
4A
330
17
100
AcDbEntity
  8
0
  6
CONTINUOUS
 62
250
100
AcDbLine
 10
79.26384181285839
 20
46.76276128865184
 30
0.0
 11
79.6931599865259
 21
46.76276128865185
 31
0.0
  0
ARC
  5
4B
330
17
100
AcDbEntity
  8
0
  6
CONTINUOUS
 62
250
100
AcDbCircle
 10
-79.16088890572209
 20
46.762761288651824
 30
0.0
 40
0.532271080803773
210
0.0
220
0.0
230
-1.0
100
AcDbArc
 50
-4.211444178243999e-13
 51
179.9999999999998
  0
LINE
  5
4C
330
17
100
AcDbEntity
  8
0
  6
CONTINUOUS
 62
250
100
AcDbLine
 10
78.6286178249183
 20
46.762761288651824
 30
0.0
 11
79.05793599858579
 21
46.76276128865185
 31
0.0
  0
LINE
  5
4D
330
17
100
AcDbEntity
  8
0
  6
CONTINUOUS
 62
250
100
AcDbLine
 10
79.05793599858579
 20
46.70748927001236
 30
0.0
 11
78.6286178249183
 21
46.70748927001235
 31
0.0
  0
ARC
  5
4E
330
17
100
AcDbEntity
  8
0
  6
CONTINUOUS
 62
250
100
AcDbCircle
 10
-79.16088890572209
 20
46.70748927001236
 30
0.0
 40
0.5322710808037662
210
0.0
220
0.0
230
-1.0
100
AcDbArc
 50
-179.99999999999983
 51
-4.211444178243999e-13
  0
LINE
  5
4F
330
17
100
AcDbEntity
  8
0
  6
CONTINUOUS
 62
250
100
AcDbLine
 10
79.6931599865259
 20
46.70748927001235
 30
0.0
 11
79.26384181285839
 21
46.70748927001235
 31
0.0
  0
ARC
  5
50
330
17
100
AcDbEntity
  8
0
  6
CONTINUOUS
 62
250
100
AcDbCircle
 10
-79.16088890572209
 20
46.73512527933056
 30
0.0
 40
0.1065976083167457
210
0.0
220
0.0
230
-1.0
100
AcDbArc
 50
-164.9741131096326
 51
-15.025886890369938
  0
ARC
  5
51
330
17
100
AcDbEntity
  8
0
  6
CONTINUOUS
 62
250
100
AcDbCircle
 10
-81.70370468231779
 20
46.73512527933324
 30
0.0
 40
0.1065976083175401
210
0.0
220
0.0
230
-1.0
100
AcDbArc
 50
15.025886891963061
 51
164.974113108038
  0
LINE
  5
52
330
17
100
AcDbEntity
  8
0
  6
CONTINUOUS
 62
250
100
AcDbLine
 10
81.80665758945409
 20
46.76276128865452
 30
0.0
 11
82.2359757631216
 21
46.762761288654524
 31
0.0
  0
ARC
  5
53
330
17
100
AcDbEntity
  8
0
  6
CONTINUOUS
 62
250
100
AcDbCircle
 10
-81.70370468231779
 20
46.76276128865452
 30
0.0
 40
0.5322710808037662
210
0.0
220
0.0
230
-1.0
100
AcDbArc
 50
-4.211444178243999e-13
 51
179.9999999999998
  0
LINE
  5
54
330
17
100
AcDbEntity
  8
0
  6
CONTINUOUS
 62
250
100
AcDbLine
 10
81.171433601514
 20
46.762761288654524
 30
0.0
 11
81.6007517751815
 21
46.76276128865452
 31
0.0
  0
LINE
  5
55
330
17
100
AcDbEntity
  8
0
  6
CONTINUOUS
 62
250
100
AcDbLine
 10
81.6007517751815
 20
46.70748927001504
 30
0.0
 11
81.171433601514
 21
46.70748927001504
 31
0.0
  0
ARC
  5
56
330
17
100
AcDbEntity
  8
0
  6
CONTINUOUS
 62
250
100
AcDbCircle
 10
-81.70370468231779
 20
46.70748927001504
 30
0.0
 40
0.5322710808037725
210
0.0
220
0.0
230
-1.0
100
AcDbArc
 50
-179.99999999999983
 51
-4.211444178243999e-13
  0
LINE
  5
57
330
17
100
AcDbEntity
  8
0
  6
CONTINUOUS
 62
250
100
AcDbLine
 10
82.2359757631216
 20
46.707489270015046
 30
0.0
 11
81.80665758945409
 21
46.70748927001504
 31
0.0
  0
ARC
  5
58
330
17
100
AcDbEntity
  8
0
  6
CONTINUOUS
 62
250
100
AcDbCircle
 10
-81.70370468231779
 20
46.73512527933324
 30
0.0
 40
0.1065976083167457
210
0.0
220
0.0
230
-1.0
100
AcDbArc
 50
-164.9741131096326
 51
-15.025886890368103
  0
ARC
  5
59
330
17
100
AcDbEntity
  8
0
  6
CONTINUOUS
 62
250
100
AcDbCircle
 10
-80.4322967940188
 20
46.735125279337815
 30
0.0
 40
0.1718624232298842
210
0.0
220
0.0
230
-1.0
100
AcDbArc
 50
2.036e-13
 51
180.0
  0
ARC
  5
5A
330
17
100
AcDbEntity
  8
0
  6
CONTINUOUS
 62
250
100
AcDbCircle
 10
-80.4322967940188
 20
46.735125279337815
 30
0.0
 40
0.1718624232298694
210
0.0
220
0.0
230
-1.0
100
AcDbArc
 50
-179.99999999999983
 51
-6.24699917438065e-13
  0
LINE
  5
5B
330
17
100
AcDbEntity
  8
0
  6
CONTINUOUS
 62
250
100
AcDbLine
 10
78.93163299557169
 20
44.95358592307193
 30
0.0
 11
80.3411388335413
 21
43.544080085101605
 31
0.0
  0
ARC
  5
5C
330
17
100
AcDbEntity
  8
0
  6
CONTINUOUS
 62
250
100
AcDbCircle
 10
-80.43229679401759
 20
43.480677208986144
 30
0.0
 40
0.1110391753297565
210
0.0
220
0.0
230
-1.0
100
AcDbArc
 50
145.180321594915
 51
34.8196784050884
  0
LINE
  5
5D
330
17
100
AcDbEntity
  8
0
  6
CONTINUOUS
 62
250
100
AcDbLine
 10
80.523454754494
 20
43.544080085101605
 30
0.0
 11
81.9329605924635
 21
44.95358592307194
 31
0.0
  0
LINE
  5
5E
330
17
100
AcDbEntity
  8
0
  6
CONTINUOUS
 62
250
100
AcDbLine
 10
81.9329605924635
 20
44.95358592307194
 30
0.0
 11
82.32247060571399
 21
44.56407590982168
 31
0.0
  0
LINE
  5
5F
330
17
100
AcDbEntity
  8
0
  6
CONTINUOUS
 62
250
100
AcDbLine
 10
82.32247060571399
 20
44.56407590982168
 30
0.0
 11
82.2108630781723
 21
44.45246838227988
 31
0.0
  0
LINE
  5
60
330
17
100
AcDbEntity
  8
0
  6
CONTINUOUS
 62
250
100
AcDbLine
 10
82.2108630781723
 20
44.45246838227988
 30
0.0
 11
81.53950584980609
 21
44.45246838227988
 31
0.0
  0
LINE
  5
61
330
17
100
AcDbEntity
  8
0
  6
CONTINUOUS
 62
250
100
AcDbLine
 10
81.53950584980609
 20
44.45246838227988
 30
0.0
 11
81.9329605924635
 21
44.059013639622535
 31
0.0
  0
LINE
  5
62
330
17
100
AcDbEntity
  8
0
  6
CONTINUOUS
 62
250
100
AcDbLine
 10
81.9329605924635
 20
44.059013639622535
 30
0.0
 11
82.43802286266269
 21
44.564075909821774
 31
0.0
  0
LINE
  5
63
330
17
100
AcDbEntity
  8
0
  6
CONTINUOUS
 62
250
100
AcDbLine
 10
82.43802286266269
 20
44.564075909821774
 30
0.0
 11
81.9329605924635
 21
45.06913818006852
 31
0.0
  0
LINE
  5
64
330
17
100
AcDbEntity
  8
0
  6
CONTINUOUS
 62
250
100
AcDbLine
 10
81.9329605924635
 20
45.06913818006852
 30
0.0
 11
80.4534963133052
 21
43.589673900862245
 31
0.0
  0
ARC
  5
65
330
17
100
AcDbEntity
  8
0
  6
CONTINUOUS
 62
250
100
AcDbCircle
 10
-80.43229679401759
 20
43.49409056900635
 30
0.0
 40
0.097906041420818
210
0.0
220
0.0
230
-1.0
100
AcDbArc
 50
77.49474094213771
 51
102.5052590578706
  0
LINE
  5
66
330
17
100
AcDbEntity
  8
0
  6
CONTINUOUS
 62
250
100
AcDbLine
 10
80.41109727473
 20
43.58967390086225
 30
0.0
 11
78.93163299557169
 21
45.06913818002081
 31
0.0
  0
LINE
  5
67
330
17
100
AcDbEntity
  8
0
  6
CONTINUOUS
 62
250
100
AcDbLine
 10
78.93163299557169
 20
45.06913818002081
 30
0.0
 11
78.4265707253725
 21
44.564075909821725
 31
0.0
  0
LINE
  5
68
330
17
100
AcDbEntity
  8
0
  6
CONTINUOUS
 62
250
100
AcDbLine
 10
78.4265707253725
 20
44.564075909821725
 30
0.0
 11
78.93163299557169
 21
44.0590136396225
 31
0.0
  0
LINE
  5
69
330
17
100
AcDbEntity
  8
0
  6
CONTINUOUS
 62
250
100
AcDbLine
 10
78.93163299557169
 20
44.0590136396225
 30
0.0
 11
79.3250877382291
 21
44.45246838227984
 31
0.0
  0
LINE
  5
6A
330
17
100
AcDbEntity
  8
0
  6
CONTINUOUS
 62
250
100
AcDbLine
 10
79.3250877382291
 20
44.45246838227984
 30
0.0
 11
78.653730509863
 21
44.45246838227984
 31
0.0
  0
LINE
  5
6B
330
17
100
AcDbEntity
  8
0
  6
CONTINUOUS
 62
250
100
AcDbLine
 10
78.653730509863
 20
44.45246838227984
 30
0.0
 11
78.54212298232119
 21
44.56407590982165
 31
0.0
  0
LINE
  5
6C
330
17
100
AcDbEntity
  8
0
  6
CONTINUOUS
 62
250
100
AcDbLine
 10
78.54212298232119
 20
44.56407590982165
 30
0.0
 11
78.93163299557169
 21
44.95358592307193
 31
0.0
  0
LINE
  5
6D
330
17
100
AcDbEntity
  8
0
  6
CONTINUOUS
 62
250
100
AcDbLine
 10
80.0395409585715
 20
46.431362264587264
 30
0.0
 11
80.3522263395917
 21
46.118676883565264
 31
0.0
  0
LINE
  5
6E
330
17
100
AcDbEntity
  8
0
  6
CONTINUOUS
 62
250
100
AcDbLine
 10
80.3522263395917
 20
46.118676883565264
 30
0.0
 11
79.56996840982829
 21
46.118676883565264
 31
0.0
  0
LINE
  5
6F
330
17
100
AcDbEntity
  8
0
  6
CONTINUOUS
 62
250
100
AcDbLine
 10
79.56996840982829
 20
46.118676883565264
 30
0.0
 11
79.88694373775519
 21
45.801701555638715
 31
0.0
  0
LINE
  5
70
330
17
100
AcDbEntity
  8
0
  6
CONTINUOUS
 62
250
100
AcDbLine
 10
79.88694373775519
 20
45.801701555638715
 30
0.0
 11
80.1992714292488
 21
45.801701555638715
 31
0.0
  0
LINE
  5
71
330
17
100
AcDbEntity
  8
0
  6
CONTINUOUS
 62
250
100
AcDbLine
 10
80.1992714292488
 20
45.801701555638715
 30
0.0
 11
80.43229679401759
 21
46.0347269204076
 31
0.0
  0
LINE
  5
72
330
17
100
AcDbEntity
  8
0
  6
CONTINUOUS
 62
250
100
AcDbLine
 10
80.43229679401759
 20
46.0347269204076
 30
0.0
 11
80.6653221587864
 21
45.801701555638886
 31
0.0
  0
LINE
  5
73
330
17
100
AcDbEntity
  8
0
  6
CONTINUOUS
 62
250
100
AcDbLine
 10
80.6653221587864
 20
45.801701555638886
 30
0.0
 11
80.9776498502801
 21
45.801701555638886
 31
0.0
  0
LINE
  5
74
330
17
100
AcDbEntity
  8
0
  6
CONTINUOUS
 62
250
100
AcDbLine
 10
80.9776498502801
 20
45.801701555638886
 30
0.0
 11
81.294625178207
 21
46.118676883565264
 31
0.0
  0
LINE
  5
75
330
17
100
AcDbEntity
  8
0
  6
CONTINUOUS
 62
250
100
AcDbLine
 10
81.294625178207
 20
46.118676883565264
 30
0.0
 11
80.5123672484435
 21
46.118676883565264
 31
0.0
  0
LINE
  5
76
330
17
100
AcDbEntity
  8
0
  6
CONTINUOUS
 62
250
100
AcDbLine
 10
80.5123672484435
 20
46.118676883565264
 30
0.0
 11
80.825052629466
 21
46.431362264587264
 31
0.0
  0
LINE
  5
77
330
17
100
AcDbEntity
  8
0
  6
CONTINUOUS
 62
250
100
AcDbLine
 10
80.825052629466
 20
46.431362264587264
 30
0.0
 11
80.0395409585715
 21
46.431362264587264
 31
0.0
  0
LINE
  5
78
330
17
100
AcDbEntity
  8
0
  6
CONTINUOUS
 62
250
100
AcDbLine
 10
79.17721257437749
 20
45.72592104811655
 30
0.0
 11
79.56996840982829
 21
45.33316521265483
 31
0.0
  0
LINE
  5
79
330
17
100
AcDbEntity
  8
0
  6
CONTINUOUS
 62
250
100
AcDbLine
 10
79.56996840982829
 20
45.33316521265483
 30
0.0
 11
78.784456738928
 21
45.33316521265483
 31
0.0
  0
LINE
  5
7A
330
17
100
AcDbEntity
  8
0
  6
CONTINUOUS
 62
250
100
AcDbLine
 10
78.784456738928
 20
45.33316521265483
 30
0.0
 11
79.76419025179959
 21
44.353431699790896
 31
0.0
  0
LINE
  5
7B
330
17
100
AcDbEntity
  8
0
  6
CONTINUOUS
 62
250
100
AcDbLine
 10
79.76419025179959
 20
44.353431699790896
 30
0.0
 11
79.8445735900238
 21
44.43381503801629
 31
0.0
  0
LINE
  5
7C
330
17
100
AcDbEntity
  8
0
  6
CONTINUOUS
 62
250
100
AcDbLine
 10
79.8445735900238
 20
44.43381503801629
 30
0.0
 11
79.33797925082699
 21
44.940409377205185
 31
0.0
  0
LINE
  5
7D
330
17
100
AcDbEntity
  8
0
  6
CONTINUOUS
 62
250
100
AcDbLine
 10
79.33797925082699
 20
44.940409377205185
 30
0.0
 11
80.1234909217262
 21
45.72592104811655
 31
0.0
  0
LINE
  5
7E
330
17
100
AcDbEntity
  8
0
  6
CONTINUOUS
 62
250
100
AcDbLine
 10
80.1234909217262
 20
45.72592104811655
 30
0.0
 11
79.17721257437749
 21
45.72592104811655
 31
0.0
  0
LINE
  5
7F
330
17
100
AcDbEntity
  8
0
  6
CONTINUOUS
 62
250
100
AcDbLine
 10
80.43229679401759
 20
43.84609183402246
 30
0.0
 11
79.8851380224229
 21
44.393250605617034
 31
0.0
  0
LINE
  5
80
330
17
100
AcDbEntity
  8
0
  6
CONTINUOUS
 62
250
100
AcDbLine
 10
79.8851380224229
 20
44.393250605617034
 30
0.0
 11
79.80475468419759
 21
44.3128672673917
 31
0.0
  0
LINE
  5
81
330
17
100
AcDbEntity
  8
0
  6
CONTINUOUS
 62
250
100
AcDbLine
 10
79.80475468419759
 20
44.3128672673917
 30
0.0
 11
80.43229679401759
 21
43.68532515757185
 31
0.0
  0
LINE
  5
82
330
17
100
AcDbEntity
  8
0
  6
CONTINUOUS
 62
250
100
AcDbLine
 10
80.43229679401759
 20
43.68532515757185
 30
0.0
 11
81.0598389038377
 21
44.31286726739208
 31
0.0
  0
LINE
  5
83
330
17
100
AcDbEntity
  8
0
  6
CONTINUOUS
 62
250
100
AcDbLine
 10
81.0598389038377
 20
44.31286726739208
 30
0.0
 11
80.9794555656124
 21
44.393250605617354
 31
0.0
  0
LINE
  5
84
330
17
100
AcDbEntity
  8
0
  6
CONTINUOUS
 62
250
100
AcDbLine
 10
80.9794555656124
 20
44.393250605617354
 30
0.0
 11
80.43229679401759
 21
43.84609183402246
 31
0.0
  0
LINE
  5
85
330
17
100
AcDbEntity
  8
0
  6
CONTINUOUS
 62
250
100
AcDbLine
 10
81.02001999801149
 20
44.433815038016625
 30
0.0
 11
81.1004033362356
 21
44.35343169979127
 31
0.0
  0
LINE
  5
86
330
17
100
AcDbEntity
  8
0
  6
CONTINUOUS
 62
250
100
AcDbLine
 10
81.1004033362356
 20
44.35343169979127
 30
0.0
 11
82.08013684910729
 21
45.33316521271773
 31
0.0
  0
LINE
  5
87
330
17
100
AcDbEntity
  8
0
  6
CONTINUOUS
 62
250
100
AcDbLine
 10
82.08013684910729
 20
45.33316521271773
 30
0.0
 11
81.294625178207
 21
45.33316521271773
 31
0.0
  0
LINE
  5
88
330
17
100
AcDbEntity
  8
0
  6
CONTINUOUS
 62
250
100
AcDbLine
 10
81.294625178207
 20
45.33316521271773
 30
0.0
 11
81.6873810136577
 21
45.72592104811671
 31
0.0
  0
LINE
  5
89
330
17
100
AcDbEntity
  8
0
  6
CONTINUOUS
 62
250
100
AcDbLine
 10
81.6873810136577
 20
45.72592104811671
 30
0.0
 11
80.74110266630909
 21
45.72592104811671
 31
0.0
  0
LINE
  5
8A
330
17
100
AcDbEntity
  8
0
  6
CONTINUOUS
 62
250
100
AcDbLine
 10
80.74110266630909
 20
45.72592104811671
 30
0.0
 11
81.5266143372082
 21
44.94040937722041
 31
0.0
  0
LINE
  5
8B
330
17
100
AcDbEntity
  8
0
  6
CONTINUOUS
 62
250
100
AcDbLine
 10
81.5266143372082
 20
44.94040937722041
 30
0.0
 11
81.02001999801149
 21
44.433815038016625
 31
0.0
  0
LINE
  5
8C
330
17
100
AcDbEntity
  8
0
  6
CONTINUOUS
 62
250
100
AcDbLine
 10
80.43229679401759
 20
45.747673512664
 30
0.0
 11
79.6250326585664
 21
44.940409377205185
 31
0.0
  0
LINE
  5
8D
330
17
100
AcDbEntity
  8
0
  6
CONTINUOUS
 62
250
100
AcDbLine
 10
79.6250326585664
 20
44.940409377205185
 30
0.0
 11
80.43229679401759
 21
44.133145241761575
 31
0.0
  0
LINE
  5
8E
330
17
100
AcDbEntity
  8
0
  6
CONTINUOUS
 62
250
100
AcDbLine
 10
80.43229679401759
 20
44.133145241761575
 30
0.0
 11
81.2395609294688
 21
44.94040937722041
 31
0.0
  0
LINE
  5
8F
330
17
100
AcDbEntity
  8
0
  6
CONTINUOUS
 62
250
100
AcDbLine
 10
81.2395609294688
 20
44.94040937722041
 30
0.0
 11
80.43229679401759
 21
45.747673512664
 31
0.0
  0
LINE
  5
90
330
17
100
AcDbEntity
  8
0
  6
CONTINUOUS
 62
250
100
AcDbLine
 10
77.9321138591818
 20
43.21675729386794
 30
0.0
 11
78.64868779045109
 21
43.21675729386794
 31
0.0
  0
LINE
  5
91
330
17
100
AcDbEntity
  8
0
  6
CONTINUOUS
 62
250
100
AcDbLine
 10
78.64868779045109
 20
43.21675729386794
 30
0.0
 11
77.93248509777669
 21
43.93295998654235
 31
0.0
  0
LINE
  5
92
330
17
100
AcDbEntity
  8
0
  6
CONTINUOUS
 62
250
100
AcDbLine
 10
82.1054486117381
 20
45.200913244007104
 30
0.0
 11
82.8696184325528
 21
45.96508306477741
 31
0.0
  0
LINE
  5
93
330
17
100
AcDbEntity
  8
0
  6
CONTINUOUS
 62
250
100
AcDbLine
 10
82.8696184325528
 20
45.87408189971817
 30
0.0
 11
82.213092258546
 21
45.217555725718626
 31
0.0
  0
LINE
  5
94
330
17
100
AcDbEntity
  8
0
  6
CONTINUOUS
 62
250
100
AcDbLine
 10
82.213092258546
 20
45.217555725718626
 30
0.0
 11
82.8696184325528
 21
44.561029551704706
 31
0.0
  0
LINE
  5
95
330
17
100
AcDbEntity
  8
0
  6
CONTINUOUS
 62
250
100
AcDbLine
 10
82.8696184325528
 20
44.43674342314806
 30
0.0
 11
82.1054486117381
 21
45.200913244007104
 31
0.0
  0
LINE
  5
96
330
17
100
AcDbEntity
  8
0
  6
CONTINUOUS
 62
250
100
AcDbLine
 10
82.3020887119596
 20
45.217555725718626
 30
0.0
 11
82.8696184325528
 21
45.785085446290104
 31
0.0
  0
LINE
  5
97
330
17
100
AcDbEntity
  8
0
  6
CONTINUOUS
 62
250
100
AcDbLine
 10
82.8696184325528
 20
45.67354722690925
 30
0.0
 11
82.41362693134269
 21
45.217555725718626
 31
0.0
  0
LINE
  5
98
330
17
100
AcDbEntity
  8
0
  6
CONTINUOUS
 62
250
100
AcDbLine
 10
82.41362693134269
 20
45.217555725718626
 30
0.0
 11
82.8696184325528
 21
44.76156422448907
 31
0.0
  0
LINE
  5
99
330
17
100
AcDbEntity
  8
0
  6
CONTINUOUS
 62
250
100
AcDbLine
 10
82.8696184325528
 20
44.65002600510379
 30
0.0
 11
82.3020887119596
 21
45.217555725718626
 31
0.0
  0
LINE
  5
9A
330
17
100
AcDbEntity
  8
0
  6
CONTINUOUS
 62
250
100
AcDbLine
 10
82.5026233847219
 20
45.217555725718626
 30
0.0
 11
82.8696184325528
 21
45.5845507735475
 31
0.0
  0
LINE
  5
9B
330
17
100
AcDbEntity
  8
0
  6
CONTINUOUS
 62
250
100
AcDbLine
 10
82.8696184325528
 20
45.465862843459206
 30
0.0
 11
82.62131131481209
 21
45.217555725718626
 31
0.0
  0
LINE
  5
9C
330
17
100
AcDbEntity
  8
0
  6
CONTINUOUS
 62
250
100
AcDbLine
 10
82.62131131481209
 20
45.217555725718626
 30
0.0
 11
82.8696184325528
 21
44.969248607977896
 31
0.0
  0
LINE
  5
9D
330
17
100
AcDbEntity
  8
0
  6
CONTINUOUS
 62
250
100
AcDbLine
 10
82.8696184325528
 20
44.85056067788578
 30
0.0
 11
82.5026233847219
 21
45.217555725718626
 31
0.0
  0
LINE
  5
9E
330
17
100
AcDbEntity
  8
0
  6
CONTINUOUS
 62
250
100
AcDbLine
 10
78.6321913730706
 20
45.308006764501705
 30
0.0
 11
77.9946092858108
 21
44.670424677241925
 31
0.0
  0
LINE
  5
9F
330
17
100
AcDbEntity
  8
0
  6
CONTINUOUS
 62
250
100
AcDbLine
 10
77.9946092858108
 20
44.75942113063882
 30
0.0
 11
78.5431949196738
 21
45.308006764501705
 31
0.0
  0
LINE
  5
A0
330
17
100
AcDbEntity
  8
0
  6
CONTINUOUS
 62
250
100
AcDbLine
 10
78.5431949196738
 20
45.308006764501705
 30
0.0
 11
77.9946092858108
 21
45.85659239836503
 31
0.0
  0
LINE
  5
A1
330
17
100
AcDbEntity
  8
0
  6
CONTINUOUS
 62
250
100
AcDbLine
 10
77.9946092858108
 20
44.57851905304797
 30
0.0
 11
78.7402872494461
 21
45.32419701668323
 31
0.0
  0
LINE
  5
A2
330
17
100
AcDbEntity
  8
0
  6
CONTINUOUS
 62
250
100
AcDbLine
 10
78.7402872494461
 20
45.32419701668323
 30
0.0
 11
78.0226120388422
 21
46.04187222728712
 31
0.0
  0
LINE
  5
A3
330
17
100
AcDbEntity
  8
0
  6
CONTINUOUS
 62
250
100
AcDbLine
 10
78.0226120388422
 20
46.04187222728712
 30
0.0
 11
77.9946092858108
 21
46.013869474255486
 31
0.0
  0
LINE
  5
A4
330
17
100
AcDbEntity
  8
0
  6
CONTINUOUS
 62
250
100
AcDbLine
 10
77.9946092858108
 20
45.945588851761954
 30
0.0
 11
78.6321913730706
 21
45.308006764501705
 31
0.0
  0
LINE
  5
A5
330
17
100
AcDbEntity
  8
0
  6
CONTINUOUS
 62
250
100
AcDbLine
 10
77.9604689745642
 20
44.45538228840395
 30
0.0
 11
78.0392598895096
 21
44.376591373458126
 31
0.0
  0
LINE
  5
A6
330
17
100
AcDbEntity
  8
0
  6
CONTINUOUS
 62
250
100
AcDbLine
 10
78.0392598895096
 20
44.376591373458126
 30
0.0
 11
78.8635763910899
 21
45.20090787503898
 31
0.0
  0
LINE
  5
A7
330
17
100
AcDbEntity
  8
0
  6
CONTINUOUS
 62
250
100
AcDbLine
 10
78.8635763910899
 20
45.20090787503898
 30
0.0
 11
78.78478547614459
 21
45.27969878998479
 31
0.0
  0
LINE
  5
A8
330
17
100
AcDbEntity
  8
0
  6
CONTINUOUS
 62
250
100
AcDbLine
 10
78.78478547614459
 20
45.27969878998479
 30
0.0
 11
77.9604689745642
 21
44.45538228840395
 31
0.0
  0
LINE
  5
A9
330
17
100
AcDbEntity
  8
0
  6
CONTINUOUS
 62
250
100
AcDbLine
 10
78.34890168913459
 20
45.32139791744995
 30
0.0
 11
77.9946092858108
 21
45.67569032077413
 31
0.0
  0
LINE
  5
AA
330
17
100
AcDbEntity
  8
0
  6
CONTINUOUS
 62
250
100
AcDbLine
 10
77.9946092858109
 20
45.764686774171025
 30
0.0
 11
78.4378981425315
 21
45.32139791744994
 31
0.0
  0
LINE
  5
AB
330
17
100
AcDbEntity
  8
0
  6
CONTINUOUS
 62
250
100
AcDbLine
 10
78.4378981425315
 20
45.32139791744994
 30
0.0
 11
77.9946092858108
 21
44.87810906072933
 31
0.0
  0
LINE
  5
AC
330
17
100
AcDbEntity
  8
0
  6
CONTINUOUS
 62
250
100
AcDbLine
 10
77.9946092858108
 20
44.967105514126196
 30
0.0
 11
78.34890168913459
 21
45.32139791744995
 31
0.0
  0
LINE
  5
AD
330
17
100
AcDbEntity
  8
0
  6
CONTINUOUS
 62
250
100
AcDbLine
 10
77.932618598533
 20
47.44750283350762
 30
0.0
 11
78.2719034931074
 21
47.78161916464868
 31
0.0
  0
LINE
  5
AE
330
17
100
AcDbEntity
  8
0
  6
CONTINUOUS
 62
250
100
AcDbLine
 10
78.2719034931074
 20
47.78161916464868
 30
0.0
 11
77.9321138591818
 21
47.78161916464869
 31
0.0
  0
CIRCLE
  5
AF
330
17
100
AcDbEntity
  8
0
  6
CONTINUOUS
 62
250
100
AcDbCircle
 10
-82.099190354933
 20
43.6159600616203
 30
0.0
 40
0.1113061109157168
210
0.0
220
0.0
230
-1.0
  0
CIRCLE
  5
B0
330
17
100
AcDbEntity
  8
0
  6
CONTINUOUS
 62
250
100
AcDbCircle
 10
-78.7657520839105
 20
43.61596006162025
 30
0.0
 40
0.1113061109157168
210
0.0
220
0.0
230
-1.0
  0
ARC
  5
B1
330
17
100
AcDbEntity
  8
0
  6
CONTINUOUS
 62
250
100
AcDbCircle
 10
-77.9321138591818
 20
46.735125279332074
 30
0.0
 40
0.1718624232298773
210
0.0
220
0.0
230
-1.0
100
AcDbArc
 50
90.0
 51
-90.00000000000001
  0
LINE
  5
B2
330
17
100
AcDbEntity
  8
0
  6
CONTINUOUS
 62
250
100
AcDbLine
 10
77.9321138591818
 20
49.11442783854778
 30
0.0
 11
77.9321138591818
 21
43.11442783854778
 31
0.0
  0
LINE
  5
B3
330
17
100
AcDbEntity
  8
0
  6
CONTINUOUS
 62
250
100
AcDbLine
 10
77.9946092858108
 20
46.01386947425547
 30
0.0
 11
77.9946092858108
 21
45.94558885176197
 31
0.0
  0
LINE
  5
B4
330
17
100
AcDbEntity
  8
0
  6
CONTINUOUS
 62
250
100
AcDbLine
 10
77.9946092858108
 20
45.85659239836507
 30
0.0
 11
77.9946092858108
 21
45.764686774171096
 31
0.0
  0
LINE
  5
B5
330
17
100
AcDbEntity
  8
0
  6
CONTINUOUS
 62
250
100
AcDbLine
 10
77.9946092858108
 20
45.675690320774194
 30
0.0
 11
77.9946092858108
 21
44.96710551412618
 31
0.0
  0
LINE
  5
B6
330
17
100
AcDbEntity
  8
0
  6
CONTINUOUS
 62
250
100
AcDbLine
 10
77.9946092858108
 20
44.878109060729315
 30
0.0
 11
77.9946092858108
 21
44.7594211306388
 31
0.0
  0
LINE
  5
B7
330
17
100
AcDbEntity
  8
0
  6
CONTINUOUS
 62
250
100
AcDbLine
 10
77.9946092858108
 20
44.67042467724191
 30
0.0
 11
77.9946092858108
 21
44.57851905304798
 31
0.0
  0
LINE
  5
B8
330
17
100
AcDbEntity
  8
0
  6
CONTINUOUS
 62
250
100
AcDbLine
 10
82.8696184325528
 20
44.332450878033185
 30
0.0
 11
82.8696184325528
 21
44.43674342314805
 31
0.0
  0
LINE
  5
B9
330
17
100
AcDbEntity
  8
0
  6
CONTINUOUS
 62
250
100
AcDbLine
 10
82.8696184325528
 20
44.56102955170471
 30
0.0
 11
82.8696184325528
 21
44.65002600510379
 31
0.0
  0
LINE
  5
BA
330
17
100
AcDbEntity
  8
0
  6
CONTINUOUS
 62
250
100
AcDbLine
 10
82.8696184325528
 20
44.761564224489035
 30
0.0
 11
82.8696184325528
 21
44.85056067788578
 31
0.0
  0
LINE
  5
BB
330
17
100
AcDbEntity
  8
0
  6
CONTINUOUS
 62
250
100
AcDbLine
 10
82.8696184325527
 20
44.96924860797785
 30
0.0
 11
82.8696184325528
 21
45.4658628434592
 31
0.0
  0
LINE
  5
BC
330
17
100
AcDbEntity
  8
0
  6
CONTINUOUS
 62
250
100
AcDbLine
 10
82.8696184325528
 20
45.58455077354751
 30
0.0
 11
82.8696184325528
 21
45.67354722690924
 31
0.0
  0
LINE
  5
BD
330
17
100
AcDbEntity
  8
0
  6
CONTINUOUS
 62
250
100
AcDbLine
 10
82.8696184325528
 20
45.78508544629011
 30
0.0
 11
82.8696184325528
 21
45.87408189971816
 31
0.0
  0
LINE
  5
BE
330
17
100
AcDbEntity
  8
0
  6
CONTINUOUS
 62
250
100
AcDbLine
 10
82.8696184325528
 20
45.96508306477741
 30
0.0
 11
82.8696184325528
 21
46.06937560989139
 31
0.0
  0
LINE
  5
BF
330
17
100
AcDbEntity
  8
0
  6
CONTINUOUS
 62
250
100
AcDbLine
 10
80.9321138591818
 20
48.114427838547776
 30
0.0
 11
80.9321138591818
 21
43.11442783854778
 31
0.0
  0
LINE
  5
C0
330
17
100
AcDbEntity
  8
0
  6
CONTINUOUS
 62
250
100
AcDbLine
 10
81.9321138591818
 20
49.114427838547776
 30
0.0
 11
81.9321138591818
 21
43.11442783854778
 31
0.0
  0
LINE
  5
C1
330
17
100
AcDbEntity
  8
0
  6
CONTINUOUS
 62
250
100
AcDbLine
 10
79.9321138591818
 20
49.114427838547776
 30
0.0
 11
79.9321138591818
 21
43.11442783854778
 31
0.0
  0
LINE
  5
C2
330
17
100
AcDbEntity
  8
0
  6
CONTINUOUS
 62
250
100
AcDbLine
 10
78.9321138591818
 20
48.11442783854776
 30
0.0
 11
78.9321138591818
 21
43.11442783854778
 31
0.0
  0
LINE
  5
C3
330
17
100
AcDbEntity
  8
0
  6
CONTINUOUS
 62
250
100
AcDbLine
 10
82.9321138591818
 20
46.11442783854778
 30
0.0
 11
77.9321138591818
 21
46.11442783854778
 31
0.0
  0
LWPOLYLINE
  5
C4
330
17
100
AcDbEntity
  8
0
  6
CONTINUOUS
 62
250
100
AcDbPolyline
 90
8
 70
1
 10
-4.531244805156106
 20
49.11442783854778
 10
-5.531244805156106
 20
48.11442783854777
 10
-6.531244805156106
 20
49.11442783854778
 10
-7.531244805156106
 20
48.11442783854777
 10
-8.531244805156106
 20
49.11442783854778
 10
-9.531244805156106
 20
48.14781163078484
 10
-9.531244805156106
 20
43.11442783854778
 10
-4.531244805156106
 20
43.11442783854778
210
0.0
220
0.0
230
-1.0
  0
LINE
  5
C5
330
17
100
AcDbEntity
  8
0
  6
CONTINUOUS
 62
250
100
AcDbLine
 10
9.531244805156106
 20
48.16368304386565
 30
0.0
 11
9.531244805156106
 21
47.78162453357049
 31
0.0
  0
LINE
  5
C6
330
17
100
AcDbEntity
  8
0
  6
CONTINUOUS
 62
250
100
AcDbLine
 10
9.531244805156106
 20
47.78162453357049
 30
0.0
 11
9.192093328280109
 21
47.78162453357049
 31
0.0
  0
LINE
  5
C7
330
17
100
AcDbEntity
  8
0
  6
CONTINUOUS
 62
250
100
AcDbLine
 10
9.192093328280109
 20
47.78162453357049
 30
0.0
 11
9.531244805156106
 21
47.44763958768287
 31
0.0
  0
LINE
  5
C8
330
17
100
AcDbEntity
  8
0
  6
CONTINUOUS
 62
250
100
AcDbLine
 10
9.531244805156106
 20
47.44763958768287
 30
0.0
 11
9.531244805156106
 21
46.907353572238804
 31
0.0
  0
ARC
  5
C9
330
17
100
AcDbEntity
  8
0
  6
CONTINUOUS
 62
250
100
AcDbCircle
 10
-9.531244805156106
 20
46.7351252793336
 30
0.0
 40
0.1722282929052101
210
0.0
220
0.0
230
-1.0
100
AcDbArc
 50
-89.9999999999847
 51
89.99999999998697
  0
LINE
  5
CA
330
17
100
AcDbEntity
  8
0
  6
CONTINUOUS
 62
250
100
AcDbLine
 10
9.468749378527107
 20
46.06937560989139
 30
0.0
 11
8.600287012597903
 21
45.20091324400711
 31
0.0
  0
LINE
  5
CB
330
17
100
AcDbEntity
  8
0
  6
CONTINUOUS
 62
250
100
AcDbLine
 10
8.600287012597903
 20
45.20091324400711
 30
0.0
 11
9.468749378527107
 21
44.33245087803321
 31
0.0
  0
LINE
  5
CC
330
17
100
AcDbEntity
  8
0
  6
CONTINUOUS
 62
250
100
AcDbLine
 10
9.531244805156106
 20
43.82866207250872
 30
0.0
 11
8.9193400265153
 21
43.21675729386795
 31
0.0
  0
LINE
  5
CD
330
17
100
AcDbEntity
  8
0
  6
CONTINUOUS
 62
250
100
AcDbLine
 10
8.9193400265153
 20
43.21675729386795
 30
0.0
 11
9.531244805156106
 21
43.21675729386795
 31
0.0
  0
LINE
  5
CE
330
17
100
AcDbEntity
  8
0
  6
CONTINUOUS
 62
250
100
AcDbLine
 10
5.704167924459298
 20
47.781624533567815
 30
0.0
 11
5.0255981353096075
 21
47.781624533567815
 31
0.0
  0
LINE
  5
CF
330
17
100
AcDbEntity
  8
0
  6
CONTINUOUS
 62
250
100
AcDbLine
 10
5.0255981353096075
 20
47.781624533567815
 30
0.0
 11
5.364883029885604
 21
47.44750820242667
 31
0.0
  0
LINE
  5
D0
330
17
100
AcDbEntity
  8
0
  6
CONTINUOUS
 62
250
100
AcDbLine
 10
5.364883029885604
 20
47.44750820242667
 30
0.0
 11
5.704167924459298
 21
47.781624533567815
 31
0.0
  0
LINE
  5
D1
330
17
100
AcDbEntity
  8
0
  6
CONTINUOUS
 62
250
100
AcDbLine
 10
6.5374402795136035
 20
47.78162453356782
 30
0.0
 11
5.858870490363898
 21
47.78162453356782
 31
0.0
  0
LINE
  5
D2
330
17
100
AcDbEntity
  8
0
  6
CONTINUOUS
 62
250
100
AcDbLine
 10
5.858870490363898
 20
47.78162453356782
 30
0.0
 11
6.198155384938801
 21
47.447508202426675
 31
0.0
  0
LINE
  5
D3
330
17
100
AcDbEntity
  8
0
  6
CONTINUOUS
 62
250
100
AcDbLine
 10
6.198155384938801
 20
47.447508202426675
 30
0.0
 11
6.5374402795136035
 21
47.78162453356782
 31
0.0
  0
LINE
  5
D4
330
17
100
AcDbEntity
  8
0
  6
CONTINUOUS
 62
250
100
AcDbLine
 10
6.692142845418303
 20
47.78162453357355
 30
0.0
 11
7.031427739992509
 21
47.447508202431834
 31
0.0
  0
LINE
  5
D5
330
17
100
AcDbEntity
  8
0
  6
CONTINUOUS
 62
250
100
AcDbLine
 10
7.031427739992509
 20
47.447508202431834
 30
0.0
 11
7.370712634569102
 21
47.78162453357355
 31
0.0
  0
LINE
  5
D6
330
17
100
AcDbEntity
  8
0
  6
CONTINUOUS
 62
250
100
AcDbLine
 10
7.370712634569102
 20
47.78162453357355
 30
0.0
 11
6.692142845418303
 21
47.78162453357355
 31
0.0
  0
LINE
  5
D7
330
17
100
AcDbEntity
  8
0
  6
CONTINUOUS
 62
250
100
AcDbLine
 10
7.525415200472608
 20
47.78162453357355
 30
0.0
 11
7.86470009504751
 21
47.44750820243547
 31
0.0
  0
LINE
  5
D8
330
17
100
AcDbEntity
  8
0
  6
CONTINUOUS
 62
250
100
AcDbLine
 10
7.86470009504751
 20
47.44750820243547
 30
0.0
 11
8.203984989622299
 21
47.78162453357355
 31
0.0
  0
LINE
  5
D9
330
17
100
AcDbEntity
  8
0
  6
CONTINUOUS
 62
250
100
AcDbLine
 10
8.203984989622299
 20
47.78162453357355
 30
0.0
 11
7.525415200472608
 21
47.78162453357355
 31
0.0
  0
LINE
  5
DA
330
17
100
AcDbEntity
  8
0
  6
CONTINUOUS
 62
250
100
AcDbLine
 10
8.358687555525805
 20
47.78162453357049
 30
0.0
 11
8.697972450101801
 21
47.447508202429354
 31
0.0
  0
LINE
  5
DB
330
17
100
AcDbEntity
  8
0
  6
CONTINUOUS
 62
250
100
AcDbLine
 10
8.697972450101801
 20
47.447508202429354
 30
0.0
 11
9.03725734467551
 21
47.78162453357049
 31
0.0
  0
LINE
  5
DC
330
17
100
AcDbEntity
  8
0
  6
CONTINUOUS
 62
250
100
AcDbLine
 10
9.03725734467551
 20
47.78162453357049
 30
0.0
 11
8.358687555525805
 21
47.78162453357049
 31
0.0
  0
ARC
  5
DD
330
17
100
AcDbEntity
  8
0
  6
CONTINUOUS
 62
250
100
AcDbCircle
 10
-5.7600198516963985
 20
46.73512527933057
 30
0.0
 40
0.1065976083175258
210
0.0
220
0.0
230
-1.0
100
AcDbArc
 50
15.02588689196348
 51
164.9741131080396
  0
LINE
  5
DE
330
17
100
AcDbEntity
  8
0
  6
CONTINUOUS
 62
250
100
AcDbLine
 10
5.862972758832697
 20
46.762761288651845
 30
0.0
 11
6.292290932500208
 21
46.76276128865186
 31
0.0
  0
ARC
  5
DF
330
17
100
AcDbEntity
  8
0
  6
CONTINUOUS
 62
250
100
AcDbCircle
 10
-5.7600198516963985
 20
46.76276128865183
 30
0.0
 40
0.532271080803773
210
0.0
220
0.0
230
-1.0
100
AcDbArc
 50
-4.211444178243999e-13
 51
179.9999999999998
  0
LINE
  5
E0
330
17
100
AcDbEntity
  8
0
  6
CONTINUOUS
 62
250
100
AcDbLine
 10
5.227748770892603
 20
46.76276128865183
 30
0.0
 11
5.6570669445601
 21
46.76276128865186
 31
0.0
  0
LINE
  5
E1
330
17
100
AcDbEntity
  8
0
  6
CONTINUOUS
 62
250
100
AcDbLine
 10
5.6570669445601
 20
46.70748927001237
 30
0.0
 11
5.227748770892603
 21
46.70748927001236
 31
0.0
  0
ARC
  5
E2
330
17
100
AcDbEntity
  8
0
  6
CONTINUOUS
 62
250
100
AcDbCircle
 10
-5.7600198516963985
 20
46.70748927001237
 30
0.0
 40
0.5322710808037662
210
0.0
220
0.0
230
-1.0
100
AcDbArc
 50
-179.99999999999983
 51
-4.211444178243999e-13
  0
LINE
  5
E3
330
17
100
AcDbEntity
  8
0
  6
CONTINUOUS
 62
250
100
AcDbLine
 10
6.292290932500208
 20
46.70748927001236
 30
0.0
 11
5.862972758832697
 21
46.70748927001236
 31
0.0
  0
ARC
  5
E4
330
17
100
AcDbEntity
  8
0
  6
CONTINUOUS
 62
250
100
AcDbCircle
 10
-5.7600198516963985
 20
46.73512527933057
 30
0.0
 40
0.1065976083167457
210
0.0
220
0.0
230
-1.0
100
AcDbArc
 50
-164.9741131096326
 51
-15.025886890369938
  0
ARC
  5
E5
330
17
100
AcDbEntity
  8
0
  6
CONTINUOUS
 62
250
100
AcDbCircle
 10
-8.302835628292101
 20
46.735125279333246
 30
0.0
 40
0.1065976083175401
210
0.0
220
0.0
230
-1.0
100
AcDbArc
 50
15.025886891963061
 51
164.974113108038
  0
LINE
  5
E6
330
17
100
AcDbEntity
  8
0
  6
CONTINUOUS
 62
250
100
AcDbLine
 10
8.4057885354284
 20
46.76276128865452
 30
0.0
 11
8.83510670909591
 21
46.76276128865453
 31
0.0
  0
ARC
  5
E7
330
17
100
AcDbEntity
  8
0
  6
CONTINUOUS
 62
250
100
AcDbCircle
 10
-8.302835628292101
 20
46.76276128865452
 30
0.0
 40
0.5322710808037662
210
0.0
220
0.0
230
-1.0
100
AcDbArc
 50
-4.211444178243999e-13
 51
179.9999999999998
  0
LINE
  5
E8
330
17
100
AcDbEntity
  8
0
  6
CONTINUOUS
 62
250
100
AcDbLine
 10
7.770564547488306
 20
46.76276128865453
 30
0.0
 11
8.199882721155802
 21
46.76276128865452
 31
0.0
  0
LINE
  5
E9
330
17
100
AcDbEntity
  8
0
  6
CONTINUOUS
 62
250
100
AcDbLine
 10
8.199882721155802
 20
46.707489270015046
 30
0.0
 11
7.770564547488306
 21
46.707489270015046
 31
0.0
  0
ARC
  5
EA
330
17
100
AcDbEntity
  8
0
  6
CONTINUOUS
 62
250
100
AcDbCircle
 10
-8.302835628292101
 20
46.707489270015046
 30
0.0
 40
0.5322710808037725
210
0.0
220
0.0
230
-1.0
100
AcDbArc
 50
-179.99999999999983
 51
-4.211444178243999e-13
  0
LINE
  5
EB
330
17
100
AcDbEntity
  8
0
  6
CONTINUOUS
 62
250
100
AcDbLine
 10
8.83510670909591
 20
46.70748927001505
 30
0.0
 11
8.4057885354284
 21
46.707489270015046
 31
0.0
  0
ARC
  5
EC
330
17
100
AcDbEntity
  8
0
  6
CONTINUOUS
 62
250
100
AcDbCircle
 10
-8.302835628292101
 20
46.735125279333246
 30
0.0
 40
0.1065976083167457
210
0.0
220
0.0
230
-1.0
100
AcDbArc
 50
-164.9741131096326
 51
-15.025886890368103
  0
ARC
  5
ED
330
17
100
AcDbEntity
  8
0
  6
CONTINUOUS
 62
250
100
AcDbCircle
 10
-7.031427739993106
 20
46.73512527933782
 30
0.0
 40
0.1718624232298842
210
0.0
220
0.0
230
-1.0
100
AcDbArc
 50
2.036e-13
 51
180.0
  0
ARC
  5
EE
330
17
100
AcDbEntity
  8
0
  6
CONTINUOUS
 62
250
100
AcDbCircle
 10
-7.031427739993106
 20
46.73512527933782
 30
0.0
 40
0.1718624232298694
210
0.0
220
0.0
230
-1.0
100
AcDbArc
 50
-179.99999999999983
 51
-6.24699917438065e-13
  0
LINE
  5
EF
330
17
100
AcDbEntity
  8
0
  6
CONTINUOUS
 62
250
100
AcDbLine
 10
5.530763941545999
 20
44.953585923071934
 30
0.0
 11
6.940269779515603
 21
43.54408008510161
 31
0.0
  0
ARC
  5
F0
330
17
100
AcDbEntity
  8
0
  6
CONTINUOUS
 62
250
100
AcDbCircle
 10
-7.031427739991898
 20
43.48067720898615
 30
0.0
 40
0.1110391753297565
210
0.0
220
0.0
230
-1.0
100
AcDbArc
 50
145.180321594915
 51
34.8196784050884
  0
LINE
  5
F1
330
17
100
AcDbEntity
  8
0
  6
CONTINUOUS
 62
250
100
AcDbLine
 10
7.122585700468306
 20
43.54408008510161
 30
0.0
 11
8.532091538437811
 21
44.953585923071955
 31
0.0
  0
LINE
  5
F2
330
17
100
AcDbEntity
  8
0
  6
CONTINUOUS
 62
250
100
AcDbLine
 10
8.532091538437811
 20
44.953585923071955
 30
0.0
 11
8.921601551688298
 21
44.56407590982169
 31
0.0
  0
LINE
  5
F3
330
17
100
AcDbEntity
  8
0
  6
CONTINUOUS
 62
250
100
AcDbLine
 10
8.921601551688298
 20
44.56407590982169
 30
0.0
 11
8.809994024146604
 21
44.45246838227989
 31
0.0
  0
LINE
  5
F4
330
17
100
AcDbEntity
  8
0
  6
CONTINUOUS
 62
250
100
AcDbLine
 10
8.809994024146604
 20
44.45246838227989
 30
0.0
 11
8.1386367957804
 21
44.45246838227989
 31
0.0
  0
LINE
  5
F5
330
17
100
AcDbEntity
  8
0
  6
CONTINUOUS
 62
250
100
AcDbLine
 10
8.1386367957804
 20
44.45246838227989
 30
0.0
 11
8.532091538437811
 21
44.05901363962254
 31
0.0
  0
LINE
  5
F6
330
17
100
AcDbEntity
  8
0
  6
CONTINUOUS
 62
250
100
AcDbLine
 10
8.532091538437811
 20
44.05901363962254
 30
0.0
 11
9.037153808637001
 21
44.56407590982178
 31
0.0
  0
LINE
  5
F7
330
17
100
AcDbEntity
  8
0
  6
CONTINUOUS
 62
250
100
AcDbLine
 10
9.037153808637001
 20
44.56407590982178
 30
0.0
 11
8.532091538437811
 21
45.06913818006853
 31
0.0
  0
LINE
  5
F8
330
17
100
AcDbEntity
  8
0
  6
CONTINUOUS
 62
250
100
AcDbLine
 10
8.532091538437811
 20
45.06913818006853
 30
0.0
 11
7.052627259279504
 21
43.58967390086225
 31
0.0
  0
ARC
  5
F9
330
17
100
AcDbEntity
  8
0
  6
CONTINUOUS
 62
250
100
AcDbCircle
 10
-7.031427739991898
 20
43.49409056900636
 30
0.0
 40
0.097906041420818
210
0.0
220
0.0
230
-1.0
100
AcDbArc
 50
77.49474094213771
 51
102.5052590578706
  0
LINE
  5
FA
330
17
100
AcDbEntity
  8
0
  6
CONTINUOUS
 62
250
100
AcDbLine
 10
7.010228220704306
 20
43.58967390086226
 30
0.0
 11
5.530763941545999
 21
45.069138180020815
 31
0.0
  0
LINE
  5
FB
330
17
100
AcDbEntity
  8
0
  6
CONTINUOUS
 62
250
100
AcDbLine
 10
5.530763941545999
 20
45.069138180020815
 30
0.0
 11
5.025701671346809
 21
44.56407590982173
 31
0.0
  0
LINE
  5
FC
330
17
100
AcDbEntity
  8
0
  6
CONTINUOUS
 62
250
100
AcDbLine
 10
5.025701671346809
 20
44.56407590982173
 30
0.0
 11
5.530763941545999
 21
44.059013639622506
 31
0.0
  0
LINE
  5
FD
330
17
100
AcDbEntity
  8
0
  6
CONTINUOUS
 62
250
100
AcDbLine
 10
5.530763941545999
 20
44.059013639622506
 30
0.0
 11
5.92421868420341
 21
44.45246838227985
 31
0.0
  0
LINE
  5
FE
330
17
100
AcDbEntity
  8
0
  6
CONTINUOUS
 62
250
100
AcDbLine
 10
5.92421868420341
 20
44.45246838227985
 30
0.0
 11
5.252861455837305
 21
44.45246838227985
 31
0.0
  0
LINE
  5
FF
330
17
100
AcDbEntity
  8
0
  6
CONTINUOUS
 62
250
100
AcDbLine
 10
5.252861455837305
 20
44.45246838227985
 30
0.0
 11
5.141253928295498
 21
44.56407590982165
 31
0.0
  0
LINE
  5
100
330
17
100
AcDbEntity
  8
0
  6
CONTINUOUS
 62
250
100
AcDbLine
 10
5.141253928295498
 20
44.56407590982165
 30
0.0
 11
5.530763941545999
 21
44.953585923071934
 31
0.0
  0
LINE
  5
101
330
17
100
AcDbEntity
  8
0
  6
CONTINUOUS
 62
250
100
AcDbLine
 10
6.638671904545802
 20
46.43136226458728
 30
0.0
 11
6.951357285566004
 21
46.11867688356527
 31
0.0
  0
LINE
  5
102
330
17
100
AcDbEntity
  8
0
  6
CONTINUOUS
 62
250
100
AcDbLine
 10
6.951357285566004
 20
46.11867688356527
 30
0.0
 11
6.169099355802601
 21
46.11867688356527
 31
0.0
  0
LINE
  5
103
330
17
100
AcDbEntity
  8
0
  6
CONTINUOUS
 62
250
100
AcDbLine
 10
6.169099355802601
 20
46.11867688356527
 30
0.0
 11
6.486074683729498
 21
45.80170155563873
 31
0.0
  0
LINE
  5
104
330
17
100
AcDbEntity
  8
0
  6
CONTINUOUS
 62
250
100
AcDbLine
 10
6.486074683729498
 20
45.80170155563873
 30
0.0
 11
6.798402375223105
 21
45.80170155563873
 31
0.0
  0
LINE
  5
105
330
17
100
AcDbEntity
  8
0
  6
CONTINUOUS
 62
250
100
AcDbLine
 10
6.798402375223105
 20
45.80170155563873
 30
0.0
 11
7.031427739991898
 21
46.03472692040761
 31
0.0
  0
LINE
  5
106
330
17
100
AcDbEntity
  8
0
  6
CONTINUOUS
 62
250
100
AcDbLine
 10
7.031427739991898
 20
46.03472692040761
 30
0.0
 11
7.264453104760705
 21
45.80170155563889
 31
0.0
  0
LINE
  5
107
330
17
100
AcDbEntity
  8
0
  6
CONTINUOUS
 62
250
100
AcDbLine
 10
7.264453104760705
 20
45.80170155563889
 30
0.0
 11
7.576780796254411
 21
45.80170155563889
 31
0.0
  0
LINE
  5
108
330
17
100
AcDbEntity
  8
0
  6
CONTINUOUS
 62
250
100
AcDbLine
 10
7.576780796254411
 20
45.80170155563889
 30
0.0
 11
7.893756124181309
 21
46.11867688356527
 31
0.0
  0
LINE
  5
109
330
17
100
AcDbEntity
  8
0
  6
CONTINUOUS
 62
250
100
AcDbLine
 10
7.893756124181309
 20
46.11867688356527
 30
0.0
 11
7.1114981944178055
 21
46.11867688356527
 31
0.0
  0
LINE
  5
10A
330
17
100
AcDbEntity
  8
0
  6
CONTINUOUS
 62
250
100
AcDbLine
 10
7.1114981944178055
 20
46.11867688356527
 30
0.0
 11
7.42418357544031
 21
46.43136226458728
 31
0.0
  0
LINE
  5
10B
330
17
100
AcDbEntity
  8
0
  6
CONTINUOUS
 62
250
100
AcDbLine
 10
7.42418357544031
 20
46.43136226458728
 30
0.0
 11
6.638671904545802
 21
46.43136226458728
 31
0.0
  0
LINE
  5
10C
330
17
100
AcDbEntity
  8
0
  6
CONTINUOUS
 62
250
100
AcDbLine
 10
5.776343520351801
 20
45.725921048116554
 30
0.0
 11
6.169099355802601
 21
45.33316521265483
 31
0.0
  0
LINE
  5
10D
330
17
100
AcDbEntity
  8
0
  6
CONTINUOUS
 62
250
100
AcDbLine
 10
6.169099355802601
 20
45.33316521265483
 30
0.0
 11
5.383587684902309
 21
45.33316521265483
 31
0.0
  0
LINE
  5
10E
330
17
100
AcDbEntity
  8
0
  6
CONTINUOUS
 62
250
100
AcDbLine
 10
5.383587684902309
 20
45.33316521265483
 30
0.0
 11
6.3633211977738995
 21
44.3534316997909
 31
0.0
  0
LINE
  5
10F
330
17
100
AcDbEntity
  8
0
  6
CONTINUOUS
 62
250
100
AcDbLine
 10
6.3633211977738995
 20
44.3534316997909
 30
0.0
 11
6.443704535998108
 21
44.4338150380163
 31
0.0
  0
LINE
  5
110
330
17
100
AcDbEntity
  8
0
  6
CONTINUOUS
 62
250
100
AcDbLine
 10
6.443704535998108
 20
44.4338150380163
 30
0.0
 11
5.937110196801299
 21
44.94040937720519
 31
0.0
  0
LINE
  5
111
330
17
100
AcDbEntity
  8
0
  6
CONTINUOUS
 62
250
100
AcDbLine
 10
5.937110196801299
 20
44.94040937720519
 30
0.0
 11
6.722621867700511
 21
45.725921048116554
 31
0.0
  0
LINE
  5
112
330
17
100
AcDbEntity
  8
0
  6
CONTINUOUS
 62
250
100
AcDbLine
 10
6.722621867700511
 20
45.725921048116554
 30
0.0
 11
5.776343520351801
 21
45.725921048116554
 31
0.0
  0
LINE
  5
113
330
17
100
AcDbEntity
  8
0
  6
CONTINUOUS
 62
250
100
AcDbLine
 10
7.031427739991898
 20
43.84609183402246
 30
0.0
 11
6.484268968397203
 21
44.39325060561704
 31
0.0
  0
LINE
  5
114
330
17
100
AcDbEntity
  8
0
  6
CONTINUOUS
 62
250
100
AcDbLine
 10
6.484268968397203
 20
44.39325060561704
 30
0.0
 11
6.403885630171899
 21
44.31286726739171
 31
0.0
  0
LINE
  5
115
330
17
100
AcDbEntity
  8
0
  6
CONTINUOUS
 62
250
100
AcDbLine
 10
6.403885630171899
 20
44.31286726739171
 30
0.0
 11
7.031427739991898
 21
43.68532515757187
 31
0.0
  0
LINE
  5
116
330
17
100
AcDbEntity
  8
0
  6
CONTINUOUS
 62
250
100
AcDbLine
 10
7.031427739991898
 20
43.68532515757187
 30
0.0
 11
7.65896984981201
 21
44.312867267392086
 31
0.0
  0
LINE
  5
117
330
17
100
AcDbEntity
  8
0
  6
CONTINUOUS
 62
250
100
AcDbLine
 10
7.65896984981201
 20
44.312867267392086
 30
0.0
 11
7.578586511586707
 21
44.39325060561736
 31
0.0
  0
LINE
  5
118
330
17
100
AcDbEntity
  8
0
  6
CONTINUOUS
 62
250
100
AcDbLine
 10
7.578586511586707
 20
44.39325060561736
 30
0.0
 11
7.031427739991898
 21
43.84609183402246
 31
0.0
  0
LINE
  5
119
330
17
100
AcDbEntity
  8
0
  6
CONTINUOUS
 62
250
100
AcDbLine
 10
7.619150943985801
 20
44.43381503801663
 30
0.0
 11
7.69953428220991
 21
44.35343169979128
 31
0.0
  0
LINE
  5
11A
330
17
100
AcDbEntity
  8
0
  6
CONTINUOUS
 62
250
100
AcDbLine
 10
7.69953428220991
 20
44.35343169979128
 30
0.0
 11
8.6792677950816
 21
45.33316521271774
 31
0.0
  0
LINE
  5
11B
330
17
100
AcDbEntity
  8
0
  6
CONTINUOUS
 62
250
100
AcDbLine
 10
8.6792677950816
 20
45.33316521271774
 30
0.0
 11
7.893756124181309
 21
45.33316521271774
 31
0.0
  0
LINE
  5
11C
330
17
100
AcDbEntity
  8
0
  6
CONTINUOUS
 62
250
100
AcDbLine
 10
7.893756124181309
 20
45.33316521271774
 30
0.0
 11
8.286511959632008
 21
45.72592104811672
 31
0.0
  0
LINE
  5
11D
330
17
100
AcDbEntity
  8
0
  6
CONTINUOUS
 62
250
100
AcDbLine
 10
8.286511959632008
 20
45.72592104811672
 30
0.0
 11
7.340233612283399
 21
45.72592104811672
 31
0.0
  0
LINE
  5
11E
330
17
100
AcDbEntity
  8
0
  6
CONTINUOUS
 62
250
100
AcDbLine
 10
7.340233612283399
 20
45.72592104811672
 30
0.0
 11
8.12574528318251
 21
44.94040937722042
 31
0.0
  0
LINE
  5
11F
330
17
100
AcDbEntity
  8
0
  6
CONTINUOUS
 62
250
100
AcDbLine
 10
8.12574528318251
 20
44.94040937722042
 30
0.0
 11
7.619150943985801
 21
44.43381503801663
 31
0.0
  0
LINE
  5
120
330
17
100
AcDbEntity
  8
0
  6
CONTINUOUS
 62
250
100
AcDbLine
 10
7.031427739991898
 20
45.74767351266401
 30
0.0
 11
6.224163604540706
 21
44.94040937720519
 31
0.0
  0
LINE
  5
121
330
17
100
AcDbEntity
  8
0
  6
CONTINUOUS
 62
250
100
AcDbLine
 10
6.224163604540706
 20
44.94040937720519
 30
0.0
 11
7.031427739991898
 21
44.13314524176158
 31
0.0
  0
LINE
  5
122
330
17
100
AcDbEntity
  8
0
  6
CONTINUOUS
 62
250
100
AcDbLine
 10
7.031427739991898
 20
44.13314524176158
 30
0.0
 11
7.838691875443104
 21
44.94040937722042
 31
0.0
  0
LINE
  5
123
330
17
100
AcDbEntity
  8
0
  6
CONTINUOUS
 62
250
100
AcDbLine
 10
7.838691875443104
 20
44.94040937722042
 30
0.0
 11
7.031427739991898
 21
45.74767351266401
 31
0.0
  0
LINE
  5
124
330
17
100
AcDbEntity
  8
0
  6
CONTINUOUS
 62
250
100
AcDbLine
 10
4.531244805156106
 20
43.21675729386795
 30
0.0
 11
5.247818736425401
 21
43.21675729386795
 31
0.0
  0
LINE
  5
125
330
17
100
AcDbEntity
  8
0
  6
CONTINUOUS
 62
250
100
AcDbLine
 10
5.247818736425401
 20
43.21675729386795
 30
0.0
 11
4.531616043751001
 21
43.93295998654236
 31
0.0
  0
LINE
  5
126
330
17
100
AcDbEntity
  8
0
  6
CONTINUOUS
 62
250
100
AcDbLine
 10
8.704579557712407
 20
45.20091324400711
 30
0.0
 11
9.468749378527107
 21
45.96508306477742
 31
0.0
  0
LINE
  5
127
330
17
100
AcDbEntity
  8
0
  6
CONTINUOUS
 62
250
100
AcDbLine
 10
9.468749378527107
 20
45.87408189971818
 30
0.0
 11
8.812223204520308
 21
45.21755572571863
 31
0.0
  0
LINE
  5
128
330
17
100
AcDbEntity
  8
0
  6
CONTINUOUS
 62
250
100
AcDbLine
 10
8.812223204520308
 20
45.21755572571863
 30
0.0
 11
9.468749378527107
 21
44.56102955170471
 31
0.0
  0
LINE
  5
129
330
17
100
AcDbEntity
  8
0
  6
CONTINUOUS
 62
250
100
AcDbLine
 10
9.468749378527107
 20
44.436743423148066
 30
0.0
 11
8.704579557712407
 21
45.20091324400711
 31
0.0
  0
LINE
  5
12A
330
17
100
AcDbEntity
  8
0
  6
CONTINUOUS
 62
250
100
AcDbLine
 10
8.901219657933908
 20
45.21755572571863
 30
0.0
 11
9.468749378527107
 21
45.78508544629011
 31
0.0
  0
LINE
  5
12B
330
17
100
AcDbEntity
  8
0
  6
CONTINUOUS
 62
250
100
AcDbLine
 10
9.468749378527107
 20
45.67354722690926
 30
0.0
 11
9.012757877317
 21
45.21755572571863
 31
0.0
  0
LINE
  5
12C
330
17
100
AcDbEntity
  8
0
  6
CONTINUOUS
 62
250
100
AcDbLine
 10
9.012757877317
 20
45.21755572571863
 30
0.0
 11
9.468749378527107
 21
44.76156422448908
 31
0.0
  0
LINE
  5
12D
330
17
100
AcDbEntity
  8
0
  6
CONTINUOUS
 62
250
100
AcDbLine
 10
9.468749378527107
 20
44.6500260051038
 30
0.0
 11
8.901219657933908
 21
45.21755572571863
 31
0.0
  0
LINE
  5
12E
330
17
100
AcDbEntity
  8
0
  6
CONTINUOUS
 62
250
100
AcDbLine
 10
9.10175433069621
 20
45.21755572571863
 30
0.0
 11
9.468749378527107
 21
45.584550773547505
 31
0.0
  0
LINE
  5
12F
330
17
100
AcDbEntity
  8
0
  6
CONTINUOUS
 62
250
100
AcDbLine
 10
9.468749378527107
 20
45.46586284345921
 30
0.0
 11
9.220442260786399
 21
45.21755572571863
 31
0.0
  0
LINE
  5
130
330
17
100
AcDbEntity
  8
0
  6
CONTINUOUS
 62
250
100
AcDbLine
 10
9.220442260786399
 20
45.21755572571863
 30
0.0
 11
9.468749378527107
 21
44.9692486079779
 31
0.0
  0
LINE
  5
131
330
17
100
AcDbEntity
  8
0
  6
CONTINUOUS
 62
250
100
AcDbLine
 10
9.468749378527107
 20
44.850560677885795
 30
0.0
 11
9.10175433069621
 21
45.21755572571863
 31
0.0
  0
LINE
  5
132
330
17
100
AcDbEntity
  8
0
  6
CONTINUOUS
 62
250
100
AcDbLine
 10
5.2313223190449065
 20
45.30800676450171
 30
0.0
 11
4.593740231785105
 21
44.67042467724194
 31
0.0
  0
LINE
  5
133
330
17
100
AcDbEntity
  8
0
  6
CONTINUOUS
 62
250
100
AcDbLine
 10
4.593740231785105
 20
44.75942113063883
 30
0.0
 11
5.142325865648104
 21
45.30800676450171
 31
0.0
  0
LINE
  5
134
330
17
100
AcDbEntity
  8
0
  6
CONTINUOUS
 62
250
100
AcDbLine
 10
5.142325865648104
 20
45.30800676450171
 30
0.0
 11
4.593740231785105
 21
45.85659239836504
 31
0.0
  0
LINE
  5
135
330
17
100
AcDbEntity
  8
0
  6
CONTINUOUS
 62
250
100
AcDbLine
 10
4.593740231785105
 20
44.57851905304798
 30
0.0
 11
5.339418195420407
 21
45.324197016683236
 31
0.0
  0
LINE
  5
136
330
17
100
AcDbEntity
  8
0
  6
CONTINUOUS
 62
250
100
AcDbLine
 10
5.339418195420407
 20
45.324197016683236
 30
0.0
 11
4.621742984816507
 21
46.04187222728713
 31
0.0
  0
LINE
  5
137
330
17
100
AcDbEntity
  8
0
  6
CONTINUOUS
 62
250
100
AcDbLine
 10
4.621742984816507
 20
46.04187222728713
 30
0.0
 11
4.593740231785105
 21
46.01386947425549
 31
0.0
  0
LINE
  5
138
330
17
100
AcDbEntity
  8
0
  6
CONTINUOUS
 62
250
100
AcDbLine
 10
4.593740231785105
 20
45.94558885176197
 30
0.0
 11
5.2313223190449065
 21
45.30800676450171
 31
0.0
  0
LINE
  5
139
330
17
100
AcDbEntity
  8
0
  6
CONTINUOUS
 62
250
100
AcDbLine
 10
4.559599920538503
 20
44.45538228840396
 30
0.0
 11
4.638390835483904
 21
44.37659137345814
 31
0.0
  0
LINE
  5
13A
330
17
100
AcDbEntity
  8
0
  6
CONTINUOUS
 62
250
100
AcDbLine
 10
4.638390835483904
 20
44.37659137345814
 30
0.0
 11
5.462707337064202
 21
45.200907875038986
 31
0.0
  0
LINE
  5
13B
330
17
100
AcDbEntity
  8
0
  6
CONTINUOUS
 62
250
100
AcDbLine
 10
5.462707337064202
 20
45.200907875038986
 30
0.0
 11
5.383916422118901
 21
45.279698789984806
 31
0.0
  0
LINE
  5
13C
330
17
100
AcDbEntity
  8
0
  6
CONTINUOUS
 62
250
100
AcDbLine
 10
5.383916422118901
 20
45.279698789984806
 30
0.0
 11
4.559599920538503
 21
44.45538228840396
 31
0.0
  0
LINE
  5
13D
330
17
100
AcDbEntity
  8
0
  6
CONTINUOUS
 62
250
100
AcDbLine
 10
4.948032635108902
 20
45.32139791744996
 30
0.0
 11
4.593740231785105
 21
45.67569032077414
 31
0.0
  0
LINE
  5
13E
330
17
100
AcDbEntity
  8
0
  6
CONTINUOUS
 62
250
100
AcDbLine
 10
4.593740231785205
 20
45.76468677417104
 30
0.0
 11
5.037029088505804
 21
45.32139791744995
 31
0.0
  0
LINE
  5
13F
330
17
100
AcDbEntity
  8
0
  6
CONTINUOUS
 62
250
100
AcDbLine
 10
5.037029088505804
 20
45.32139791744995
 30
0.0
 11
4.593740231785105
 21
44.87810906072934
 31
0.0
  0
LINE
  5
140
330
17
100
AcDbEntity
  8
0
  6
CONTINUOUS
 62
250
100
AcDbLine
 10
4.593740231785105
 20
44.9671055141262
 30
0.0
 11
4.948032635108902
 21
45.32139791744996
 31
0.0
  0
LINE
  5
141
330
17
100
AcDbEntity
  8
0
  6
CONTINUOUS
 62
250
100
AcDbLine
 10
4.531749544507306
 20
47.44750283350763
 30
0.0
 11
4.871034439081711
 21
47.78161916464869
 31
0.0
  0
LINE
  5
142
330
17
100
AcDbEntity
  8
0
  6
CONTINUOUS
 62
250
100
AcDbLine
 10
4.871034439081711
 20
47.78161916464869
 30
0.0
 11
4.531244805156106
 21
47.781619164648696
 31
0.0
  0
CIRCLE
  5
143
330
17
100
AcDbEntity
  8
0
  6
CONTINUOUS
 62
250
100
AcDbCircle
 10
-8.69832130090731
 20
43.61596006162031
 30
0.0
 40
0.1113061109157168
210
0.0
220
0.0
230
-1.0
  0
CIRCLE
  5
144
330
17
100
AcDbEntity
  8
0
  6
CONTINUOUS
 62
250
100
AcDbCircle
 10
-5.364883029884808
 20
43.61596006162026
 30
0.0
 40
0.1113061109157168
210
0.0
220
0.0
230
-1.0
  0
ARC
  5
145
330
17
100
AcDbEntity
  8
0
  6
CONTINUOUS
 62
250
100
AcDbCircle
 10
-4.531244805156106
 20
46.73512527933208
 30
0.0
 40
0.1718624232298773
210
0.0
220
0.0
230
-1.0
100
AcDbArc
 50
90.0
 51
-90.00000000000001
  0
LINE
  5
146
330
17
100
AcDbEntity
  8
0
  6
CONTINUOUS
 62
250
100
AcDbLine
 10
4.531244805156106
 20
49.11442783854779
 30
0.0
 11
4.531244805156106
 21
43.11442783854778
 31
0.0
  0
LINE
  5
147
330
17
100
AcDbEntity
  8
0
  6
CONTINUOUS
 62
250
100
AcDbLine
 10
4.593740231785105
 20
46.01386947425548
 30
0.0
 11
4.593740231785105
 21
45.94558885176197
 31
0.0
  0
LINE
  5
148
330
17
100
AcDbEntity
  8
0
  6
CONTINUOUS
 62
250
100
AcDbLine
 10
4.593740231785105
 20
45.85659239836508
 30
0.0
 11
4.593740231785105
 21
45.76468677417111
 31
0.0
  0
LINE
  5
149
330
17
100
AcDbEntity
  8
0
  6
CONTINUOUS
 62
250
100
AcDbLine
 10
4.593740231785105
 20
45.67569032077421
 30
0.0
 11
4.593740231785105
 21
44.96710551412619
 31
0.0
  0
LINE
  5
14A
330
17
100
AcDbEntity
  8
0
  6
CONTINUOUS
 62
250
100
AcDbLine
 10
4.593740231785105
 20
44.878109060729315
 30
0.0
 11
4.593740231785105
 21
44.759421130638806
 31
0.0
  0
LINE
  5
14B
330
17
100
AcDbEntity
  8
0
  6
CONTINUOUS
 62
250
100
AcDbLine
 10
4.593740231785105
 20
44.670424677241925
 30
0.0
 11
4.593740231785105
 21
44.578519053047984
 31
0.0
  0
LINE
  5
14C
330
17
100
AcDbEntity
  8
0
  6
CONTINUOUS
 62
250
100
AcDbLine
 10
9.468749378527107
 20
44.33245087803319
 30
0.0
 11
9.468749378527107
 21
44.43674342314806
 31
0.0
  0
LINE
  5
14D
330
17
100
AcDbEntity
  8
0
  6
CONTINUOUS
 62
250
100
AcDbLine
 10
9.468749378527107
 20
44.56102955170472
 30
0.0
 11
9.468749378527107
 21
44.6500260051038
 31
0.0
  0
LINE
  5
14E
330
17
100
AcDbEntity
  8
0
  6
CONTINUOUS
 62
250
100
AcDbLine
 10
9.468749378527107
 20
44.76156422448904
 30
0.0
 11
9.468749378527107
 21
44.85056067788579
 31
0.0
  0
LINE
  5
14F
330
17
100
AcDbEntity
  8
0
  6
CONTINUOUS
 62
250
100
AcDbLine
 10
9.468749378527008
 20
44.96924860797786
 30
0.0
 11
9.468749378527107
 21
45.465862843459206
 31
0.0
  0
LINE
  5
150
330
17
100
AcDbEntity
  8
0
  6
CONTINUOUS
 62
250
100
AcDbLine
 10
9.468749378527107
 20
45.58455077354752
 30
0.0
 11
9.468749378527107
 21
45.67354722690925
 31
0.0
  0
LINE
  5
151
330
17
100
AcDbEntity
  8
0
  6
CONTINUOUS
 62
250
100
AcDbLine
 10
9.468749378527107
 20
45.78508544629011
 30
0.0
 11
9.468749378527107
 21
45.87408189971817
 31
0.0
  0
LINE
  5
152
330
17
100
AcDbEntity
  8
0
  6
CONTINUOUS
 62
250
100
AcDbLine
 10
9.468749378527107
 20
45.96508306477742
 30
0.0
 11
9.468749378527107
 21
46.069375609891395
 31
0.0
  0
LINE
  5
153
330
17
100
AcDbEntity
  8
0
  6
CONTINUOUS
 62
250
100
AcDbLine
 10
7.531244805156106
 20
48.11442783854778
 30
0.0
 11
7.531244805156106
 21
43.11442783854778
 31
0.0
  0
LINE
  5
154
330
17
100
AcDbEntity
  8
0
  6
CONTINUOUS
 62
250
100
AcDbLine
 10
8.531244805156106
 20
49.11442783854778
 30
0.0
 11
8.531244805156106
 21
43.11442783854778
 31
0.0
  0
LINE
  5
155
330
17
100
AcDbEntity
  8
0
  6
CONTINUOUS
 62
250
100
AcDbLine
 10
6.531244805156106
 20
49.11442783854778
 30
0.0
 11
6.531244805156106
 21
43.11442783854778
 31
0.0
  0
LINE
  5
156
330
17
100
AcDbEntity
  8
0
  6
CONTINUOUS
 62
250
100
AcDbLine
 10
5.531244805156106
 20
48.11442783854777
 30
0.0
 11
5.531244805156106
 21
43.11442783854778
 31
0.0
  0
LINE
  5
157
330
17
100
AcDbEntity
  8
0
  6
CONTINUOUS
 62
250
100
AcDbLine
 10
9.531244805156106
 20
46.11442783854778
 30
0.0
 11
4.531244805156106
 21
46.11442783854778
 31
0.0
  0
LWPOLYLINE
  5
158
330
17
100
AcDbEntity
  8
0
  6
CONTINUOUS
 62
250
100
AcDbPolyline
 90
8
 70
1
 10
77.93211385918167
 20
49.114427838547776
 10
76.93211385918167
 20
48.11442783854776
 10
75.93211385918167
 20
49.114427838547776
 10
74.93211385918167
 20
48.11442783854776
 10
73.93211385918167
 20
49.114427838547776
 10
72.93211385918167
 20
48.14781163078483
 10
72.93211385918167
 20
43.11442783854778
 10
77.93211385918167
 20
43.11442783854778
  0
LINE
  5
159
330
17
100
AcDbEntity
  8
0
  6
CONTINUOUS
 62
250
100
AcDbLine
 10
72.93211385918167
 20
48.163683043865646
 30
0.0
 11
72.93211385918167
 21
47.78162453357048
 31
0.0
  0
LINE
  5
15A
330
17
100
AcDbEntity
  8
0
  6
CONTINUOUS
 62
250
100
AcDbLine
 10
72.93211385918167
 20
47.78162453357048
 30
0.0
 11
73.27126533605767
 21
47.78162453357048
 31
0.0
  0
LINE
  5
15B
330
17
100
AcDbEntity
  8
0
  6
CONTINUOUS
 62
250
100
AcDbLine
 10
73.27126533605767
 20
47.78162453357048
 30
0.0
 11
72.93211385918167
 21
47.447639587682865
 31
0.0
  0
LINE
  5
15C
330
17
100
AcDbEntity
  8
0
  6
CONTINUOUS
 62
250
100
AcDbLine
 10
72.93211385918167
 20
47.447639587682865
 30
0.0
 11
72.93211385918167
 21
46.907353572238804
 31
0.0
  0
ARC
  5
15D
330
17
100
AcDbEntity
  8
0
  6
CONTINUOUS
 62
250
100
AcDbCircle
 10
72.93211385918167
 20
46.735125279333595
 30
0.0
 40
0.1722282929052101
100
AcDbArc
 50
-89.9999999999847
 51
89.99999999998697
  0
LINE
  5
15E
330
17
100
AcDbEntity
  8
0
  6
CONTINUOUS
 62
250
100
AcDbLine
 10
72.99460928581067
 20
46.06937560989138
 30
0.0
 11
73.86307165173989
 21
45.200913244007104
 31
0.0
  0
LINE
  5
15F
330
17
100
AcDbEntity
  8
0
  6
CONTINUOUS
 62
250
100
AcDbLine
 10
73.86307165173989
 20
45.200913244007104
 30
0.0
 11
72.99460928581067
 21
44.3324508780332
 31
0.0
  0
LINE
  5
160
330
17
100
AcDbEntity
  8
0
  6
CONTINUOUS
 62
250
100
AcDbLine
 10
72.93211385918167
 20
43.828662072508706
 30
0.0
 11
73.54401863782249
 21
43.21675729386794
 31
0.0
  0
LINE
  5
161
330
17
100
AcDbEntity
  8
0
  6
CONTINUOUS
 62
250
100
AcDbLine
 10
73.54401863782249
 20
43.21675729386794
 30
0.0
 11
72.93211385918167
 21
43.21675729386794
 31
0.0
  0
LINE
  5
162
330
17
100
AcDbEntity
  8
0
  6
CONTINUOUS
 62
250
100
AcDbLine
 10
76.75919073987848
 20
47.78162453356781
 30
0.0
 11
77.43776052902817
 21
47.78162453356781
 31
0.0
  0
LINE
  5
163
330
17
100
AcDbEntity
  8
0
  6
CONTINUOUS
 62
250
100
AcDbLine
 10
77.43776052902817
 20
47.78162453356781
 30
0.0
 11
77.09847563445217
 21
47.44750820242666
 31
0.0
  0
LINE
  5
164
330
17
100
AcDbEntity
  8
0
  6
CONTINUOUS
 62
250
100
AcDbLine
 10
77.09847563445217
 20
47.44750820242666
 30
0.0
 11
76.75919073987848
 21
47.78162453356781
 31
0.0
  0
LINE
  5
165
330
17
100
AcDbEntity
  8
0
  6
CONTINUOUS
 62
250
100
AcDbLine
 10
75.92591838482417
 20
47.781624533567815
 30
0.0
 11
76.60448817397389
 21
47.781624533567815
 31
0.0
  0
LINE
  5
166
330
17
100
AcDbEntity
  8
0
  6
CONTINUOUS
 62
250
100
AcDbLine
 10
76.60448817397389
 20
47.781624533567815
 30
0.0
 11
76.26520327939897
 21
47.447508202426675
 31
0.0
  0
LINE
  5
167
330
17
100
AcDbEntity
  8
0
  6
CONTINUOUS
 62
250
100
AcDbLine
 10
76.26520327939897
 20
47.447508202426675
 30
0.0
 11
75.92591838482417
 21
47.781624533567815
 31
0.0
  0
LINE
  5
168
330
17
100
AcDbEntity
  8
0
  6
CONTINUOUS
 62
250
100
AcDbLine
 10
75.77121581891947
 20
47.78162453357354
 30
0.0
 11
75.43193092434527
 21
47.44750820243183
 31
0.0
  0
LINE
  5
169
330
17
100
AcDbEntity
  8
0
  6
CONTINUOUS
 62
250
100
AcDbLine
 10
75.43193092434527
 20
47.44750820243183
 30
0.0
 11
75.09264602976867
 21
47.78162453357354
 31
0.0
  0
LINE
  5
16A
330
17
100
AcDbEntity
  8
0
  6
CONTINUOUS
 62
250
100
AcDbLine
 10
75.09264602976867
 20
47.78162453357354
 30
0.0
 11
75.77121581891947
 21
47.78162453357354
 31
0.0
  0
LINE
  5
16B
330
17
100
AcDbEntity
  8
0
  6
CONTINUOUS
 62
250
100
AcDbLine
 10
74.93794346386517
 20
47.78162453357354
 30
0.0
 11
74.59865856929028
 21
47.447508202435465
 31
0.0
  0
LINE
  5
16C
330
17
100
AcDbEntity
  8
0
  6
CONTINUOUS
 62
250
100
AcDbLine
 10
74.59865856929028
 20
47.447508202435465
 30
0.0
 11
74.25937367471548
 21
47.78162453357354
 31
0.0
  0
LINE
  5
16D
330
17
100
AcDbEntity
  8
0
  6
CONTINUOUS
 62
250
100
AcDbLine
 10
74.25937367471548
 20
47.78162453357354
 30
0.0
 11
74.93794346386517
 21
47.78162453357354
 31
0.0
  0
LINE
  5
16E
330
17
100
AcDbEntity
  8
0
  6
CONTINUOUS
 62
250
100
AcDbLine
 10
74.10467110881197
 20
47.78162453357048
 30
0.0
 11
73.76538621423597
 21
47.44750820242935
 31
0.0
  0
LINE
  5
16F
330
17
100
AcDbEntity
  8
0
  6
CONTINUOUS
 62
250
100
AcDbLine
 10
73.76538621423597
 20
47.44750820242935
 30
0.0
 11
73.42610131966228
 21
47.78162453357048
 31
0.0
  0
LINE
  5
170
330
17
100
AcDbEntity
  8
0
  6
CONTINUOUS
 62
250
100
AcDbLine
 10
73.42610131966228
 20
47.78162453357048
 30
0.0
 11
74.10467110881197
 21
47.78162453357048
 31
0.0
  0
ARC
  5
171
330
17
100
AcDbEntity
  8
0
  6
CONTINUOUS
 62
250
100
AcDbCircle
 10
76.70333881264139
 20
46.73512527933056
 30
0.0
 40
0.1065976083175258
100
AcDbArc
 50
15.02588689196348
 51
164.9741131080396
  0
LINE
  5
172
330
17
100
AcDbEntity
  8
0
  6
CONTINUOUS
 62
250
100
AcDbLine
 10
76.60038590550508
 20
46.76276128865184
 30
0.0
 11
76.17106773183758
 21
46.76276128865185
 31
0.0
  0
ARC
  5
173
330
17
100
AcDbEntity
  8
0
  6
CONTINUOUS
 62
250
100
AcDbCircle
 10
76.70333881264139
 20
46.762761288651824
 30
0.0
 40
0.532271080803773
100
AcDbArc
 50
-4.211444178243999e-13
 51
179.9999999999998
  0
LINE
  5
174
330
17
100
AcDbEntity
  8
0
  6
CONTINUOUS
 62
250
100
AcDbLine
 10
77.23560989344517
 20
46.762761288651824
 30
0.0
 11
76.80629171977768
 21
46.76276128865185
 31
0.0
  0
LINE
  5
175
330
17
100
AcDbEntity
  8
0
  6
CONTINUOUS
 62
250
100
AcDbLine
 10
76.80629171977768
 20
46.70748927001236
 30
0.0
 11
77.23560989344517
 21
46.70748927001235
 31
0.0
  0
ARC
  5
176
330
17
100
AcDbEntity
  8
0
  6
CONTINUOUS
 62
250
100
AcDbCircle
 10
76.70333881264139
 20
46.70748927001236
 30
0.0
 40
0.5322710808037662
100
AcDbArc
 50
-179.99999999999983
 51
-4.211444178243999e-13
  0
LINE
  5
177
330
17
100
AcDbEntity
  8
0
  6
CONTINUOUS
 62
250
100
AcDbLine
 10
76.17106773183758
 20
46.70748927001235
 30
0.0
 11
76.60038590550508
 21
46.70748927001235
 31
0.0
  0
ARC
  5
178
330
17
100
AcDbEntity
  8
0
  6
CONTINUOUS
 62
250
100
AcDbCircle
 10
76.70333881264139
 20
46.73512527933056
 30
0.0
 40
0.1065976083167457
100
AcDbArc
 50
-164.9741131096326
 51
-15.025886890369938
  0
ARC
  5
179
330
17
100
AcDbEntity
  8
0
  6
CONTINUOUS
 62
250
100
AcDbCircle
 10
74.16052303604567
 20
46.73512527933324
 30
0.0
 40
0.1065976083175401
100
AcDbArc
 50
15.025886891963061
 51
164.974113108038
  0
LINE
  5
17A
330
17
100
AcDbEntity
  8
0
  6
CONTINUOUS
 62
250
100
AcDbLine
 10
74.05757012890939
 20
46.76276128865452
 30
0.0
 11
73.62825195524186
 21
46.762761288654524
 31
0.0
  0
ARC
  5
17B
330
17
100
AcDbEntity
  8
0
  6
CONTINUOUS
 62
250
100
AcDbCircle
 10
74.16052303604567
 20
46.76276128865452
 30
0.0
 40
0.5322710808037662
100
AcDbArc
 50
-4.211444178243999e-13
 51
179.9999999999998
  0
LINE
  5
17C
330
17
100
AcDbEntity
  8
0
  6
CONTINUOUS
 62
250
100
AcDbLine
 10
74.69279411684948
 20
46.762761288654524
 30
0.0
 11
74.26347594318199
 21
46.76276128865452
 31
0.0
  0
LINE
  5
17D
330
17
100
AcDbEntity
  8
0
  6
CONTINUOUS
 62
250
100
AcDbLine
 10
74.26347594318199
 20
46.70748927001504
 30
0.0
 11
74.69279411684948
 21
46.70748927001504
 31
0.0
  0
ARC
  5
17E
330
17
100
AcDbEntity
  8
0
  6
CONTINUOUS
 62
250
100
AcDbCircle
 10
74.16052303604567
 20
46.70748927001504
 30
0.0
 40
0.5322710808037725
100
AcDbArc
 50
-179.99999999999983
 51
-4.211444178243999e-13
  0
LINE
  5
17F
330
17
100
AcDbEntity
  8
0
  6
CONTINUOUS
 62
250
100
AcDbLine
 10
73.62825195524186
 20
46.707489270015046
 30
0.0
 11
74.05757012890939
 21
46.70748927001504
 31
0.0
  0
ARC
  5
180
330
17
100
AcDbEntity
  8
0
  6
CONTINUOUS
 62
250
100
AcDbCircle
 10
74.16052303604567
 20
46.73512527933324
 30
0.0
 40
0.1065976083167457
100
AcDbArc
 50
-164.9741131096326
 51
-15.025886890368103
  0
ARC
  5
181
330
17
100
AcDbEntity
  8
0
  6
CONTINUOUS
 62
250
100
AcDbCircle
 10
75.43193092434467
 20
46.735125279337815
 30
0.0
 40
0.1718624232298842
100
AcDbArc
 50
2.036e-13
 51
180.0
  0
ARC
  5
182
330
17
100
AcDbEntity
  8
0
  6
CONTINUOUS
 62
250
100
AcDbCircle
 10
75.43193092434467
 20
46.735125279337815
 30
0.0
 40
0.1718624232298694
100
AcDbArc
 50
-179.99999999999983
 51
-6.24699917438065e-13
  0
LINE
  5
183
330
17
100
AcDbEntity
  8
0
  6
CONTINUOUS
 62
250
100
AcDbLine
 10
76.93259472279178
 20
44.95358592307193
 30
0.0
 11
75.52308888482219
 21
43.544080085101605
 31
0.0
  0
ARC
  5
184
330
17
100
AcDbEntity
  8
0
  6
CONTINUOUS
 62
250
100
AcDbCircle
 10
75.43193092434589
 20
43.480677208986144
 30
0.0
 40
0.1110391753297565
100
AcDbArc
 50
145.180321594915
 51
34.8196784050884
  0
LINE
  5
185
330
17
100
AcDbEntity
  8
0
  6
CONTINUOUS
 62
250
100
AcDbLine
 10
75.34077296386948
 20
43.544080085101605
 30
0.0
 11
73.93126712589998
 21
44.95358592307194
 31
0.0
  0
LINE
  5
186
330
17
100
AcDbEntity
  8
0
  6
CONTINUOUS
 62
250
100
AcDbLine
 10
73.93126712589998
 20
44.95358592307194
 30
0.0
 11
73.54175711264949
 21
44.56407590982168
 31
0.0
  0
LINE
  5
187
330
17
100
AcDbEntity
  8
0
  6
CONTINUOUS
 62
250
100
AcDbLine
 10
73.54175711264949
 20
44.56407590982168
 30
0.0
 11
73.65336464019117
 21
44.45246838227988
 31
0.0
  0
LINE
  5
188
330
17
100
AcDbEntity
  8
0
  6
CONTINUOUS
 62
250
100
AcDbLine
 10
73.65336464019117
 20
44.45246838227988
 30
0.0
 11
74.32472186855739
 21
44.45246838227988
 31
0.0
  0
LINE
  5
189
330
17
100
AcDbEntity
  8
0
  6
CONTINUOUS
 62
250
100
AcDbLine
 10
74.32472186855739
 20
44.45246838227988
 30
0.0
 11
73.93126712589998
 21
44.059013639622535
 31
0.0
  0
LINE
  5
18A
330
17
100
AcDbEntity
  8
0
  6
CONTINUOUS
 62
250
100
AcDbLine
 10
73.93126712589998
 20
44.059013639622535
 30
0.0
 11
73.42620485570077
 21
44.564075909821774
 31
0.0
  0
LINE
  5
18B
330
17
100
AcDbEntity
  8
0
  6
CONTINUOUS
 62
250
100
AcDbLine
 10
73.42620485570077
 20
44.564075909821774
 30
0.0
 11
73.93126712589998
 21
45.06913818006852
 31
0.0
  0
LINE
  5
18C
330
17
100
AcDbEntity
  8
0
  6
CONTINUOUS
 62
250
100
AcDbLine
 10
73.93126712589998
 20
45.06913818006852
 30
0.0
 11
75.41073140505827
 21
43.589673900862245
 31
0.0
  0
ARC
  5
18D
330
17
100
AcDbEntity
  8
0
  6
CONTINUOUS
 62
250
100
AcDbCircle
 10
75.43193092434589
 20
43.49409056900635
 30
0.0
 40
0.097906041420818
100
AcDbArc
 50
77.49474094213771
 51
102.5052590578706
  0
LINE
  5
18E
330
17
100
AcDbEntity
  8
0
  6
CONTINUOUS
 62
250
100
AcDbLine
 10
75.45313044363348
 20
43.58967390086225
 30
0.0
 11
76.93259472279178
 21
45.06913818002081
 31
0.0
  0
LINE
  5
18F
330
17
100
AcDbEntity
  8
0
  6
CONTINUOUS
 62
250
100
AcDbLine
 10
76.93259472279178
 20
45.06913818002081
 30
0.0
 11
77.43765699299098
 21
44.564075909821725
 31
0.0
  0
LINE
  5
190
330
17
100
AcDbEntity
  8
0
  6
CONTINUOUS
 62
250
100
AcDbLine
 10
77.43765699299098
 20
44.564075909821725
 30
0.0
 11
76.93259472279178
 21
44.0590136396225
 31
0.0
  0
LINE
  5
191
330
17
100
AcDbEntity
  8
0
  6
CONTINUOUS
 62
250
100
AcDbLine
 10
76.93259472279178
 20
44.0590136396225
 30
0.0
 11
76.53913998013437
 21
44.45246838227984
 31
0.0
  0
LINE
  5
192
330
17
100
AcDbEntity
  8
0
  6
CONTINUOUS
 62
250
100
AcDbLine
 10
76.53913998013437
 20
44.45246838227984
 30
0.0
 11
77.21049720850047
 21
44.45246838227984
 31
0.0
  0
LINE
  5
193
330
17
100
AcDbEntity
  8
0
  6
CONTINUOUS
 62
250
100
AcDbLine
 10
77.21049720850047
 20
44.45246838227984
 30
0.0
 11
77.32210473604229
 21
44.56407590982165
 31
0.0
  0
LINE
  5
194
330
17
100
AcDbEntity
  8
0
  6
CONTINUOUS
 62
250
100
AcDbLine
 10
77.32210473604229
 20
44.56407590982165
 30
0.0
 11
76.93259472279178
 21
44.95358592307193
 31
0.0
  0
LINE
  5
195
330
17
100
AcDbEntity
  8
0
  6
CONTINUOUS
 62
250
100
AcDbLine
 10
75.82468675979197
 20
46.431362264587264
 30
0.0
 11
75.51200137877177
 21
46.118676883565264
 31
0.0
  0
LINE
  5
196
330
17
100
AcDbEntity
  8
0
  6
CONTINUOUS
 62
250
100
AcDbLine
 10
75.51200137877177
 20
46.118676883565264
 30
0.0
 11
76.29425930853517
 21
46.118676883565264
 31
0.0
  0
LINE
  5
197
330
17
100
AcDbEntity
  8
0
  6
CONTINUOUS
 62
250
100
AcDbLine
 10
76.29425930853517
 20
46.118676883565264
 30
0.0
 11
75.97728398060829
 21
45.801701555638715
 31
0.0
  0
LINE
  5
198
330
17
100
AcDbEntity
  8
0
  6
CONTINUOUS
 62
250
100
AcDbLine
 10
75.97728398060829
 20
45.801701555638715
 30
0.0
 11
75.66495628911468
 21
45.801701555638715
 31
0.0
  0
LINE
  5
199
330
17
100
AcDbEntity
  8
0
  6
CONTINUOUS
 62
250
100
AcDbLine
 10
75.66495628911468
 20
45.801701555638715
 30
0.0
 11
75.43193092434589
 21
46.0347269204076
 31
0.0
  0
LINE
  5
19A
330
17
100
AcDbEntity
  8
0
  6
CONTINUOUS
 62
250
100
AcDbLine
 10
75.43193092434589
 20
46.0347269204076
 30
0.0
 11
75.19890555957707
 21
45.801701555638886
 31
0.0
  0
LINE
  5
19B
330
17
100
AcDbEntity
  8
0
  6
CONTINUOUS
 62
250
100
AcDbLine
 10
75.19890555957707
 20
45.801701555638886
 30
0.0
 11
74.88657786808338
 21
45.801701555638886
 31
0.0
  0
LINE
  5
19C
330
17
100
AcDbEntity
  8
0
  6
CONTINUOUS
 62
250
100
AcDbLine
 10
74.88657786808338
 20
45.801701555638886
 30
0.0
 11
74.56960254015647
 21
46.118676883565264
 31
0.0
  0
LINE
  5
19D
330
17
100
AcDbEntity
  8
0
  6
CONTINUOUS
 62
250
100
AcDbLine
 10
74.56960254015647
 20
46.118676883565264
 30
0.0
 11
75.35186046991998
 21
46.118676883565264
 31
0.0
  0
LINE
  5
19E
330
17
100
AcDbEntity
  8
0
  6
CONTINUOUS
 62
250
100
AcDbLine
 10
75.35186046991998
 20
46.118676883565264
 30
0.0
 11
75.03917508889748
 21
46.431362264587264
 31
0.0
  0
LINE
  5
19F
330
17
100
AcDbEntity
  8
0
  6
CONTINUOUS
 62
250
100
AcDbLine
 10
75.03917508889748
 20
46.431362264587264
 30
0.0
 11
75.82468675979197
 21
46.431362264587264
 31
0.0
  0
LINE
  5
1A0
330
17
100
AcDbEntity
  8
0
  6
CONTINUOUS
 62
250
100
AcDbLine
 10
76.68701514398597
 20
45.72592104811655
 30
0.0
 11
76.29425930853517
 21
45.33316521265483
 31
0.0
  0
LINE
  5
1A1
330
17
100
AcDbEntity
  8
0
  6
CONTINUOUS
 62
250
100
AcDbLine
 10
76.29425930853517
 20
45.33316521265483
 30
0.0
 11
77.07977097943547
 21
45.33316521265483
 31
0.0
  0
LINE
  5
1A2
330
17
100
AcDbEntity
  8
0
  6
CONTINUOUS
 62
250
100
AcDbLine
 10
77.07977097943547
 20
45.33316521265483
 30
0.0
 11
76.10003746656389
 21
44.353431699790896
 31
0.0
  0
LINE
  5
1A3
330
17
100
AcDbEntity
  8
0
  6
CONTINUOUS
 62
250
100
AcDbLine
 10
76.10003746656389
 20
44.353431699790896
 30
0.0
 11
76.01965412833968
 21
44.43381503801629
 31
0.0
  0
LINE
  5
1A4
330
17
100
AcDbEntity
  8
0
  6
CONTINUOUS
 62
250
100
AcDbLine
 10
76.01965412833968
 20
44.43381503801629
 30
0.0
 11
76.52624846753648
 21
44.940409377205185
 31
0.0
  0
LINE
  5
1A5
330
17
100
AcDbEntity
  8
0
  6
CONTINUOUS
 62
250
100
AcDbLine
 10
76.52624846753648
 20
44.940409377205185
 30
0.0
 11
75.74073679663726
 21
45.72592104811655
 31
0.0
  0
LINE
  5
1A6
330
17
100
AcDbEntity
  8
0
  6
CONTINUOUS
 62
250
100
AcDbLine
 10
75.74073679663726
 20
45.72592104811655
 30
0.0
 11
76.68701514398597
 21
45.72592104811655
 31
0.0
  0
LINE
  5
1A7
330
17
100
AcDbEntity
  8
0
  6
CONTINUOUS
 62
250
100
AcDbLine
 10
75.43193092434589
 20
43.84609183402246
 30
0.0
 11
75.97908969594059
 21
44.393250605617034
 31
0.0
  0
LINE
  5
1A8
330
17
100
AcDbEntity
  8
0
  6
CONTINUOUS
 62
250
100
AcDbLine
 10
75.97908969594059
 20
44.393250605617034
 30
0.0
 11
76.05947303416588
 21
44.3128672673917
 31
0.0
  0
LINE
  5
1A9
330
17
100
AcDbEntity
  8
0
  6
CONTINUOUS
 62
250
100
AcDbLine
 10
76.05947303416588
 20
44.3128672673917
 30
0.0
 11
75.43193092434589
 21
43.68532515757185
 31
0.0
  0
LINE
  5
1AA
330
17
100
AcDbEntity
  8
0
  6
CONTINUOUS
 62
250
100
AcDbLine
 10
75.43193092434589
 20
43.68532515757185
 30
0.0
 11
74.80438881452577
 21
44.31286726739208
 31
0.0
  0
LINE
  5
1AB
330
17
100
AcDbEntity
  8
0
  6
CONTINUOUS
 62
250
100
AcDbLine
 10
74.80438881452577
 20
44.31286726739208
 30
0.0
 11
74.88477215275108
 21
44.393250605617354
 31
0.0
  0
LINE
  5
1AC
330
17
100
AcDbEntity
  8
0
  6
CONTINUOUS
 62
250
100
AcDbLine
 10
74.88477215275108
 20
44.393250605617354
 30
0.0
 11
75.43193092434589
 21
43.84609183402246
 31
0.0
  0
LINE
  5
1AD
330
17
100
AcDbEntity
  8
0
  6
CONTINUOUS
 62
250
100
AcDbLine
 10
74.84420772035199
 20
44.433815038016625
 30
0.0
 11
74.76382438212786
 21
44.35343169979127
 31
0.0
  0
LINE
  5
1AE
330
17
100
AcDbEntity
  8
0
  6
CONTINUOUS
 62
250
100
AcDbLine
 10
74.76382438212786
 20
44.35343169979127
 30
0.0
 11
73.78409086925618
 21
45.33316521271773
 31
0.0
  0
LINE
  5
1AF
330
17
100
AcDbEntity
  8
0
  6
CONTINUOUS
 62
250
100
AcDbLine
 10
73.78409086925618
 20
45.33316521271773
 30
0.0
 11
74.56960254015647
 21
45.33316521271773
 31
0.0
  0
LINE
  5
1B0
330
17
100
AcDbEntity
  8
0
  6
CONTINUOUS
 62
250
100
AcDbLine
 10
74.56960254015647
 20
45.33316521271773
 30
0.0
 11
74.17684670470578
 21
45.72592104811671
 31
0.0
  0
LINE
  5
1B1
330
17
100
AcDbEntity
  8
0
  6
CONTINUOUS
 62
250
100
AcDbLine
 10
74.17684670470578
 20
45.72592104811671
 30
0.0
 11
75.12312505205438
 21
45.72592104811671
 31
0.0
  0
LINE
  5
1B2
330
17
100
AcDbEntity
  8
0
  6
CONTINUOUS
 62
250
100
AcDbLine
 10
75.12312505205438
 20
45.72592104811671
 30
0.0
 11
74.33761338115528
 21
44.94040937722041
 31
0.0
  0
LINE
  5
1B3
330
17
100
AcDbEntity
  8
0
  6
CONTINUOUS
 62
250
100
AcDbLine
 10
74.33761338115528
 20
44.94040937722041
 30
0.0
 11
74.84420772035199
 21
44.433815038016625
 31
0.0
  0
LINE
  5
1B4
330
17
100
AcDbEntity
  8
0
  6
CONTINUOUS
 62
250
100
AcDbLine
 10
75.43193092434589
 20
45.747673512664
 30
0.0
 11
76.23919505979708
 21
44.940409377205185
 31
0.0
  0
LINE
  5
1B5
330
17
100
AcDbEntity
  8
0
  6
CONTINUOUS
 62
250
100
AcDbLine
 10
76.23919505979708
 20
44.940409377205185
 30
0.0
 11
75.43193092434589
 21
44.133145241761575
 31
0.0
  0
LINE
  5
1B6
330
17
100
AcDbEntity
  8
0
  6
CONTINUOUS
 62
250
100
AcDbLine
 10
75.43193092434589
 20
44.133145241761575
 30
0.0
 11
74.62466678889467
 21
44.94040937722041
 31
0.0
  0
LINE
  5
1B7
330
17
100
AcDbEntity
  8
0
  6
CONTINUOUS
 62
250
100
AcDbLine
 10
74.62466678889467
 20
44.94040937722041
 30
0.0
 11
75.43193092434589
 21
45.747673512664
 31
0.0
  0
LINE
  5
1B8
330
17
100
AcDbEntity
  8
0
  6
CONTINUOUS
 62
250
100
AcDbLine
 10
77.93211385918167
 20
43.21675729386794
 30
0.0
 11
77.21553992791237
 21
43.21675729386794
 31
0.0
  0
LINE
  5
1B9
330
17
100
AcDbEntity
  8
0
  6
CONTINUOUS
 62
250
100
AcDbLine
 10
77.21553992791237
 20
43.21675729386794
 30
0.0
 11
77.93174262058679
 21
43.93295998654235
 31
0.0
  0
LINE
  5
1BA
330
17
100
AcDbEntity
  8
0
  6
CONTINUOUS
 62
250
100
AcDbLine
 10
73.75877910662538
 20
45.200913244007104
 30
0.0
 11
72.99460928581067
 21
45.96508306477741
 31
0.0
  0
LINE
  5
1BB
330
17
100
AcDbEntity
  8
0
  6
CONTINUOUS
 62
250
100
AcDbLine
 10
72.99460928581067
 20
45.87408189971817
 30
0.0
 11
73.65113545981748
 21
45.217555725718626
 31
0.0
  0
LINE
  5
1BC
330
17
100
AcDbEntity
  8
0
  6
CONTINUOUS
 62
250
100
AcDbLine
 10
73.65113545981748
 20
45.217555725718626
 30
0.0
 11
72.99460928581067
 21
44.561029551704706
 31
0.0
  0
LINE
  5
1BD
330
17
100
AcDbEntity
  8
0
  6
CONTINUOUS
 62
250
100
AcDbLine
 10
72.99460928581067
 20
44.43674342314806
 30
0.0
 11
73.75877910662538
 21
45.200913244007104
 31
0.0
  0
LINE
  5
1BE
330
17
100
AcDbEntity
  8
0
  6
CONTINUOUS
 62
250
100
AcDbLine
 10
73.56213900640387
 20
45.217555725718626
 30
0.0
 11
72.99460928581067
 21
45.785085446290104
 31
0.0
  0
LINE
  5
1BF
330
17
100
AcDbEntity
  8
0
  6
CONTINUOUS
 62
250
100
AcDbLine
 10
72.99460928581067
 20
45.67354722690925
 30
0.0
 11
73.45060078702079
 21
45.217555725718626
 31
0.0
  0
LINE
  5
1C0
330
17
100
AcDbEntity
  8
0
  6
CONTINUOUS
 62
250
100
AcDbLine
 10
73.45060078702079
 20
45.217555725718626
 30
0.0
 11
72.99460928581067
 21
44.76156422448907
 31
0.0
  0
LINE
  5
1C1
330
17
100
AcDbEntity
  8
0
  6
CONTINUOUS
 62
250
100
AcDbLine
 10
72.99460928581067
 20
44.65002600510379
 30
0.0
 11
73.56213900640387
 21
45.217555725718626
 31
0.0
  0
LINE
  5
1C2
330
17
100
AcDbEntity
  8
0
  6
CONTINUOUS
 62
250
100
AcDbLine
 10
73.36160433364157
 20
45.217555725718626
 30
0.0
 11
72.99460928581067
 21
45.5845507735475
 31
0.0
  0
LINE
  5
1C3
330
17
100
AcDbEntity
  8
0
  6
CONTINUOUS
 62
250
100
AcDbLine
 10
72.99460928581067
 20
45.465862843459206
 30
0.0
 11
73.24291640355139
 21
45.217555725718626
 31
0.0
  0
LINE
  5
1C4
330
17
100
AcDbEntity
  8
0
  6
CONTINUOUS
 62
250
100
AcDbLine
 10
73.24291640355139
 20
45.217555725718626
 30
0.0
 11
72.99460928581067
 21
44.969248607977896
 31
0.0
  0
LINE
  5
1C5
330
17
100
AcDbEntity
  8
0
  6
CONTINUOUS
 62
250
100
AcDbLine
 10
72.99460928581067
 20
44.85056067788578
 30
0.0
 11
73.36160433364157
 21
45.217555725718626
 31
0.0
  0
LINE
  5
1C6
330
17
100
AcDbEntity
  8
0
  6
CONTINUOUS
 62
250
100
AcDbLine
 10
77.23203634529287
 20
45.308006764501705
 30
0.0
 11
77.86961843255267
 21
44.670424677241925
 31
0.0
  0
LINE
  5
1C7
330
17
100
AcDbEntity
  8
0
  6
CONTINUOUS
 62
250
100
AcDbLine
 10
77.86961843255267
 20
44.75942113063882
 30
0.0
 11
77.32103279868969
 21
45.308006764501705
 31
0.0
  0
LINE
  5
1C8
330
17
100
AcDbEntity
  8
0
  6
CONTINUOUS
 62
250
100
AcDbLine
 10
77.32103279868969
 20
45.308006764501705
 30
0.0
 11
77.86961843255267
 21
45.85659239836503
 31
0.0
  0
LINE
  5
1C9
330
17
100
AcDbEntity
  8
0
  6
CONTINUOUS
 62
250
100
AcDbLine
 10
77.86961843255267
 20
44.57851905304797
 30
0.0
 11
77.12394046891737
 21
45.32419701668323
 31
0.0
  0
LINE
  5
1CA
330
17
100
AcDbEntity
  8
0
  6
CONTINUOUS
 62
250
100
AcDbLine
 10
77.12394046891737
 20
45.32419701668323
 30
0.0
 11
77.84161567952128
 21
46.04187222728712
 31
0.0
  0
LINE
  5
1CB
330
17
100
AcDbEntity
  8
0
  6
CONTINUOUS
 62
250
100
AcDbLine
 10
77.84161567952128
 20
46.04187222728712
 30
0.0
 11
77.86961843255267
 21
46.013869474255486
 31
0.0
  0
LINE
  5
1CC
330
17
100
AcDbEntity
  8
0
  6
CONTINUOUS
 62
250
100
AcDbLine
 10
77.86961843255267
 20
45.945588851761954
 30
0.0
 11
77.23203634529287
 21
45.308006764501705
 31
0.0
  0
LINE
  5
1CD
330
17
100
AcDbEntity
  8
0
  6
CONTINUOUS
 62
250
100
AcDbLine
 10
77.90375874379927
 20
44.45538228840395
 30
0.0
 11
77.82496782885389
 21
44.376591373458126
 31
0.0
  0
LINE
  5
1CE
330
17
100
AcDbEntity
  8
0
  6
CONTINUOUS
 62
250
100
AcDbLine
 10
77.82496782885389
 20
44.376591373458126
 30
0.0
 11
77.00065132727357
 21
45.20090787503898
 31
0.0
  0
LINE
  5
1CF
330
17
100
AcDbEntity
  8
0
  6
CONTINUOUS
 62
250
100
AcDbLine
 10
77.00065132727357
 20
45.20090787503898
 30
0.0
 11
77.07944224221887
 21
45.27969878998479
 31
0.0
  0
LINE
  5
1D0
330
17
100
AcDbEntity
  8
0
  6
CONTINUOUS
 62
250
100
AcDbLine
 10
77.07944224221887
 20
45.27969878998479
 30
0.0
 11
77.90375874379927
 21
44.45538228840395
 31
0.0
  0
LINE
  5
1D1
330
17
100
AcDbEntity
  8
0
  6
CONTINUOUS
 62
250
100
AcDbLine
 10
77.51532602922887
 20
45.32139791744995
 30
0.0
 11
77.86961843255267
 21
45.67569032077413
 31
0.0
  0
LINE
  5
1D2
330
17
100
AcDbEntity
  8
0
  6
CONTINUOUS
 62
250
100
AcDbLine
 10
77.86961843255258
 20
45.764686774171025
 30
0.0
 11
77.42632957583197
 21
45.32139791744994
 31
0.0
  0
LINE
  5
1D3
330
17
100
AcDbEntity
  8
0
  6
CONTINUOUS
 62
250
100
AcDbLine
 10
77.42632957583197
 20
45.32139791744994
 30
0.0
 11
77.86961843255267
 21
44.87810906072933
 31
0.0
  0
LINE
  5
1D4
330
17
100
AcDbEntity
  8
0
  6
CONTINUOUS
 62
250
100
AcDbLine
 10
77.86961843255267
 20
44.967105514126196
 30
0.0
 11
77.51532602922887
 21
45.32139791744995
 31
0.0
  0
LINE
  5
1D5
330
17
100
AcDbEntity
  8
0
  6
CONTINUOUS
 62
250
100
AcDbLine
 10
77.93160911983048
 20
47.44750283350762
 30
0.0
 11
77.59232422525608
 21
47.78161916464868
 31
0.0
  0
LINE
  5
1D6
330
17
100
AcDbEntity
  8
0
  6
CONTINUOUS
 62
250
100
AcDbLine
 10
77.59232422525608
 20
47.78161916464868
 30
0.0
 11
77.93211385918167
 21
47.78161916464869
 31
0.0
  0
CIRCLE
  5
1D7
330
17
100
AcDbEntity
  8
0
  6
CONTINUOUS
 62
250
100
AcDbCircle
 10
73.76503736343048
 20
43.6159600616203
 30
0.0
 40
0.1113061109157168
  0
CIRCLE
  5
1D8
330
17
100
AcDbEntity
  8
0
  6
CONTINUOUS
 62
250
100
AcDbCircle
 10
77.09847563445297
 20
43.61596006162025
 30
0.0
 40
0.1113061109157168
  0
ARC
  5
1D9
330
17
100
AcDbEntity
  8
0
  6
CONTINUOUS
 62
250
100
AcDbCircle
 10
77.93211385918167
 20
46.735125279332074
 30
0.0
 40
0.1718624232298773
100
AcDbArc
 50
90.0
 51
-90.00000000000001
  0
LINE
  5
1DA
330
17
100
AcDbEntity
  8
0
  6
CONTINUOUS
 62
250
100
AcDbLine
 10
77.93211385918167
 20
49.11442783854778
 30
0.0
 11
77.93211385918167
 21
43.11442783854778
 31
0.0
  0
LINE
  5
1DB
330
17
100
AcDbEntity
  8
0
  6
CONTINUOUS
 62
250
100
AcDbLine
 10
77.86961843255267
 20
46.01386947425547
 30
0.0
 11
77.86961843255267
 21
45.94558885176197
 31
0.0
  0
LINE
  5
1DC
330
17
100
AcDbEntity
  8
0
  6
CONTINUOUS
 62
250
100
AcDbLine
 10
77.86961843255267
 20
45.85659239836507
 30
0.0
 11
77.86961843255267
 21
45.764686774171096
 31
0.0
  0
LINE
  5
1DD
330
17
100
AcDbEntity
  8
0
  6
CONTINUOUS
 62
250
100
AcDbLine
 10
77.86961843255267
 20
45.675690320774194
 30
0.0
 11
77.86961843255267
 21
44.96710551412618
 31
0.0
  0
LINE
  5
1DE
330
17
100
AcDbEntity
  8
0
  6
CONTINUOUS
 62
250
100
AcDbLine
 10
77.86961843255267
 20
44.878109060729315
 30
0.0
 11
77.86961843255267
 21
44.7594211306388
 31
0.0
  0
LINE
  5
1DF
330
17
100
AcDbEntity
  8
0
  6
CONTINUOUS
 62
250
100
AcDbLine
 10
77.86961843255267
 20
44.67042467724191
 30
0.0
 11
77.86961843255267
 21
44.57851905304798
 31
0.0
  0
LINE
  5
1E0
330
17
100
AcDbEntity
  8
0
  6
CONTINUOUS
 62
250
100
AcDbLine
 10
72.99460928581067
 20
44.332450878033185
 30
0.0
 11
72.99460928581067
 21
44.43674342314805
 31
0.0
  0
LINE
  5
1E1
330
17
100
AcDbEntity
  8
0
  6
CONTINUOUS
 62
250
100
AcDbLine
 10
72.99460928581067
 20
44.56102955170471
 30
0.0
 11
72.99460928581067
 21
44.65002600510379
 31
0.0
  0
LINE
  5
1E2
330
17
100
AcDbEntity
  8
0
  6
CONTINUOUS
 62
250
100
AcDbLine
 10
72.99460928581067
 20
44.761564224489035
 30
0.0
 11
72.99460928581067
 21
44.85056067788578
 31
0.0
  0
LINE
  5
1E3
330
17
100
AcDbEntity
  8
0
  6
CONTINUOUS
 62
250
100
AcDbLine
 10
72.99460928581078
 20
44.96924860797785
 30
0.0
 11
72.99460928581067
 21
45.4658628434592
 31
0.0
  0
LINE
  5
1E4
330
17
100
AcDbEntity
  8
0
  6
CONTINUOUS
 62
250
100
AcDbLine
 10
72.99460928581067
 20
45.58455077354751
 30
0.0
 11
72.99460928581067
 21
45.67354722690924
 31
0.0
  0
LINE
  5
1E5
330
17
100
AcDbEntity
  8
0
  6
CONTINUOUS
 62
250
100
AcDbLine
 10
72.99460928581067
 20
45.78508544629011
 30
0.0
 11
72.99460928581067
 21
45.87408189971816
 31
0.0
  0
LINE
  5
1E6
330
17
100
AcDbEntity
  8
0
  6
CONTINUOUS
 62
250
100
AcDbLine
 10
72.99460928581067
 20
45.96508306477741
 30
0.0
 11
72.99460928581067
 21
46.06937560989139
 31
0.0
  0
LINE
  5
1E7
330
17
100
AcDbEntity
  8
0
  6
CONTINUOUS
 62
250
100
AcDbLine
 10
74.93211385918167
 20
48.114427838547776
 30
0.0
 11
74.93211385918167
 21
43.11442783854778
 31
0.0
  0
LINE
  5
1E8
330
17
100
AcDbEntity
  8
0
  6
CONTINUOUS
 62
250
100
AcDbLine
 10
73.93211385918167
 20
49.114427838547776
 30
0.0
 11
73.93211385918167
 21
43.11442783854778
 31
0.0
  0
LINE
  5
1E9
330
17
100
AcDbEntity
  8
0
  6
CONTINUOUS
 62
250
100
AcDbLine
 10
75.93211385918167
 20
49.114427838547776
 30
0.0
 11
75.93211385918167
 21
43.11442783854778
 31
0.0
  0
LINE
  5
1EA
330
17
100
AcDbEntity
  8
0
  6
CONTINUOUS
 62
250
100
AcDbLine
 10
76.93211385918167
 20
48.11442783854776
 30
0.0
 11
76.93211385918167
 21
43.11442783854778
 31
0.0
  0
LINE
  5
1EB
330
17
100
AcDbEntity
  8
0
  6
CONTINUOUS
 62
250
100
AcDbLine
 10
72.93211385918167
 20
46.11442783854778
 30
0.0
 11
77.93211385918167
 21
46.11442783854778
 31
0.0
  0
LINE
  5
1ED
330
17
100
AcDbEntity
  8
0-LOUVRE
 62
11
100
AcDbLine
 10
72.66001000571109
 20
48.53442783854779
 30
0.0
 11
72.66001000571109
 21
42.91442783854779
 31
0.0
  0
LINE
  5
1EF
330
17
100
AcDbEntity
  8
A-WALL
 62
11
100
AcDbLine
 10
72.56001000567909
 20
42.91442783854779
 30
0.0
 11
72.56001000567909
 21
50.25175066541518
 31
0.0
  0
LINE
  5
1F1
330
17
100
AcDbEntity
  8
A-ROOF
100
AcDbLine
 10
-0.199990013684206
 20
50.24482461968137
 30
0.0
 11
-0.199990013684101
 21
56.3444278385452
 31
0.0
  0
LINE
  5
1F2
330
17
100
AcDbEntity
  8
A-ROOF
100
AcDbLine
 10
-0.1999900136842381
 20
51.73825756467479
 30
0.0
 11
72.63014332894033
 21
51.73825756467479
 31
0.0
  0
LINE
  5
1F3
330
17
100
AcDbEntity
  8
A-ROOF
100
AcDbLine
 10
72.6301433289404
 20
55.08015666687507
 30
0.0
 11
-0.1999900136841567
 21
55.08015666687507
 31
0.0
  0
LINE
  5
1F4
330
17
100
AcDbEntity
  8
A-ROOF
100
AcDbLine
 10
72.63014332894046
 20
56.34442783854521
 30
0.0
 11
-0.1999900136840981
 21
56.34442783854521
 31
0.0
  0
LINE
  5
1F5
330
17
100
AcDbEntity
  8
A-ROOF
100
AcDbLine
 10
72.63014332894033
 20
51.56074538146831
 30
0.0
 11
-0.1999900136842361
 21
51.56074538146831
 31
0.0
  0
LINE
  5
1F6
330
17
100
AcDbEntity
  8
A-ROOF
100
AcDbLine
 10
72.63014332894046
 20
56.3444278385452
 30
0.0
 11
72.63014332894036
 21
50.24482461968137
 31
0.0
  0
LINE
  5
1F7
330
17
100
AcDbEntity
  8
A-WALL
 62
11
100
AcDbLine
 10
-0.2301233392039303
 20
42.91442783854779
 30
0.0
 11
-0.2301233392039565
 21
50.28535954991944
 31
0.0
  0
LINE
  5
1F8
330
17
100
AcDbEntity
  8
A-WALL
 62
11
100
AcDbLine
 10
82.69001000430718
 20
48.53442783854779
 30
0.0
 11
82.69001000430728
 21
42.91442783854779
 31
0.0
  0
LINE
  5
1F9
330
17
100
AcDbEntity
  8
A-WALL
100
AcDbLine
 10
-0.1999900136841615
 20
54.79678223775032
 30
0.0
 11
-0.2301233392039228
 21
54.79678223775032
 31
0.0
  0
LINE
  5
1FA
330
17
100
AcDbEntity
  8
A-WALL
100
AcDbLine
 10
-0.23012333920392
 20
54.90670135496745
 30
0.0
 11
-0.1999900136841587
 21
54.90670135496745
 31
0.0
  0
LINE
  5
1FB
330
17
100
AcDbEntity
  8
A-WALL
100
AcDbLine
 10
-0.2301233392039508
 20
50.28535954991944
 30
0.0
 11
-0.2301233392038681
 21
56.16031236943732
 31
0.0
  0
LINE
  5
1FC
330
17
100
AcDbEntity
  8
A-WALL
100
AcDbLine
 10
-0.1999900136842086
 20
50.42442783854522
 30
0.0
 11
-0.2301233392039726
 21
50.42442783854522
 31
0.0
  0
LINE
  5
1FD
330
17
100
AcDbEntity
  8
A-WALL
100
AcDbLine
 10
-0.1999900136842297
 20
52.05388814989788
 30
0.0
 11
-0.2301233392039726
 21
52.05388814989788
 31
0.0
  0
LINE
  5
1FE
330
17
100
AcDbEntity
  8
A-WALL
100
AcDbLine
 10
-0.1999900136841095
 20
56.16031236943732
 30
0.0
 11
-0.2301233392038681
 21
56.16031236943732
 31
0.0
  0
LINE
  5
1FF
330
17
100
AcDbEntity
  8
0
 62
8
100
AcDbLine
 10
9.800010005682779
 20
48.42442783854521
 30
0.0
 11
14.17001000568496
 21
48.42442783854521
 31
0.0
  0
LINE
  5
200
330
17
100
AcDbEntity
  8
0
 62
8
100
AcDbLine
 10
19.43001000568635
 20
48.42442783854521
 30
0.0
 11
23.77001000568855
 21
48.42442783854521
 31
0.0
  0
LINE
  5
201
330
17
100
AcDbEntity
  8
0
 62
8
100
AcDbLine
 10
48.6998766607961
 20
48.42442783854521
 30
0.0
 11
53.000010005701
 21
48.42442783854521
 31
0.0
  0
LINE
  5
202
330
17
100
AcDbEntity
  8
0
 62
8
100
AcDbLine
 10
58.26001000570318
 20
48.42442783854521
 30
0.0
 11
62.60001000570458
 21
48.42442783854521
 31
0.0
  0
LINE
  5
203
330
17
100
AcDbEntity
  8
A-WALL
 62
11
100
AcDbLine
 10
82.69001000430718
 20
48.53442783854779
 30
0.0
 11
72.66001000571109
 21
48.53442783854779
 31
0.0
  0
LINE
  5
205
330
17
100
AcDbEntity
  8
A-FLOR
 62
4
100
AcDbLine
 10
-3.570399849998831
 20
42.91442783854779
 30
0.0
 11
85.51494155000105
 21
42.91442783854779
 31
0.0
  0
LINE
  5
206
330
17
100
AcDbEntity
  8
A-FLOR
100
AcDbLine
 10
82.69001000430725
 20
42.91442783854779
 30
0.0
 11
82.69001000430725
 21
42.91329896184783
 31
0.0
  0
LINE
  5
207
330
17
100
AcDbEntity
  8
A-ROOF
100
AcDbLine
 10
-0.199990013684206
 20
50.24482461968137
 30
0.0
 11
-0.0701233392039716
 21
50.24482461968137
 31
0.0
  0
LINE
  5
208
330
17
100
AcDbEntity
  8
A-ROOF
100
AcDbLine
 10
72.56001000567909
 20
50.24482461968137
 30
0.0
 11
72.63014332894036
 21
50.24482461968137
 31
0.0
  0
LINE
  5
209
330
17
100
AcDbEntity
  8
A-ROOF
100
AcDbLine
 10
72.63014332894035
 20
51.43503720261922
 30
0.0
 11
-0.1999900136842187
 21
51.43503720261922
 31
0.0
  0
LINE
  5
20B
330
17
100
AcDbEntity
  8
A-FLOR-LEVL
  6
CONTINUOUS
 62
4
100
AcDbLine
 10
-10.8846860643049
 20
42.91442783854779
 30
0.0
 11
87.19913530152402
 21
42.91442783854779
 31
0.0
  0
LINE
  5
20D
330
17
100
AcDbEntity
  8
0-VENTANAS
 62
8
100
AcDbLine
 10
10.92501000568387
 20
48.42442783854521
 30
0.0
 11
10.92501000568387
 21
42.91442783854779
 31
0.0
  0
LINE
  5
20E
330
17
100
AcDbEntity
  8
0-VENTANAS
 62
8
100
AcDbLine
 10
13.07501000568387
 20
48.42442783854521
 30
0.0
 11
13.07501000568387
 21
42.91442783854779
 31
0.0
  0
LINE
  5
20F
330
17
100
AcDbEntity
  8
0-VENTANAS
100
AcDbLine
 10
10.99001000568387
 20
42.91442783854779
 30
0.0
 11
11.96751000568278
 21
42.91442783854779
 31
0.0
  0
LINE
  5
210
330
17
100
AcDbEntity
  8
0-VENTANAS
100
AcDbLine
 10
12.03251000568278
 20
42.91442783854779
 30
0.0
 11
13.01001000568169
 21
42.91442783854779
 31
0.0
  0
LWPOLYLINE
  5
211
330
17
100
AcDbEntity
  8
0-VENTANAS
 62
8
100
AcDbPolyline
 90
4
 70
1
 10
10.92501000568387
 20
48.42442783854521
 10
13.07501000568387
 20
48.42442783854521
 10
13.07501000568387
 20
42.91442783854779
 10
10.92501000568387
 20
42.91442783854779
  0
LINE
  5
212
330
17
100
AcDbEntity
  8
0-VENTANAS
 62
8
100
AcDbLine
 10
10.92501000568387
 20
48.42442783854521
 30
0.0
 11
13.07501000568387
 21
48.42442783854521
 31
0.0
  0
LINE
  5
213
330
17
100
AcDbEntity
  8
0-VENTANAS
 62
8
100
AcDbLine
 10
10.99001000568387
 20
48.35942783854521
 30
0.0
 11
11.96751000568387
 21
48.35942783854521
 31
0.0
  0
LINE
  5
214
330
17
100
AcDbEntity
  8
0-VENTANAS
 62
8
100
AcDbLine
 10
12.03251000568387
 20
48.35942783854521
 30
0.0
 11
13.01001000568387
 21
48.35942783854521
 31
0.0
  0
LINE
  5
215
330
17
100
AcDbEntity
  8
0-VENTANAS
 62
8
100
AcDbLine
 10
10.92501000568387
 20
48.42442783854521
 30
0.0
 11
10.92501000568387
 21
42.91442783854521
 31
0.0
  0
LINE
  5
216
330
17
100
AcDbEntity
  8
0-VENTANAS
 62
8
100
AcDbLine
 10
10.99001000568387
 20
48.42442783854521
 30
0.0
 11
10.99001000568387
 21
42.91442783854521
 31
0.0
  0
LINE
  5
217
330
17
100
AcDbEntity
  8
0-VENTANAS
 62
8
100
AcDbLine
 10
13.07501000568387
 20
48.42442783854521
 30
0.0
 11
13.07501000568387
 21
42.91442783854521
 31
0.0
  0
LINE
  5
218
330
17
100
AcDbEntity
  8
0-VENTANAS
 62
8
100
AcDbLine
 10
13.01001000568387
 20
48.42442783854521
 30
0.0
 11
13.01001000568387
 21
42.91442783854521
 31
0.0
  0
LINE
  5
219
330
17
100
AcDbEntity
  8
0-VENTANAS
100
AcDbLine
 10
10.90001000568387
 20
42.91442783854521
 30
0.0
 11
13.10001000568387
 21
42.91442783854521
 31
0.0
  0
LINE
  5
21A
330
17
100
AcDbEntity
  8
0-VENTANAS
 62
8
100
AcDbLine
 10
10.99001000568387
 20
42.97942783854521
 30
0.0
 11
11.96751000568387
 21
42.97942783854522
 31
0.0
  0
LINE
  5
21B
330
17
100
AcDbEntity
  8
0-VENTANAS
 62
8
100
AcDbLine
 10
12.03251000568388
 20
42.97942783854522
 30
0.0
 11
13.01001000568387
 21
42.97942783854522
 31
0.0
  0
LINE
  5
21C
330
17
100
AcDbEntity
  8
0-VENTANAS
 62
8
100
AcDbLine
 10
11.96751000568387
 20
42.9144278385452
 30
0.0
 11
11.96751000568387
 21
48.42442783854521
 31
0.0
  0
LINE
  5
21D
330
17
100
AcDbEntity
  8
0-VENTANAS
 62
8
100
AcDbLine
 10
12.03251000568387
 20
42.9144278385452
 30
0.0
 11
12.03251000568387
 21
48.42442783854521
 31
0.0
  0
LINE
  5
21E
330
17
100
AcDbEntity
  8
0-VENTANAS
 62
8
100
AcDbLine
 10
11.96751000568387
 20
45.31442783854521
 30
0.0
 11
10.99001000568387
 21
45.31442783854521
 31
0.0
  0
LINE
  5
21F
330
17
100
AcDbEntity
  8
0-VENTANAS
 62
8
100
AcDbLine
 10
11.96751000568387
 20
45.3794278385452
 30
0.0
 11
10.99001000568387
 21
45.3794278385452
 31
0.0
  0
LINE
  5
220
330
17
100
AcDbEntity
  8
0-VENTANAS
 62
8
100
AcDbLine
 10
13.01001000568387
 20
45.31442783854521
 30
0.0
 11
12.03251000568387
 21
45.31442783854521
 31
0.0
  0
LINE
  5
221
330
17
100
AcDbEntity
  8
0-VENTANAS
 62
8
100
AcDbLine
 10
13.01001000568387
 20
45.3794278385452
 30
0.0
 11
12.03251000568387
 21
45.3794278385452
 31
0.0
  0
LINE
  5
222
330
17
100
AcDbEntity
  8
0-VENTANAS
 62
8
100
AcDbLine
 10
12.00001000568387
 20
48.42442783854521
 30
0.0
 11
12.00001000568387
 21
42.91442783854521
 31
0.0
  0
LINE
  5
223
330
17
100
AcDbEntity
  8
0-VENTANAS
 62
8
100
AcDbLine
 10
13.07501000568387
 20
45.34692783854521
 30
0.0
 11
10.92501000568387
 21
45.34692783854521
 31
0.0
  0
LWPOLYLINE
  5
224
330
17
100
AcDbEntity
  8
0-VENTANAS
 62
8
100
AcDbPolyline
 90
4
 70
1
 10
10.92501000568387
 20
48.42442783854521
 10
13.07501000568387
 20
48.42442783854521
 10
13.07501000568387
 20
42.91442783854521
 10
10.92501000568387
 20
42.91442783854521
  0
LINE
  5
225
330
17
100
AcDbEntity
  8
0-VENTANAS
 62
8
100
AcDbLine
 10
20.52501000568636
 20
48.42442783854522
 30
0.0
 11
20.52501000568636
 21
42.91442783854779
 31
0.0
  0
LINE
  5
226
330
17
100
AcDbEntity
  8
0-VENTANAS
 62
8
100
AcDbLine
 10
22.67501000568636
 20
48.42442783854522
 30
0.0
 11
22.67501000568636
 21
42.91442783854779
 31
0.0
  0
LINE
  5
227
330
17
100
AcDbEntity
  8
0-VENTANAS
100
AcDbLine
 10
20.59001000568636
 20
42.91442783854779
 30
0.0
 11
21.56751000568526
 21
42.91442783854779
 31
0.0
  0
LINE
  5
228
330
17
100
AcDbEntity
  8
0-VENTANAS
100
AcDbLine
 10
21.63251000568527
 20
42.91442783854779
 30
0.0
 11
22.61001000568418
 21
42.91442783854779
 31
0.0
  0
LWPOLYLINE
  5
229
330
17
100
AcDbEntity
  8
0-VENTANAS
 62
8
100
AcDbPolyline
 90
4
 70
1
 10
20.52501000568636
 20
48.42442783854521
 10
22.67501000568636
 20
48.42442783854521
 10
22.67501000568636
 20
42.91442783854779
 10
20.52501000568636
 20
42.91442783854779
  0
LINE
  5
22A
330
17
100
AcDbEntity
  8
0-VENTANAS
 62
11
100
AcDbLine
 10
20.52501000568636
 20
48.42442783854522
 30
0.0
 11
22.67501000568636
 21
48.42442783854522
 31
0.0
  0
LINE
  5
22B
330
17
100
AcDbEntity
  8
0-VENTANAS
 62
8
100
AcDbLine
 10
20.59001000568636
 20
48.35942783854521
 30
0.0
 11
21.56751000568636
 21
48.35942783854521
 31
0.0
  0
LINE
  5
22C
330
17
100
AcDbEntity
  8
0-VENTANAS
 62
8
100
AcDbLine
 10
21.63251000568636
 20
48.35942783854521
 30
0.0
 11
22.61001000568636
 21
48.35942783854521
 31
0.0
  0
LINE
  5
22D
330
17
100
AcDbEntity
  8
0-VENTANAS
 62
8
100
AcDbLine
 10
20.52501000568636
 20
48.42442783854522
 30
0.0
 11
20.52501000568636
 21
42.91442783854521
 31
0.0
  0
LINE
  5
22E
330
17
100
AcDbEntity
  8
0-VENTANAS
 62
8
100
AcDbLine
 10
20.59001000568636
 20
48.42442783854522
 30
0.0
 11
20.59001000568636
 21
42.91442783854521
 31
0.0
  0
LINE
  5
22F
330
17
100
AcDbEntity
  8
0-VENTANAS
 62
8
100
AcDbLine
 10
22.67501000568636
 20
48.42442783854522
 30
0.0
 11
22.67501000568636
 21
42.91442783854521
 31
0.0
  0
LINE
  5
230
330
17
100
AcDbEntity
  8
0-VENTANAS
 62
8
100
AcDbLine
 10
22.61001000568636
 20
48.42442783854522
 30
0.0
 11
22.61001000568636
 21
42.91442783854521
 31
0.0
  0
LINE
  5
231
330
17
100
AcDbEntity
  8
0-VENTANAS
100
AcDbLine
 10
20.50001000568636
 20
42.91442783854521
 30
0.0
 11
22.70001000568636
 21
42.91442783854521
 31
0.0
  0
LINE
  5
232
330
17
100
AcDbEntity
  8
0-VENTANAS
 62
8
100
AcDbLine
 10
20.59001000568636
 20
42.97942783854521
 30
0.0
 11
21.56751000568636
 21
42.97942783854522
 31
0.0
  0
LINE
  5
233
330
17
100
AcDbEntity
  8
0-VENTANAS
 62
8
100
AcDbLine
 10
21.63251000568636
 20
42.97942783854522
 30
0.0
 11
22.61001000568636
 21
42.97942783854522
 31
0.0
  0
LINE
  5
234
330
17
100
AcDbEntity
  8
0-VENTANAS
 62
8
100
AcDbLine
 10
21.56751000568636
 20
42.91442783854521
 30
0.0
 11
21.56751000568636
 21
48.42442783854522
 31
0.0
  0
LINE
  5
235
330
17
100
AcDbEntity
  8
0-VENTANAS
 62
8
100
AcDbLine
 10
21.63251000568636
 20
42.91442783854521
 30
0.0
 11
21.63251000568636
 21
48.42442783854522
 31
0.0
  0
LINE
  5
236
330
17
100
AcDbEntity
  8
0-VENTANAS
 62
8
100
AcDbLine
 10
21.56751000568636
 20
45.31442783854521
 30
0.0
 11
20.59001000568636
 21
45.31442783854521
 31
0.0
  0
LINE
  5
237
330
17
100
AcDbEntity
  8
0-VENTANAS
 62
8
100
AcDbLine
 10
21.56751000568636
 20
45.3794278385452
 30
0.0
 11
20.59001000568636
 21
45.37942783854521
 31
0.0
  0
LINE
  5
238
330
17
100
AcDbEntity
  8
0-VENTANAS
 62
8
100
AcDbLine
 10
22.61001000568636
 20
45.31442783854521
 30
0.0
 11
21.63251000568636
 21
45.31442783854521
 31
0.0
  0
LINE
  5
239
330
17
100
AcDbEntity
  8
0-VENTANAS
 62
8
100
AcDbLine
 10
22.61001000568636
 20
45.3794278385452
 30
0.0
 11
21.63251000568636
 21
45.37942783854521
 31
0.0
  0
LINE
  5
23A
330
17
100
AcDbEntity
  8
0-VENTANAS
 62
8
100
AcDbLine
 10
21.60001000568636
 20
48.42442783854522
 30
0.0
 11
21.60001000568636
 21
42.91442783854521
 31
0.0
  0
LINE
  5
23B
330
17
100
AcDbEntity
  8
0-VENTANAS
 62
8
100
AcDbLine
 10
22.67501000568636
 20
45.34692783854521
 30
0.0
 11
20.52501000568636
 21
45.34692783854521
 31
0.0
  0
LWPOLYLINE
  5
23C
330
17
100
AcDbEntity
  8
0-VENTANAS
 62
8
100
AcDbPolyline
 90
4
 70
1
 10
20.52501000568636
 20
48.42442783854522
 10
22.67501000568636
 20
48.42442783854522
 10
22.67501000568636
 20
42.91442783854521
 10
20.52501000568636
 20
42.91442783854521
  0
LINE
  5
23D
330
17
100
AcDbEntity
  8
0-VENTANAS
 62
8
100
AcDbLine
 10
14.72501000568566
 20
48.35942783854521
 30
0.0
 11
15.69751000568566
 21
48.35942783854521
 31
0.0
  0
LINE
  5
23E
330
17
100
AcDbEntity
  8
0-VENTANAS
 62
8
100
AcDbLine
 10
14.66001000568566
 20
48.42442783854521
 30
0.0
 11
14.66001000568566
 21
42.91442783854521
 31
0.0
  0
LINE
  5
23F
330
17
100
AcDbEntity
  8
0-VENTANAS
 62
8
100
AcDbLine
 10
14.72501000568566
 20
48.42442783854521
 30
0.0
 11
14.72501000568566
 21
42.91442783854521
 31
0.0
  0
LINE
  5
240
330
17
100
AcDbEntity
  8
0-VENTANAS
 62
8
100
AcDbLine
 10
15.69751000568566
 20
45.31442783854521
 30
0.0
 11
14.72501000568566
 21
45.31442783854521
 31
0.0
  0
LINE
  5
241
330
17
100
AcDbEntity
  8
0-VENTANAS
 62
8
100
AcDbLine
 10
16.80001000568567
 20
45.3794278385452
 30
0.0
 11
15.76251000568566
 21
45.3794278385452
 31
0.0
  0
LINE
  5
242
330
17
100
AcDbEntity
  8
0-VENTANAS
 62
8
100
AcDbLine
 10
15.69751000568566
 20
45.3794278385452
 30
0.0
 11
14.72501000568566
 21
45.3794278385452
 31
0.0
  0
LINE
  5
243
330
17
100
AcDbEntity
  8
0-VENTANAS
 62
8
100
AcDbLine
 10
18.94001000568566
 20
45.34692783854521
 30
0.0
 11
14.66001000568566
 21
45.34692783854521
 31
0.0
  0
LWPOLYLINE
  5
244
330
17
100
AcDbEntity
  8
0-VENTANAS
 62
8
100
AcDbPolyline
 90
4
 70
1
 10
14.66001000568566
 20
48.42442783854521
 10
18.94001000568566
 20
48.42442783854521
 10
18.94001000568566
 20
42.91442783854521
 10
14.66001000568566
 20
42.91442783854521
  0
LINE
  5
245
330
17
100
AcDbEntity
  8
0-VENTANAS
 62
8
100
AcDbLine
 10
15.73001000568566
 20
48.42442783854521
 30
0.0
 11
15.73001000568566
 21
45.34692783854521
 31
0.0
  0
LINE
  5
246
330
17
100
AcDbEntity
  8
0-VENTANAS
 62
8
100
AcDbLine
 10
16.80001000568566
 20
48.42442783854521
 30
0.0
 11
16.80001000568567
 21
45.34692783854521
 31
0.0
  0
LINE
  5
247
330
17
100
AcDbEntity
  8
0-VENTANAS
 62
8
100
AcDbLine
 10
16.80001000568567
 20
45.24641523879942
 30
0.0
 11
16.80001000568567
 21
42.91442783854522
 31
0.0
  0
LINE
  5
248
330
17
100
AcDbEntity
  8
0-VENTANAS
 62
8
100
AcDbLine
 10
17.87001000568566
 20
48.42442783854521
 30
0.0
 11
17.87001000568567
 21
45.34692783854521
 31
0.0
  0
LINE
  5
249
330
17
100
AcDbEntity
  8
0-VENTANAS
 62
8
100
AcDbLine
 10
15.69751000568566
 20
42.9144278385452
 30
0.0
 11
15.69751000568566
 21
48.42442783854521
 31
0.0
  0
LINE
  5
24A
330
17
100
AcDbEntity
  8
0-VENTANAS
 62
8
100
AcDbLine
 10
15.76251000568566
 20
42.9144278385452
 30
0.0
 11
15.76251000568567
 21
48.42442783854521
 31
0.0
  0
LINE
  5
24B
330
17
100
AcDbEntity
  8
0-VENTANAS
 62
8
100
AcDbLine
 10
16.76751000568566
 20
45.554214236748
 30
0.0
 11
16.76751000568567
 21
48.42442783854521
 31
0.0
  0
LINE
  5
24C
330
17
100
AcDbEntity
  8
0-VENTANAS
 62
8
100
AcDbLine
 10
16.83251000568567
 20
45.554214236748
 30
0.0
 11
16.83251000568567
 21
48.42442783854521
 31
0.0
  0
LINE
  5
24D
330
17
100
AcDbEntity
  8
0-VENTANAS
 62
8
100
AcDbLine
 10
17.83751000568566
 20
42.9144278385452
 30
0.0
 11
17.83751000568566
 21
48.42442783854521
 31
0.0
  0
LINE
  5
24E
330
17
100
AcDbEntity
  8
0-VENTANAS
 62
8
100
AcDbLine
 10
17.90251000568567
 20
42.9144278385452
 30
0.0
 11
17.90251000568567
 21
48.42442783854521
 31
0.0
  0
LINE
  5
24F
330
17
100
AcDbEntity
  8
0-VENTANAS
 62
8
100
AcDbLine
 10
17.83751000568567
 20
45.3794278385452
 30
0.0
 11
16.80001000568567
 21
45.3794278385452
 31
0.0
  0
LINE
  5
250
330
17
100
AcDbEntity
  8
0-VENTANAS
 62
8
100
AcDbLine
 10
18.87501000568566
 20
42.9144278385452
 30
0.0
 11
18.87501000568566
 21
48.42442783854521
 31
0.0
  0
LINE
  5
251
330
17
100
AcDbEntity
  8
0-VENTANAS
 62
8
100
AcDbLine
 10
18.87501000568566
 20
45.31442783854521
 30
0.0
 11
17.90251000568567
 21
45.31442783854521
 31
0.0
  0
LINE
  5
252
330
17
100
AcDbEntity
  8
0-VENTANAS
 62
8
100
AcDbLine
 10
18.87501000568566
 20
45.3794278385452
 30
0.0
 11
17.90251000568567
 21
45.3794278385452
 31
0.0
  0
LINE
  5
253
330
17
100
AcDbEntity
  8
0-VENTANAS
 62
8
100
AcDbLine
 10
16.76751000568567
 20
48.35942783854521
 30
0.0
 11
15.76251000568567
 21
48.35942783854521
 31
0.0
  0
LINE
  5
254
330
17
100
AcDbEntity
  8
0-VENTANAS
 62
8
100
AcDbLine
 10
17.83751000568567
 20
48.35942783854521
 30
0.0
 11
16.83251000568567
 21
48.35942783854521
 31
0.0
  0
LINE
  5
255
330
17
100
AcDbEntity
  8
0-VENTANAS
 62
8
100
AcDbLine
 10
18.87501000568566
 20
48.35942783854521
 30
0.0
 11
17.90251000568567
 21
48.35942783854521
 31
0.0
  0
LINE
  5
256
330
17
100
AcDbEntity
  8
0-VENTANAS
 62
8
100
AcDbLine
 10
15.69751000568566
 20
42.97942783854522
 30
0.0
 11
14.72501000568566
 21
42.97942783854522
 31
0.0
  0
LINE
  5
257
330
17
100
AcDbEntity
  8
0-VENTANAS
 62
8
100
AcDbLine
 10
18.87501000568566
 20
42.97942783854522
 30
0.0
 11
17.90251000568567
 21
42.97942783854522
 31
0.0
  0
LINE
  5
258
330
17
100
AcDbEntity
  8
0-VENTANAS
 62
8
100
AcDbLine
 10
18.94001000568566
 20
45.554214236748
 30
0.0
 11
14.66001000568566
 21
45.55421423674799
 31
0.0
  0
LINE
  5
259
330
17
100
AcDbEntity
  8
0-VENTANAS
 62
8
100
AcDbLine
 10
17.83751000568566
 20
45.24641523879942
 30
0.0
 11
15.76251000568566
 21
45.24641523879942
 31
0.0
  0
LINE
  5
25A
330
17
100
AcDbEntity
  8
0-VENTANAS
 62
8
100
AcDbLine
 10
17.78754488311612
 20
45.19645011622988
 30
0.0
 11
16.84997512825521
 21
45.19645011622988
 31
0.0
  0
LINE
  5
25B
330
17
100
AcDbEntity
  8
0-VENTANAS
 62
8
100
AcDbLine
 10
16.75004488311612
 20
45.19645011622988
 30
0.0
 11
15.81247512825522
 21
45.19645011622988
 31
0.0
  0
LINE
  5
25C
330
17
100
AcDbEntity
  8
0-VENTANAS
 62
8
100
AcDbLine
 10
17.78754488311612
 20
42.97633152854034
 30
0.0
 11
16.84997512825584
 21
42.97633152854035
 31
0.0
  0
LINE
  5
25D
330
17
100
AcDbEntity
  8
0-VENTANAS
 62
8
100
AcDbLine
 10
16.75004488311612
 20
42.97633152854034
 30
0.0
 11
15.81247512825522
 21
42.97633152854034
 31
0.0
  0
LINE
  5
25E
330
17
100
AcDbEntity
  8
0-VENTANAS
 62
8
100
AcDbLine
 10
17.78754488311612
 20
45.19645011622988
 30
0.0
 11
17.78754488311612
 21
42.97633152854034
 31
0.0
  0
LINE
  5
25F
330
17
100
AcDbEntity
  8
0-VENTANAS
 62
8
100
AcDbLine
 10
15.81247512825522
 20
45.19645011622988
 30
0.0
 11
15.81247512825522
 21
42.97633152854034
 31
0.0
  0
LINE
  5
260
330
17
100
AcDbEntity
  8
0-VENTANAS
 62
8
100
AcDbLine
 10
16.75004488311612
 20
45.19645011622988
 30
0.0
 11
16.75004488311612
 21
42.97633152854035
 31
0.0
  0
LINE
  5
261
330
17
100
AcDbEntity
  8
0-VENTANAS
 62
8
100
AcDbLine
 10
16.84997512825521
 20
45.1964501162299
 30
0.0
 11
16.84997512825585
 21
42.97633152854036
 31
0.0
  0
LWPOLYLINE
  5
262
330
17
100
AcDbEntity
  8
0-VENTANAS
 62
8
100
AcDbPolyline
 90
6
 70
0
 10
17.05167359076433
 20
44.08639082238511
 10
17.05167359076433
 20
44.08639082238511
 10
17.61842049833542
 20
44.08639082238511
 10
17.51235448115745
 20
43.98032480520714
 10
17.61842049833542
 20
44.08639082238511
 10
17.50881894725149
 20
44.19599237346903
  0
LWPOLYLINE
  5
263
330
17
100
AcDbEntity
  8
0-VENTANAS
 62
8
100
AcDbPolyline
 90
6
 70
0
 10
16.548346420607
 20
44.08639082238511
 10
16.548346420607
 20
44.08639082238511
 10
15.98159951303592
 20
44.08639082238511
 10
16.08766553021389
 20
43.98032480520714
 10
15.98159951303592
 20
44.08639082238511
 10
16.09120106411985
 20
44.19599237346903
  0
LINE
  5
264
330
17
100
AcDbEntity
  8
0-VENTANAS
 62
8
100
AcDbLine
 10
15.76251000568566
 20
45.34692783854521
 30
0.0
 11
15.76251000568566
 21
42.9144278385452
 31
0.0
  0
LINE
  5
265
330
17
100
AcDbEntity
  8
0-VENTANAS
 62
8
100
AcDbLine
 10
17.83751000568566
 20
45.34692783854521
 30
0.0
 11
17.83751000568566
 21
42.9144278385452
 31
0.0
  0
LINE
  5
266
330
17
100
AcDbEntity
  8
0
 62
8
100
AcDbLine
 10
33.83001000569293
 20
48.42442783854521
 30
0.0
 11
38.17001000569432
 21
48.42442783854521
 31
0.0
  0
LINE
  5
267
330
17
100
AcDbEntity
  8
0-VENTANAS
 62
8
100
AcDbLine
 10
34.92501000569362
 20
48.42442783854522
 30
0.0
 11
34.92501000569362
 21
42.91442783854779
 31
0.0
  0
LINE
  5
268
330
17
100
AcDbEntity
  8
0-VENTANAS
 62
8
100
AcDbLine
 10
37.07501000569363
 20
48.42442783854522
 30
0.0
 11
37.07501000569363
 21
42.91442783854779
 31
0.0
  0
LINE
  5
269
330
17
100
AcDbEntity
  8
0-VENTANAS
100
AcDbLine
 10
34.99001000569363
 20
42.91442783854779
 30
0.0
 11
35.96751000569253
 21
42.91442783854779
 31
0.0
  0
LINE
  5
26A
330
17
100
AcDbEntity
  8
0-VENTANAS
100
AcDbLine
 10
36.03251000569254
 20
42.91442783854779
 30
0.0
 11
37.01001000569144
 21
42.91442783854779
 31
0.0
  0
LWPOLYLINE
  5
26B
330
17
100
AcDbEntity
  8
0-VENTANAS
 62
8
100
AcDbPolyline
 90
4
 70
1
 10
34.92501000569362
 20
48.42442783854521
 10
37.07501000569363
 20
48.42442783854521
 10
37.07501000569363
 20
42.91442783854779
 10
34.92501000569362
 20
42.91442783854779
  0
LINE
  5
26C
330
17
100
AcDbEntity
  8
0-VENTANAS
 62
8
100
AcDbLine
 10
34.92501000569362
 20
48.42442783854522
 30
0.0
 11
37.07501000569363
 21
48.42442783854522
 31
0.0
  0
LINE
  5
26D
330
17
100
AcDbEntity
  8
0-VENTANAS
 62
8
100
AcDbLine
 10
34.99001000569363
 20
48.35942783854521
 30
0.0
 11
35.96751000569363
 21
48.35942783854521
 31
0.0
  0
LINE
  5
26E
330
17
100
AcDbEntity
  8
0-VENTANAS
 62
8
100
AcDbLine
 10
36.03251000569362
 20
48.35942783854521
 30
0.0
 11
37.01001000569362
 21
48.35942783854521
 31
0.0
  0
LINE
  5
26F
330
17
100
AcDbEntity
  8
0-VENTANAS
 62
8
100
AcDbLine
 10
34.92501000569362
 20
48.42442783854522
 30
0.0
 11
34.92501000569362
 21
42.91442783854521
 31
0.0
  0
LINE
  5
270
330
17
100
AcDbEntity
  8
0-VENTANAS
 62
8
100
AcDbLine
 10
34.99001000569363
 20
48.42442783854522
 30
0.0
 11
34.99001000569363
 21
42.91442783854521
 31
0.0
  0
LINE
  5
271
330
17
100
AcDbEntity
  8
0-VENTANAS
 62
8
100
AcDbLine
 10
37.07501000569363
 20
48.42442783854522
 30
0.0
 11
37.07501000569363
 21
42.91442783854521
 31
0.0
  0
LINE
  5
272
330
17
100
AcDbEntity
  8
0-VENTANAS
 62
8
100
AcDbLine
 10
37.01001000569362
 20
48.42442783854522
 30
0.0
 11
37.01001000569362
 21
42.91442783854521
 31
0.0
  0
LINE
  5
273
330
17
100
AcDbEntity
  8
0-VENTANAS
100
AcDbLine
 10
34.90001000569363
 20
42.91442783854521
 30
0.0
 11
37.10001000569363
 21
42.91442783854521
 31
0.0
  0
LINE
  5
274
330
17
100
AcDbEntity
  8
0-VENTANAS
 62
8
100
AcDbLine
 10
34.99001000569363
 20
42.97942783854521
 30
0.0
 11
35.96751000569363
 21
42.97942783854522
 31
0.0
  0
LINE
  5
275
330
17
100
AcDbEntity
  8
0-VENTANAS
 62
8
100
AcDbLine
 10
36.03251000569363
 20
42.97942783854522
 30
0.0
 11
37.01001000569362
 21
42.97942783854522
 31
0.0
  0
LINE
  5
276
330
17
100
AcDbEntity
  8
0-VENTANAS
 62
8
100
AcDbLine
 10
35.96751000569363
 20
42.91442783854521
 30
0.0
 11
35.96751000569363
 21
48.42442783854522
 31
0.0
  0
LINE
  5
277
330
17
100
AcDbEntity
  8
0-VENTANAS
 62
8
100
AcDbLine
 10
36.03251000569362
 20
42.91442783854521
 30
0.0
 11
36.03251000569362
 21
48.42442783854522
 31
0.0
  0
LINE
  5
278
330
17
100
AcDbEntity
  8
0-VENTANAS
 62
8
100
AcDbLine
 10
35.96751000569363
 20
45.31442783854521
 30
0.0
 11
34.99001000569363
 21
45.31442783854521
 31
0.0
  0
LINE
  5
279
330
17
100
AcDbEntity
  8
0-VENTANAS
 62
8
100
AcDbLine
 10
35.96751000569363
 20
45.3794278385452
 30
0.0
 11
34.99001000569363
 21
45.37942783854521
 31
0.0
  0
LINE
  5
27A
330
17
100
AcDbEntity
  8
0-VENTANAS
 62
8
100
AcDbLine
 10
37.01001000569362
 20
45.31442783854521
 30
0.0
 11
36.03251000569362
 21
45.31442783854521
 31
0.0
  0
LINE
  5
27B
330
17
100
AcDbEntity
  8
0-VENTANAS
 62
8
100
AcDbLine
 10
37.01001000569362
 20
45.3794278385452
 30
0.0
 11
36.03251000569362
 21
45.37942783854521
 31
0.0
  0
LINE
  5
27C
330
17
100
AcDbEntity
  8
0-VENTANAS
 62
8
100
AcDbLine
 10
36.00001000569363
 20
48.42442783854522
 30
0.0
 11
36.00001000569363
 21
42.91442783854521
 31
0.0
  0
LINE
  5
27D
330
17
100
AcDbEntity
  8
0-VENTANAS
 62
8
100
AcDbLine
 10
37.07501000569362
 20
45.34692783854521
 30
0.0
 11
34.92501000569362
 21
45.34692783854521
 31
0.0
  0
LWPOLYLINE
  5
27E
330
17
100
AcDbEntity
  8
0-VENTANAS
 62
8
100
AcDbPolyline
 90
4
 70
1
 10
34.92501000569362
 20
48.42442783854522
 10
37.07501000569363
 20
48.42442783854522
 10
37.07501000569363
 20
42.91442783854521
 10
34.92501000569362
 20
42.91442783854521
  0
LINE
  5
27F
330
17
100
AcDbEntity
  8
0
 62
8
100
AcDbLine
 10
29.03001000569152
 20
48.42442783854521
 30
0.0
 11
33.37001000569292
 21
48.42442783854521
 31
0.0
  0
LINE
  5
280
330
17
100
AcDbEntity
  8
0-VENTANAS
 62
8
100
AcDbLine
 10
30.12501000569222
 20
48.42442783854521
 30
0.0
 11
30.12501000569222
 21
42.91442783854779
 31
0.0
  0
LINE
  5
281
330
17
100
AcDbEntity
  8
0-VENTANAS
 62
8
100
AcDbLine
 10
32.27501000569223
 20
48.42442783854521
 30
0.0
 11
32.27501000569223
 21
42.91442783854779
 31
0.0
  0
LINE
  5
282
330
17
100
AcDbEntity
  8
0-VENTANAS
100
AcDbLine
 10
30.19001000569222
 20
42.91442783854779
 30
0.0
 11
31.16751000569113
 21
42.91442783854779
 31
0.0
  0
LINE
  5
283
330
17
100
AcDbEntity
  8
0-VENTANAS
100
AcDbLine
 10
31.23251000569113
 20
42.91442783854779
 30
0.0
 11
32.21001000569004
 21
42.91442783854779
 31
0.0
  0
LWPOLYLINE
  5
284
330
17
100
AcDbEntity
  8
0-VENTANAS
 62
8
100
AcDbPolyline
 90
4
 70
1
 10
30.12501000569222
 20
48.42442783854521
 10
32.27501000569223
 20
48.42442783854521
 10
32.27501000569223
 20
42.91442783854779
 10
30.12501000569222
 20
42.91442783854779
  0
LINE
  5
285
330
17
100
AcDbEntity
  8
0-VENTANAS
 62
8
100
AcDbLine
 10
30.12501000569222
 20
48.42442783854521
 30
0.0
 11
32.27501000569223
 21
48.42442783854521
 31
0.0
  0
LINE
  5
286
330
17
100
AcDbEntity
  8
0-VENTANAS
 62
8
100
AcDbLine
 10
30.19001000569222
 20
48.35942783854521
 30
0.0
 11
31.16751000569222
 21
48.35942783854521
 31
0.0
  0
LINE
  5
287
330
17
100
AcDbEntity
  8
0-VENTANAS
 62
8
100
AcDbLine
 10
31.23251000569222
 20
48.35942783854521
 30
0.0
 11
32.21001000569222
 21
48.35942783854521
 31
0.0
  0
LINE
  5
288
330
17
100
AcDbEntity
  8
0-VENTANAS
 62
8
100
AcDbLine
 10
30.12501000569222
 20
48.42442783854521
 30
0.0
 11
30.12501000569222
 21
42.91442783854521
 31
0.0
  0
LINE
  5
289
330
17
100
AcDbEntity
  8
0-VENTANAS
 62
8
100
AcDbLine
 10
30.19001000569222
 20
48.42442783854521
 30
0.0
 11
30.19001000569222
 21
42.91442783854521
 31
0.0
  0
LINE
  5
28A
330
17
100
AcDbEntity
  8
0-VENTANAS
 62
8
100
AcDbLine
 10
32.27501000569223
 20
48.42442783854521
 30
0.0
 11
32.27501000569223
 21
42.91442783854521
 31
0.0
  0
LINE
  5
28B
330
17
100
AcDbEntity
  8
0-VENTANAS
 62
8
100
AcDbLine
 10
32.21001000569222
 20
48.42442783854521
 30
0.0
 11
32.21001000569222
 21
42.91442783854521
 31
0.0
  0
LINE
  5
28C
330
17
100
AcDbEntity
  8
0-VENTANAS
100
AcDbLine
 10
30.10001000569222
 20
42.91442783854521
 30
0.0
 11
32.30001000569223
 21
42.91442783854521
 31
0.0
  0
LINE
  5
28D
330
17
100
AcDbEntity
  8
0-VENTANAS
 62
8
100
AcDbLine
 10
30.19001000569222
 20
42.97942783854521
 30
0.0
 11
31.16751000569222
 21
42.97942783854522
 31
0.0
  0
LINE
  5
28E
330
17
100
AcDbEntity
  8
0-VENTANAS
 62
8
100
AcDbLine
 10
31.23251000569223
 20
42.97942783854522
 30
0.0
 11
32.21001000569222
 21
42.97942783854522
 31
0.0
  0
LINE
  5
28F
330
17
100
AcDbEntity
  8
0-VENTANAS
 62
8
100
AcDbLine
 10
31.16751000569222
 20
42.9144278385452
 30
0.0
 11
31.16751000569222
 21
48.42442783854521
 31
0.0
  0
LINE
  5
290
330
17
100
AcDbEntity
  8
0-VENTANAS
 62
8
100
AcDbLine
 10
31.23251000569222
 20
42.9144278385452
 30
0.0
 11
31.23251000569222
 21
48.42442783854521
 31
0.0
  0
LINE
  5
291
330
17
100
AcDbEntity
  8
0-VENTANAS
 62
8
100
AcDbLine
 10
31.16751000569222
 20
45.31442783854521
 30
0.0
 11
30.19001000569222
 21
45.31442783854521
 31
0.0
  0
LINE
  5
292
330
17
100
AcDbEntity
  8
0-VENTANAS
 62
8
100
AcDbLine
 10
31.16751000569222
 20
45.3794278385452
 30
0.0
 11
30.19001000569222
 21
45.3794278385452
 31
0.0
  0
LINE
  5
293
330
17
100
AcDbEntity
  8
0-VENTANAS
 62
8
100
AcDbLine
 10
32.21001000569222
 20
45.31442783854521
 30
0.0
 11
31.23251000569222
 21
45.31442783854521
 31
0.0
  0
LINE
  5
294
330
17
100
AcDbEntity
  8
0-VENTANAS
 62
8
100
AcDbLine
 10
32.21001000569222
 20
45.3794278385452
 30
0.0
 11
31.23251000569222
 21
45.3794278385452
 31
0.0
  0
LINE
  5
295
330
17
100
AcDbEntity
  8
0-VENTANAS
 62
8
100
AcDbLine
 10
31.20001000569222
 20
48.42442783854521
 30
0.0
 11
31.20001000569222
 21
42.91442783854521
 31
0.0
  0
LINE
  5
296
330
17
100
AcDbEntity
  8
0-VENTANAS
 62
8
100
AcDbLine
 10
32.27501000569222
 20
45.34692783854521
 30
0.0
 11
30.12501000569222
 21
45.34692783854521
 31
0.0
  0
LWPOLYLINE
  5
297
330
17
100
AcDbEntity
  8
0-VENTANAS
 62
8
100
AcDbPolyline
 90
4
 70
1
 10
30.12501000569222
 20
48.42442783854521
 10
32.27501000569223
 20
48.42442783854521
 10
32.27501000569223
 20
42.91442783854521
 10
30.12501000569222
 20
42.91442783854521
  0
LINE
  5
298
330
17
100
AcDbEntity
  8
0
 62
8
100
AcDbLine
 10
38.63001000569433
 20
48.42442783854521
 30
0.0
 11
42.97001000569571
 21
48.42442783854521
 31
0.0
  0
LINE
  5
299
330
17
100
AcDbEntity
  8
0-VENTANAS
 62
8
100
AcDbLine
 10
39.72501000569502
 20
48.42442783854522
 30
0.0
 11
39.72501000569502
 21
42.91442783854779
 31
0.0
  0
LINE
  5
29A
330
17
100
AcDbEntity
  8
0-VENTANAS
 62
8
100
AcDbLine
 10
41.87501000569502
 20
48.42442783854522
 30
0.0
 11
41.87501000569502
 21
42.91442783854779
 31
0.0
  0
LWPOLYLINE
  5
29B
330
17
100
AcDbEntity
  8
0-VENTANAS
 62
8
100
AcDbPolyline
 90
4
 70
1
 10
39.72501000569502
 20
48.42442783854521
 10
41.87501000569502
 20
48.42442783854521
 10
41.87501000569502
 20
42.91442783854779
 10
39.72501000569502
 20
42.91442783854779
  0
LINE
  5
29C
330
17
100
AcDbEntity
  8
0-VENTANAS
 62
8
100
AcDbLine
 10
39.72501000569502
 20
48.42442783854522
 30
0.0
 11
41.87501000569502
 21
48.42442783854522
 31
0.0
  0
LINE
  5
29D
330
17
100
AcDbEntity
  8
0-VENTANAS
 62
8
100
AcDbLine
 10
39.79001000569502
 20
48.35942783854521
 30
0.0
 11
40.76751000569502
 21
48.35942783854521
 31
0.0
  0
LINE
  5
29E
330
17
100
AcDbEntity
  8
0-VENTANAS
 62
8
100
AcDbLine
 10
40.83251000569502
 20
48.35942783854521
 30
0.0
 11
41.81001000569501
 21
48.35942783854521
 31
0.0
  0
LINE
  5
29F
330
17
100
AcDbEntity
  8
0-VENTANAS
 62
8
100
AcDbLine
 10
39.72501000569502
 20
48.42442783854522
 30
0.0
 11
39.72501000569502
 21
42.91442783854521
 31
0.0
  0
LINE
  5
2A0
330
17
100
AcDbEntity
  8
0-VENTANAS
 62
8
100
AcDbLine
 10
39.79001000569502
 20
48.42442783854522
 30
0.0
 11
39.79001000569502
 21
42.91442783854521
 31
0.0
  0
LINE
  5
2A1
330
17
100
AcDbEntity
  8
0-VENTANAS
 62
8
100
AcDbLine
 10
41.87501000569502
 20
48.42442783854522
 30
0.0
 11
41.87501000569502
 21
42.91442783854521
 31
0.0
  0
LINE
  5
2A2
330
17
100
AcDbEntity
  8
0-VENTANAS
 62
8
100
AcDbLine
 10
41.81001000569501
 20
48.42442783854522
 30
0.0
 11
41.81001000569501
 21
42.91442783854521
 31
0.0
  0
LINE
  5
2A3
330
17
100
AcDbEntity
  8
0-VENTANAS
 62
8
100
AcDbLine
 10
40.76751000569502
 20
42.91442783854521
 30
0.0
 11
40.76751000569502
 21
48.42442783854522
 31
0.0
  0
LINE
  5
2A4
330
17
100
AcDbEntity
  8
0-VENTANAS
 62
8
100
AcDbLine
 10
40.83251000569502
 20
42.91442783854521
 30
0.0
 11
40.83251000569502
 21
48.42442783854522
 31
0.0
  0
LINE
  5
2A5
330
17
100
AcDbEntity
  8
0-VENTANAS
 62
8
100
AcDbLine
 10
40.76751000569502
 20
45.31442783854521
 30
0.0
 11
39.79001000569502
 21
45.31442783854521
 31
0.0
  0
LINE
  5
2A6
330
17
100
AcDbEntity
  8
0-VENTANAS
 62
8
100
AcDbLine
 10
40.76751000569502
 20
45.3794278385452
 30
0.0
 11
39.79001000569502
 21
45.37942783854521
 31
0.0
  0
LINE
  5
2A7
330
17
100
AcDbEntity
  8
0-VENTANAS
 62
8
100
AcDbLine
 10
41.81001000569501
 20
45.31442783854521
 30
0.0
 11
40.83251000569502
 21
45.31442783854521
 31
0.0
  0
LINE
  5
2A8
330
17
100
AcDbEntity
  8
0-VENTANAS
 62
8
100
AcDbLine
 10
41.81001000569501
 20
45.3794278385452
 30
0.0
 11
40.83251000569502
 21
45.37942783854521
 31
0.0
  0
LINE
  5
2A9
330
17
100
AcDbEntity
  8
0-VENTANAS
 62
8
100
AcDbLine
 10
40.80001000569501
 20
48.42442783854522
 30
0.0
 11
40.80001000569501
 21
42.91442783854521
 31
0.0
  0
LINE
  5
2AA
330
17
100
AcDbEntity
  8
0-VENTANAS
 62
8
100
AcDbLine
 10
41.87501000569501
 20
45.34692783854521
 30
0.0
 11
39.72501000569502
 21
45.34692783854521
 31
0.0
  0
LWPOLYLINE
  5
2AB
330
17
100
AcDbEntity
  8
0-VENTANAS
 62
8
100
AcDbPolyline
 90
4
 70
1
 10
39.72501000569502
 20
48.42442783854522
 10
41.87501000569502
 20
48.42442783854522
 10
41.87501000569502
 20
42.91442783854521
 10
39.72501000569502
 20
42.91442783854521
  0
LINE
  5
2AD
330
17
100
AcDbEntity
  8
A-GLAZ-CWMG
100
AcDbLine
 10
50.83244333324784
 20
42.95442783854779
 30
0.0
 11
49.829943333247826
 21
42.95442783854779
 31
0.0
  0
LINE
  5
2AE
330
17
100
AcDbEntity
  8
A-GLAZ-CWMG
100
AcDbLine
 10
51.89994333324783
 20
42.95442783854779
 30
0.0
 11
50.89744333324783
 21
42.95442783854779
 31
0.0
  0
LINE
  5
2AF
330
17
100
AcDbEntity
  8
0-VENTANAS
 62
8
100
AcDbLine
 10
49.78994333324854
 20
48.42442783854522
 30
0.0
 11
49.78994333324854
 21
42.91442783854779
 31
0.0
  0
LINE
  5
2B0
330
17
100
AcDbEntity
  8
0-VENTANAS
 62
8
100
AcDbLine
 10
51.93994333324855
 20
48.42442783854522
 30
0.0
 11
51.93994333324855
 21
42.91442783854779
 31
0.0
  0
LWPOLYLINE
  5
2B1
330
17
100
AcDbEntity
  8
0-VENTANAS
 62
8
100
AcDbPolyline
 90
4
 70
1
 10
49.78994333324854
 20
48.42442783854521
 10
51.93994333324855
 20
48.42442783854521
 10
51.93994333324855
 20
42.91442783854779
 10
49.78994333324854
 20
42.91442783854779
  0
LINE
  5
2B2
330
17
100
AcDbEntity
  8
0-VENTANAS
 62
8
100
AcDbLine
 10
49.78994333324854
 20
48.42442783854522
 30
0.0
 11
51.93994333324855
 21
48.42442783854522
 31
0.0
  0
LINE
  5
2B3
330
17
100
AcDbEntity
  8
0-VENTANAS
 62
8
100
AcDbLine
 10
49.85494333324854
 20
48.35942783854521
 30
0.0
 11
50.83244333324855
 21
48.35942783854521
 31
0.0
  0
LINE
  5
2B4
330
17
100
AcDbEntity
  8
0-VENTANAS
 62
8
100
AcDbLine
 10
50.89744333324855
 20
48.35942783854521
 30
0.0
 11
51.87494333324854
 21
48.35942783854521
 31
0.0
  0
LINE
  5
2B5
330
17
100
AcDbEntity
  8
0-VENTANAS
 62
8
100
AcDbLine
 10
49.78994333324854
 20
48.42442783854522
 30
0.0
 11
49.78994333324854
 21
42.91442783854521
 31
0.0
  0
LINE
  5
2B6
330
17
100
AcDbEntity
  8
0-VENTANAS
 62
8
100
AcDbLine
 10
49.85494333324854
 20
48.42442783854522
 30
0.0
 11
49.85494333324854
 21
42.91442783854521
 31
0.0
  0
LINE
  5
2B7
330
17
100
AcDbEntity
  8
0-VENTANAS
 62
8
100
AcDbLine
 10
51.93994333324855
 20
48.42442783854522
 30
0.0
 11
51.93994333324855
 21
42.91442783854521
 31
0.0
  0
LINE
  5
2B8
330
17
100
AcDbEntity
  8
0-VENTANAS
 62
8
100
AcDbLine
 10
51.87494333324854
 20
48.42442783854522
 30
0.0
 11
51.87494333324854
 21
42.91442783854521
 31
0.0
  0
LINE
  5
2B9
330
17
100
AcDbEntity
  8
0-VENTANAS
 62
8
100
AcDbLine
 10
50.83244333324855
 20
42.91442783854521
 30
0.0
 11
50.83244333324855
 21
48.42442783854522
 31
0.0
  0
LINE
  5
2BA
330
17
100
AcDbEntity
  8
0-VENTANAS
 62
8
100
AcDbLine
 10
50.89744333324855
 20
42.91442783854521
 30
0.0
 11
50.89744333324855
 21
48.42442783854522
 31
0.0
  0
LINE
  5
2BB
330
17
100
AcDbEntity
  8
0-VENTANAS
 62
8
100
AcDbLine
 10
50.83244333324855
 20
45.31442783854521
 30
0.0
 11
49.85494333324854
 21
45.31442783854521
 31
0.0
  0
LINE
  5
2BC
330
17
100
AcDbEntity
  8
0-VENTANAS
 62
8
100
AcDbLine
 10
50.83244333324855
 20
45.3794278385452
 30
0.0
 11
49.85494333324854
 21
45.37942783854521
 31
0.0
  0
LINE
  5
2BD
330
17
100
AcDbEntity
  8
0-VENTANAS
 62
8
100
AcDbLine
 10
51.87494333324854
 20
45.31442783854521
 30
0.0
 11
50.89744333324855
 21
45.31442783854521
 31
0.0
  0
LINE
  5
2BE
330
17
100
AcDbEntity
  8
0-VENTANAS
 62
8
100
AcDbLine
 10
51.87494333324854
 20
45.3794278385452
 30
0.0
 11
50.89744333324855
 21
45.37942783854521
 31
0.0
  0
LINE
  5
2BF
330
17
100
AcDbEntity
  8
0-VENTANAS
 62
8
100
AcDbLine
 10
50.86494333324854
 20
48.42442783854522
 30
0.0
 11
50.86494333324854
 21
42.91442783854521
 31
0.0
  0
LINE
  5
2C0
330
17
100
AcDbEntity
  8
0-VENTANAS
 62
8
100
AcDbLine
 10
51.93994333324854
 20
45.34692783854521
 30
0.0
 11
49.78994333324854
 21
45.34692783854521
 31
0.0
  0
LWPOLYLINE
  5
2C1
330
17
100
AcDbEntity
  8
0-VENTANAS
 62
8
100
AcDbPolyline
 90
4
 70
1
 10
49.78994333324854
 20
48.42442783854522
 10
51.93994333324855
 20
48.42442783854522
 10
51.93994333324855
 20
42.91442783854521
 10
49.78994333324854
 20
42.91442783854521
  0
LINE
  5
2C2
330
17
100
AcDbEntity
  8
A-GLAZ-CWMG
100
AcDbLine
 10
60.39751000570317
 20
42.95442783854779
 30
0.0
 11
59.395010005703156
 21
42.95442783854779
 31
0.0
  0
LINE
  5
2C3
330
17
100
AcDbEntity
  8
A-GLAZ-CWMG
100
AcDbLine
 10
61.46501000570317
 20
42.95442783854779
 30
0.0
 11
60.462510005703166
 21
42.95442783854779
 31
0.0
  0
LINE
  5
2C4
330
17
100
AcDbEntity
  8
0-VENTANAS
 62
8
100
AcDbLine
 10
59.35501000570387
 20
48.42442783854522
 30
0.0
 11
59.35501000570387
 21
42.91442783854779
 31
0.0
  0
LINE
  5
2C5
330
17
100
AcDbEntity
  8
0-VENTANAS
 62
8
100
AcDbLine
 10
61.50501000570388
 20
48.42442783854522
 30
0.0
 11
61.50501000570388
 21
42.91442783854779
 31
0.0
  0
LWPOLYLINE
  5
2C6
330
17
100
AcDbEntity
  8
0-VENTANAS
 62
8
100
AcDbPolyline
 90
4
 70
1
 10
59.35501000570387
 20
48.42442783854521
 10
61.50501000570388
 20
48.42442783854521
 10
61.50501000570388
 20
42.91442783854779
 10
59.35501000570387
 20
42.91442783854779
  0
LINE
  5
2C7
330
17
100
AcDbEntity
  8
0-VENTANAS
 62
8
100
AcDbLine
 10
59.35501000570387
 20
48.42442783854522
 30
0.0
 11
61.50501000570388
 21
48.42442783854522
 31
0.0
  0
LINE
  5
2C8
330
17
100
AcDbEntity
  8
0-VENTANAS
 62
8
100
AcDbLine
 10
59.42001000570388
 20
48.35942783854521
 30
0.0
 11
60.39751000570388
 21
48.35942783854521
 31
0.0
  0
LINE
  5
2C9
330
17
100
AcDbEntity
  8
0-VENTANAS
 62
8
100
AcDbLine
 10
60.46251000570388
 20
48.35942783854521
 30
0.0
 11
61.44001000570387
 21
48.35942783854521
 31
0.0
  0
LINE
  5
2CA
330
17
100
AcDbEntity
  8
0-VENTANAS
 62
8
100
AcDbLine
 10
59.35501000570387
 20
48.42442783854522
 30
0.0
 11
59.35501000570387
 21
42.91442783854521
 31
0.0
  0
LINE
  5
2CB
330
17
100
AcDbEntity
  8
0-VENTANAS
 62
8
100
AcDbLine
 10
59.42001000570388
 20
48.42442783854522
 30
0.0
 11
59.42001000570388
 21
42.91442783854521
 31
0.0
  0
LINE
  5
2CC
330
17
100
AcDbEntity
  8
0-VENTANAS
 62
8
100
AcDbLine
 10
61.50501000570388
 20
48.42442783854522
 30
0.0
 11
61.50501000570388
 21
42.91442783854521
 31
0.0
  0
LINE
  5
2CD
330
17
100
AcDbEntity
  8
0-VENTANAS
 62
8
100
AcDbLine
 10
61.44001000570387
 20
48.42442783854522
 30
0.0
 11
61.44001000570387
 21
42.91442783854521
 31
0.0
  0
LINE
  5
2CE
330
17
100
AcDbEntity
  8
0-VENTANAS
 62
8
100
AcDbLine
 10
60.39751000570388
 20
42.91442783854521
 30
0.0
 11
60.39751000570388
 21
48.42442783854522
 31
0.0
  0
LINE
  5
2CF
330
17
100
AcDbEntity
  8
0-VENTANAS
 62
8
100
AcDbLine
 10
60.46251000570388
 20
42.91442783854521
 30
0.0
 11
60.46251000570388
 21
48.42442783854522
 31
0.0
  0
LINE
  5
2D0
330
17
100
AcDbEntity
  8
0-VENTANAS
 62
8
100
AcDbLine
 10
60.39751000570388
 20
45.31442783854521
 30
0.0
 11
59.42001000570388
 21
45.31442783854521
 31
0.0
  0
LINE
  5
2D1
330
17
100
AcDbEntity
  8
0-VENTANAS
 62
8
100
AcDbLine
 10
60.39751000570388
 20
45.3794278385452
 30
0.0
 11
59.42001000570388
 21
45.37942783854521
 31
0.0
  0
LINE
  5
2D2
330
17
100
AcDbEntity
  8
0-VENTANAS
 62
8
100
AcDbLine
 10
61.44001000570387
 20
45.31442783854521
 30
0.0
 11
60.46251000570388
 21
45.31442783854521
 31
0.0
  0
LINE
  5
2D3
330
17
100
AcDbEntity
  8
0-VENTANAS
 62
8
100
AcDbLine
 10
61.44001000570387
 20
45.3794278385452
 30
0.0
 11
60.46251000570388
 21
45.37942783854521
 31
0.0
  0
LINE
  5
2D4
330
17
100
AcDbEntity
  8
0-VENTANAS
 62
8
100
AcDbLine
 10
60.43001000570388
 20
48.42442783854522
 30
0.0
 11
60.43001000570388
 21
42.91442783854521
 31
0.0
  0
LINE
  5
2D5
330
17
100
AcDbEntity
  8
0-VENTANAS
 62
8
100
AcDbLine
 10
61.50501000570387
 20
45.34692783854521
 30
0.0
 11
59.35501000570387
 21
45.34692783854521
 31
0.0
  0
LWPOLYLINE
  5
2D6
330
17
100
AcDbEntity
  8
0-VENTANAS
 62
8
100
AcDbPolyline
 90
4
 70
1
 10
59.35501000570387
 20
48.42442783854522
 10
61.50501000570388
 20
48.42442783854522
 10
61.50501000570388
 20
42.91442783854521
 10
59.35501000570387
 20
42.91442783854521
  0
LINE
  5
2D7
330
17
100
AcDbEntity
  8
0-VENTANAS
 62
8
100
AcDbLine
 10
53.46001000570101
 20
48.42442783854521
 30
0.0
 11
57.8150100057032
 21
48.42442783854522
 31
0.0
  0
LINE
  5
2D8
330
17
100
AcDbEntity
  8
0-VENTANAS
 62
8
100
AcDbLine
 10
53.5625100057021
 20
48.35942783854521
 30
0.0
 11
54.5350100057021
 21
48.35942783854521
 31
0.0
  0
LINE
  5
2D9
330
17
100
AcDbEntity
  8
0-VENTANAS
 62
8
100
AcDbLine
 10
53.4975100057021
 20
48.42442783854521
 30
0.0
 11
53.4975100057021
 21
42.91442783854521
 31
0.0
  0
LINE
  5
2DA
330
17
100
AcDbEntity
  8
0-VENTANAS
 62
8
100
AcDbLine
 10
53.5625100057021
 20
48.42442783854521
 30
0.0
 11
53.5625100057021
 21
42.91442783854521
 31
0.0
  0
LINE
  5
2DB
330
17
100
AcDbEntity
  8
0-VENTANAS
 62
8
100
AcDbLine
 10
54.5350100057021
 20
45.31442783854521
 30
0.0
 11
53.5625100057021
 21
45.31442783854521
 31
0.0
  0
LINE
  5
2DC
330
17
100
AcDbEntity
  8
0-VENTANAS
 62
8
100
AcDbLine
 10
55.63751000570211
 20
45.3794278385452
 30
0.0
 11
54.6000100057021
 21
45.3794278385452
 31
0.0
  0
LINE
  5
2DD
330
17
100
AcDbEntity
  8
0-VENTANAS
 62
8
100
AcDbLine
 10
54.5350100057021
 20
45.3794278385452
 30
0.0
 11
53.5625100057021
 21
45.3794278385452
 31
0.0
  0
LINE
  5
2DE
330
17
100
AcDbEntity
  8
0-VENTANAS
 62
8
100
AcDbLine
 10
57.7775100057021
 20
45.34692783854521
 30
0.0
 11
53.4975100057021
 21
45.34692783854521
 31
0.0
  0
LWPOLYLINE
  5
2DF
330
17
100
AcDbEntity
  8
0-VENTANAS
 62
8
100
AcDbPolyline
 90
4
 70
1
 10
53.4975100057021
 20
48.42442783854521
 10
57.7775100057021
 20
48.42442783854521
 10
57.7775100057021
 20
42.91442783854521
 10
53.4975100057021
 20
42.91442783854521
  0
LINE
  5
2E0
330
17
100
AcDbEntity
  8
0-VENTANAS
 62
8
100
AcDbLine
 10
54.56751000570211
 20
48.42442783854521
 30
0.0
 11
54.56751000570211
 21
45.34692783854521
 31
0.0
  0
LINE
  5
2E1
330
17
100
AcDbEntity
  8
0-VENTANAS
 62
8
100
AcDbLine
 10
55.6375100057021
 20
48.42442783854521
 30
0.0
 11
55.63751000570211
 21
45.34692783854521
 31
0.0
  0
LINE
  5
2E2
330
17
100
AcDbEntity
  8
0-VENTANAS
 62
8
100
AcDbLine
 10
55.63751000570211
 20
45.24641523879942
 30
0.0
 11
55.63751000570211
 21
42.91442783854522
 31
0.0
  0
LINE
  5
2E3
330
17
100
AcDbEntity
  8
0-VENTANAS
 62
8
100
AcDbLine
 10
56.7075100057021
 20
48.42442783854521
 30
0.0
 11
56.7075100057021
 21
45.34692783854521
 31
0.0
  0
LINE
  5
2E4
330
17
100
AcDbEntity
  8
0-VENTANAS
 62
8
100
AcDbLine
 10
54.5350100057021
 20
42.9144278385452
 30
0.0
 11
54.5350100057021
 21
48.42442783854521
 31
0.0
  0
LINE
  5
2E5
330
17
100
AcDbEntity
  8
0-VENTANAS
 62
8
100
AcDbLine
 10
54.6000100057021
 20
42.9144278385452
 30
0.0
 11
54.60001000570211
 21
48.42442783854521
 31
0.0
  0
LINE
  5
2E6
330
17
100
AcDbEntity
  8
0-VENTANAS
 62
8
100
AcDbLine
 10
55.6050100057021
 20
45.554214236748
 30
0.0
 11
55.60501000570211
 21
48.42442783854521
 31
0.0
  0
LINE
  5
2E7
330
17
100
AcDbEntity
  8
0-VENTANAS
 62
8
100
AcDbLine
 10
55.67001000570211
 20
45.554214236748
 30
0.0
 11
55.67001000570211
 21
48.42442783854521
 31
0.0
  0
LINE
  5
2E8
330
17
100
AcDbEntity
  8
0-VENTANAS
 62
8
100
AcDbLine
 10
56.67501000570211
 20
42.9144278385452
 30
0.0
 11
56.67501000570211
 21
48.42442783854521
 31
0.0
  0
LINE
  5
2E9
330
17
100
AcDbEntity
  8
0-VENTANAS
 62
8
100
AcDbLine
 10
56.74001000570211
 20
42.9144278385452
 30
0.0
 11
56.74001000570211
 21
48.42442783854521
 31
0.0
  0
LINE
  5
2EA
330
17
100
AcDbEntity
  8
0-VENTANAS
 62
8
100
AcDbLine
 10
56.67501000570211
 20
45.3794278385452
 30
0.0
 11
55.63751000570211
 21
45.3794278385452
 31
0.0
  0
LINE
  5
2EB
330
17
100
AcDbEntity
  8
0-VENTANAS
 62
8
100
AcDbLine
 10
57.7125100057021
 20
42.9144278385452
 30
0.0
 11
57.7125100057021
 21
48.42442783854521
 31
0.0
  0
LINE
  5
2EC
330
17
100
AcDbEntity
  8
0-VENTANAS
 62
8
100
AcDbLine
 10
57.7125100057021
 20
45.31442783854521
 30
0.0
 11
56.74001000570211
 21
45.31442783854521
 31
0.0
  0
LINE
  5
2ED
330
17
100
AcDbEntity
  8
0-VENTANAS
 62
8
100
AcDbLine
 10
57.7125100057021
 20
45.3794278385452
 30
0.0
 11
56.74001000570211
 21
45.3794278385452
 31
0.0
  0
LINE
  5
2EE
330
17
100
AcDbEntity
  8
0-VENTANAS
 62
8
100
AcDbLine
 10
55.60501000570211
 20
48.35942783854521
 30
0.0
 11
54.60001000570212
 21
48.35942783854521
 31
0.0
  0
LINE
  5
2EF
330
17
100
AcDbEntity
  8
0-VENTANAS
 62
8
100
AcDbLine
 10
56.67501000570211
 20
48.35942783854521
 30
0.0
 11
55.67001000570211
 21
48.35942783854521
 31
0.0
  0
LINE
  5
2F0
330
17
100
AcDbEntity
  8
0-VENTANAS
 62
8
100
AcDbLine
 10
57.7125100057021
 20
48.35942783854521
 30
0.0
 11
56.74001000570211
 21
48.35942783854521
 31
0.0
  0
LINE
  5
2F1
330
17
100
AcDbEntity
  8
0-VENTANAS
 62
8
100
AcDbLine
 10
54.5350100057021
 20
42.97942783854522
 30
0.0
 11
53.5625100057021
 21
42.97942783854522
 31
0.0
  0
LINE
  5
2F2
330
17
100
AcDbEntity
  8
0-VENTANAS
 62
8
100
AcDbLine
 10
57.7125100057021
 20
42.97942783854522
 30
0.0
 11
56.74001000570211
 21
42.97942783854522
 31
0.0
  0
LINE
  5
2F3
330
17
100
AcDbEntity
  8
0-VENTANAS
 62
8
100
AcDbLine
 10
57.7775100057021
 20
45.554214236748
 30
0.0
 11
53.4975100057021
 21
45.55421423674799
 31
0.0
  0
LINE
  5
2F4
330
17
100
AcDbEntity
  8
0-VENTANAS
 62
8
100
AcDbLine
 10
56.67501000570211
 20
45.24641523879942
 30
0.0
 11
54.6000100057021
 21
45.24641523879942
 31
0.0
  0
LINE
  5
2F5
330
17
100
AcDbEntity
  8
0-VENTANAS
 62
8
100
AcDbLine
 10
56.62504488313256
 20
45.19645011622988
 30
0.0
 11
55.68747512827165
 21
45.19645011622988
 31
0.0
  0
LINE
  5
2F6
330
17
100
AcDbEntity
  8
0-VENTANAS
 62
8
100
AcDbLine
 10
55.58754488313256
 20
45.19645011622988
 30
0.0
 11
54.64997512827166
 21
45.19645011622988
 31
0.0
  0
LINE
  5
2F7
330
17
100
AcDbEntity
  8
0-VENTANAS
 62
8
100
AcDbLine
 10
56.62504488313256
 20
42.97633152854034
 30
0.0
 11
55.68747512827228
 21
42.97633152854035
 31
0.0
  0
LINE
  5
2F8
330
17
100
AcDbEntity
  8
0-VENTANAS
 62
8
100
AcDbLine
 10
55.58754488313256
 20
42.97633152854034
 30
0.0
 11
54.64997512827166
 21
42.97633152854034
 31
0.0
  0
LINE
  5
2F9
330
17
100
AcDbEntity
  8
0-VENTANAS
 62
8
100
AcDbLine
 10
56.62504488313256
 20
45.19645011622988
 30
0.0
 11
56.62504488313256
 21
42.97633152854034
 31
0.0
  0
LINE
  5
2FA
330
17
100
AcDbEntity
  8
0-VENTANAS
 62
8
100
AcDbLine
 10
54.64997512827166
 20
45.19645011622988
 30
0.0
 11
54.64997512827166
 21
42.97633152854034
 31
0.0
  0
LINE
  5
2FB
330
17
100
AcDbEntity
  8
0-VENTANAS
 62
8
100
AcDbLine
 10
55.58754488313256
 20
45.19645011622988
 30
0.0
 11
55.58754488313256
 21
42.97633152854035
 31
0.0
  0
LINE
  5
2FC
330
17
100
AcDbEntity
  8
0-VENTANAS
 62
8
100
AcDbLine
 10
55.68747512827165
 20
45.1964501162299
 30
0.0
 11
55.68747512827229
 21
42.97633152854036
 31
0.0
  0
LWPOLYLINE
  5
2FD
330
17
100
AcDbEntity
  8
0-VENTANAS
 62
8
100
AcDbPolyline
 90
6
 70
0
 10
55.88917359078077
 20
44.08639082238511
 10
55.88917359078077
 20
44.08639082238511
 10
56.45592049835186
 20
44.08639082238511
 10
56.34985448117389
 20
43.98032480520714
 10
56.45592049835186
 20
44.08639082238511
 10
56.34631894726793
 20
44.19599237346903
  0
LWPOLYLINE
  5
2FE
330
17
100
AcDbEntity
  8
0-VENTANAS
 62
8
100
AcDbPolyline
 90
6
 70
0
 10
55.38584642062345
 20
44.08639082238511
 10
55.38584642062345
 20
44.08639082238511
 10
54.81909951305237
 20
44.08639082238511
 10
54.92516553023033
 20
43.98032480520714
 10
54.81909951305237
 20
44.08639082238511
 10
54.92870106413629
 20
44.19599237346903
  0
LINE
  5
2FF
330
17
100
AcDbEntity
  8
0-VENTANAS
 62
8
100
AcDbLine
 10
54.6000100057021
 20
45.34692783854521
 30
0.0
 11
54.6000100057021
 21
42.9144278385452
 31
0.0
  0
LINE
  5
300
330
17
100
AcDbEntity
  8
0-VENTANAS
 62
8
100
AcDbLine
 10
56.67501000570211
 20
45.34692783854521
 30
0.0
 11
56.67501000570211
 21
42.9144278385452
 31
0.0
  0
LWPOLYLINE
  5
301
330
17
100
AcDbEntity
  8
0-VENTANAS
 62
8
100
AcDbPolyline
 90
9
 70
0
 10
14.66001000568566
 20
48.42442783854521
 10
18.94001000568566
 20
48.42442783854521
 10
18.94001000568566
 20
42.91442783854779
 10
17.83751000568566
 20
42.9144278385452
 10
17.83751000568566
 20
45.34692783854521
 10
15.76251000568566
 20
45.34692783854521
 10
15.76251000568566
 20
42.9144278385452
 10
14.66001000568566
 20
42.9144278385452
 10
14.66001000568566
 20
48.42442783854521
  0
LWPOLYLINE
  5
302
330
17
100
AcDbEntity
  8
0-VENTANAS
 62
8
100
AcDbPolyline
 90
9
 70
0
 10
53.4975100057021
 20
48.42442783854521
 10
57.7775100057021
 20
48.42442783854521
 10
57.7775100057021
 20
42.91442783854779
 10
56.67501000570211
 20
42.9144278385452
 10
56.67501000570211
 20
45.34692783854521
 10
54.6000100057021
 20
45.34692783854521
 10
54.6000100057021
 20
42.9144278385452
 10
53.4975100057021
 20
42.9144278385452
 10
53.4975100057021
 20
48.42442783854521
  0
LINE
  5
303
330
17
100
AcDbEntity
  8
0-VENTANAS
 62
8
100
AcDbLine
 10
39.79001000569502
 20
42.97942783854779
 30
0.0
 11
40.76751000569501
 21
42.97942783854779
 31
0.0
  0
LINE
  5
304
330
17
100
AcDbEntity
  8
0-VENTANAS
 62
8
100
AcDbLine
 10
40.83251000569503
 20
42.97942783854779
 30
0.0
 11
41.81001000569501
 21
42.9794278385478
 31
0.0
  0
LWPOLYLINE
  5
305
330
17
100
AcDbEntity
  8
0-VENTANAS
 62
8
100
AcDbPolyline
 90
4
 70
1
 10
54.64997512827166
 20
45.19645011622988
 10
55.58754488313256
 20
45.19645011622988
 10
55.58754488313256
 20
42.97633152854035
 10
54.64997512827166
 20
42.97633152854035
  0
LWPOLYLINE
  5
306
330
17
100
AcDbEntity
  8
0-VENTANAS
 62
8
100
AcDbPolyline
 90
4
 70
1
 10
55.68747512827165
 20
45.19645011622988
 10
56.62504488313256
 20
45.19645011622988
 10
56.62504488313256
 20
42.97633152854034
 10
55.68747512827165
 20
42.97633152854034
  0
LWPOLYLINE
  5
307
330
17
100
AcDbEntity
  8
0-VENTANAS
 62
8
100
AcDbPolyline
 90
4
 70
1
 10
15.81247512825522
 20
45.19645011622988
 10
16.75004488311612
 20
45.19645011622988
 10
16.75004488311612
 20
42.97633152854035
 10
15.81247512825522
 20
42.97633152854035
  0
LWPOLYLINE
  5
308
330
17
100
AcDbEntity
  8
0-VENTANAS
 62
8
100
AcDbPolyline
 90
4
 70
1
 10
16.84997512825521
 20
45.19645011622988
 10
17.78754488311612
 20
45.19645011622988
 10
17.78754488311612
 20
42.97633152854034
 10
16.84997512825521
 20
42.97633152854034
  0
LWPOLYLINE
  5
309
330
17
100
AcDbEntity
  8
0-VENTANAS
 62
8
100
AcDbPolyline
 90
4
 70
1
 10
1.182533732896343
 20
44.98167337918544
 10
2.031061870320201
 20
45.8302015166093
 10
2.879590007744058
 20
44.98167337918544
 10
2.031061870320201
 20
44.13314524176158
  0
LWPOLYLINE
  5
30A
330
17
100
AcDbEntity
  8
0-VENTANAS
 62
8
100
AcDbPolyline
 90
4
 70
1
 10
1.274457614450595
 20
44.98167337918544
 10
2.031061870320201
 20
45.73827763505504
 10
2.787666126189806
 20
44.98167337918544
 10
2.031061870320201
 20
44.22506912331583
  0
LWPOLYLINE
  5
30B
330
17
100
AcDbEntity
  8
0-VENTANAS
 62
8
100
AcDbPolyline
 90
4
 70
1
 10
6.182533732896338
 20
44.98167337918544
 10
7.031061870320195
 20
45.8302015166093
 10
7.879590007744052
 20
44.98167337918544
 10
7.031061870320195
 20
44.13314524176158
  0
LWPOLYLINE
  5
30C
330
17
100
AcDbEntity
  8
0-VENTANAS
 62
8
100
AcDbPolyline
 90
4
 70
1
 10
6.275164721231776
 20
44.98167337918544
 10
7.031061870320195
 20
45.73757052827386
 10
7.786959019408614
 20
44.98167337918544
 10
7.031061870320195
 20
44.22577623009702
  0
LWPOLYLINE
  5
30E
330
17
100
AcDbEntity
  8
0-cortes
 62
251
100
AcDbPolyline
 90
195
 70
0
 10
4.169408960120108
 20
44.33902401545131
 10
4.161390212350937
 20
44.38198877696158
 10
4.157172607145042
 20
44.42106869634446
 10
4.167606840000559
 20
44.44445670012555
 10
4.170372456605662
 20
44.48418912345301
 10
4.166304140189566
 20
44.51505889420196
 10
4.17593566561544
 20
44.54292766584965
 10
4.176513495584373
 20
44.56921353573243
 10
4.200550530322885
 20
44.59430395952716
 10
4.216940101453587
 20
44.60287368380286
 10
4.233336123252769
 20
44.61491163463511
 10
4.263613360502773
 20
44.6140298546351
 10
4.292054481744656
 20
44.61182690411441
 10
4.328591297314915
 20
44.59539039787009
 10
4.352519377484924
 20
44.56822068433949
 10
4.372001623025397
 20
44.53325890250092
 10
4.381557980630901
 20
44.50807400243082
 10
4.394602514179211
 20
44.4876882366421
 10
4.398659188127226
 20
44.46319825477583
 10
4.404229311660287
 20
44.44349828212061
 10
4.409799820645019
 20
44.43032525215134
 10
4.409757796086665
 20
44.40773058800412
 10
4.407452812777194
 20
44.39446982249625
 10
4.413729337078052
 20
44.36906705895257
 10
4.410528932059833
 20
44.34203738808077
 10
4.411295003656135
 20
44.33049863092973
 10
4.424180748236778
 20
44.32585461221525
 10
4.438185527716257
 20
44.31617252740699
 10
4.448127552324677
 20
44.29611248028292
 10
4.451284771825669
 20
44.27464448240648
 10
4.455973283060416
 20
44.24276423169814
 10
4.460348038995363
 20
44.2130174082374
 10
4.46494099128597
 20
44.17867301473005
 10
4.464853264574088
 20
44.13150641336303
 10
4.47112429763402
 20
44.09683156102049
 10
4.469876660520498
 20
44.05800496725787
 10
4.471400881849888
 20
44.03698793413688
 10
4.484070203398374
 20
43.99181967817813
 10
4.493660532964042
 20
43.95762854498353
 10
4.500370422753178
 20
43.93370666264051
 10
4.500315079001325
 20
43.90395088331632
 10
4.503840883348146
 20
43.86546735429946
 10
4.51144227204648
 20
43.8192974880243
 10
4.518634720710934
 20
43.78076874551071
 10
4.51858584082953
 20
43.75448829078066
 10
4.523041521577397
 20
43.72333624513915
 10
4.528246554073234
 20
43.69061505954312
 10
4.534870436021833
 20
43.66869908538227
 10
4.532394724534356
 20
43.64580179745182
 10
4.525205769233423
 20
43.62933143685137
 10
4.51954679023936
 20
43.62021703933639
 10
4.593865373510112
 20
43.43513595074656
 10
4.614438118510719
 20
43.38611361647873
 10
4.624181662307307
 20
43.3604548449098
 10
4.639601481619479
 20
43.30897209458687
 10
4.652512523299378
 20
43.26105183447391
 10
4.654203605581841
 20
43.21599358280083
 10
4.652609265408727
 20
43.17403214146335
 10
4.648669101334064
 20
43.15372915778512
 10
4.643581888630251
 20
43.12751563100367
 10
4.616456240680889
 20
43.11874834401817
 10
4.594080463120434
 20
43.11472022028151
 10
4.569492490636548
 20
43.10308144377587
 10
4.547806025043968
 20
43.10312177914589
 10
4.526781038173368
 20
43.09858562486315
 10
4.464257081318436
 20
43.09683981666678
 10
4.449007708038919
 20
43.1135694758318
 10
4.455885946123999
 20
43.13993321287616
 10
4.452688191668187
 20
43.1585665450397
 10
4.436976683899302
 20
43.2112144493536
 10
4.430602914615008
 20
43.25384980414365
 10
4.438424525965302
 20
43.31976378380688
 10
4.447207857144178
 20
43.37821478257064
 10
4.457968925789828
 20
43.4382938387262
 10
4.488898032389585
 20
43.61726013186774
 10
4.480071900658657
 20
43.63059279221459
 10
4.471179357190095
 20
43.6398174411186
 10
4.468539413100472
 20
43.62341540723163
 10
4.467249712228834
 20
43.60621099146807
 10
4.463695326875665
 20
43.59741262775652
 10
4.451446362492703
 20
43.59684030634507
 10
4.442035637985526
 20
43.59289045190571
 10
4.412499568783232
 20
43.59412279640931
 10
4.401899152258664
 20
43.54458253535841
 10
4.390855749820133
 20
43.49297201246733
 10
4.382959240089405
 20
43.44771184968037
 10
4.379662964168261
 20
43.41337474009746
 10
4.379995890570228
 20
43.38382370456755
 10
4.380654301377774
 20
43.36495833373971
 10
4.384720582619905
 20
43.3329943439115
 10
4.380549377648065
 20
43.27694717637598
 10
4.374813402585289
 20
43.22011584662077
 10
4.359715869332973
 20
43.15417060693492
 10
4.345534345656773
 20
43.09410431156048
 10
4.337230947572408
 20
43.06618187797276
 10
4.334173561102545
 20
43.04652994672792
 10
4.331412043250878
 20
43.01532093598486
 10
4.338079011697629
 20
43.003931177665
 10
4.339860594563077
 20
42.97593239601222
 10
4.360219426177906
 20
42.9509321709177
 10
4.364746954996775
 20
42.93945040734985
 10
4.357777646956805
 20
42.91468018175573
 10
4.278200621575365
 20
42.91417549533985
 10
4.269355801631348
 20
42.93009977091519
 10
4.274696998458068
 20
42.95162874987764
 10
4.272356792112873
 20
42.97630750815357
 10
4.272404303309997
 20
43.00185208455551
 10
4.279459149762402
 20
43.00941533653329
 10
4.27658213128231
 20
43.118337455892
 10
4.276677641642237
 20
43.16968896531696
 10
4.273599754418967
 20
43.19589204909058
 10
4.273229160550528
 20
43.2557486487546
 10
4.277460677137952
 20
43.28734526220955
 10
4.279530876251186
 20
43.31972656919345
 10
4.27697512409756
 20
43.34859065090415
 10
4.274936658461001
 20
43.37118918462343
 10
4.271042940942749
 20
43.40113717979753
 10
4.268447200388777
 20
43.42110196286642
 10
4.268488722129859
 20
43.4434262853816
 10
4.265397852226044
 20
43.45004856309357
 10
4.261190381477831
 20
43.43769998898937
 10
4.25748692695808
 20
43.41195104658019
 10
4.25374192491256
 20
43.38591323742682
 10
4.245213465274616
 20
43.36028944119294
 10
4.248993763529824
 20
43.33887787510856
 10
4.253978775214648
 20
43.30793601076249
 10
4.260028006825365
 20
43.28040281491462
 10
4.259977460719653
 20
43.25322650830671
 10
4.261985070101331
 20
43.22035769456425
 10
4.260782833000945
 20
43.19962088793035
 10
4.257945110294002
 20
43.17799766717548
 10
4.254680895386741
 20
43.14193917661281
 10
4.251636501662318
 20
43.09135462864241
 10
4.249527906076281
 20
43.01937020413217
 10
4.258595548311888
 20
43.00949253521665
 10
4.263136967892648
 20
42.94228216728597
 10
4.248712737361159
 20
42.93499497939648
 10
4.226471681029011
 20
42.91492440203678
 10
4.14595553506075
 20
42.91507415666261
 10
4.136960012733538
 20
42.92580915263242
 10
4.146134941408291
 20
42.94833563847789
 10
4.166518456150782
 20
42.96820490388824
 10
4.179027197297386
 20
42.99469254682146
 10
4.183449547364318
 20
43.00249745673879
 10
4.185462627988272
 20
43.01680819528179
 10
4.195813270491441
 20
43.02053233779164
 10
4.198045991075105
 20
43.03285898894196
 10
4.194769273293161
 20
43.04695560241059
 10
4.161422273321733
 20
43.15424506736086
 10
4.160256581749905
 20
43.22899353536256
 10
4.152547879310617
 20
43.2869824879643
 10
4.152297441012223
 20
43.34192445970265
 10
4.152634335559639
 20
43.40298274874021
 10
4.152711362730883
 20
43.44439670126398
 10
4.147980087191911
 20
43.47272731631597
 10
4.140853926648816
 20
43.50897790431131
 10
4.138535397723956
 20
43.55163131248409
 10
4.136942180070519
 20
43.58094134702946
 10
4.120439321735346
 20
43.59878694175447
 10
4.115766300736055
 20
43.62052011644954
 10
4.113344274680144
 20
43.63912640995371
 10
4.105729135026933
 20
43.67158332169416
 10
4.095632168367501
 20
43.69681402000967
 10
4.094704945886405
 20
43.74810344200795
 10
4.088126842899015
 20
43.76935383875378
 10
4.094991998425797
 20
43.80132309270105
 10
4.106031435729931
 20
43.83411644809939
 10
4.114515257197979
 20
43.87056836528391
 10
4.124056469771204
 20
43.89411800412593
 10
4.132357459131469
 20
43.91442567488975
 10
4.140304409442819
 20
43.92133457327473
 10
4.136610558720434
 20
43.9323476618766
 10
4.13839423277119
 20
43.94971113298545
 10
4.103527803703968
 20
43.9605198429615
 10
4.077816287515275
 20
43.97045406422175
 10
4.05700807421951
 20
43.98135180821369
 10
4.049887115472586
 20
43.98880064902743
 10
4.044987958939458
 20
43.99638613464822
 10
4.044446990136663
 20
44.00887791877774
 10
4.044053462676146
 20
44.02480567240867
 10
4.044232010206968
 20
44.03864629971496
 10
4.04748857048068
 20
44.05163013989612
 10
4.053055877138461
 20
44.06833387936281
 10
4.057762495563849
 20
44.09626300271919
 10
4.061950997060876
 20
44.11737179398573
 10
4.070656819606313
 20
44.15942879083337
 10
4.080325522941137
 20
44.21992581138345
 10
4.085147600405804
 20
44.24673490127262
 10
4.094214698970375
 20
44.27448314239769
 10
4.105476992365964
 20
44.2943821705952
 10
4.118974729910917
 20
44.30911307697146
 10
4.138132460785158
 20
44.32086433678838
 10
4.154345742990386
 20
44.32944718687844
 10
4.166790736455084
 20
44.33430005068601
 10
4.169408960120108
 20
44.33902401545131
  0
LWPOLYLINE
  5
30F
330
17
100
AcDbEntity
  8
0-cortes
 62
251
100
AcDbPolyline
 90
21
 70
0
 10
4.137154631452062
 20
44.01632025609208
 10
4.128872146384566
 20
44.01860089425718
 10
4.11707558938869
 20
44.02111843106877
 10
4.112533266877932
 20
44.02464630974942
 10
4.112539384301584
 20
44.02793536592946
 10
4.11255542766176
 20
44.03656113972508
 10
4.119081361632794
 20
44.06309830406246
 10
4.122179547452788
 20
44.07569681741201
 10
4.12478785855464
 20
44.08630329621777
 10
4.127829612641363
 20
44.09867233464688
 10
4.131708646235068
 20
44.10908337018806
 10
4.136539614992642
 20
44.10907438491051
 10
4.14037028352854
 20
44.10210518716073
 10
4.14204926568766
 20
44.08845947286155
 10
4.142033258032284
 20
44.07985289589269
 10
4.140845759716114
 20
44.07336015597706
 10
4.140014048081241
 20
44.06224670222741
 10
4.139362750627526
 20
44.04701837898998
 10
4.140396116997578
 20
44.02751881332265
 10
4.139487469909369
 20
44.01927863755743
 10
4.137154631452062
 20
44.01632025609208
  0
LWPOLYLINE
  5
310
330
17
100
AcDbEntity
  8
0-cortes
 62
251
100
AcDbPolyline
 90
29
 70
0
 10
4.462301181964306
 20
43.72628395919805
 10
4.456971616807692
 20
43.74892700792595
 10
4.45093856947318
 20
43.76620263418624
 10
4.449438689619967
 20
43.78766754952311
 10
4.440947661488451
 20
43.80421826555235
 10
4.437571932681777
 20
43.82827825031107
 10
4.434641442109665
 20
43.84916486844319
 10
4.428245114470257
 20
43.86944093686283
 10
4.422827354944388
 20
43.88890386445821
 10
4.421998137247982
 20
43.90441009681189
 10
4.418871003096768
 20
43.92309448933963
 10
4.410333739142828
 20
43.93374544644539
 10
4.412828391476068
 20
43.94154754278671
 10
4.416143218191052
 20
43.94794034155228
 10
4.417516200769171
 20
43.95304416126538
 10
4.421768608163887
 20
43.95163487893103
 10
4.424292789170578
 20
43.94371466550672
 10
4.430338385686468
 20
43.92474518013514
 10
4.436437859128062
 20
43.90560664319805
 10
4.448270372396166
 20
43.86732402788835
 10
4.457151487967877
 20
43.83859029032549
 10
4.464746151922099
 20
43.81480908032683
 10
4.470585717115966
 20
43.79462228525528
 10
4.475186729923478
 20
43.77841155052661
 10
4.476679501821053
 20
43.7657644209694
 10
4.477025243551707
 20
43.7557430001001
 10
4.473667549165895
 20
43.74526134299172
 10
4.468947928792573
 20
43.73562048327539
 10
4.462301181964306
 20
43.72628395919805
  0
LWPOLYLINE
  5
311
330
17
100
AcDbEntity
  8
0-cortes
 62
251
100
AcDbPolyline
 90
15
 70
0
 10
4.491389485096789
 20
43.64230104350084
 10
4.479159201629414
 20
43.64545288446186
 10
4.479195084960849
 20
43.66474569454544
 10
4.481610004964181
 20
43.67391731750464
 10
4.483272729125104
 20
43.68023217641009
 10
4.488122009459999
 20
43.68664554317819
 10
4.493364374583762
 20
43.68663579273101
 10
4.496120775544085
 20
43.683495173591
 10
4.497930498398204
 20
43.67694566733291
 10
4.500437263470161
 20
43.66787351935768
 10
4.503499308031422
 20
43.65679177832141
 10
4.506338290526429
 20
43.65356101243482
 10
4.50202447736828
 20
43.64723406135898
 10
4.496847079286141
 20
43.64425537472691
 10
4.491389485096789
 20
43.64230104350084
  0
LWPOLYLINE
  5
312
330
17
100
AcDbEntity
  8
0-cortes
 62
251
100
AcDbPolyline
 90
15
 70
0
 10
4.487692085970422
 20
43.43653643118764
 10
4.499557171111234
 20
43.61621647232534
 10
4.505516541330564
 20
43.61620538829682
 10
4.509603092902978
 20
43.61409892735385
 10
4.5272588324286
 20
43.55770401288943
 10
4.553197308548902
 20
43.43596666838304
 10
4.547305595135156
 20
43.43443547622142
 10
4.539308708529745
 20
43.43235717247042
 10
4.537091273277184
 20
43.42184851485707
 10
4.534643911406817
 20
43.41419350673304
 10
4.529172325533295
 20
43.41103619627607
 10
4.52459058681643
 20
43.41233090979025
 10
4.511067776399556
 20
43.42203769402412
 10
4.493863003059828
 20
43.43018997921654
 10
4.487692085970422
 20
43.43653643118764
  0
LWPOLYLINE
  5
313
330
17
100
AcDbEntity
  8
0-cortes
 62
251
100
AcDbPolyline
 90
10
 70
0
 10
4.477822942175208
 20
43.48946142248212
 10
4.473154130538716
 20
43.47553956126789
 10
4.46925648549211
 20
43.46391723044248
 10
4.469225748604685
 20
43.4473914256631
 10
4.469210264619903
 20
43.4390664021421
 10
4.473596608182958
 20
43.43537244050335
 10
4.478136655085677
 20
43.4407634562895
 10
4.478958711524796
 20
43.46182218398986
 10
4.479721145754695
 20
43.48135356173115
 10
4.477822942175208
 20
43.48946142248212
  0
LWPOLYLINE
  5
314
330
17
100
AcDbEntity
  8
0-VENTANAS
 62
8
100
AcDbPolyline
 90
4
 70
1
 10
64.58358572175787
 20
45.19215221542121
 10
65.43211385918173
 20
46.04068035284507
 10
66.2806419966056
 20
45.19215221542121
 10
65.43211385918173
 20
44.34362407799736
  0
LWPOLYLINE
  5
315
330
17
100
AcDbEntity
  8
0-VENTANAS
 62
8
100
AcDbPolyline
 90
4
 70
1
 10
64.67550960331212
 20
45.19215221542121
 10
65.43211385918173
 20
45.94875647129081
 10
66.18871811505133
 20
45.19215221542121
 10
65.43211385918173
 20
44.43554795955161
  0
LWPOLYLINE
  5
316
330
17
100
AcDbEntity
  8
0-VENTANAS
 62
8
100
AcDbPolyline
 90
4
 70
1
 10
69.58358572175787
 20
45.19215221542121
 10
70.43211385918173
 20
46.04068035284507
 10
71.28064199660558
 20
45.19215221542121
 10
70.43211385918173
 20
44.34362407799736
  0
LWPOLYLINE
  5
317
330
17
100
AcDbEntity
  8
0-VENTANAS
 62
8
100
AcDbPolyline
 90
4
 70
1
 10
69.67550960331212
 20
45.19215221542121
 10
70.43211385918173
 20
45.94875647129081
 10
71.18871811505133
 20
45.19215221542121
 10
70.43211385918173
 20
44.43554795955161
  0
LWPOLYLINE
  5
318
330
17
100
AcDbEntity
  8
0-LOUVRE
  6
CONTINUOUS
 62
8
100
AcDbPolyline
 90
8
 70
1
 10
4.531244805156006
 20
49.11442783854778
 10
3.531244805156006
 20
48.11442783854777
 10
2.531244805156006
 20
49.11442783854779
 10
1.531244805156006
 20
48.11442783854777
 10
0.5312448051560068
 20
49.11442783854778
 10
-0.4687551948439932
 20
48.14781163078484
 10
-0.4687551948439932
 20
43.11442783854779
 10
4.531244805156006
 20
43.11442783854779
  0
LWPOLYLINE
  5
319
330
17
100
AcDbEntity
  8
0-LOUVRE
  6
CONTINUOUS
 62
8
100
AcDbPolyline
 90
8
 70
1
 10
4.531244805155992
 20
49.11442783854778
 10
5.531244805155992
 20
48.11442783854777
 10
6.531244805155992
 20
49.11442783854779
 10
7.531244805155992
 20
48.11442783854777
 10
8.531244805155993
 20
49.11442783854778
 10
9.531244805155993
 20
48.14781163078484
 10
9.531244805155993
 20
43.11442783854779
 10
4.531244805155992
 20
43.11442783854779
  0
LWPOLYLINE
  5
31A
330
17
100
AcDbEntity
  8
0-LOUVRE
  6
CONTINUOUS
 62
8
100
AcDbPolyline
 90
8
 70
1
 10
77.93211385918171
 20
49.11442783854781
 10
78.93211385918171
 20
48.11442783854779
 10
79.93211385918171
 20
49.11442783854781
 10
80.93211385918173
 20
48.11442783854779
 10
81.93211385918171
 20
49.11442783854781
 10
82.93211385918171
 20
48.14781163078486
 10
82.93211385918171
 20
43.11442783854782
 10
77.93211385918171
 20
43.11442783854782
  0
LWPOLYLINE
  5
31B
330
17
100
AcDbEntity
  8
0-LOUVRE
  6
CONTINUOUS
 62
8
100
AcDbPolyline
 90
8
 70
1
 10
77.93211385918171
 20
49.11442783854781
 10
76.93211385918171
 20
48.11442783854779
 10
75.93211385918171
 20
49.11442783854781
 10
74.93211385918171
 20
48.11442783854778
 10
73.93211385918171
 20
49.11442783854779
 10
72.93211385918171
 20
48.14781163078484
 10
72.93211385918174
 20
43.11442783854779
 10
77.93211385918174
 20
43.11442783854782
  0
LWPOLYLINE
  5
31C
330
17
100
AcDbEntity
  8
0-cortes
 62
251
100
AcDbPolyline
 90
195
 70
0
 10
63.86179155578929
 20
44.33902401545131
 10
63.85377280802012
 20
44.38198877696158
 10
63.84955520281422
 20
44.42106869634446
 10
63.85998943566974
 20
44.44445670012555
 10
63.86275505227485
 20
44.48418912345301
 10
63.85868673585875
 20
44.51505889420196
 10
63.86831826128463
 20
44.54292766584965
 10
63.86889609125356
 20
44.56921353573243
 10
63.89293312599207
 20
44.59430395952716
 10
63.90932269712277
 20
44.60287368380286
 10
63.92571871892196
 20
44.61491163463511
 10
63.95599595617196
 20
44.6140298546351
 10
63.98443707741384
 20
44.61182690411441
 10
64.0209738929841
 20
44.59539039787009
 10
64.04490197315411
 20
44.56822068433949
 10
64.06438421869458
 20
44.53325890250092
 10
64.07394057630009
 20
44.50807400243082
 10
64.0869851098484
 20
44.4876882366421
 10
64.09104178379641
 20
44.46319825477583
 10
64.09661190732947
 20
44.44349828212061
 10
64.1021824163142
 20
44.43032525215134
 10
64.10214039175585
 20
44.40773058800412
 10
64.09983540844638
 20
44.39446982249625
 10
64.10611193274724
 20
44.36906705895257
 10
64.10291152772902
 20
44.34203738808077
 10
64.10367759932532
 20
44.33049863092973
 10
64.11656334390597
 20
44.32585461221525
 10
64.13056812338544
 20
44.31617252740699
 10
64.14051014799387
 20
44.29611248028292
 10
64.14366736749486
 20
44.27464448240648
 10
64.1483558787296
 20
44.24276423169814
 10
64.15273063466455
 20
44.2130174082374
 10
64.15732358695516
 20
44.17867301473005
 10
64.15723586024328
 20
44.13150641336303
 10
64.16350689330321
 20
44.09683156102049
 10
64.16225925618969
 20
44.05800496725787
 10
64.16378347751908
 20
44.03698793413688
 10
64.17645279906756
 20
43.99181967817813
 10
64.18604312863323
 20
43.95762854498353
 10
64.19275301842237
 20
43.93370666264051
 10
64.19269767467051
 20
43.90395088331632
 10
64.19622347901733
 20
43.86546735429946
 10
64.20382486771567
 20
43.8192974880243
 10
64.21101731638012
 20
43.78076874551071
 10
64.21096843649872
 20
43.75448829078066
 10
64.21542411724658
 20
43.72333624513915
 10
64.22062914974242
 20
43.69061505954312
 10
64.22725303169102
 20
43.66869908538227
 10
64.22477732020354
 20
43.64580179745182
 10
64.21758836490261
 20
43.62933143685137
 10
64.21192938590855
 20
43.62021703933639
 10
64.28624796917929
 20
43.43513595074656
 10
64.3068207141799
 20
43.38611361647873
 10
64.3165642579765
 20
43.3604548449098
 10
64.33198407728867
 20
43.30897209458687
 10
64.34489511896857
 20
43.26105183447391
 10
64.34658620125103
 20
43.21599358280083
 10
64.34499186107792
 20
43.17403214146335
 10
64.34105169700325
 20
43.15372915778512
 10
64.33596448429944
 20
43.12751563100367
 10
64.30883883635008
 20
43.11874834401817
 10
64.28646305878962
 20
43.11472022028151
 10
64.26187508630574
 20
43.10308144377587
 10
64.24018862071316
 20
43.10312177914589
 10
64.21916363384256
 20
43.09858562486315
 10
64.15663967698762
 20
43.09683981666678
 10
64.1413903037081
 20
43.1135694758318
 10
64.14826854179319
 20
43.13993321287616
 10
64.14507078733737
 20
43.1585665450397
 10
64.12935927956849
 20
43.2112144493536
 10
64.1229855102842
 20
43.25384980414365
 10
64.13080712163448
 20
43.31976378380688
 10
64.13959045281337
 20
43.37821478257064
 10
64.15035152145902
 20
43.4382938387262
 10
64.18128062805877
 20
43.61726013186774
 10
64.17245449632784
 20
43.63059279221459
 10
64.16356195285928
 20
43.6398174411186
 10
64.16092200876966
 20
43.62341540723163
 10
64.15963230789802
 20
43.60621099146807
 10
64.15607792254485
 20
43.59741262775652
 10
64.14382895816189
 20
43.59684030634507
 10
64.13441823365471
 20
43.59289045190571
 10
64.10488216445242
 20
43.59412279640931
 10
64.09428174792785
 20
43.54458253535841
 10
64.08323834548932
 20
43.49297201246733
 10
64.07534183575859
 20
43.44771184968037
 10
64.07204555983745
 20
43.41337474009746
 10
64.07237848623942
 20
43.38382370456755
 10
64.07303689704696
 20
43.36495833373971
 10
64.0771031782891
 20
43.3329943439115
 10
64.07293197331725
 20
43.27694717637598
 10
64.06719599825448
 20
43.22011584662077
 10
64.05209846500216
 20
43.15417060693492
 10
64.03791694132596
 20
43.09410431156048
 10
64.0296135432416
 20
43.06618187797276
 10
64.02655615677173
 20
43.04652994672792
 10
64.02379463892007
 20
43.01532093598486
 10
64.03046160736682
 20
43.003931177665
 10
64.03224319023226
 20
42.97593239601222
 10
64.0526020218471
 20
42.9509321709177
 10
64.05712955066596
 20
42.93945040734985
 10
64.05016024262599
 20
42.91468018175573
 10
63.97058321724455
 20
42.91417549533985
 10
63.96173839730053
 20
42.93009977091519
 10
63.96707959412726
 20
42.95162874987764
 10
63.96473938778206
 20
42.97630750815357
 10
63.96478689897918
 20
43.00185208455551
 10
63.97184174543159
 20
43.00941533653329
 10
63.9689647269515
 20
43.118337455892
 10
63.96906023731142
 20
43.16968896531696
 10
63.96598235008815
 20
43.19589204909058
 10
63.96561175621972
 20
43.2557486487546
 10
63.96984327280714
 20
43.28734526220955
 10
63.97191347192038
 20
43.31972656919345
 10
63.96935771976675
 20
43.34859065090415
 10
63.96731925413019
 20
43.37118918462343
 10
63.96342553661193
 20
43.40113717979753
 10
63.96082979605797
 20
43.42110196286642
 10
63.96087131779904
 20
43.4434262853816
 10
63.95778044789523
 20
43.45004856309357
 10
63.95357297714702
 20
43.43769998898937
 10
63.94986952262726
 20
43.41195104658019
 10
63.94612452058175
 20
43.38591323742682
 10
63.93759606094381
 20
43.36028944119294
 10
63.94137635919901
 20
43.33887787510856
 10
63.94636137088383
 20
43.30793601076249
 10
63.95241060249455
 20
43.28040281491462
 10
63.95236005638884
 20
43.25322650830671
 10
63.95436766577052
 20
43.22035769456425
 10
63.95316542867013
 20
43.19962088793035
 10
63.95032770596319
 20
43.17799766717548
 10
63.94706349105593
 20
43.14193917661281
 10
63.94401909733151
 20
43.09135462864241
 10
63.94191050174547
 20
43.01937020413217
 10
63.95097814398107
 20
43.00949253521665
 10
63.95551956356183
 20
42.94228216728597
 10
63.94109533303034
 20
42.93499497939648
 10
63.91885427669819
 20
42.91492440203678
 10
63.83833813072993
 20
42.91507415666261
 10
63.82934260840272
 20
42.92580915263242
 10
63.83851753707748
 20
42.94833563847789
 10
63.85890105181997
 20
42.96820490388824
 10
63.87140979296657
 20
42.99469254682146
 10
63.87583214303351
 20
43.00249745673879
 10
63.87784522365746
 20
43.01680819528179
 10
63.88819586616063
 20
43.02053233779164
 10
63.89042858674429
 20
43.03285898894196
 10
63.88715186896234
 20
43.04695560241059
 10
63.85380486899092
 20
43.15424506736086
 10
63.85263917741909
 20
43.22899353536256
 10
63.8449304749798
 20
43.2869824879643
 10
63.84468003668141
 20
43.34192445970265
 10
63.84501693122882
 20
43.40298274874021
 10
63.84509395840007
 20
43.44439670126398
 10
63.84036268286109
 20
43.47272731631597
 10
63.833236522318
 20
43.50897790431131
 10
63.83091799339315
 20
43.55163131248409
 10
63.8293247757397
 20
43.58094134702946
 10
63.81282191740453
 20
43.59878694175447
 10
63.80814889640524
 20
43.62052011644954
 10
63.80572687034933
 20
43.63912640995371
 10
63.79811173069612
 20
43.67158332169416
 10
63.78801476403669
 20
43.69681402000967
 10
63.78708754155559
 20
43.74810344200795
 10
63.7805094385682
 20
43.76935383875378
 10
63.78737459409498
 20
43.80132309270105
 10
63.79841403139912
 20
43.83411644809939
 10
63.80689785286716
 20
43.87056836528391
 10
63.81643906544039
 20
43.89411800412593
 10
63.82474005480066
 20
43.91442567488975
 10
63.83268700511201
 20
43.92133457327473
 10
63.82899315438962
 20
43.9323476618766
 10
63.83077682844038
 20
43.94971113298545
 10
63.79591039937316
 20
43.9605198429615
 10
63.77019888318447
 20
43.97045406422175
 10
63.74939066988869
 20
43.98135180821369
 10
63.74226971114177
 20
43.98880064902743
 10
63.73737055460864
 20
43.99638613464822
 10
63.73682958580585
 20
44.00887791877774
 10
63.73643605834534
 20
44.02480567240867
 10
63.73661460587616
 20
44.03864629971496
 10
63.73987116614987
 20
44.05163013989612
 10
63.74543847280765
 20
44.06833387936281
 10
63.75014509123303
 20
44.09626300271919
 10
63.75433359273007
 20
44.11737179398573
 10
63.7630394152755
 20
44.15942879083337
 10
63.77270811861032
 20
44.21992581138345
 10
63.77753019607499
 20
44.24673490127262
 10
63.78659729463956
 20
44.27448314239769
 10
63.79785958803515
 20
44.2943821705952
 10
63.81135732558011
 20
44.30911307697146
 10
63.83051505645434
 20
44.32086433678838
 10
63.84672833865957
 20
44.32944718687844
 10
63.85917333212427
 20
44.33430005068601
 10
63.86179155578929
 20
44.33902401545131
  0
LWPOLYLINE
  5
31D
330
17
100
AcDbEntity
  8
0-cortes
 62
251
100
AcDbPolyline
 90
21
 70
0
 10
63.82953722712125
 20
44.01632025609208
 10
63.82125474205375
 20
44.01860089425718
 10
63.80945818505788
 20
44.02111843106877
 10
63.80491586254712
 20
44.02464630974942
 10
63.80492197997077
 20
44.02793536592946
 10
63.80493802333095
 20
44.03656113972508
 10
63.81146395730198
 20
44.06309830406246
 10
63.81456214312198
 20
44.07569681741201
 10
63.81717045422383
 20
44.08630329621777
 10
63.82021220831055
 20
44.09867233464688
 10
63.82409124190425
 20
44.10908337018806
 10
63.82892221066183
 20
44.10907438491051
 10
63.83275287919772
 20
44.10210518716073
 10
63.83443186135685
 20
44.08845947286155
 10
63.83441585370147
 20
44.07985289589269
 10
63.8332283553853
 20
44.07336015597706
 10
63.83239664375043
 20
44.06224670222741
 10
63.83174534629671
 20
44.04701837898998
 10
63.83277871266677
 20
44.02751881332265
 10
63.83187006557855
 20
44.01927863755743
 10
63.82953722712125
 20
44.01632025609208
  0
LWPOLYLINE
  5
31E
330
17
100
AcDbEntity
  8
0-cortes
 62
251
100
AcDbPolyline
 90
29
 70
0
 10
64.1546837776335
 20
43.72628395919805
 10
64.14935421247688
 20
43.74892700792595
 10
64.14332116514237
 20
43.76620263418624
 10
64.14182128528915
 20
43.78766754952311
 10
64.13333025715764
 20
43.80421826555235
 10
64.12995452835096
 20
43.82827825031107
 10
64.12702403777885
 20
43.84916486844319
 10
64.12062771013944
 20
43.86944093686283
 10
64.11520995061358
 20
43.88890386445821
 10
64.11438073291717
 20
43.90441009681189
 10
64.11125359876596
 20
43.92309448933963
 10
64.10271633481202
 20
43.93374544644539
 10
64.10521098714526
 20
43.94154754278671
 10
64.10852581386023
 20
43.94794034155228
 10
64.10989879643834
 20
43.95304416126538
 10
64.11415120383307
 20
43.95163487893103
 10
64.11667538483977
 20
43.94371466550672
 10
64.12272098135566
 20
43.92474518013514
 10
64.12882045479725
 20
43.90560664319805
 10
64.14065296806535
 20
43.86732402788835
 10
64.14953408363706
 20
43.83859029032549
 10
64.15712874759129
 20
43.81480908032683
 10
64.16296831278515
 20
43.79462228525528
 10
64.16756932559267
 20
43.77841155052661
 10
64.16906209749024
 20
43.7657644209694
 10
64.1694078392209
 20
43.7557430001001
 10
64.16605014483508
 20
43.74526134299172
 10
64.16133052446176
 20
43.73562048327539
 10
64.1546837776335
 20
43.72628395919805
  0
LWPOLYLINE
  5
31F
330
17
100
AcDbEntity
  8
0-cortes
 62
251
100
AcDbPolyline
 90
15
 70
0
 10
64.18377208076598
 20
43.64230104350084
 10
64.1715417972986
 20
43.64545288446186
 10
64.17157768063004
 20
43.66474569454544
 10
64.17399260063337
 20
43.67391731750464
 10
64.17565532479429
 20
43.68023217641009
 10
64.18050460512919
 20
43.68664554317819
 10
64.18574697025295
 20
43.68663579273101
 10
64.18850337121327
 20
43.683495173591
 10
64.19031309406739
 20
43.67694566733291
 10
64.19281985913935
 20
43.66787351935768
 10
64.19588190370061
 20
43.65679177832141
 10
64.19872088619562
 20
43.65356101243482
 10
64.19440707303745
 20
43.64723406135898
 10
64.18922967495531
 20
43.64425537472691
 10
64.18377208076598
 20
43.64230104350084
  0
LWPOLYLINE
  5
320
330
17
100
AcDbEntity
  8
0-cortes
 62
251
100
AcDbPolyline
 90
15
 70
0
 10
64.18007468163961
 20
43.43653643118764
 10
64.19193976678042
 20
43.61621647232534
 10
64.19789913699975
 20
43.61620538829682
 10
64.20198568857217
 20
43.61409892735385
 10
64.21964142809779
 20
43.55770401288943
 10
64.24557990421809
 20
43.43596666838304
 10
64.23968819080434
 20
43.43443547622142
 10
64.23169130419893
 20
43.43235717247042
 10
64.22947386894637
 20
43.42184851485707
 10
64.227026507076
 20
43.41419350673304
 10
64.22155492120248
 20
43.41103619627607
 10
64.2169731824856
 20
43.41233090979025
 10
64.20345037206874
 20
43.42203769402412
 10
64.18624559872902
 20
43.43018997921654
 10
64.18007468163961
 20
43.43653643118764
  0
LWPOLYLINE
  5
321
330
17
100
AcDbEntity
  8
0-cortes
 62
251
100
AcDbPolyline
 90
10
 70
0
 10
64.1702055378444
 20
43.48946142248212
 10
64.1655367262079
 20
43.47553956126789
 10
64.16163908116128
 20
43.46391723044248
 10
64.16160834427387
 20
43.4473914256631
 10
64.16159286028909
 20
43.4390664021421
 10
64.16597920385215
 20
43.43537244050335
 10
64.17051925075486
 20
43.4407634562895
 10
64.17134130719398
 20
43.46182218398986
 10
64.17210374142388
 20
43.48135356173115
 10
64.1702055378444
 20
43.48946142248212
  0
LWPOLYLINE
  5
322
330
17
100
AcDbEntity
  8
0-LOUVRE
  6
CONTINUOUS
 62
8
100
AcDbPolyline
 90
5
 70
1
 10
72.93211385918167
 20
48.14781163078484
 10
71.93211385918167
 20
49.11442783854778
 10
67.93211385918167
 20
45.11442783854772
 10
67.93211385918167
 20
43.11442783854779
 10
72.93211385918167
 20
43.11442783854779
  0
LWPOLYLINE
  5
323
330
17
100
AcDbEntity
  8
0-LOUVRE
  6
CONTINUOUS
 62
250
100
AcDbPolyline
 90
7
 70
0
 10
70.9241781526413
 20
48.12236354508819
 10
70.93211385918174
 20
48.11442783854776
 10
71.93211385918174
 20
49.11442783854777
 10
72.93211385918174
 20
48.14781163078482
 10
72.93211385918174
 20
43.11442783854777
 10
67.93211385918174
 20
43.11442783854777
 10
67.93211385918174
 20
45.13029925162856
  0
LINE
  5
324
330
17
100
AcDbEntity
  8
0-LOUVRE
  6
CONTINUOUS
 62
250
100
AcDbLine
 10
72.93211385918174
 20
48.16368304386564
 30
0.0
 11
72.93211385918174
 21
47.78162453357047
 31
0.0
  0
LINE
  5
325
330
17
100
AcDbEntity
  8
0-LOUVRE
  6
CONTINUOUS
 62
250
100
AcDbLine
 10
72.93211385918174
 20
47.78162453357047
 30
0.0
 11
72.5929623823057
 21
47.78162453357047
 31
0.0
  0
LINE
  5
326
330
17
100
AcDbEntity
  8
0-LOUVRE
  6
CONTINUOUS
 62
250
100
AcDbLine
 10
72.5929623823057
 20
47.78162453357047
 30
0.0
 11
72.93211385918174
 21
47.44763958768286
 31
0.0
  0
LINE
  5
327
330
17
100
AcDbEntity
  8
0-LOUVRE
  6
CONTINUOUS
 62
250
100
AcDbLine
 10
72.93211385918174
 20
47.44763958768286
 30
0.0
 11
72.93211385918168
 21
46.90735357223879
 31
0.0
  0
ARC
  5
328
330
17
100
AcDbEntity
  8
0-LOUVRE
  6
CONTINUOUS
 62
250
100
AcDbCircle
 10
72.93211385918174
 20
46.73512527933359
 30
0.0
 40
0.1722282929052101
100
AcDbArc
 50
90.00000000001303
 51
269.9999999999853
  0
LINE
  5
329
330
17
100
AcDbEntity
  8
0-LOUVRE
  6
CONTINUOUS
 62
250
100
AcDbLine
 10
72.86961843255268
 20
46.06937560989137
 30
0.0
 11
72.00115606662357
 21
45.2009132440071
 31
0.0
  0
LINE
  5
32A
330
17
100
AcDbEntity
  8
0-LOUVRE
  6
CONTINUOUS
 62
250
100
AcDbLine
 10
72.00115606662357
 20
45.2009132440071
 30
0.0
 11
72.86961843255268
 21
44.3324508780332
 31
0.0
  0
LINE
  5
32B
330
17
100
AcDbEntity
  8
0-LOUVRE
  6
CONTINUOUS
 62
250
100
AcDbLine
 10
72.93211385918174
 20
43.8286620725087
 30
0.0
 11
72.32020908054095
 21
43.21675729386794
 31
0.0
  0
LINE
  5
32C
330
17
100
AcDbEntity
  8
0-LOUVRE
  6
CONTINUOUS
 62
250
100
AcDbLine
 10
72.32020908054095
 20
43.21675729386794
 30
0.0
 11
72.93211385918174
 21
43.21675729386794
 31
0.0
  0
LINE
  5
32D
330
17
100
AcDbEntity
  8
0-LOUVRE
  6
CONTINUOUS
 62
250
100
AcDbLine
 10
70.34010761094008
 20
47.53829300338693
 30
0.0
 11
70.43229679401817
 21
47.44750820243182
 31
0.0
  0
LINE
  5
32E
330
17
100
AcDbEntity
  8
0-LOUVRE
  6
CONTINUOUS
 62
250
100
AcDbLine
 10
70.43229679401817
 20
47.44750820243182
 30
0.0
 11
70.77158168859474
 21
47.78162453357353
 31
0.0
  0
LINE
  5
32F
330
17
100
AcDbEntity
  8
0-LOUVRE
  6
CONTINUOUS
 62
250
100
AcDbLine
 10
70.77158168859474
 20
47.78162453357353
 30
0.0
 11
70.58343914112668
 21
47.78162453357353
 31
0.0
  0
LINE
  5
330
330
17
100
AcDbEntity
  8
0-LOUVRE
  6
CONTINUOUS
 62
250
100
AcDbLine
 10
70.92628425449824
 20
47.78162453357353
 30
0.0
 11
71.26556914907307
 21
47.44750820243546
 31
0.0
  0
LINE
  5
331
330
17
100
AcDbEntity
  8
0-LOUVRE
  6
CONTINUOUS
 62
250
100
AcDbLine
 10
71.26556914907307
 20
47.44750820243546
 30
0.0
 11
71.6048540436479
 21
47.78162453357353
 31
0.0
  0
LINE
  5
332
330
17
100
AcDbEntity
  8
0-LOUVRE
  6
CONTINUOUS
 62
250
100
AcDbLine
 10
71.6048540436479
 20
47.78162453357353
 30
0.0
 11
70.92628425449824
 21
47.78162453357353
 31
0.0
  0
LINE
  5
333
330
17
100
AcDbEntity
  8
0-LOUVRE
  6
CONTINUOUS
 62
250
100
AcDbLine
 10
71.75955660955144
 20
47.78162453357047
 30
0.0
 11
72.09884150412744
 21
47.44750820242933
 31
0.0
  0
LINE
  5
334
330
17
100
AcDbEntity
  8
0-LOUVRE
  6
CONTINUOUS
 62
250
100
AcDbLine
 10
72.09884150412744
 20
47.44750820242933
 30
0.0
 11
72.4381263987011
 21
47.78162453357047
 31
0.0
  0
LINE
  5
335
330
17
100
AcDbEntity
  8
0-LOUVRE
  6
CONTINUOUS
 62
250
100
AcDbLine
 10
72.4381263987011
 20
47.78162453357047
 30
0.0
 11
71.75955660955144
 21
47.78162453357047
 31
0.0
  0
LINE
  5
336
330
17
100
AcDbEntity
  8
0-LOUVRE
  6
CONTINUOUS
 62
250
100
AcDbLine
 10
69.564575896205
 20
46.76276128865184
 30
0.0
 11
69.69315998652581
 21
46.76276128865184
 31
0.0
  0
ARC
  5
337
330
17
100
AcDbEntity
  8
0-LOUVRE
  6
CONTINUOUS
 62
250
100
AcDbCircle
 10
69.16088890572203
 20
46.76276128865182
 30
0.0
 40
0.532271080803773
100
AcDbArc
 50
0.0
 51
12.5687974770193
  0
ARC
  5
338
330
17
100
AcDbEntity
  8
0-LOUVRE
  6
CONTINUOUS
 62
250
100
AcDbCircle
 10
69.16088890572203
 20
46.70748927001236
 30
0.0
 40
0.5322710808037662
100
AcDbArc
 50
252.5717636526873
 51
359.9999999999996
  0
LINE
  5
339
330
17
100
AcDbEntity
  8
0-LOUVRE
  6
CONTINUOUS
 62
250
100
AcDbLine
 10
69.69315998652581
 20
46.70748927001234
 30
0.0
 11
69.5093038775655
 21
46.70748927001234
 31
0.0
  0
ARC
  5
33A
330
17
100
AcDbEntity
  8
0-LOUVRE
  6
CONTINUOUS
 62
250
100
AcDbCircle
 10
71.70370468231773
 20
46.73512527933324
 30
0.0
 40
0.1065976083175401
100
AcDbArc
 50
15.02588689196202
 51
164.9741131080371
  0
LINE
  5
33B
330
17
100
AcDbEntity
  8
0-LOUVRE
  6
CONTINUOUS
 62
250
100
AcDbLine
 10
71.806657589454
 20
46.76276128865451
 30
0.0
 11
72.2359757631215
 21
46.76276128865452
 31
0.0
  0
ARC
  5
33C
330
17
100
AcDbEntity
  8
0-LOUVRE
  6
CONTINUOUS
 62
250
100
AcDbCircle
 10
71.70370468231773
 20
46.76276128865451
 30
0.0
 40
0.5322710808037662
100
AcDbArc
 50
0.0
 51
180.0000000000004
  0
LINE
  5
33D
330
17
100
AcDbEntity
  8
0-LOUVRE
  6
CONTINUOUS
 62
250
100
AcDbLine
 10
71.17143360151395
 20
46.76276128865452
 30
0.0
 11
71.60075177518142
 21
46.76276128865451
 31
0.0
  0
LINE
  5
33E
330
17
100
AcDbEntity
  8
0-LOUVRE
  6
CONTINUOUS
 62
250
100
AcDbLine
 10
71.60075177518142
 20
46.70748927001503
 30
0.0
 11
71.17143360151395
 21
46.70748927001503
 31
0.0
  0
ARC
  5
33F
330
17
100
AcDbEntity
  8
0-LOUVRE
  6
CONTINUOUS
 62
250
100
AcDbCircle
 10
71.70370468231773
 20
46.70748927001503
 30
0.0
 40
0.5322710808037725
100
AcDbArc
 50
180.0000000000004
 51
359.9999999999996
  0
LINE
  5
340
330
17
100
AcDbEntity
  8
0-LOUVRE
  6
CONTINUOUS
 62
250
100
AcDbLine
 10
72.2359757631215
 20
46.70748927001504
 30
0.0
 11
71.806657589454
 21
46.70748927001503
 31
0.0
  0
ARC
  5
341
330
17
100
AcDbEntity
  8
0-LOUVRE
  6
CONTINUOUS
 62
250
100
AcDbCircle
 10
71.70370468231773
 20
46.73512527933324
 30
0.0
 40
0.1065976083167457
100
AcDbArc
 50
195.0258868903678
 51
344.9741131096327
  0
ARC
  5
342
330
17
100
AcDbEntity
  8
0-LOUVRE
  6
CONTINUOUS
 62
250
100
AcDbCircle
 10
70.4322967940187
 20
46.73512527933781
 30
0.0
 40
0.1718624232298842
100
AcDbArc
 50
0.0
 51
179.9999999999996
  0
ARC
  5
343
330
17
100
AcDbEntity
  8
0-LOUVRE
  6
CONTINUOUS
 62
250
100
AcDbCircle
 10
70.4322967940187
 20
46.73512527933781
 30
0.0
 40
0.1718624232298694
100
AcDbArc
 50
180.0000000000004
 51
359.9999999999996
  0
LINE
  5
344
330
17
100
AcDbEntity
  8
0-LOUVRE
  6
CONTINUOUS
 62
250
100
AcDbLine
 10
68.93163299557163
 20
44.95358592307192
 30
0.0
 11
70.34113883354124
 21
43.54408008510159
 31
0.0
  0
ARC
  5
345
330
17
100
AcDbEntity
  8
0-LOUVRE
  6
CONTINUOUS
 62
250
100
AcDbCircle
 10
70.43229679401755
 20
43.48067720898614
 30
0.0
 40
0.1110391753297565
100
AcDbArc
 50
145.1803215949116
 51
34.81967840508497
  0
LINE
  5
346
330
17
100
AcDbEntity
  8
0-LOUVRE
  6
CONTINUOUS
 62
250
100
AcDbLine
 10
70.52345475449388
 20
43.54408008510159
 30
0.0
 11
71.93296059246346
 21
44.95358592307193
 31
0.0
  0
LINE
  5
347
330
17
100
AcDbEntity
  8
0-LOUVRE
  6
CONTINUOUS
 62
250
100
AcDbLine
 10
71.93296059246346
 20
44.95358592307193
 30
0.0
 11
72.32247060571395
 21
44.56407590982167
 31
0.0
  0
LINE
  5
348
330
17
100
AcDbEntity
  8
0-LOUVRE
  6
CONTINUOUS
 62
250
100
AcDbLine
 10
72.32247060571395
 20
44.56407590982167
 30
0.0
 11
72.2108630781722
 21
44.45246838227987
 31
0.0
  0
LINE
  5
349
330
17
100
AcDbEntity
  8
0-LOUVRE
  6
CONTINUOUS
 62
250
100
AcDbLine
 10
72.2108630781722
 20
44.45246838227987
 30
0.0
 11
71.53950584980605
 21
44.45246838227987
 31
0.0
  0
LINE
  5
34A
330
17
100
AcDbEntity
  8
0-LOUVRE
  6
CONTINUOUS
 62
250
100
AcDbLine
 10
71.53950584980605
 20
44.45246838227987
 30
0.0
 11
71.93296059246346
 21
44.05901363962253
 31
0.0
  0
LINE
  5
34B
330
17
100
AcDbEntity
  8
0-LOUVRE
  6
CONTINUOUS
 62
250
100
AcDbLine
 10
71.93296059246346
 20
44.05901363962253
 30
0.0
 11
72.4380228626626
 21
44.56407590982177
 31
0.0
  0
LINE
  5
34C
330
17
100
AcDbEntity
  8
0-LOUVRE
  6
CONTINUOUS
 62
250
100
AcDbLine
 10
72.4380228626626
 20
44.56407590982177
 30
0.0
 11
71.93296059246346
 21
45.06913818006852
 31
0.0
  0
LINE
  5
34D
330
17
100
AcDbEntity
  8
0-LOUVRE
  6
CONTINUOUS
 62
250
100
AcDbLine
 10
71.93296059246346
 20
45.06913818006852
 30
0.0
 11
70.45349631330512
 21
43.58967390086223
 31
0.0
  0
ARC
  5
34E
330
17
100
AcDbEntity
  8
0-LOUVRE
  6
CONTINUOUS
 62
250
100
AcDbCircle
 10
70.43229679401755
 20
43.49409056900634
 30
0.0
 40
0.097906041420818
100
AcDbArc
 50
77.49474094212933
 51
102.5052590578623
  0
LINE
  5
34F
330
17
100
AcDbEntity
  8
0-LOUVRE
  6
CONTINUOUS
 62
250
100
AcDbLine
 10
70.41109727472998
 20
43.58967390086224
 30
0.0
 11
68.93163299557163
 21
45.06913818002081
 31
0.0
  0
LINE
  5
350
330
17
100
AcDbEntity
  8
0-LOUVRE
  6
CONTINUOUS
 62
250
100
AcDbLine
 10
68.93163299557163
 20
45.06913818002081
 30
0.0
 11
68.42657072537249
 21
44.56407590982172
 31
0.0
  0
LINE
  5
351
330
17
100
AcDbEntity
  8
0-LOUVRE
  6
CONTINUOUS
 62
250
100
AcDbLine
 10
68.42657072537249
 20
44.56407590982172
 30
0.0
 11
68.93163299557163
 21
44.05901363962249
 31
0.0
  0
LINE
  5
352
330
17
100
AcDbEntity
  8
0-LOUVRE
  6
CONTINUOUS
 62
250
100
AcDbLine
 10
68.93163299557163
 20
44.05901363962249
 30
0.0
 11
69.32508773822904
 21
44.45246838227983
 31
0.0
  0
LINE
  5
353
330
17
100
AcDbEntity
  8
0-LOUVRE
  6
CONTINUOUS
 62
250
100
AcDbLine
 10
69.32508773822904
 20
44.45246838227983
 30
0.0
 11
68.6537305098629
 21
44.45246838227983
 31
0.0
  0
LINE
  5
354
330
17
100
AcDbEntity
  8
0-LOUVRE
  6
CONTINUOUS
 62
250
100
AcDbLine
 10
68.6537305098629
 20
44.45246838227983
 30
0.0
 11
68.54212298232116
 21
44.56407590982164
 31
0.0
  0
LINE
  5
355
330
17
100
AcDbEntity
  8
0-LOUVRE
  6
CONTINUOUS
 62
250
100
AcDbLine
 10
68.54212298232116
 20
44.56407590982164
 30
0.0
 11
68.93163299557163
 21
44.95358592307192
 31
0.0
  0
LINE
  5
356
330
17
100
AcDbEntity
  8
0-LOUVRE
  6
CONTINUOUS
 62
250
100
AcDbLine
 10
70.03954095857145
 20
46.43136226458726
 30
0.0
 11
70.35222633959164
 21
46.11867688356526
 31
0.0
  0
LINE
  5
357
330
17
100
AcDbEntity
  8
0-LOUVRE
  6
CONTINUOUS
 62
250
100
AcDbLine
 10
70.35222633959164
 20
46.11867688356526
 30
0.0
 11
69.56996840982822
 21
46.11867688356526
 31
0.0
  0
LINE
  5
358
330
17
100
AcDbEntity
  8
0-LOUVRE
  6
CONTINUOUS
 62
250
100
AcDbLine
 10
69.56996840982822
 20
46.11867688356526
 30
0.0
 11
69.8869437377551
 21
45.80170155563871
 31
0.0
  0
LINE
  5
359
330
17
100
AcDbEntity
  8
0-LOUVRE
  6
CONTINUOUS
 62
250
100
AcDbLine
 10
69.8869437377551
 20
45.80170155563871
 30
0.0
 11
70.19927142924877
 21
45.80170155563871
 31
0.0
  0
LINE
  5
35A
330
17
100
AcDbEntity
  8
0-LOUVRE
  6
CONTINUOUS
 62
250
100
AcDbLine
 10
70.19927142924877
 20
45.80170155563871
 30
0.0
 11
70.43229679401755
 21
46.03472692040759
 31
0.0
  0
LINE
  5
35B
330
17
100
AcDbEntity
  8
0-LOUVRE
  6
CONTINUOUS
 62
250
100
AcDbLine
 10
70.43229679401755
 20
46.03472692040759
 30
0.0
 11
70.66532215878635
 21
45.80170155563887
 31
0.0
  0
LINE
  5
35C
330
17
100
AcDbEntity
  8
0-LOUVRE
  6
CONTINUOUS
 62
250
100
AcDbLine
 10
70.66532215878635
 20
45.80170155563887
 30
0.0
 11
70.97764985028
 21
45.80170155563887
 31
0.0
  0
LINE
  5
35D
330
17
100
AcDbEntity
  8
0-LOUVRE
  6
CONTINUOUS
 62
250
100
AcDbLine
 10
70.97764985028
 20
45.80170155563887
 30
0.0
 11
71.2946251782069
 21
46.11867688356526
 31
0.0
  0
LINE
  5
35E
330
17
100
AcDbEntity
  8
0-LOUVRE
  6
CONTINUOUS
 62
250
100
AcDbLine
 10
71.2946251782069
 20
46.11867688356526
 30
0.0
 11
70.51236724844345
 21
46.11867688356526
 31
0.0
  0
LINE
  5
35F
330
17
100
AcDbEntity
  8
0-LOUVRE
  6
CONTINUOUS
 62
250
100
AcDbLine
 10
70.51236724844345
 20
46.11867688356526
 30
0.0
 11
70.82505262946593
 21
46.43136226458726
 31
0.0
  0
LINE
  5
360
330
17
100
AcDbEntity
  8
0-LOUVRE
  6
CONTINUOUS
 62
250
100
AcDbLine
 10
70.82505262946593
 20
46.43136226458726
 30
0.0
 11
70.03954095857145
 21
46.43136226458726
 31
0.0
  0
LINE
  5
361
330
17
100
AcDbEntity
  8
0-LOUVRE
  6
CONTINUOUS
 62
250
100
AcDbLine
 10
69.17721257437746
 20
45.72592104811654
 30
0.0
 11
69.56996840982822
 21
45.33316521265482
 31
0.0
  0
LINE
  5
362
330
17
100
AcDbEntity
  8
0-LOUVRE
  6
CONTINUOUS
 62
250
100
AcDbLine
 10
69.56996840982822
 20
45.33316521265482
 30
0.0
 11
68.78445673892791
 21
45.33316521265482
 31
0.0
  0
LINE
  5
363
330
17
100
AcDbEntity
  8
0-LOUVRE
  6
CONTINUOUS
 62
250
100
AcDbLine
 10
68.78445673892791
 20
45.33316521265482
 30
0.0
 11
69.76419025179953
 21
44.35343169979089
 31
0.0
  0
LINE
  5
364
330
17
100
AcDbEntity
  8
0-LOUVRE
  6
CONTINUOUS
 62
250
100
AcDbLine
 10
69.76419025179953
 20
44.35343169979089
 30
0.0
 11
69.84457359002369
 21
44.43381503801629
 31
0.0
  0
LINE
  5
365
330
17
100
AcDbEntity
  8
0-LOUVRE
  6
CONTINUOUS
 62
250
100
AcDbLine
 10
69.84457359002369
 20
44.43381503801629
 30
0.0
 11
69.33797925082693
 21
44.94040937720519
 31
0.0
  0
LINE
  5
366
330
17
100
AcDbEntity
  8
0-LOUVRE
  6
CONTINUOUS
 62
250
100
AcDbLine
 10
69.33797925082693
 20
44.94040937720519
 30
0.0
 11
70.12349092172609
 21
45.72592104811654
 31
0.0
  0
LINE
  5
367
330
17
100
AcDbEntity
  8
0-LOUVRE
  6
CONTINUOUS
 62
250
100
AcDbLine
 10
70.12349092172609
 20
45.72592104811654
 30
0.0
 11
69.17721257437746
 21
45.72592104811654
 31
0.0
  0
LINE
  5
368
330
17
100
AcDbEntity
  8
0-LOUVRE
  6
CONTINUOUS
 62
250
100
AcDbLine
 10
70.43229679401755
 20
43.84609183402245
 30
0.0
 11
69.8851380224228
 21
44.39325060561702
 31
0.0
  0
LINE
  5
369
330
17
100
AcDbEntity
  8
0-LOUVRE
  6
CONTINUOUS
 62
250
100
AcDbLine
 10
69.8851380224228
 20
44.39325060561702
 30
0.0
 11
69.80475468419752
 21
44.3128672673917
 31
0.0
  0
LINE
  5
36A
330
17
100
AcDbEntity
  8
0-LOUVRE
  6
CONTINUOUS
 62
250
100
AcDbLine
 10
69.80475468419752
 20
44.3128672673917
 30
0.0
 11
70.43229679401755
 21
43.68532515757185
 31
0.0
  0
LINE
  5
36B
330
17
100
AcDbEntity
  8
0-LOUVRE
  6
CONTINUOUS
 62
250
100
AcDbLine
 10
70.43229679401755
 20
43.68532515757185
 30
0.0
 11
71.05983890383759
 21
44.31286726739208
 31
0.0
  0
LINE
  5
36C
330
17
100
AcDbEntity
  8
0-LOUVRE
  6
CONTINUOUS
 62
250
100
AcDbLine
 10
71.05983890383759
 20
44.31286726739208
 30
0.0
 11
70.97945556561228
 21
44.39325060561735
 31
0.0
  0
LINE
  5
36D
330
17
100
AcDbEntity
  8
0-LOUVRE
  6
CONTINUOUS
 62
250
100
AcDbLine
 10
70.97945556561228
 20
44.39325060561735
 30
0.0
 11
70.43229679401755
 21
43.84609183402245
 31
0.0
  0
LINE
  5
36E
330
17
100
AcDbEntity
  8
0-LOUVRE
  6
CONTINUOUS
 62
250
100
AcDbLine
 10
71.02001999801142
 20
44.43381503801663
 30
0.0
 11
71.10040333623556
 21
44.35343169979127
 31
0.0
  0
LINE
  5
36F
330
17
100
AcDbEntity
  8
0-LOUVRE
  6
CONTINUOUS
 62
250
100
AcDbLine
 10
71.10040333623556
 20
44.35343169979127
 30
0.0
 11
72.0801368491072
 21
45.33316521271772
 31
0.0
  0
LINE
  5
370
330
17
100
AcDbEntity
  8
0-LOUVRE
  6
CONTINUOUS
 62
250
100
AcDbLine
 10
72.0801368491072
 20
45.33316521271772
 30
0.0
 11
71.2946251782069
 21
45.33316521271772
 31
0.0
  0
LINE
  5
371
330
17
100
AcDbEntity
  8
0-LOUVRE
  6
CONTINUOUS
 62
250
100
AcDbLine
 10
71.2946251782069
 20
45.33316521271772
 30
0.0
 11
71.68738101365761
 21
45.72592104811671
 31
0.0
  0
LINE
  5
372
330
17
100
AcDbEntity
  8
0-LOUVRE
  6
CONTINUOUS
 62
250
100
AcDbLine
 10
71.68738101365761
 20
45.72592104811671
 30
0.0
 11
70.74110266630903
 21
45.72592104811671
 31
0.0
  0
LINE
  5
373
330
17
100
AcDbEntity
  8
0-LOUVRE
  6
CONTINUOUS
 62
250
100
AcDbLine
 10
70.74110266630903
 20
45.72592104811671
 30
0.0
 11
71.52661433720817
 21
44.9404093772204
 31
0.0
  0
LINE
  5
374
330
17
100
AcDbEntity
  8
0-LOUVRE
  6
CONTINUOUS
 62
250
100
AcDbLine
 10
71.52661433720817
 20
44.9404093772204
 30
0.0
 11
71.02001999801142
 21
44.43381503801663
 31
0.0
  0
LINE
  5
375
330
17
100
AcDbEntity
  8
0-LOUVRE
  6
CONTINUOUS
 62
250
100
AcDbLine
 10
70.43229679401755
 20
45.747673512664
 30
0.0
 11
69.62503265856634
 21
44.94040937720519
 31
0.0
  0
LINE
  5
376
330
17
100
AcDbEntity
  8
0-LOUVRE
  6
CONTINUOUS
 62
250
100
AcDbLine
 10
69.62503265856634
 20
44.94040937720519
 30
0.0
 11
70.43229679401755
 21
44.13314524176157
 31
0.0
  0
LINE
  5
377
330
17
100
AcDbEntity
  8
0-LOUVRE
  6
CONTINUOUS
 62
250
100
AcDbLine
 10
70.43229679401755
 20
44.13314524176157
 30
0.0
 11
71.23956092946877
 21
44.9404093772204
 31
0.0
  0
LINE
  5
378
330
17
100
AcDbEntity
  8
0-LOUVRE
  6
CONTINUOUS
 62
250
100
AcDbLine
 10
71.23956092946877
 20
44.9404093772204
 30
0.0
 11
70.43229679401755
 21
45.747673512664
 31
0.0
  0
LINE
  5
379
330
17
100
AcDbEntity
  8
0-LOUVRE
  6
CONTINUOUS
 62
250
100
AcDbLine
 10
67.93211385918175
 20
43.21675729386794
 30
0.0
 11
68.648687790451
 21
43.21675729386794
 31
0.0
  0
LINE
  5
37A
330
17
100
AcDbEntity
  8
0-LOUVRE
  6
CONTINUOUS
 62
250
100
AcDbLine
 10
68.648687790451
 20
43.21675729386794
 30
0.0
 11
67.93248509777662
 21
43.93295998654235
 31
0.0
  0
LINE
  5
37B
330
17
100
AcDbEntity
  8
0-LOUVRE
  6
CONTINUOUS
 62
250
100
AcDbLine
 10
72.10544861173801
 20
45.2009132440071
 30
0.0
 11
72.86961843255267
 21
45.9650830647774
 31
0.0
  0
LINE
  5
37C
330
17
100
AcDbEntity
  8
0-LOUVRE
  6
CONTINUOUS
 62
250
100
AcDbLine
 10
72.86961843255268
 20
45.87408189971816
 30
0.0
 11
72.21309225854596
 21
45.21755572571862
 31
0.0
  0
LINE
  5
37D
330
17
100
AcDbEntity
  8
0-LOUVRE
  6
CONTINUOUS
 62
250
100
AcDbLine
 10
72.21309225854596
 20
45.21755572571862
 30
0.0
 11
72.86961843255268
 21
44.56102955170471
 31
0.0
  0
LINE
  5
37E
330
17
100
AcDbEntity
  8
0-LOUVRE
  6
CONTINUOUS
 62
250
100
AcDbLine
 10
72.86961843255268
 20
44.43674342314806
 30
0.0
 11
72.10544861173801
 21
45.2009132440071
 31
0.0
  0
LINE
  5
37F
330
17
100
AcDbEntity
  8
0-LOUVRE
  6
CONTINUOUS
 62
250
100
AcDbLine
 10
72.3020887119595
 20
45.21755572571862
 30
0.0
 11
72.86961843255268
 21
45.78508544629009
 31
0.0
  0
LINE
  5
380
330
17
100
AcDbEntity
  8
0-LOUVRE
  6
CONTINUOUS
 62
250
100
AcDbLine
 10
72.86961843255268
 20
45.67354722690924
 30
0.0
 11
72.41362693134258
 21
45.21755572571862
 31
0.0
  0
LINE
  5
381
330
17
100
AcDbEntity
  8
0-LOUVRE
  6
CONTINUOUS
 62
250
100
AcDbLine
 10
72.41362693134258
 20
45.21755572571862
 30
0.0
 11
72.86961843255267
 21
44.76156422448907
 31
0.0
  0
LINE
  5
382
330
17
100
AcDbEntity
  8
0-LOUVRE
  6
CONTINUOUS
 62
250
100
AcDbLine
 10
72.86961843255268
 20
44.65002600510378
 30
0.0
 11
72.3020887119595
 21
45.21755572571862
 31
0.0
  0
LINE
  5
383
330
17
100
AcDbEntity
  8
0-LOUVRE
  6
CONTINUOUS
 62
250
100
AcDbLine
 10
72.5026233847218
 20
45.21755572571862
 30
0.0
 11
72.86961843255267
 21
45.58455077354749
 31
0.0
  0
LINE
  5
384
330
17
100
AcDbEntity
  8
0-LOUVRE
  6
CONTINUOUS
 62
250
100
AcDbLine
 10
72.86961843255268
 20
45.46586284345919
 30
0.0
 11
72.62131131481199
 21
45.21755572571862
 31
0.0
  0
LINE
  5
385
330
17
100
AcDbEntity
  8
0-LOUVRE
  6
CONTINUOUS
 62
250
100
AcDbLine
 10
72.62131131481199
 20
45.21755572571862
 30
0.0
 11
72.86961843255268
 21
44.96924860797789
 31
0.0
  0
LINE
  5
386
330
17
100
AcDbEntity
  8
0-LOUVRE
  6
CONTINUOUS
 62
250
100
AcDbLine
 10
72.86961843255267
 20
44.85056067788578
 30
0.0
 11
72.5026233847218
 21
45.21755572571862
 31
0.0
  0
LINE
  5
387
330
17
100
AcDbEntity
  8
0-LOUVRE
  6
Continuous
 62
250
100
AcDbLine
 10
68.05321933265772
 20
44.6371290998949
 30
0.0
 11
68.05321933265772
 21
44.72903472408885
 31
0.0
  0
LINE
  5
388
330
17
100
AcDbEntity
  8
0-LOUVRE
  6
Continuous
 62
250
100
AcDbLine
 10
68.05321933265772
 20
44.6371290998949
 30
0.0
 11
68.05321933265772
 21
44.72903472408885
 31
0.0
  0
LINE
  5
389
330
17
100
AcDbEntity
  8
0-LOUVRE
  6
Continuous
 62
250
100
AcDbLine
 10
68.05321933265772
 20
44.6371290998949
 30
0.0
 11
68.05321933265772
 21
44.72903472408885
 31
0.0
  0
LINE
  5
38A
330
17
100
AcDbEntity
  8
0-LOUVRE
  6
Continuous
 62
250
100
AcDbLine
 10
68.05321933265772
 20
44.6371290998949
 30
0.0
 11
68.05321933265772
 21
44.72903472408885
 31
0.0
  0
LINE
  5
38B
330
17
100
AcDbEntity
  8
0-LOUVRE
  6
CONTINUOUS
 62
250
100
AcDbLine
 10
68.63219137307054
 20
45.3080067645017
 30
0.0
 11
67.99460928581078
 21
44.67042467724192
 31
0.0
  0
LINE
  5
38C
330
17
100
AcDbEntity
  8
0-LOUVRE
  6
Continuous
 62
250
100
AcDbLine
 10
68.05321933265772
 20
44.6371290998949
 30
0.0
 11
68.05321933265772
 21
44.72903472408885
 31
0.0
  0
LINE
  5
38D
330
17
100
AcDbEntity
  8
0-LOUVRE
  6
CONTINUOUS
 62
250
100
AcDbLine
 10
67.99460928581078
 20
44.75942113063882
 30
0.0
 11
68.54319491967368
 21
45.3080067645017
 31
0.0
  0
LINE
  5
38E
330
17
100
AcDbEntity
  8
0-LOUVRE
  6
CONTINUOUS
 62
250
100
AcDbLine
 10
68.54319491967368
 20
45.3080067645017
 30
0.0
 11
68.32650814586437
 21
45.52469353831118
 31
0.0
  0
LINE
  5
38F
330
17
100
AcDbEntity
  8
0-LOUVRE
  6
CONTINUOUS
 62
250
100
AcDbLine
 10
67.99460928581075
 20
44.57851905304796
 30
0.0
 11
68.74028724944606
 21
45.32419701668323
 31
0.0
  0
LINE
  5
390
330
17
100
AcDbEntity
  8
0-LOUVRE
  6
CONTINUOUS
 62
250
100
AcDbLine
 10
68.74028724944606
 20
45.32419701668323
 30
0.0
 11
68.43314943684123
 21
45.63133482928805
 31
0.0
  0
LINE
  5
391
330
17
100
AcDbEntity
  8
0-LOUVRE
  6
CONTINUOUS
 62
250
100
AcDbLine
 10
68.3710063725628
 20
45.56919176500962
 30
0.0
 11
68.63219137307054
 21
45.3080067645017
 31
0.0
  0
LINE
  5
392
330
17
100
AcDbEntity
  8
0-LOUVRE
  6
CONTINUOUS
 62
250
100
AcDbLine
 10
67.96046897456414
 20
44.45538228840395
 30
0.0
 11
68.03925988950948
 21
44.37659137345812
 31
0.0
  0
LINE
  5
393
330
17
100
AcDbEntity
  8
0-LOUVRE
  6
CONTINUOUS
 62
250
100
AcDbLine
 10
68.03925988950948
 20
44.37659137345812
 30
0.0
 11
68.86357639108984
 21
45.20090787503898
 31
0.0
  0
LINE
  5
394
330
17
100
AcDbEntity
  8
0-LOUVRE
  6
CONTINUOUS
 62
250
100
AcDbLine
 10
68.86357639108984
 20
45.20090787503898
 30
0.0
 11
68.7847854761445
 21
45.27969878998479
 31
0.0
  0
LINE
  5
395
330
17
100
AcDbEntity
  8
0-LOUVRE
  6
CONTINUOUS
 62
250
100
AcDbLine
 10
68.7847854761445
 20
45.27969878998479
 30
0.0
 11
67.96046897456414
 21
44.45538228840395
 31
0.0
  0
LINE
  5
396
330
17
100
AcDbEntity
  8
0-LOUVRE
  6
CONTINUOUS
 62
250
100
AcDbLine
 10
68.3489016891345
 20
45.32139791744994
 30
0.0
 11
68.23605710706889
 21
45.4342424995157
 31
0.0
  0
LINE
  5
397
330
17
100
AcDbEntity
  8
0-LOUVRE
  6
CONTINUOUS
 62
250
100
AcDbLine
 10
68.28055533376732
 20
45.47874072621417
 30
0.0
 11
68.4378981425314
 21
45.32139791744993
 31
0.0
  0
LINE
  5
398
330
17
100
AcDbEntity
  8
0-LOUVRE
  6
CONTINUOUS
 62
250
100
AcDbLine
 10
68.4378981425314
 20
45.32139791744993
 30
0.0
 11
67.99460928581075
 21
44.87810906072932
 31
0.0
  0
LINE
  5
399
330
17
100
AcDbEntity
  8
0-LOUVRE
  6
CONTINUOUS
 62
250
100
AcDbLine
 10
67.99460928581075
 20
44.96710551412619
 30
0.0
 11
68.3489016891345
 21
45.32139791744994
 31
0.0
  0
CIRCLE
  5
39A
330
17
100
AcDbEntity
  8
0-LOUVRE
  6
CONTINUOUS
 62
250
100
AcDbCircle
 10
72.09919035493292
 20
43.6159600616203
 30
0.0
 40
0.1113061109157168
  0
CIRCLE
  5
39B
330
17
100
AcDbEntity
  8
0-LOUVRE
  6
CONTINUOUS
 62
250
100
AcDbCircle
 10
68.76575208391041
 20
43.61596006162024
 30
0.0
 40
0.1113061109157168
  0
LINE
  5
39C
330
17
100
AcDbEntity
  8
0-LOUVRE
  6
CONTINUOUS
 62
250
100
AcDbLine
 10
67.93211385918175
 20
45.13029925162856
 30
0.0
 11
67.93211385918175
 21
43.11442783854777
 31
0.0
  0
LINE
  5
39D
330
17
100
AcDbEntity
  8
0-LOUVRE
  6
CONTINUOUS
 62
250
100
AcDbLine
 10
67.99460928581074
 20
45.19279467825755
 30
0.0
 11
67.99460928581074
 21
44.96710551412617
 31
0.0
  0
LINE
  5
39E
330
17
100
AcDbEntity
  8
0-LOUVRE
  6
CONTINUOUS
 62
250
100
AcDbLine
 10
67.99460928581075
 20
44.8781090607293
 30
0.0
 11
67.99460928581075
 21
44.75942113063879
 31
0.0
  0
LINE
  5
39F
330
17
100
AcDbEntity
  8
0-LOUVRE
  6
CONTINUOUS
 62
250
100
AcDbLine
 10
67.99460928581075
 20
44.67042467724191
 30
0.0
 11
67.99460928581075
 21
44.57851905304797
 31
0.0
  0
LINE
  5
3A0
330
17
100
AcDbEntity
  8
0-LOUVRE
  6
CONTINUOUS
 62
250
100
AcDbLine
 10
72.86961843255268
 20
44.33245087803318
 30
0.0
 11
72.86961843255267
 21
44.43674342314805
 31
0.0
  0
LINE
  5
3A1
330
17
100
AcDbEntity
  8
0-LOUVRE
  6
CONTINUOUS
 62
250
100
AcDbLine
 10
72.86961843255268
 20
44.56102955170471
 30
0.0
 11
72.86961843255268
 21
44.65002600510378
 31
0.0
  0
LINE
  5
3A2
330
17
100
AcDbEntity
  8
0-LOUVRE
  6
CONTINUOUS
 62
250
100
AcDbLine
 10
72.86961843255267
 20
44.76156422448903
 30
0.0
 11
72.86961843255267
 21
44.85056067788577
 31
0.0
  0
LINE
  5
3A3
330
17
100
AcDbEntity
  8
0-LOUVRE
  6
CONTINUOUS
 62
250
100
AcDbLine
 10
72.86961843255266
 20
44.96924860797785
 30
0.0
 11
72.86961843255267
 21
45.46586284345919
 31
0.0
  0
LINE
  5
3A4
330
17
100
AcDbEntity
  8
0-LOUVRE
  6
CONTINUOUS
 62
250
100
AcDbLine
 10
72.86961843255268
 20
45.58455077354751
 30
0.0
 11
72.86961843255268
 21
45.67354722690923
 31
0.0
  0
LINE
  5
3A5
330
17
100
AcDbEntity
  8
0-LOUVRE
  6
CONTINUOUS
 62
250
100
AcDbLine
 10
72.86961843255268
 20
45.7850854462901
 30
0.0
 11
72.86961843255268
 21
45.87408189971816
 31
0.0
  0
LINE
  5
3A6
330
17
100
AcDbEntity
  8
0-LOUVRE
  6
CONTINUOUS
 62
250
100
AcDbLine
 10
72.86961843255267
 20
45.9650830647774
 30
0.0
 11
72.86961843255268
 21
46.06937560989138
 31
0.0
  0
LINE
  5
3A7
330
17
100
AcDbEntity
  8
0-LOUVRE
  6
CONTINUOUS
 62
250
100
AcDbLine
 10
70.93211385918173
 20
48.11442783854777
 30
0.0
 11
70.93211385918173
 21
43.11442783854777
 31
0.0
  0
LINE
  5
3A8
330
17
100
AcDbEntity
  8
0-LOUVRE
  6
CONTINUOUS
 62
250
100
AcDbLine
 10
71.93211385918173
 20
49.11442783854777
 30
0.0
 11
71.93211385918173
 21
43.11442783854777
 31
0.0
  0
LINE
  5
3A9
330
17
100
AcDbEntity
  8
0-LOUVRE
  6
CONTINUOUS
 62
250
100
AcDbLine
 10
69.93211385918174
 20
47.13029925162858
 30
0.0
 11
69.93211385918174
 21
43.11442783854777
 31
0.0
  0
LINE
  5
3AA
330
17
100
AcDbEntity
  8
0-LOUVRE
  6
CONTINUOUS
 62
250
100
AcDbLine
 10
68.93211385918174
 20
46.13029925162857
 30
0.0
 11
68.93211385918174
 21
43.11442783854777
 31
0.0
  0
LINE
  5
3AB
330
17
100
AcDbEntity
  8
0-LOUVRE
  6
CONTINUOUS
 62
250
100
AcDbLine
 10
72.93211385918173
 20
46.11442783854777
 30
0.0
 11
68.91624244610095
 21
46.11442783854777
 31
0.0
  0
LWPOLYLINE
  5
3AC
330
17
100
AcDbEntity
  8
0-LOUVRE
  6
CONTINUOUS
 62
8
100
AcDbPolyline
 90
5
 70
1
 10
72.93211385918174
 20
48.14781163078482
 10
71.93211385918174
 20
49.11442783854777
 10
67.93211385918174
 20
45.11442783854771
 10
67.93211385918174
 20
43.11442783854777
 10
72.93211385918174
 20
43.11442783854777
  0
LWPOLYLINE
  5
3AE
330
17
100
AcDbEntity
  8
0-COD LOU
100
AcDbPolyline
 90
8
 70
1
 10
4.531244805156006
 20
49.13029925162859
 10
3.531244805156006
 20
48.13029925162858
 10
2.531244805156006
 20
49.13029925162859
 10
1.531244805156006
 20
48.13029925162858
 10
0.5312448051560068
 20
49.13029925162859
 10
-0.4687551948439932
 20
48.16368304386565
 10
-0.4687551948439932
 20
43.13029925162861
 10
4.531244805156006
 20
43.13029925162861
  0
LWPOLYLINE
  5
3AF
330
17
100
AcDbEntity
  8
0-COD LOU
100
AcDbPolyline
 90
8
 70
1
 10
4.531244805156006
 20
49.13029925162859
 10
5.531244805156006
 20
48.13029925162858
 10
6.531244805156006
 20
49.13029925162859
 10
7.531244805156006
 20
48.13029925162858
 10
8.531244805156007
 20
49.13029925162859
 10
9.531244805156007
 20
48.16368304386565
 10
9.531244805156007
 20
43.13029925162861
 10
4.531244805156006
 20
43.13029925162861
  0
LWPOLYLINE
  5
3B0
330
17
100
AcDbEntity
  8
0-COD LOU
100
AcDbPolyline
 90
8
 70
1
 10
77.93211385918183
 20
49.11442783854777
 10
76.93211385918183
 20
48.11442783854776
 10
75.93211385918183
 20
49.11442783854777
 10
74.93211385918183
 20
48.11442783854776
 10
73.93211385918183
 20
49.11442783854777
 10
72.93211385918183
 20
48.14781163078482
 10
72.93211385918183
 20
43.11442783854777
 10
77.93211385918183
 20
43.11442783854777
  0
LWPOLYLINE
  5
3B1
330
17
100
AcDbEntity
  8
0-COD LOU
100
AcDbPolyline
 90
8
 70
1
 10
77.93211385918183
 20
49.11442783854777
 10
78.93211385918183
 20
48.11442783854776
 10
79.93211385918183
 20
49.11442783854777
 10
80.93211385918183
 20
48.11442783854776
 10
81.93211385918183
 20
49.11442783854777
 10
82.93211385918183
 20
48.14781163078482
 10
82.93211385918183
 20
43.11442783854777
 10
77.93211385918183
 20
43.11442783854777
  0
LWPOLYLINE
  5
3B2
330
17
100
AcDbEntity
  8
0-COD LOU
100
AcDbPolyline
 90
5
 70
1
 10
72.93211385918178
 20
48.14781163078482
 10
71.93211385918178
 20
49.11442783854777
 10
67.93211385918178
 20
45.11442783854771
 10
67.93211385918178
 20
43.11442783854777
 10
72.93211385918178
 20
43.11442783854777
  0
LINE
  5
3B4
330
17
100
AcDbEntity
  8
0-EJES
100
AcDbLine
 10
14.40001000568496
 20
41.1703063142309
 30
0.0
 11
14.40001000568496
 21
57.87855082791316
 31
0.0
  0
LINE
  5
3B5
330
17
100
AcDbEntity
  8
0-EJES
100
AcDbLine
 10
19.20001000568496
 20
41.1703063142309
 30
0.0
 11
19.20001000568496
 21
57.87855082791316
 31
0.0
  0
LINE
  5
3B6
330
17
100
AcDbEntity
  8
0-EJES
100
AcDbLine
 10
24.00001000568497
 20
41.1703063142309
 30
0.0
 11
24.00001000568497
 21
57.87855082791316
 31
0.0
  0
LINE
  5
3B7
330
17
100
AcDbEntity
  8
0-EJES
100
AcDbLine
 10
28.80001000568497
 20
41.1703063142309
 30
0.0
 11
28.80001000568497
 21
57.87855082791316
 31
0.0
  0
LINE
  5
3B8
330
17
100
AcDbEntity
  8
0-EJES
100
AcDbLine
 10
33.60001000568497
 20
41.1703063142309
 30
0.0
 11
33.60001000568497
 21
57.87855082791316
 31
0.0
  0
LINE
  5
3B9
330
17
100
AcDbEntity
  8
0-EJES
100
AcDbLine
 10
38.40001000568496
 20
41.1703063142309
 30
0.0
 11
38.40001000568496
 21
57.87855082791316
 31
0.0
  0
LINE
  5
3BA
330
17
100
AcDbEntity
  8
0-EJES
100
AcDbLine
 10
43.20001000568495
 20
41.1703063142309
 30
0.0
 11
43.20001000568495
 21
57.87855082791316
 31
0.0
  0
LINE
  5
3BB
330
17
100
AcDbEntity
  8
0-EJES
100
AcDbLine
 10
9.600010005684965
 20
41.1703063142309
 30
0.0
 11
9.600010005684965
 21
57.87855082791316
 31
0.0
  0
LINE
  5
3BC
330
17
100
AcDbEntity
  8
0-EJES
100
AcDbLine
 10
4.800010005684964
 20
41.1703063142309
 30
0.0
 11
4.800010005684964
 21
57.87855082791316
 31
0.0
  0
LINE
  5
3BD
330
17
100
AcDbEntity
  8
0-EJES
100
AcDbLine
 10
1.0005684965e-05
 20
41.1703063142309
 30
0.0
 11
1.0005684965e-05
 21
57.87855082791316
 31
0.0
  0
LINE
  5
3BE
330
17
100
AcDbEntity
  8
0-EJES
100
AcDbLine
 10
48.00001000568496
 20
41.1703063142309
 30
0.0
 11
48.00001000568496
 21
57.87855082791316
 31
0.0
  0
LINE
  5
3BF
330
17
100
AcDbEntity
  8
0-EJES
100
AcDbLine
 10
53.23001000569164
 20
41.18234712646702
 30
0.0
 11
53.23001000569164
 21
57.89059164014929
 31
0.0
  0
LINE
  5
3C0
330
17
100
AcDbEntity
  8
0-EJES
100
AcDbLine
 10
48.52001000568495
 20
41.1703063142309
 30
0.0
 11
48.52001000568495
 21
57.87855082791316
 31
0.0
  0
LINE
  5
3C1
330
17
100
AcDbEntity
  8
0-EJES
100
AcDbLine
 10
58.03001000569164
 20
41.18234712646702
 30
0.0
 11
58.03001000569164
 21
57.89059164014929
 31
0.0
  0
LINE
  5
3C2
330
17
100
AcDbEntity
  8
0-EJES
100
AcDbLine
 10
62.83001000569164
 20
41.18234712646702
 30
0.0
 11
62.83001000569164
 21
57.89059164014929
 31
0.0
  0
LINE
  5
3C3
330
17
100
AcDbEntity
  8
0-EJES
100
AcDbLine
 10
67.63001000569164
 20
41.18234712646702
 30
0.0
 11
67.63001000569164
 21
57.89059164014929
 31
0.0
  0
LINE
  5
3C4
330
17
100
AcDbEntity
  8
0-EJES
100
AcDbLine
 10
72.43001000569164
 20
41.18234712646702
 30
0.0
 11
72.43001000569164
 21
57.89059164014929
 31
0.0
  0
LINE
  5
3C5
330
17
100
AcDbEntity
  8
0
  6
CONTINUOUS
 62
8
100
AcDbLine
 10
72.56001000567909
 20
48.62442783854522
 30
0.0
 11
-0.2301233392039506
 21
48.62442783854518
 31
0.0
  0
LINE
  5
3C6
330
17
100
AcDbEntity
  8
0
  6
CONTINUOUS
 62
8
100
AcDbLine
 10
72.56001000567909
 20
48.42442783854521
 30
0.0
 11
-0.2301233392039505
 21
48.42442783854518
 31
0.0
  0
LINE
  5
3C7
330
17
100
AcDbEntity
  8
0
  6
CONTINUOUS
 62
8
100
AcDbLine
 10
72.56001000567909
 20
48.62442783854522
 30
0.0
 11
-0.2301233392039506
 21
48.62442783854518
 31
0.0
  0
LINE
  5
3C8
330
17
100
AcDbEntity
  8
0
  6
CONTINUOUS
 62
8
100
AcDbLine
 10
4.900010005684964
 20
42.91442783854779
 30
0.0
 11
4.900010005684964
 21
48.42442783854517
 31
0.0
  0
LINE
  5
3C9
330
17
100
AcDbEntity
  8
0
  6
CONTINUOUS
 62
8
100
AcDbLine
 10
4.700010005684965
 20
42.91442783854779
 30
0.0
 11
4.700010005684965
 21
48.42442783854517
 31
0.0
  0
LINE
  5
3CA
330
17
100
AcDbEntity
  8
0
  6
CONTINUOUS
 62
8
100
AcDbLine
 10
-0.2301233392039156
 20
52.78592560262501
 30
0.0
 11
72.6301433289404
 21
52.78592560262501
 31
0.0
  0
LINE
  5
3CB
330
17
100
AcDbEntity
  8
0
  6
CONTINUOUS
 62
8
100
AcDbLine
 10
9.700010005684963
 20
42.91442783854779
 30
0.0
 11
9.700010005684963
 21
48.42442783854517
 31
0.0
  0
LINE
  5
3CC
330
17
100
AcDbEntity
  8
0
  6
CONTINUOUS
 62
8
100
AcDbLine
 10
9.500010005684963
 20
42.91442783854779
 30
0.0
 11
9.500010005684963
 21
48.42442783854517
 31
0.0
  0
LINE
  5
3CD
330
17
100
AcDbEntity
  8
0
  6
CONTINUOUS
 62
8
100
AcDbLine
 10
14.50001000568496
 20
42.91442783854779
 30
0.0
 11
14.50001000568496
 21
48.42442783854517
 31
0.0
  0
LINE
  5
3CE
330
17
100
AcDbEntity
  8
0
  6
CONTINUOUS
 62
8
100
AcDbLine
 10
14.30001000568496
 20
42.91442783854779
 30
0.0
 11
14.30001000568496
 21
48.42442783854517
 31
0.0
  0
LINE
  5
3CF
330
17
100
AcDbEntity
  8
0
  6
CONTINUOUS
 62
8
100
AcDbLine
 10
19.30001000568497
 20
42.9144278385478
 30
0.0
 11
19.30001000568497
 21
48.42442783854518
 31
0.0
  0
LINE
  5
3D0
330
17
100
AcDbEntity
  8
0
  6
CONTINUOUS
 62
8
100
AcDbLine
 10
19.10001000568497
 20
42.9144278385478
 30
0.0
 11
19.10001000568497
 21
48.42442783854518
 31
0.0
  0
LINE
  5
3D1
330
17
100
AcDbEntity
  8
0
  6
CONTINUOUS
 62
8
100
AcDbLine
 10
24.10001000568497
 20
42.91442783854781
 30
0.0
 11
24.10001000568497
 21
48.42442783854519
 31
0.0
  0
LINE
  5
3D2
330
17
100
AcDbEntity
  8
0
  6
CONTINUOUS
 62
8
100
AcDbLine
 10
23.90001000568497
 20
42.91442783854781
 30
0.0
 11
23.90001000568497
 21
48.42442783854519
 31
0.0
  0
LINE
  5
3D3
330
17
100
AcDbEntity
  8
0
  6
CONTINUOUS
 62
8
100
AcDbLine
 10
28.90001000568497
 20
42.91442783854781
 30
0.0
 11
28.90001000568497
 21
48.42442783854519
 31
0.0
  0
LINE
  5
3D4
330
17
100
AcDbEntity
  8
0
  6
CONTINUOUS
 62
8
100
AcDbLine
 10
28.70001000568496
 20
42.91442783854781
 30
0.0
 11
28.70001000568496
 21
48.42442783854519
 31
0.0
  0
LINE
  5
3D5
330
17
100
AcDbEntity
  8
0
  6
CONTINUOUS
 62
8
100
AcDbLine
 10
33.70001000568496
 20
42.91442783854781
 30
0.0
 11
33.70001000568496
 21
48.42442783854519
 31
0.0
  0
LINE
  5
3D6
330
17
100
AcDbEntity
  8
0
  6
CONTINUOUS
 62
8
100
AcDbLine
 10
33.50001000568497
 20
42.91442783854781
 30
0.0
 11
33.50001000568497
 21
48.42442783854519
 31
0.0
  0
LINE
  5
3D7
330
17
100
AcDbEntity
  8
0
  6
CONTINUOUS
 62
8
100
AcDbLine
 10
38.50001000568496
 20
42.91442783854779
 30
0.0
 11
38.50001000568496
 21
48.42442783854517
 31
0.0
  0
LINE
  5
3D8
330
17
100
AcDbEntity
  8
0
  6
CONTINUOUS
 62
8
100
AcDbLine
 10
38.30001000568496
 20
42.91442783854779
 30
0.0
 11
38.30001000568496
 21
48.42442783854517
 31
0.0
  0
LINE
  5
3D9
330
17
100
AcDbEntity
  8
0
  6
CONTINUOUS
 62
8
100
AcDbLine
 10
43.30001000568495
 20
42.91442783854779
 30
0.0
 11
43.30001000568495
 21
48.42442783854517
 31
0.0
  0
LINE
  5
3DA
330
17
100
AcDbEntity
  8
0
  6
CONTINUOUS
 62
8
100
AcDbLine
 10
43.10001000568496
 20
42.91442783854779
 30
0.0
 11
43.10001000568496
 21
48.42442783854517
 31
0.0
  0
LINE
  5
3DB
330
17
100
AcDbEntity
  8
0
  6
CONTINUOUS
 62
8
100
AcDbLine
 10
48.10001000568495
 20
42.91442783854781
 30
0.0
 11
48.10001000568495
 21
48.42442783854519
 31
0.0
  0
LINE
  5
3DC
330
17
100
AcDbEntity
  8
0
  6
CONTINUOUS
 62
8
100
AcDbLine
 10
47.90001000568495
 20
42.91442783854781
 30
0.0
 11
47.90001000568495
 21
48.42442783854519
 31
0.0
  0
LINE
  5
3DD
330
17
100
AcDbEntity
  8
0
  6
CONTINUOUS
 62
8
100
AcDbLine
 10
48.62001000568495
 20
42.91442783854781
 30
0.0
 11
48.62001000568495
 21
48.42442783854519
 31
0.0
  0
LINE
  5
3DE
330
17
100
AcDbEntity
  8
0
  6
CONTINUOUS
 62
8
100
AcDbLine
 10
48.42001000568496
 20
42.91442783854781
 30
0.0
 11
48.42001000568496
 21
48.42442783854519
 31
0.0
  0
LINE
  5
3DF
330
17
100
AcDbEntity
  8
0
  6
CONTINUOUS
 62
8
100
AcDbLine
 10
53.33001000569164
 20
42.91442783854779
 30
0.0
 11
53.33001000569164
 21
48.42442783854517
 31
0.0
  0
LINE
  5
3E0
330
17
100
AcDbEntity
  8
0
  6
CONTINUOUS
 62
8
100
AcDbLine
 10
53.13001000569165
 20
42.91442783854779
 30
0.0
 11
53.13001000569165
 21
48.42442783854517
 31
0.0
  0
LINE
  5
3E1
330
17
100
AcDbEntity
  8
0
  6
CONTINUOUS
 62
8
100
AcDbLine
 10
58.13001000569164
 20
42.91442783854779
 30
0.0
 11
58.13001000569164
 21
48.42442783854517
 31
0.0
  0
LINE
  5
3E2
330
17
100
AcDbEntity
  8
0
  6
CONTINUOUS
 62
8
100
AcDbLine
 10
57.93001000569164
 20
42.91442783854779
 30
0.0
 11
57.93001000569164
 21
48.42442783854517
 31
0.0
  0
LINE
  5
3E3
330
17
100
AcDbEntity
  8
0
  6
CONTINUOUS
 62
8
100
AcDbLine
 10
62.93001000569163
 20
42.91442783854782
 30
0.0
 11
62.93001000569163
 21
48.4244278385452
 31
0.0
  0
LINE
  5
3E4
330
17
100
AcDbEntity
  8
0
  6
CONTINUOUS
 62
8
100
AcDbLine
 10
62.73001000569164
 20
42.91442783854782
 30
0.0
 11
62.73001000569164
 21
48.4244278385452
 31
0.0
  0
LINE
  5
3E5
330
17
100
AcDbEntity
  8
0
  6
CONTINUOUS
 62
8
100
AcDbLine
 10
67.73001000569164
 20
42.91442783854779
 30
0.0
 11
67.73001000569164
 21
48.42442783854517
 31
0.0
  0
LINE
  5
3E6
330
17
100
AcDbEntity
  8
0
  6
CONTINUOUS
 62
8
100
AcDbLine
 10
67.53001000569164
 20
42.91442783854779
 30
0.0
 11
67.53001000569164
 21
48.42442783854517
 31
0.0
  0
LINE
  5
3E7
330
17
100
AcDbEntity
  8
0
  6
CONTINUOUS
 62
8
100
AcDbLine
 10
72.53001000569164
 20
42.91442783854782
 30
0.0
 11
72.53001000569164
 21
48.4244278385452
 31
0.0
  0
LINE
  5
3E8
330
17
100
AcDbEntity
  8
0
  6
CONTINUOUS
 62
8
100
AcDbLine
 10
72.33001000569163
 20
42.91442783854782
 30
0.0
 11
72.33001000569163
 21
48.4244278385452
 31
0.0
  0
LINE
  5
3E9
330
17
100
AcDbEntity
  8
0
  6
CONTINUOUS
 62
8
100
AcDbLine
 10
0.100010005684962
 20
42.91442783854779
 30
0.0
 11
0.100010005684962
 21
48.42442783854517
 31
0.0
  0
LINE
  5
3EA
330
17
100
AcDbEntity
  8
0
  6
CONTINUOUS
 62
8
100
AcDbLine
 10
-0.0999899943150373
 20
42.91442783854779
 30
0.0
 11
-0.0999899943150373
 21
48.42442783854517
 31
0.0
  0
LINE
  5
3EB
330
17
100
AcDbEntity
  8
0
 62
8
100
AcDbLine
 10
-1.32285125101788
 20
48.42442783854517
 30
0.0
 11
-0.2301233392039563
 21
48.42442783854518
 31
0.0
  0
LWPOLYLINE
  5
3EC
330
17
100
AcDbEntity
  8
0
 62
8
100
AcDbPolyline
 90
6
 70
0
 10
-1.422347825947026
 20
48.18302461335248
 10
-0.9521302477906329
 20
48.18302461335248
 10
-0.9521302477906329
 20
48.42442783854518
 10
-0.846064230612667
 20
48.31836182136721
 10
-0.9521302477906329
 20
48.42442783854518
 10
-1.061731798874559
 20
48.31482628746125
  0
LINE
  5
3ED
330
17
100
AcDbEntity
  8
0
 62
8
100
AcDbLine
 10
-1.32285125101788
 20
52.785925602625
 30
0.0
 11
-0.2301233392039568
 21
52.78592560262501
 31
0.0
  0
LWPOLYLINE
  5
3EE
330
17
100
AcDbEntity
  8
0
 62
8
100
AcDbPolyline
 90
6
 70
0
 10
-1.422347825947027
 20
52.54452237743231
 10
-0.9521302477906335
 20
52.54452237743231
 10
-0.9521302477906335
 20
52.78592560262501
 10
-0.8460642306126676
 20
52.67985958544704
 10
-0.9521302477906335
 20
52.78592560262501
 10
-1.06173179887456
 20
52.67632405154108
  0
LINE
  5
3F0
330
17
100
AcDbEntity
  8
0-TEXTO
 62
12
100
AcDbLine
 10
1.28641733429915
 20
48.98544855705702
 30
0.0
 11
0.560168896491879
 21
48.98544855705702
 31
0.0
  0
CIRCLE
  5
3F1
330
17
100
AcDbEntity
  8
0-TEXTO
100
AcDbCircle
 10
0.560168896491879
 20
48.51658420289126
 30
0.0
 40
0.0143465129660836
  0
LINE
  5
3F2
330
17
100
AcDbEntity
  8
0-TEXTO
 62
12
100
AcDbLine
 10
0.560168896491879
 20
48.51658420289126
 30
0.0
 11
0.560168896491879
 21
48.98544855705702
 31
0.0
  0
LINE
  5
3F3
330
17
100
AcDbEntity
  8
0-TEXTO
 62
12
100
AcDbLine
 10
5.526258443492236
 20
47.25990215174635
 30
0.0
 11
4.800010005684964
 21
47.25990215174635
 31
0.0
  0
CIRCLE
  5
3F4
330
17
100
AcDbEntity
  8
0-TEXTO
100
AcDbCircle
 10
4.800010005684964
 20
47.25990215174635
 30
0.0
 40
0.0143465129660836
  0
CIRCLE
  5
3F5
330
17
100
AcDbEntity
  8
0-EJES
100
AcDbCircle
 10
1.00056849632e-05
 20
58.07661798801291
 30
0.0
 40
0.1980671600997539
  0
CIRCLE
  5
3F6
330
17
100
AcDbEntity
  8
0-EJES
100
AcDbCircle
 10
4.800010005684964
 20
58.07661798801291
 30
0.0
 40
0.1980671600997539
  0
CIRCLE
  5
3F7
330
17
100
AcDbEntity
  8
0-EJES
100
AcDbCircle
 10
9.600010005684965
 20
58.07661798801291
 30
0.0
 40
0.1980671600997539
  0
CIRCLE
  5
3F8
330
17
100
AcDbEntity
  8
0-EJES
100
AcDbCircle
 10
14.40001000568496
 20
58.07661798801291
 30
0.0
 40
0.1980671600997539
  0
CIRCLE
  5
3F9
330
17
100
AcDbEntity
  8
0-EJES
100
AcDbCircle
 10
19.20001000568496
 20
58.07661798801291
 30
0.0
 40
0.1980671600997539
  0
CIRCLE
  5
3FA
330
17
100
AcDbEntity
  8
0-EJES
100
AcDbCircle
 10
24.00001000568497
 20
58.07661798801291
 30
0.0
 40
0.1980671600997539
  0
CIRCLE
  5
3FB
330
17
100
AcDbEntity
  8
0-EJES
100
AcDbCircle
 10
28.80001000568497
 20
58.07661798801291
 30
0.0
 40
0.1980671600997539
  0
CIRCLE
  5
3FC
330
17
100
AcDbEntity
  8
0-EJES
100
AcDbCircle
 10
33.60001000568497
 20
58.07661798801291
 30
0.0
 40
0.1980671600997539
  0
CIRCLE
  5
3FD
330
17
100
AcDbEntity
  8
0-EJES
100
AcDbCircle
 10
38.40001000568496
 20
58.07661798801291
 30
0.0
 40
0.1980671600997539
  0
CIRCLE
  5
3FE
330
17
100
AcDbEntity
  8
0-EJES
100
AcDbCircle
 10
43.20001000568495
 20
58.07661798801291
 30
0.0
 40
0.1980671600997539
  0
CIRCLE
  5
3FF
330
17
100
AcDbEntity
  8
0-EJES
100
AcDbCircle
 10
48.00001000568496
 20
58.07661798801291
 30
0.0
 40
0.1980671600997539
  0
CIRCLE
  5
400
330
17
100
AcDbEntity
  8
0-EJES
100
AcDbCircle
 10
48.52001000568495
 20
58.07661798801291
 30
0.0
 40
0.1980671600997539
  0
CIRCLE
  5
401
330
17
100
AcDbEntity
  8
0-EJES
100
AcDbCircle
 10
53.23001000569164
 20
58.07661798801291
 30
0.0
 40
0.1980671600997539
  0
CIRCLE
  5
402
330
17
100
AcDbEntity
  8
0-EJES
100
AcDbCircle
 10
58.03001000569164
 20
58.07661798801291
 30
0.0
 40
0.1980671600997539
  0
CIRCLE
  5
403
330
17
100
AcDbEntity
  8
0-EJES
100
AcDbCircle
 10
62.83001000569164
 20
58.08865880024904
 30
0.0
 40
0.1980671600997539
  0
CIRCLE
  5
404
330
17
100
AcDbEntity
  8
0-EJES
100
AcDbCircle
 10
67.63001000569164
 20
58.08865880024904
 30
0.0
 40
0.1980671600997539
  0
CIRCLE
  5
405
330
17
100
AcDbEntity
  8
0-EJES
100
AcDbCircle
 10
72.43001000569164
 20
58.08865880024904
 30
0.0
 40
0.1980671600997539
  0
CIRCLE
  5
406
330
17
100
AcDbEntity
  8
0
 62
8
100
AcDbCircle
 10
18.727553793156
 20
36.36837624226563
 30
0.0
 40
0.025
  0
CIRCLE
  5
407
330
17
100
AcDbEntity
  8
0
 62
8
100
AcDbCircle
 10
18.87755379315599
 20
36.36837624226563
 30
0.0
 40
0.025
  0
ENDSEC
  0
SECTION
  2
OBJECTS
  0
DICTIONARY
  5
A
330
0
100
AcDbDictionary
281
1
  3
ACAD_COLOR
350
B
  3
ACAD_GROUP
350
C
  3
ACAD_LAYOUT
350
D
  3
ACAD_MATERIAL
350
E
  3
ACAD_MLEADERSTYLE
350
F
  3
ACAD_MLINESTYLE
350
10
  3
ACAD_PLOTSETTINGS
350
11
  3
ACAD_PLOTSTYLENAME
350
12
  3
ACAD_SCALELIST
350
14
  3
ACAD_TABLESTYLE
350
15
  3
ACAD_VISUALSTYLE
350
16
  3
EZDXF_META
350
2D
  0
DICTIONARY
  5
B
330
A
100
AcDbDictionary
281
1
  0
DICTIONARY
  5
C
330
A
100
AcDbDictionary
281
1
  0
DICTIONARY
  5
D
330
A
100
AcDbDictionary
281
1
  3
Model
350
1A
  3
Layout1
350
1E
  0
DICTIONARY
  5
E
330
A
100
AcDbDictionary
281
1
  3
ByBlock
350
1F
  3
ByLayer
350
20
  3
Global
350
21
  0
DICTIONARY
  5
F
330
A
100
AcDbDictionary
281
1
  3
Standard
350
2C
  0
DICTIONARY
  5
10
330
A
100
AcDbDictionary
281
1
  3
Standard
350
22
  0
DICTIONARY
  5
11
330
A
100
AcDbDictionary
281
1
  0
ACDBDICTIONARYWDFLT
  5
12
330
A
100
AcDbDictionary
281
1
  3
Normal
350
13
100
AcDbDictionaryWithDefault
340
13
  0
ACDBPLACEHOLDER
  5
13
330
12
  0
DICTIONARY
  5
14
330
A
100
AcDbDictionary
281
1
  0
DICTIONARY
  5
15
330
A
100
AcDbDictionary
281
1
  0
DICTIONARY
  5
16
330
A
100
AcDbDictionary
281
1
  0
LAYOUT
  5
1A
330
D
100
AcDbPlotSettings
  1

  4
A3
  6

 40
7.5
 41
20.0
 42
7.5
 43
20.0
 44
420.0
 45
297.0
 46
0.0
 47
0.0
 48
0.0
 49
0.0
140
0.0
141
0.0
142
1.0
143
1.0
 70
1024
 72
1
 73
0
 74
5
  7

 75
16
 76
0
 77
2
 78
300
147
1.0
148
0.0
149
0.0
100
AcDbLayout
  1
Model
 70
1
 71
0
 10
0.0
 20
0.0
 11
420.0
 21
297.0
 12
0.0
 22
0.0
 32
0.0
 14
1e+20
 24
1e+20
 34
1e+20
 15
-1e+20
 25
-1e+20
 35
-1e+20
146
0.0
 13
0.0
 23
0.0
 33
0.0
 16
1.0
 26
0.0
 36
0.0
 17
0.0
 27
1.0
 37
0.0
 76
1
330
17
  0
LAYOUT
  5
1E
330
D
100
AcDbPlotSettings
  1

  4
A3
  6

 40
7.5
 41
20.0
 42
7.5
 43
20.0
 44
420.0
 45
297.0
 46
0.0
 47
0.0
 48
0.0
 49
0.0
140
0.0
141
0.0
142
1.0
143
1.0
 70
0
 72
1
 73
0
 74
5
  7

 75
16
 76
0
 77
2
 78
300
147
1.0
148
0.0
149
0.0
100
AcDbLayout
  1
Layout1
 70
1
 71
1
 10
0.0
 20
0.0
 11
420.0
 21
297.0
 12
0.0
 22
0.0
 32
0.0
 14
1e+20
 24
1e+20
 34
1e+20
 15
-1e+20
 25
-1e+20
 35
-1e+20
146
0.0
 13
0.0
 23
0.0
 33
0.0
 16
1.0
 26
0.0
 36
0.0
 17
0.0
 27
1.0
 37
0.0
 76
1
330
1B
  0
MATERIAL
  5
1F
102
{ACAD_REACTORS
330
E
102
}
330
E
100
AcDbMaterial
  1
ByBlock
  2

 70
0
 40
1.0
 71
1
 41
1.0
 91
-1023410177
 42
1.0
 72
1
  3

 73
1
 74
1
 75
1
 44
0.5
 73
0
 45
1.0
 46
1.0
 77
1
  4

 78
1
 79
1
170
1
 48
1.0
171
1
  6

172
1
173
1
174
1
140
1.0
141
1.0
175
1
  7

176
1
177
1
178
1
143
1.0
179
1
  8

270
1
271
1
272
1
145
1.0
146
1.0
273
1
  9

274
1
275
1
276
1
 42
1.0
 72
1
  3

 73
1
 74
1
 75
1
 94
63
  0
MATERIAL
  5
20
102
{ACAD_REACTORS
330
E
102
}
330
E
100
AcDbMaterial
  1
ByLayer
  2

 70
0
 40
1.0
 71
1
 41
1.0
 91
-1023410177
 42
1.0
 72
1
  3

 73
1
 74
1
 75
1
 44
0.5
 73
0
 45
1.0
 46
1.0
 77
1
  4

 78
1
 79
1
170
1
 48
1.0
171
1
  6

172
1
173
1
174
1
140
1.0
141
1.0
175
1
  7

176
1
177
1
178
1
143
1.0
179
1
  8

270
1
271
1
272
1
145
1.0
146
1.0
273
1
  9

274
1
275
1
276
1
 42
1.0
 72
1
  3

 73
1
 74
1
 75
1
 94
63
  0
MATERIAL
  5
21
102
{ACAD_REACTORS
330
E
102
}
330
E
100
AcDbMaterial
  1
Global
  2

 70
0
 40
1.0
 71
1
 41
1.0
 91
-1023410177
 42
1.0
 72
1
  3

 73
1
 74
1
 75
1
 44
0.5
 73
0
 45
1.0
 46
1.0
 77
1
  4

 78
1
 79
1
170
1
 48
1.0
171
1
  6

172
1
173
1
174
1
140
1.0
141
1.0
175
1
  7

176
1
177
1
178
1
143
1.0
179
1
  8

270
1
271
1
272
1
145
1.0
146
1.0
273
1
  9

274
1
275
1
276
1
 42
1.0
 72
1
  3

 73
1
 74
1
 75
1
 94
63
  0
MLINESTYLE
  5
22
102
{ACAD_REACTORS
330
10
102
}
330
10
100
AcDbMlineStyle
  2
Standard
 70
0
  3

 62
256
 51
90.0
 52
90.0
 71
2
 49
0.5
 62
256
  6
BYLAYER
 49
-0.5
 62
256
  6
BYLAYER
  0
MLEADERSTYLE
  5
2C
102
{ACAD_REACTORS
330
F
102
}
330
F
100
AcDbMLeaderStyle
179
2
170
2
171
1
172
0
 90
2
 40
0.0
 41
0.0
173
1
 91
-1056964608
 92
-2
290
1
 42
2.0
291
1
 43
8.0
  3
Standard
 44
4.0
300

342
29
174
1
175
1
176
0
178
1
 93
-1056964608
 45
4.0
292
0
297
0
 46
4.0
 94
-1056964608
 47
1.0
 49
1.0
140
1.0
294
1
141
0.0
177
0
142
1.0
295
0
296
0
143
3.75
271
0
272
9
273
9
  0
DICTIONARY
  5
2D
330
A
100
AcDbDictionary
280
1
281
1
  3
CREATED_BY_EZDXF
350
2E
  3
WRITTEN_BY_EZDXF
350
40A
  0
DICTIONARYVAR
  5
2E
330
2D
100
DictionaryVariables
280
0
  1
1.4.4 @ 2026-10-03T07:35:19.501989+00:00
  0
DICTIONARYVAR
  5
40A
330
2D
100
DictionaryVariables
280
0
  1
1.4.4 @ 2026-10-03T07:35:19.623325+00:00
  0
ENDSEC
  0
EOF
