  0
SECTION
  2
HEADER
  9
$ACADVER
  1
AC1032
  9
$ACADMAINTVER
 90
4
  9
$DWGCODEPAGE
  3
ANSI_1252
  9
$LASTSAVEDBY
  1
ezdxf
  9
$REQUIREDVERSIONS
160
0
  9
$INSBASE
 10
0.0
 20
0.0
 30
0.0
  9
$EXTMIN
 10
1e+20
 20
1e+20
 30
1e+20
  9
$EXTMAX
 10
-1e+20
 20
-1e+20
 30
-1e+20
  9
$LIMMIN
 10
0.0
 20
0.0
  9
$LIMMAX
 10
420.0
 20
297.0
  9
$ORTHOMODE
 70
0
  9
$REGENMODE
 70
1
  9
$FILLMODE
 70
1
  9
$QTEXTMODE
 70
0
  9
$MIRRTEXT
 70
1
  9
$LTSCALE
 40
1.0
  9
$ATTMODE
 70
1
  9
$TEXTSIZE
 40
2.5
  9
$TRACEWID
 40
1.0
  9
$TEXTSTYLE
  7
Standard
  9
$CLAYER
  8
0
  9
$CELTYPE
  6
ByLayer
  9
$CECOLOR
 62
256
  9
$CELTSCALE
 40
1.0
  9
$DISPSILH
 70
0
  9
$DIMSCALE
 40
1.0
  9
$DIMASZ
 40
2.5
  9
$DIMEXO
 40
0.625
  9
$DIMDLI
 40
3.75
  9
$DIMRND
 40
0.0
  9
$DIMDLE
 40
0.0
  9
$DIMEXE
 40
1.25
  9
$DIMTP
 40
0.0
  9
$DIMTM
 40
0.0
  9
$DIMTXT
 40
2.5
  9
$DIMCEN
 40
2.5
  9
$DIMTSZ
 40
0.0
  9
$DIMTOL
 70
0
  9
$DIMLIM
 70
0
  9
$DIMTIH
 70
0
  9
$DIMTOH
 70
0
  9
$DIMSE1
 70
0
  9
$DIMSE2
 70
0
  9
$DIMTAD
 70
1
  9
$DIMZIN
 70
8
  9
$DIMBLK
  1

  9
$DIMASO
 70
1
  9
$DIMSHO
 70
1
  9
$DIMPOST
  1

  9
$DIMAPOST
  1

  9
$DIMALT
 70
0
  9
$DIMALTD
 70
3
  9
$DIMALTF
 40
0.03937007874
  9
$DIMLFAC
 40
1.0
  9
$DIMTOFL
 70
1
  9
$DIMTVP
 40
0.0
  9
$DIMTIX
 70
0
  9
$DIMSOXD
 70
0
  9
$DIMSAH
 70
0
  9
$DIMBLK1
  1

  9
$DIMBLK2
  1

  9
$DIMSTYLE
  2
ISO-25
  9
$DIMCLRD
 70
0
  9
$DIMCLRE
 70
0
  9
$DIMCLRT
 70
0
  9
$DIMTFAC
 40
1.0
  9
$DIMGAP
 40
0.625
  9
$DIMJUST
 70
0
  9
$DIMSD1
 70
0
  9
$DIMSD2
 70
0
  9
$DIMTOLJ
 70
0
  9
$DIMTZIN
 70
8
  9
$DIMALTZ
 70
0
  9
$DIMALTTZ
 70
0
  9
$DIMUPT
 70
0
  9
$DIMDEC
 70
2
  9
$DIMTDEC
 70
2
  9
$DIMALTU
 70
2
  9
$DIMALTTD
 70
3
  9
$DIMTXSTY
  7
Standard
  9
$DIMAUNIT
 70
0
  9
$DIMADEC
 70
0
  9
$DIMALTRND
 40
0.0
  9
$DIMAZIN
 70
0
  9
$DIMDSEP
 70
44
  9
$DIMATFIT
 70
3
  9
$DIMFRAC
 70
0
  9
$DIMLDRBLK
  1

  9
$DIMLUNIT
 70
2
  9
$DIMLWD
 70
-2
  9
$DIMLWE
 70
-2
  9
$DIMTMOVE
 70
0
  9
$DIMFXL
 40
1.0
  9
$DIMFXLON
 70
0
  9
$DIMJOGANG
 40
0.785398163397
  9
$DIMTFILL
 70
0
  9
$DIMTFILLCLR
 70
0
  9
$DIMARCSYM
 70
0
  9
$DIMLTYPE
  6

  9
$DIMLTEX1
  6

  9
$DIMLTEX2
  6

  9
$DIMTXTDIRECTION
 70
0
  9
$LUNITS
 70
2
  9
$LUPREC
 70
4
  9
$SKETCHINC
 40
1.0
  9
$FILLETRAD
 40
10.0
  9
$AUNITS
 70
0
  9
$AUPREC
 70
2
  9
$MENU
  1
.
  9
$ELEVATION
 40
0.0
  9
$PELEVATION
 40
0.0
  9
$THICKNESS
 40
0.0
  9
$LIMCHECK
 70
0
  9
$CHAMFERA
 40
0.0
  9
$CHAMFERB
 40
0.0
  9
$CHAMFERC
 40
0.0
  9
$CHAMFERD
 40
0.0
  9
$SKPOLY
 70
0
  9
$TDCREATE
 40
2461317.31630787
  9
$TDUCREATE
 40
2458532.153996898
  9
$TDUPDATE
 40
2461317.31630787
  9
$TDUUPDATE
 40
2458532.1544311
  9
$TDINDWG
 40
0.0
  9
$TDUSRTIMER
 40
0.0
  9
$USRTIMER
 70
1
  9
$ANGBASE
 50
0.0
  9
$ANGDIR
 70
0
  9
$PDMODE
 70
0
  9
$PDSIZE
 40
0.0
  9
$PLINEWID
 40
0.0
  9
$SPLFRAME
 70
0
  9
$SPLINETYPE
 70
6
  9
$SPLINESEGS
 70
8
  9
$HANDSEED
  5
3D5
  9
$SURFTAB1
 70
6
  9
$SURFTAB2
 70
6
  9
$SURFTYPE
 70
6
  9
$SURFU
 70
6
  9
$SURFV
 70
6
  9
$UCSBASE
  2

  9
$UCSNAME
  2

  9
$UCSORG
 10
0.0
 20
0.0
 30
0.0
  9
$UCSXDIR
 10
1.0
 20
0.0
 30
0.0
  9
$UCSYDIR
 10
0.0
 20
1.0
 30
0.0
  9
$UCSORTHOREF
  2

  9
$UCSORTHOVIEW
 70
0
  9
$UCSORGTOP
 10
0.0
 20
0.0
 30
0.0
  9
$UCSORGBOTTOM
 10
0.0
 20
0.0
 30
0.0
  9
$UCSORGLEFT
 10
0.0
 20
0.0
 30
0.0
  9
$UCSORGRIGHT
 10
0.0
 20
0.0
 30
0.0
  9
$UCSORGFRONT
 10
0.0
 20
0.0
 30
0.0
  9
$UCSORGBACK
 10
0.0
 20
0.0
 30
0.0
  9
$PUCSBASE
  2

  9
$PUCSNAME
  2

  9
$PUCSORG
 10
0.0
 20
0.0
 30
0.0
  9
$PUCSXDIR
 10
1.0
 20
0.0
 30
0.0
  9
$PUCSYDIR
 10
0.0
 20
1.0
 30
0.0
  9
$PUCSORTHOREF
  2

  9
$PUCSORTHOVIEW
 70
0
  9
$PUCSORGTOP
 10
0.0
 20
0.0
 30
0.0
  9
$PUCSORGBOTTOM
 10
0.0
 20
0.0
 30
0.0
  9
$PUCSORGLEFT
 10
0.0
 20
0.0
 30
0.0
  9
$PUCSORGRIGHT
 10
0.0
 20
0.0
 30
0.0
  9
$PUCSORGFRONT
 10
0.0
 20
0.0
 30
0.0
  9
$PUCSORGBACK
 10
0.0
 20
0.0
 30
0.0
  9
$USERI1
 70
0
  9
$USERI2
 70
0
  9
$USERI3
 70
0
  9
$USERI4
 70
0
  9
$USERI5
 70
0
  9
$USERR1
 40
0.0
  9
$USERR2
 40
0.0
  9
$USERR3
 40
0.0
  9
$USERR4
 40
0.0
  9
$USERR5
 40
0.0
  9
$WORLDVIEW
 70
1
  9
$SHADEDGE
 70
3
  9
$SHADEDIF
 70
70
  9
$TILEMODE
 70
1
  9
$MAXACTVP
 70
64
  9
$PINSBASE
 10
0.0
 20
0.0
 30
0.0
  9
$PLIMCHECK
 70
0
  9
$PEXTMIN
 10
1e+20
 20
1e+20
 30
1e+20
  9
$PEXTMAX
 10
-1e+20
 20
-1e+20
 30
-1e+20
  9
$PLIMMIN
 10
0.0
 20
0.0
  9
$PLIMMAX
 10
420.0
 20
297.0
  9
$UNITMODE
 70
0
  9
$VISRETAIN
 70
1
  9
$PLINEGEN
 70
0
  9
$PSLTSCALE
 70
1
  9
$TREEDEPTH
 70
3020
  9
$CMLSTYLE
  2
Standard
  9
$CMLJUST
 70
0
  9
$CMLSCALE
 40
20.0
  9
$PROXYGRAPHICS
 70
1
  9
$MEASUREMENT
 70
1
  9
$CELWEIGHT
370
-1
  9
$ENDCAPS
280
0
  9
$JOINSTYLE
280
0
  9
$LWDISPLAY
290
0
  9
$INSUNITS
 70
6
  9
$HYPERLINKBASE
  1

  9
$STYLESHEET
  1

  9
$XEDIT
290
1
  9
$CEPSNTYPE
380
0
  9
$PSTYLEMODE
290
1
  9
$FINGERPRINTGUID
  2
{F420645F-98C6-42BD-8BF8-22D52D4CD646}
  9
$VERSIONGUID
  2
{C240576E-9DF9-454C-8EB3-63D1CF2ED694}
  9
$EXTNAMES
290
1
  9
$PSVPSCALE
 40
0.0
  9
$OLESTARTUP
290
0
  9
$SORTENTS
280
127
  9
$INDEXCTL
280
0
  9
$HIDETEXT
280
1
  9
$XCLIPFRAME
280
1
  9
$HALOGAP
280
0
  9
$OBSCOLOR
 70
257
  9
$OBSLTYPE
280
0
  9
$INTERSECTIONDISPLAY
280
0
  9
$INTERSECTIONCOLOR
 70
257
  9
$DIMASSOC
280
2
  9
$PROJECTNAME
  1

  9
$CAMERADISPLAY
290
0
  9
$LENSLENGTH
 40
50.0
  9
$CAMERAHEIGHT
 40
0.0
  9
$STEPSPERSEC
 40
24.0
  9
$STEPSIZE
 40
100.0
  9
$3DDWFPREC
 40
2.0
  9
$PSOLWIDTH
 40
0.005
  9
$PSOLHEIGHT
 40
0.08
  9
$LOFTANG1
 40
1.570796326795
  9
$LOFTANG2
 40
1.570796326795
  9
$LOFTMAG1
 40
0.0
  9
$LOFTMAG2
 40
0.0
  9
$LOFTPARAM
 70
7
  9
$LOFTNORMALS
280
1
  9
$LATITUDE
 40
37.795
  9
$LONGITUDE
 40
-122.394
  9
$NORTHDIRECTION
 40
0.0
  9
$TIMEZONE
 70
-8000
  9
$LIGHTGLYPHDISPLAY
280
1
  9
$TILEMODELIGHTSYNCH
280
1
  9
$CMATERIAL
347
20
  9
$SOLIDHIST
280
0
  9
$SHOWHIST
280
1
  9
$DWFFRAME
280
2
  9
$DGNFRAME
280
2
  9
$REALWORLDSCALE
290
1
  9
$INTERFERECOLOR
 62
256
  9
$CSHADOW
280
0
  9
$SHADOWPLANELOCATION
 40
0.0
  0
ENDSEC
  0
SECTION
  2
CLASSES
  0
CLASS
  1
ACDBDICTIONARYWDFLT
  2
AcDbDictionaryWithDefault
  3
ObjectDBX Classes
 90
0
 91
0
280
0
281
0
  0
CLASS
  1
SUN
  2
AcDbSun
  3
SCENEOE
 90
1153
 91
0
280
0
281
0
  0
CLASS
  1
VISUALSTYLE
  2
AcDbVisualStyle
  3
ObjectDBX Classes
 90
4095
 91
0
280
0
281
0
  0
CLASS
  1
MATERIAL
  2
AcDbMaterial
  3
ObjectDBX Classes
 90
1153
 91
0
280
0
281
0
  0
CLASS
  1
SCALE
  2
AcDbScale
  3
ObjectDBX Classes
 90
1153
 91
0
280
0
281
0
  0
CLASS
  1
TABLESTYLE
  2
AcDbTableStyle
  3
ObjectDBX Classes
 90
4095
 91
0
280
0
281
0
  0
CLASS
  1
MLEADERSTYLE
  2
AcDbMLeaderStyle
  3
ACDB_MLEADERSTYLE_CLASS
 90
4095
 91
0
280
0
281
0
  0
CLASS
  1
DICTIONARYVAR
  2
AcDbDictionaryVar
  3
ObjectDBX Classes
 90
0
 91
0
280
0
281
0
  0
CLASS
  1
CELLSTYLEMAP
  2
AcDbCellStyleMap
  3
ObjectDBX Classes
 90
1152
 91
0
280
0
281
0
  0
CLASS
  1
MENTALRAYRENDERSETTINGS
  2
AcDbMentalRayRenderSettings
  3
SCENEOE
 90
1024
 91
0
280
0
281
0
  0
CLASS
  1
ACDBDETAILVIEWSTYLE
  2
AcDbDetailViewStyle
  3
ObjectDBX Classes
 90
1025
 91
0
280
0
281
0
  0
CLASS
  1
ACDBSECTIONVIEWSTYLE
  2
AcDbSectionViewStyle
  3
ObjectDBX Classes
 90
1025
 91
0
280
0
281
0
  0
CLASS
  1
RASTERVARIABLES
  2
AcDbRasterVariables
  3
ISM
 90
0
 91
0
280
0
281
0
  0
CLASS
  1
ACDBPLACEHOLDER
  2
AcDbPlaceHolder
  3
ObjectDBX Classes
 90
0
 91
0
280
0
281
0
  0
CLASS
  1
LAYOUT
  2
AcDbLayout
  3
ObjectDBX Classes
 90
0
 91
0
280
0
281
0
  0
ENDSEC
  0
SECTION
  2
TABLES
  0
TABLE
  2
VPORT
  5
8
330
0
100
AcDbSymbolTable
 70
1
  0
VPORT
  5
23
330
8
100
AcDbSymbolTableRecord
100
AcDbViewportTableRecord
  2
*Active
 70
0
 10
0.0
 20
0.0
 11
1.0
 21
1.0
 12
0.0
 22
0.0
 13
0.0
 23
0.0
 14
0.5
 24
0.5
 15
0.5
 25
0.5
 16
0.0
 26
0.0
 36
1.0
 17
0.0
 27
0.0
 37
0.0
 40
1000.0
 41
1.34
 42
50.0
 43
0.0
 44
0.0
 50
0.0
 51
0.0
 71
0
 72
1000
 73
1
 74
3
 75
0
 76
0
 77
0
 78
0
281
0
 65
0
146
0.0
  0
ENDTAB
  0
TABLE
  2
LTYPE
  5
2
330
0
100
AcDbSymbolTable
 70
3
  0
LTYPE
  5
24
330
2
100
AcDbSymbolTableRecord
100
AcDbLinetypeTableRecord
  2
ByBlock
 70
0
  3

 72
65
 73
0
 40
0.0
  0
LTYPE
  5
25
330
2
100
AcDbSymbolTableRecord
100
AcDbLinetypeTableRecord
  2
ByLayer
 70
0
  3

 72
65
 73
0
 40
0.0
  0
LTYPE
  5
26
330
2
100
AcDbSymbolTableRecord
100
AcDbLinetypeTableRecord
  2
Continuous
 70
0
  3

 72
65
 73
0
 40
0.0
  0
ENDTAB
  0
TABLE
  2
LAYER
  5
1
330
0
100
AcDbSymbolTable
 70
5
  0
LAYER
  5
27
330
1
100
AcDbSymbolTableRecord
100
AcDbLayerTableRecord
  2
0
 70
0
 62
7
  6
Continuous
370
-3
390
13
347
21
  0
LAYER
  5
28
330
1
100
AcDbSymbolTableRecord
100
AcDbLayerTableRecord
  2
Defpoints
 70
0
 62
7
  6
Continuous
290
0
370
-3
390
13
347
21
  0
LAYER
  5
33
330
1
100
AcDbSymbolTableRecord
100
AcDbLayerTableRecord
  2
0-COTAS REF
 70
0
 62
7
  6
Continuous
370
-3
390
13
347
21
  0
LAYER
  5
86
330
1
100
AcDbSymbolTableRecord
100
AcDbLayerTableRecord
  2
0-TEXTO
 70
0
 62
7
  6
Continuous
370
-3
390
13
347
21
  0
LAYER
  5
266
330
1
100
AcDbSymbolTableRecord
100
AcDbLayerTableRecord
  2
0-TEXTO DETALLE
 70
0
 62
7
  6
Continuous
370
-3
390
13
347
21
  0
ENDTAB
  0
TABLE
  2
STYLE
  5
5
330
0
100
AcDbSymbolTable
 70
1
  0
STYLE
  5
29
330
5
100
AcDbSymbolTableRecord
100
AcDbTextStyleTableRecord
  2
Standard
 70
0
 40
0.0
 41
1.0
 50
0.0
 71
0
 42
2.5
  3
txt
  4

  0
ENDTAB
  0
TABLE
  2
VIEW
  5
7
330
0
100
AcDbSymbolTable
 70
0
  0
ENDTAB
  0
TABLE
  2
UCS
  5
6
330
0
100
AcDbSymbolTable
 70
0
  0
ENDTAB
  0
TABLE
  2
APPID
  5
3
330
0
100
AcDbSymbolTable
 70
3
  0
APPID
  5
2A
330
3
100
AcDbSymbolTableRecord
100
AcDbRegAppTableRecord
  2
ACAD
 70
0
  0
APPID
  5
3D2
330
3
100
AcDbSymbolTableRecord
100
AcDbRegAppTableRecord
  2
HATCHBACKGROUNDCOLOR
 70
0
  0
APPID
  5
3D3
330
3
100
AcDbSymbolTableRecord
100
AcDbRegAppTableRecord
  2
EZDXF
 70
0
  0
ENDTAB
  0
TABLE
  2
DIMSTYLE
  5
4
330
0
100
AcDbSymbolTable
 70
1
100
AcDbDimStyleTable
  0
DIMSTYLE
105
2B
330
4
100
AcDbSymbolTableRecord
100
AcDbDimStyleTableRecord
  2
Standard
 70
0
 40
1.0
 41
2.5
 42
0.625
 43
3.75
 44
1.25
 45
0.0
 46
0.0
 47
0.0
 48
0.0
 49
2.5
140
2.5
141
2.5
142
0.0
143
0.03937007874
144
1.0
145
0.0
146
1.0
147
0.625
148
0.0
 69
0
 70
0
 71
0
 72
0
 73
0
 74
0
 75
0
 76
0
 77
1
 78
8
 79
3
170
0
171
3
172
1
173
0
174
0
175
0
176
0
177
0
178
0
179
2
271
2
272
2
273
2
274
3
275
0
276
0
277
2
278
44
279
0
280
0
281
0
282
0
283
0
284
8
285
0
286
0
288
0
289
3
290
0
371
-2
372
-2
  0
ENDTAB
  0
TABLE
  2
BLOCK_RECORD
  5
9
330
0
100
AcDbSymbolTable
 70
2
  0
BLOCK_RECORD
  5
17
330
9
100
AcDbSymbolTableRecord
100
AcDbBlockTableRecord
  2
*Model_Space
340
1A
 70
0
280
1
281
0
  0
BLOCK_RECORD
  5
1B
330
9
100
AcDbSymbolTableRecord
100
AcDbBlockTableRecord
  2
*Paper_Space
340
1E
 70
0
280
1
281
0
  0
ENDTAB
  0
ENDSEC
  0
SECTION
  2
BLOCKS
  0
BLOCK
  5
18
330
17
100
AcDbEntity
  8
0
100
AcDbBlockBegin
  2
*Model_Space
 70
0
 10
0.0
 20
0.0
 30
0.0
  3
*Model_Space
  1

  0
ENDBLK
  5
19
330
17
100
AcDbEntity
  8
0
100
AcDbBlockEnd
  0
BLOCK
  5
1C
330
1B
100
AcDbEntity
  8
0
100
AcDbBlockBegin
  2
*Paper_Space
 70
0
 10
0.0
 20
0.0
 30
0.0
  3
*Paper_Space
  1

  0
ENDBLK
  5
1D
330
1B
100
AcDbEntity
  8
0
100
AcDbBlockEnd
  0
ENDSEC
  0
SECTION
  2
ENTITIES
  0
LINE
  5
2F
330
17
100
AcDbEntity
  8
0
 62
4
100
AcDbLine
 10
28.59628485517686
 20
-24.42057947372224
 30
0.0
 11
38.47173556014855
 21
-24.42057947372224
 31
0.0
  0
LINE
  5
30
330
17
100
AcDbEntity
  8
0
 62
8
100
AcDbLine
 10
30.21316362872202
 20
-18.97557947372224
 30
0.0
 11
31.18566362872201
 21
-18.97557947372224
 31
0.0
  0
LINE
  5
31
330
17
100
AcDbEntity
  8
0
 62
11
100
AcDbLine
 10
30.14816362872201
 20
-18.91057947372224
 30
0.0
 11
30.14816362872201
 21
-24.42057947372224
 31
0.0
  0
LINE
  5
32
330
17
100
AcDbEntity
  8
0
 62
8
100
AcDbLine
 10
30.21316362872201
 20
-18.91057947372224
 30
0.0
 11
30.21316362872201
 21
-24.42057947372224
 31
0.0
  0
LINE
  5
34
330
17
100
AcDbEntity
  8
0-COTAS REF
100
AcDbLine
 10
29.72316362872201
 20
-18.71057947372223
 30
0.0
 11
34.65316362872201
 21
-18.71057947372223
 31
0.0
  0
LINE
  5
35
330
17
100
AcDbEntity
  8
0-COTAS REF
100
AcDbLine
 10
29.72316362872201
 20
-18.51057947372224
 30
0.0
 11
34.85316362872202
 21
-18.51057947372224
 31
0.0
  0
LINE
  5
36
330
17
100
AcDbEntity
  8
0-COTAS REF
100
AcDbLine
 10
29.92316362872201
 20
-24.42057947372224
 30
0.0
 11
29.92316362872202
 21
-18.51057947372224
 31
0.0
  0
LINE
  5
37
330
17
100
AcDbEntity
  8
0-COTAS REF
100
AcDbLine
 10
29.72316362872201
 20
-24.42057947372224
 30
0.0
 11
29.72316362872201
 21
-18.51057947372224
 31
0.0
  0
LINE
  5
38
330
17
100
AcDbEntity
  8
0
 62
8
100
AcDbLine
 10
32.28816362872202
 20
-21.95557947372224
 30
0.0
 11
31.25066362872201
 21
-21.95557947372224
 31
0.0
  0
LINE
  5
39
330
17
100
AcDbEntity
  8
0
 62
11
100
AcDbLine
 10
34.42816362872201
 20
-21.98807947372224
 30
0.0
 11
30.14816362872201
 21
-21.98807947372224
 31
0.0
  0
LWPOLYLINE
  5
3A
330
17
100
AcDbEntity
  8
0
 62
11
100
AcDbPolyline
 90
4
 70
1
 10
30.14816362872201
 20
-18.91057947372224
 10
34.42816362872201
 20
-18.91057947372224
 10
34.42816362872201
 20
-24.42057947372224
 10
30.14816362872201
 20
-24.42057947372224
  0
LINE
  5
3B
330
17
100
AcDbEntity
  8
0
 62
11
100
AcDbLine
 10
31.21816362872201
 20
-18.91057947372224
 30
0.0
 11
31.21816362872201
 21
-21.98807947372224
 31
0.0
  0
LINE
  5
3C
330
17
100
AcDbEntity
  8
0
 62
11
100
AcDbLine
 10
32.28816362872201
 20
-18.91057947372224
 30
0.0
 11
32.28816362872202
 21
-21.98807947372224
 31
0.0
  0
LINE
  5
3D
330
17
100
AcDbEntity
  8
0
 62
11
100
AcDbLine
 10
33.35816362872201
 20
-18.91057947372224
 30
0.0
 11
33.35816362872201
 21
-21.98807947372224
 31
0.0
  0
LINE
  5
3E
330
17
100
AcDbEntity
  8
0
 62
8
100
AcDbLine
 10
31.18566362872201
 20
-24.42057947372224
 30
0.0
 11
31.18566362872201
 21
-18.91057947372224
 31
0.0
  0
LINE
  5
3F
330
17
100
AcDbEntity
  8
0
 62
8
100
AcDbLine
 10
31.25066362872201
 20
-24.42057947372224
 30
0.0
 11
31.25066362872202
 21
-18.91057947372224
 31
0.0
  0
LINE
  5
40
330
17
100
AcDbEntity
  8
0
 62
8
100
AcDbLine
 10
33.32566362872201
 20
-24.42057947372224
 30
0.0
 11
33.32566362872201
 21
-18.91057947372224
 31
0.0
  0
LINE
  5
41
330
17
100
AcDbEntity
  8
0
 62
8
100
AcDbLine
 10
33.39066362872201
 20
-24.42057947372224
 30
0.0
 11
33.39066362872202
 21
-18.91057947372224
 31
0.0
  0
LINE
  5
42
330
17
100
AcDbEntity
  8
0
 62
8
100
AcDbLine
 10
31.18566362872201
 20
-21.95557947372224
 30
0.0
 11
30.21316362872202
 21
-21.95557947372224
 31
0.0
  0
LINE
  5
43
330
17
100
AcDbEntity
  8
0
 62
8
100
AcDbLine
 10
31.18566362872201
 20
-22.02057947372225
 30
0.0
 11
30.21316362872202
 21
-22.02057947372225
 31
0.0
  0
LINE
  5
44
330
17
100
AcDbEntity
  8
0
 62
8
100
AcDbLine
 10
33.32566362872201
 20
-21.95557947372225
 30
0.0
 11
32.28816362872202
 21
-21.95557947372224
 31
0.0
  0
LINE
  5
45
330
17
100
AcDbEntity
  8
0
 62
8
100
AcDbLine
 10
34.36316362872201
 20
-24.42057947372224
 30
0.0
 11
34.36316362872201
 21
-18.91057947372224
 31
0.0
  0
LINE
  5
46
330
17
100
AcDbEntity
  8
0
 62
8
100
AcDbLine
 10
34.36316362872201
 20
-22.02057947372225
 30
0.0
 11
33.39066362872201
 21
-22.02057947372225
 31
0.0
  0
LINE
  5
47
330
17
100
AcDbEntity
  8
0
 62
8
100
AcDbLine
 10
34.36316362872201
 20
-21.95557947372224
 30
0.0
 11
33.39066362872201
 21
-21.95557947372224
 31
0.0
  0
LINE
  5
48
330
17
100
AcDbEntity
  8
0
 62
8
100
AcDbLine
 10
32.25566362872202
 20
-18.97557947372224
 30
0.0
 11
31.25066362872202
 21
-18.97557947372224
 31
0.0
  0
LINE
  5
49
330
17
100
AcDbEntity
  8
0
 62
8
100
AcDbLine
 10
33.32566362872202
 20
-18.97557947372224
 30
0.0
 11
32.32066362872203
 21
-18.97557947372224
 31
0.0
  0
LINE
  5
4A
330
17
100
AcDbEntity
  8
0
 62
8
100
AcDbLine
 10
34.36316362872201
 20
-18.97557947372224
 30
0.0
 11
33.39066362872202
 21
-18.97557947372224
 31
0.0
  0
LINE
  5
4B
330
17
100
AcDbEntity
  8
0
 62
8
100
AcDbLine
 10
31.18566362872201
 20
-24.35557947372224
 30
0.0
 11
30.21316362872202
 21
-24.35557947372223
 31
0.0
  0
LINE
  5
4C
330
17
100
AcDbEntity
  8
0
 62
8
100
AcDbLine
 10
34.36316362872201
 20
-24.35557947372224
 30
0.0
 11
33.39066362872201
 21
-24.35557947372223
 31
0.0
  0
LINE
  5
4D
330
17
100
AcDbEntity
  8
0-COTAS REF
100
AcDbLine
 10
29.72316362872201
 20
-18.31057947372224
 30
0.0
 11
34.85316362872202
 21
-18.31057947372224
 31
0.0
  0
LINE
  5
4E
330
17
100
AcDbEntity
  8
0-COTAS REF
100
AcDbLine
 10
29.52316362872201
 20
-24.42057947372223
 30
0.0
 11
29.52316362872201
 21
-18.51057947372224
 31
0.0
  0
LWPOLYLINE
  5
4F
330
17
100
AcDbEntity
  8
0
 62
8
100
AcDbPolyline
 90
4
 70
1
 10
36.27580397596029
 20
-18.88743357221119
 10
36.44580397596029
 20
-18.88743357221119
 10
36.44580397596029
 20
-24.42057947372224
 10
36.27580397596029
 20
-24.42057947372224
  0
LINE
  5
50
330
17
100
AcDbEntity
  8
0
 62
11
100
AcDbLine
 10
36.25860397596045
 20
-21.98094714819997
 30
0.0
 11
36.25860397596027
 21
-18.88793357221118
 31
0.0
  0
LINE
  5
51
330
17
100
AcDbEntity
  8
0
 62
11
100
AcDbLine
 10
36.25560397596011
 20
-21.9809471482003
 30
0.0
 11
36.25560397596029
 21
-18.88793357221118
 31
0.0
  0
LINE
  5
52
330
17
100
AcDbEntity
  8
0
 62
11
100
AcDbLine
 10
36.25260397596028
 20
-21.98094714820013
 30
0.0
 11
36.25260397596028
 21
-18.88793357221119
 31
0.0
  0
LINE
  5
53
330
17
100
AcDbEntity
  8
0
 62
11
100
AcDbLine
 10
36.24060397596028
 20
-21.9809471482003
 30
0.0
 11
36.24060397596028
 21
-18.88793357221118
 31
0.0
  0
LINE
  5
54
330
17
100
AcDbEntity
  8
0
 62
11
100
AcDbLine
 10
36.23660397596011
 20
-21.98094714820049
 30
0.0
 11
36.23660397596028
 21
-18.88793357221118
 31
0.0
  0
LINE
  5
55
330
17
100
AcDbEntity
  8
0
 62
8
100
AcDbLine
 10
36.23605397596011
 20
-21.98094714820049
 30
0.0
 11
36.23605397596028
 21
-18.88793357221118
 31
0.0
  0
LINE
  5
56
330
17
100
AcDbEntity
  8
0
 62
11
100
AcDbLine
 10
36.23260397596044
 20
-21.98094714820012
 30
0.0
 11
36.23260397596027
 21
-18.88793357221119
 31
0.0
  0
LINE
  5
57
330
17
100
AcDbEntity
  8
0
 62
11
100
AcDbLine
 10
36.25810397596028
 20
-18.88743357221119
 30
0.0
 11
36.25610397596029
 21
-18.88743357221119
 31
0.0
  0
LINE
  5
58
330
17
100
AcDbEntity
  8
0
 62
11
100
AcDbLine
 10
36.25510397596028
 20
-18.88743357221119
 30
0.0
 11
36.25310397596028
 21
-18.88743357221119
 31
0.0
  0
LINE
  5
59
330
17
100
AcDbEntity
  8
0
 62
11
100
AcDbLine
 10
36.24010397596028
 20
-18.88743357221119
 30
0.0
 11
36.23710397596028
 21
-18.88743357221119
 31
0.0
  0
LINE
  5
5A
330
17
100
AcDbEntity
  8
0
 62
11
100
AcDbLine
 10
36.23610397596028
 20
-18.88743357221119
 30
0.0
 11
36.23310397596028
 21
-18.88743357221119
 31
0.0
  0
LINE
  5
5B
330
17
100
AcDbEntity
  8
0
 62
11
100
AcDbLine
 10
36.23260397596027
 20
-18.88793357221119
 30
0.0
 11
36.23310397596028
 21
-18.88743357221119
 31
0.0
  0
LINE
  5
5C
330
17
100
AcDbEntity
  8
0
 62
11
100
AcDbLine
 10
36.24060397596028
 20
-18.88793357221118
 30
0.0
 11
36.24010397596028
 21
-18.88743357221119
 31
0.0
  0
LINE
  5
5D
330
17
100
AcDbEntity
  8
0
 62
11
100
AcDbLine
 10
36.23660397596028
 20
-18.88793357221118
 30
0.0
 11
36.23610397596028
 21
-18.88743357221119
 31
0.0
  0
LINE
  5
5E
330
17
100
AcDbEntity
  8
0
 62
11
100
AcDbLine
 10
36.23660397596028
 20
-18.88793357221118
 30
0.0
 11
36.23710397596028
 21
-18.88743357221119
 31
0.0
  0
LINE
  5
5F
330
17
100
AcDbEntity
  8
0
 62
8
100
AcDbLine
 10
36.24060397596028
 20
-18.90011906927767
 30
0.0
 11
36.25260397596028
 21
-18.90011906927767
 31
0.0
  0
LWPOLYLINE
  5
60
330
17
100
AcDbEntity
  8
0
 62
8
100
AcDbPolyline
 90
6
 70
1
 10
36.25160397596028
 20
-18.90011906927767
 10
36.24160397596027
 20
-18.90011906927767
 10
36.24160397596027
 20
-18.89511906927767
 10
36.24510397596028
 20
-18.89211906927767
 10
36.24810397596028
 20
-18.89211906927767
 10
36.25160397596028
 20
-18.89511906927767
  0
LWPOLYLINE
  5
61
330
17
100
AcDbEntity
  8
0
 62
8
100
AcDbPolyline
 90
6
 70
1
 10
36.25110397596028
 20
-18.89961906927767
 10
36.24210397596028
 20
-18.89961906927767
 10
36.24210397596028
 20
-18.89527045709653
 10
36.24537156783951
 20
-18.89261906927767
 10
36.24783638408103
 20
-18.89261906927767
 10
36.25110397596028
 20
-18.89527045709653
  0
LINE
  5
62
330
17
100
AcDbEntity
  8
0
 62
11
100
AcDbLine
 10
36.25560397596029
 20
-18.88793357221118
 30
0.0
 11
36.25510397596028
 21
-18.88743357221119
 31
0.0
  0
LINE
  5
63
330
17
100
AcDbEntity
  8
0
 62
11
100
AcDbLine
 10
36.25560397596029
 20
-18.88793357221118
 30
0.0
 11
36.25610397596028
 21
-18.88743357221119
 31
0.0
  0
LINE
  5
64
330
17
100
AcDbEntity
  8
0
 62
11
100
AcDbLine
 10
36.25260397596028
 20
-18.88793357221119
 30
0.0
 11
36.25310397596028
 21
-18.88743357221119
 31
0.0
  0
LINE
  5
65
330
17
100
AcDbEntity
  8
0
 62
11
100
AcDbLine
 10
36.25860397596028
 20
-18.88793357221119
 30
0.0
 11
36.25810397596028
 21
-18.88743357221119
 31
0.0
  0
LWPOLYLINE
  5
66
330
17
100
AcDbEntity
  8
0
 62
11
100
AcDbPolyline
 90
14
 70
1
 10
36.28280397596029
 20
-18.92893357221119
 42
-0.4142135623730951
 10
36.28180397596029
 20
-18.92993357221119
 10
36.27880397596029
 20
-18.92993357221119
 10
36.27880397596029
 20
-18.94873357221119
 42
0.4142135623730966
 10
36.27980397596029
 20
-18.94973357221118
 10
36.44180397596029
 20
-18.94973357221118
 42
0.4142135623730951
 10
36.44280397596029
 20
-18.94873357221119
 10
36.44280397596029
 20
-18.89113357221119
 42
0.4142135623730951
 10
36.44180397596029
 20
-18.89013357221119
 10
36.27980397596029
 20
-18.89013357221119
 42
0.4142135623730948
 10
36.27880397596029
 20
-18.89113357221119
 10
36.27880397596029
 20
-18.90993357221119
 10
36.28180397596029
 20
-18.90993357221119
 42
-0.4142135623730951
 10
36.28280397596029
 20
-18.91093357221119
  0
LWPOLYLINE
  5
67
330
17
100
AcDbEntity
  8
0
 62
11
100
AcDbPolyline
 90
11
 70
1
 10
36.27580397596029
 20
-18.92093357221119
 10
36.27580397596029
 20
-18.95143357221119
 42
0.4142135623730951
 10
36.27680397596029
 20
-18.95243357221119
 10
36.44480397596029
 20
-18.95243357221119
 42
0.4142135623730951
 10
36.44580397596029
 20
-18.95143357221119
 10
36.44580397596029
 20
-18.88843357221119
 42
0.4142135623730951
 10
36.44480397596029
 20
-18.88743357221119
 10
36.27680397596029
 20
-18.88743357221119
 42
0.4142135623730951
 10
36.27580397596029
 20
-18.88843357221119
 10
36.27580397596029
 20
-18.91893357221119
 10
36.27680397596029
 20
-18.91993357221119
  0
ARC
  5
68
330
17
100
AcDbEntity
  8
0
 62
8
100
AcDbCircle
 10
36.24660397596028
 20
-18.87574292604434
 30
0.0
 40
0.0133761432333217
100
AcDbArc
 50
240.9259378909825
 51
299.0740621090308
  0
LINE
  5
69
330
17
100
AcDbEntity
  8
0
 62
8
100
AcDbLine
 10
36.25160397596028
 20
-18.89511906927767
 30
0.0
 11
36.25260397596028
 21
-18.89511906927767
 31
0.0
  0
LINE
  5
6A
330
17
100
AcDbEntity
  8
0
 62
8
100
AcDbLine
 10
36.24160397596027
 20
-18.89511906927767
 30
0.0
 11
36.24060397596028
 21
-18.89511906927767
 31
0.0
  0
LINE
  5
6B
330
17
100
AcDbEntity
  8
0
100
AcDbLine
 10
36.25980397596028
 20
-18.90043357221119
 30
0.0
 11
36.25860397596027
 21
-18.90043357221119
 31
0.0
  0
LINE
  5
6C
330
17
100
AcDbEntity
  8
0
100
AcDbLine
 10
36.25860397596028
 20
-18.88793357221119
 30
0.0
 11
36.25980397596028
 21
-18.88793357221119
 31
0.0
  0
LINE
  5
6D
330
17
100
AcDbEntity
  8
0
 62
11
100
AcDbLine
 10
36.24010397596045
 20
-21.98144714820013
 30
0.0
 11
36.23710397596045
 21
-21.98144714820013
 31
0.0
  0
LINE
  5
6E
330
17
100
AcDbEntity
  8
0
 62
11
100
AcDbLine
 10
36.23610397596046
 20
-21.98144714820013
 30
0.0
 11
36.23310397596045
 21
-21.98144714820013
 31
0.0
  0
LINE
  5
6F
330
17
100
AcDbEntity
  8
0
 62
11
100
AcDbLine
 10
36.23260397596045
 20
-21.98094714820012
 30
0.0
 11
36.23310397596045
 21
-21.98144714820013
 31
0.0
  0
LINE
  5
70
330
17
100
AcDbEntity
  8
0
 62
11
100
AcDbLine
 10
36.24060397596045
 20
-21.98094714820013
 30
0.0
 11
36.24010397596045
 21
-21.98144714820013
 31
0.0
  0
LINE
  5
71
330
17
100
AcDbEntity
  8
0
 62
11
100
AcDbLine
 10
36.23660397596045
 20
-21.98094714820013
 30
0.0
 11
36.23610397596046
 21
-21.98144714820013
 31
0.0
  0
LINE
  5
72
330
17
100
AcDbEntity
  8
0
 62
11
100
AcDbLine
 10
36.23660397596045
 20
-21.98094714820013
 30
0.0
 11
36.23710397596045
 21
-21.98144714820013
 31
0.0
  0
LINE
  5
73
330
17
100
AcDbEntity
  8
0
 62
11
100
AcDbLine
 10
36.25810397596028
 20
-21.98144714820013
 30
0.0
 11
36.25610397596029
 21
-21.98144714820013
 31
0.0
  0
LINE
  5
74
330
17
100
AcDbEntity
  8
0
 62
11
100
AcDbLine
 10
36.25510397596028
 20
-21.98144714820013
 30
0.0
 11
36.25310397596028
 21
-21.98144714820013
 31
0.0
  0
LINE
  5
75
330
17
100
AcDbEntity
  8
0
 62
11
100
AcDbLine
 10
36.25560397596029
 20
-21.98094714820014
 30
0.0
 11
36.25510397596028
 21
-21.98144714820013
 31
0.0
  0
LINE
  5
76
330
17
100
AcDbEntity
  8
0
 62
11
100
AcDbLine
 10
36.25560397596029
 20
-21.98094714820014
 30
0.0
 11
36.25610397596028
 21
-21.98144714820013
 31
0.0
  0
LINE
  5
77
330
17
100
AcDbEntity
  8
0
 62
11
100
AcDbLine
 10
36.25260397596028
 20
-21.98094714820013
 30
0.0
 11
36.25310397596028
 21
-21.98144714820013
 31
0.0
  0
LINE
  5
78
330
17
100
AcDbEntity
  8
0
 62
11
100
AcDbLine
 10
36.25860397596028
 20
-21.98094714820013
 30
0.0
 11
36.25810397596028
 21
-21.98144714820013
 31
0.0
  0
LINE
  5
79
330
17
100
AcDbEntity
  8
0
 62
11
100
AcDbLine
 10
36.24060397596045
 20
-21.98094714820013
 30
0.0
 11
36.24010397596045
 21
-21.98144714820013
 31
0.0
  0
LINE
  5
7A
330
17
100
AcDbEntity
  8
0
 62
11
100
AcDbLine
 10
36.25260397596028
 20
-21.98094714820013
 30
0.0
 11
36.25310397596028
 21
-21.98144714820013
 31
0.0
  0
LINE
  5
7B
330
17
100
AcDbEntity
  8
0
 62
11
100
AcDbLine
 10
36.24060397596045
 20
-21.98094714820013
 30
0.0
 11
36.24010397596045
 21
-21.98144714820013
 31
0.0
  0
LINE
  5
7C
330
17
100
AcDbEntity
  8
0
 62
8
100
AcDbLine
 10
36.24060397596045
 20
-21.96876165113365
 30
0.0
 11
36.25260397596046
 21
-21.96876165113365
 31
0.0
  0
LWPOLYLINE
  5
7D
330
17
100
AcDbEntity
  8
0
 62
8
100
AcDbPolyline
 90
6
 70
1
 10
36.25160397596045
 20
-21.96876165113365
 10
36.24160397596045
 20
-21.96876165113365
 10
36.24160397596045
 20
-21.97376165113364
 10
36.24510397596045
 20
-21.97676165113364
 10
36.24810397596045
 20
-21.97676165113364
 10
36.25160397596045
 20
-21.97376165113364
  0
LWPOLYLINE
  5
7E
330
17
100
AcDbEntity
  8
0
 62
8
100
AcDbPolyline
 90
6
 70
1
 10
36.25110397596045
 20
-21.96926165113364
 10
36.24210397596045
 20
-21.96926165113364
 10
36.24210397596045
 20
-21.97361026331478
 10
36.24537156783969
 20
-21.97626165113365
 10
36.2478363840812
 20
-21.97626165113365
 10
36.25110397596045
 20
-21.97361026331478
  0
LINE
  5
7F
330
17
100
AcDbEntity
  8
0
 62
11
100
AcDbLine
 10
36.25260397596046
 20
-21.98094714820013
 30
0.0
 11
36.25310397596046
 21
-21.98144714820013
 31
0.0
  0
ARC
  5
80
330
17
100
AcDbEntity
  8
0
 62
8
100
AcDbCircle
 10
36.24660397596045
 20
-21.99313779436697
 30
0.0
 40
0.0133761432333217
100
AcDbArc
 50
60.92593789096926
 51
119.0740621090175
  0
LINE
  5
81
330
17
100
AcDbEntity
  8
0
 62
8
100
AcDbLine
 10
36.25160397596045
 20
-21.97376165113364
 30
0.0
 11
36.25260397596046
 21
-21.97376165113364
 31
0.0
  0
LINE
  5
82
330
17
100
AcDbEntity
  8
0
 62
8
100
AcDbLine
 10
36.24160397596045
 20
-21.97376165113364
 30
0.0
 11
36.24060397596045
 21
-21.97376165113364
 31
0.0
  0
LINE
  5
83
330
17
100
AcDbEntity
  8
0
 62
4
100
AcDbLine
 10
36.18925600507299
 20
-18.88243357221119
 30
0.0
 11
36.48925600507299
 21
-18.88243357221119
 31
0.0
  0
LINE
  5
84
330
17
100
AcDbEntity
  8
0
 62
4
100
AcDbLine
 10
36.18925600507299
 20
-18.88243357221119
 30
0.0
 11
36.18925600507299
 21
-18.78809313584276
 31
0.0
  0
LINE
  5
85
330
17
100
AcDbEntity
  8
0
 62
4
100
AcDbLine
 10
36.48925600507299
 20
-18.88243357221119
 30
0.0
 11
36.48925600507299
 21
-18.78809313584276
 31
0.0
  0
LWPOLYLINE
  5
87
330
17
100
AcDbEntity
  8
0-TEXTO
  6
CONTINUOUS
 48
5.0
100
AcDbPolyline
 90
8
 70
1
 10
36.20990927739124
 20
-21.74527360098407
 10
36.47291083474349
 20
-21.74527360098407
 42
-0.4142135623730951
 10
36.54791083481334
 20
-21.82027360210166
 10
36.54791083481334
 20
-22.08878262033657
 42
-0.4142135623730951
 10
36.47291083474349
 20
-22.16378262145415
 10
36.20990927739124
 20
-22.16378262145415
 42
-0.4142135623730951
 10
36.13490927740869
 20
-22.08878262033657
 10
36.13490927740869
 20
-21.82027360210166
 42
-0.4142135623730951
  0
LINE
  5
88
330
17
100
AcDbEntity
  8
0
 62
4
100
AcDbLine
 10
30.14316362872202
 20
-25.2150590040887
 30
0.0
 11
30.14316362872201
 21
-25.44992614281076
 31
0.0
  0
LINE
  5
89
330
17
100
AcDbEntity
  8
0
 62
4
100
AcDbLine
 10
34.43316362872201
 20
-25.21505900408881
 30
0.0
 11
34.43316362872201
 21
-25.44992614281076
 31
0.0
  0
LWPOLYLINE
  5
8A
330
17
100
AcDbEntity
  8
0
 62
11
100
AcDbPolyline
 90
14
 70
1
 10
34.40466362872201
 20
-25.39433096204021
 42
-0.4142135623730951
 10
34.40566362872201
 20
-25.39533096204021
 10
34.40566362872201
 20
-25.39833096204021
 10
34.42446362872201
 20
-25.39833096204021
 42
0.4142135623730966
 10
34.42546362872202
 20
-25.39733096204021
 10
34.42546362872202
 20
-25.23533096204021
 42
0.4142135623730951
 10
34.42446362872201
 20
-25.23433096204021
 10
34.36686362872201
 20
-25.23433096204021
 42
0.4142135623730951
 10
34.36586362872201
 20
-25.23533096204021
 10
34.36586362872201
 20
-25.39733096204021
 42
0.4142135623730948
 10
34.36686362872201
 20
-25.39833096204021
 10
34.38566362872201
 20
-25.39833096204021
 10
34.38566362872201
 20
-25.39533096204021
 42
-0.4142135623730951
 10
34.38666362872201
 20
-25.39433096204021
  0
LWPOLYLINE
  5
8B
330
17
100
AcDbEntity
  8
0
 62
11
100
AcDbPolyline
 90
11
 70
1
 10
34.39666362872201
 20
-25.40133096204022
 10
34.42716362872201
 20
-25.40133096204022
 42
0.4142135623730951
 10
34.42816362872201
 20
-25.40033096204021
 10
34.42816362872201
 20
-25.23233096204021
 42
0.4142135623730951
 10
34.42716362872201
 20
-25.23133096204021
 10
34.36416362872201
 20
-25.23133096204021
 42
0.4142135623730951
 10
34.36316362872201
 20
-25.23233096204021
 10
34.36316362872201
 20
-25.40033096204021
 42
0.4142135623730951
 10
34.36416362872201
 20
-25.40133096204022
 10
34.39466362872201
 20
-25.40133096204022
 10
34.39566362872201
 20
-25.40033096204021
  0
LWPOLYLINE
  5
8C
330
17
100
AcDbEntity
  8
0
 62
11
100
AcDbPolyline
 90
14
 70
1
 10
30.18966362872201
 20
-25.39433096204019
 42
-0.4142135623730951
 10
30.19066362872201
 20
-25.39533096204019
 10
30.19066362872201
 20
-25.39833096204019
 10
30.20946362872201
 20
-25.39833096204019
 42
0.4142135623730966
 10
30.21046362872201
 20
-25.39733096204019
 10
30.21046362872201
 20
-25.23533096204018
 42
0.4142135623730951
 10
30.20946362872201
 20
-25.23433096204019
 10
30.15186362872201
 20
-25.23433096204019
 42
0.4142135623730951
 10
30.15086362872201
 20
-25.23533096204018
 10
30.15086362872201
 20
-25.39733096204019
 42
0.4142135623730948
 10
30.15186362872201
 20
-25.39833096204019
 10
30.17066362872201
 20
-25.39833096204019
 10
30.17066362872201
 20
-25.39533096204019
 42
-0.4142135623730951
 10
30.17166362872201
 20
-25.39433096204019
  0
LWPOLYLINE
  5
8D
330
17
100
AcDbEntity
  8
0
 62
11
100
AcDbPolyline
 90
11
 70
1
 10
30.18166362872201
 20
-25.40133096204019
 10
30.21216362872201
 20
-25.40133096204019
 42
0.4142135623730951
 10
30.21316362872201
 20
-25.40033096204019
 10
30.21316362872201
 20
-25.23233096204018
 42
0.4142135623730951
 10
30.21216362872201
 20
-25.23133096204019
 10
30.14916362872201
 20
-25.23133096204019
 42
0.4142135623730951
 10
30.14816362872201
 20
-25.23233096204018
 10
30.14816362872201
 20
-25.40033096204019
 42
0.4142135623730951
 10
30.14916362872201
 20
-25.40133096204019
 10
30.17966362872201
 20
-25.40133096204019
 10
30.18066362872201
 20
-25.40033096204019
  0
LINE
  5
8E
330
17
100
AcDbEntity
  8
0
 62
8
100
AcDbLine
 10
30.14816362872201
 20
-25.23133096204019
 30
0.0
 11
33.32666362872201
 21
-25.23133096204022
 31
0.0
  0
LINE
  5
8F
330
17
100
AcDbEntity
  8
0
 62
8
100
AcDbLine
 10
30.14816362872201
 20
-25.40133096204019
 30
0.0
 11
33.32606362872203
 21
-25.40133096204022
 31
0.0
  0
LWPOLYLINE
  5
90
330
17
100
AcDbEntity
  8
0
 62
11
100
AcDbPolyline
 90
14
 70
1
 10
31.22716362872201
 20
-25.39433096204019
 42
-0.4142135623730951
 10
31.22816362872201
 20
-25.39533096204019
 10
31.22816362872201
 20
-25.39833096204019
 10
31.24696362872201
 20
-25.39833096204019
 42
0.4142135623730966
 10
31.24796362872201
 20
-25.39733096204019
 10
31.24796362872201
 20
-25.23533096204019
 42
0.4142135623730951
 10
31.24696362872201
 20
-25.23433096204019
 10
31.18936362872201
 20
-25.23433096204019
 42
0.4142135623730951
 10
31.18836362872202
 20
-25.23533096204019
 10
31.18836362872202
 20
-25.39733096204019
 42
0.4142135623730948
 10
31.18936362872201
 20
-25.39833096204019
 10
31.20816362872201
 20
-25.39833096204019
 10
31.20816362872201
 20
-25.39533096204019
 42
-0.4142135623730951
 10
31.20916362872201
 20
-25.39433096204019
  0
LWPOLYLINE
  5
91
330
17
100
AcDbEntity
  8
0
 62
11
100
AcDbPolyline
 90
11
 70
1
 10
31.21916362872201
 20
-25.40133096204019
 10
31.24966362872201
 20
-25.40133096204019
 42
0.4142135623730951
 10
31.25066362872201
 20
-25.40033096204019
 10
31.25066362872201
 20
-25.23233096204019
 42
0.4142135623730951
 10
31.24966362872201
 20
-25.23133096204019
 10
31.18666362872201
 20
-25.23133096204019
 42
0.4142135623730951
 10
31.18566362872201
 20
-25.23233096204019
 10
31.18566362872201
 20
-25.40033096204019
 42
0.4142135623730951
 10
31.18666362872201
 20
-25.40133096204019
 10
31.21716362872201
 20
-25.40133096204019
 10
31.21816362872201
 20
-25.40033096204019
  0
LINE
  5
92
330
17
100
AcDbEntity
  8
0
 62
11
100
AcDbLine
 10
32.23788362474961
 20
-25.18955598911526
 30
0.0
 11
31.23594363269436
 21
-25.18955598911531
 31
0.0
  0
LINE
  5
93
330
17
100
AcDbEntity
  8
0
 62
11
100
AcDbLine
 10
32.23788362474913
 20
-25.19255598911586
 30
0.0
 11
31.23594363269387
 21
-25.19255598911581
 31
0.0
  0
LINE
  5
94
330
17
100
AcDbEntity
  8
0
 62
11
100
AcDbLine
 10
32.23788362474925
 20
-25.19555598911556
 30
0.0
 11
31.23594363269428
 21
-25.19555598911557
 31
0.0
  0
LINE
  5
95
330
17
100
AcDbEntity
  8
0
 62
11
100
AcDbLine
 10
32.23788362475007
 20
-25.20755598911556
 30
0.0
 11
31.23594363269396
 21
-25.20755598911555
 31
0.0
  0
LINE
  5
96
330
17
100
AcDbEntity
  8
0
 62
11
100
AcDbLine
 10
32.23788362475038
 20
-25.21155598911586
 30
0.0
 11
31.23594363269369
 21
-25.21155598911581
 31
0.0
  0
LINE
  5
97
330
17
100
AcDbEntity
  8
0
 62
11
100
AcDbLine
 10
32.23788362474954
 20
-25.21555598911526
 30
0.0
 11
31.23594363269422
 21
-25.21555598911531
 31
0.0
  0
LINE
  5
98
330
17
100
AcDbEntity
  8
0
 62
11
100
AcDbLine
 10
34.42816362872201
 20
-25.43703096204005
 30
0.0
 11
34.42816362872201
 21
-25.44003096204005
 31
0.0
  0
LINE
  5
99
330
17
100
AcDbEntity
  8
0
 62
11
100
AcDbLine
 10
34.42816362872201
 20
-25.44103096204004
 30
0.0
 11
34.42816362872201
 21
-25.44403096204004
 31
0.0
  0
LINE
  5
9A
330
17
100
AcDbEntity
  8
0
 62
11
100
AcDbLine
 10
34.427663628722
 20
-25.44453096204005
 30
0.0
 11
34.42816362872201
 21
-25.44403096204004
 31
0.0
  0
LINE
  5
9B
330
17
100
AcDbEntity
  8
0
 62
8
100
AcDbLine
 10
34.42766362872202
 20
-25.43653096204005
 30
0.0
 11
34.42816362872201
 21
-25.43703096204005
 31
0.0
  0
LINE
  5
9C
330
17
100
AcDbEntity
  8
0
 62
11
100
AcDbLine
 10
34.42766362872202
 20
-25.44053096204005
 30
0.0
 11
34.42816362872201
 21
-25.44103096204004
 31
0.0
  0
LINE
  5
9D
330
17
100
AcDbEntity
  8
0
 62
11
100
AcDbLine
 10
34.42766362872202
 20
-25.44053096204005
 30
0.0
 11
34.42816362872201
 21
-25.44003096204005
 31
0.0
  0
LINE
  5
9E
330
17
100
AcDbEntity
  8
0
 62
11
100
AcDbLine
 10
34.42816362872201
 20
-25.41903096204022
 30
0.0
 11
34.42816362872201
 21
-25.42103096204022
 31
0.0
  0
LINE
  5
9F
330
17
100
AcDbEntity
  8
0
 62
11
100
AcDbLine
 10
34.42816362872202
 20
-25.42203096204021
 30
0.0
 11
34.42816362872201
 21
-25.42403096204022
 31
0.0
  0
LINE
  5
A0
330
17
100
AcDbEntity
  8
0
 62
11
100
AcDbLine
 10
34.42766362872202
 20
-25.42153096204021
 30
0.0
 11
34.42816362872201
 21
-25.42203096204021
 31
0.0
  0
LINE
  5
A1
330
17
100
AcDbEntity
  8
0
 62
11
100
AcDbLine
 10
34.42766362872202
 20
-25.42153096204021
 30
0.0
 11
34.42816362872201
 21
-25.42103096204022
 31
0.0
  0
LINE
  5
A2
330
17
100
AcDbEntity
  8
0
 62
8
100
AcDbLine
 10
34.42766362872202
 20
-25.42453096204022
 30
0.0
 11
34.42816362872201
 21
-25.42403096204022
 31
0.0
  0
LINE
  5
A3
330
17
100
AcDbEntity
  8
0
 62
11
100
AcDbLine
 10
34.42766362872202
 20
-25.41853096204021
 30
0.0
 11
34.42816362872201
 21
-25.41903096204022
 31
0.0
  0
LINE
  5
A4
330
17
100
AcDbEntity
  8
0
 62
8
100
AcDbLine
 10
34.42766362872202
 20
-25.43653096204005
 30
0.0
 11
34.42816362872201
 21
-25.43703096204005
 31
0.0
  0
LINE
  5
A5
330
17
100
AcDbEntity
  8
0
 62
8
100
AcDbLine
 10
34.42766362872202
 20
-25.42453096204022
 30
0.0
 11
34.42816362872201
 21
-25.42403096204022
 31
0.0
  0
LINE
  5
A6
330
17
100
AcDbEntity
  8
0
 62
11
100
AcDbLine
 10
34.4276636287222
 20
-25.43653096204023
 30
0.0
 11
34.42816362872201
 21
-25.43703096204005
 31
0.0
  0
LWPOLYLINE
  5
A7
330
17
100
AcDbEntity
  8
0
 62
8
100
AcDbPolyline
 90
6
 70
1
 10
34.41547813165553
 20
-25.42553096204005
 10
34.41547813165553
 20
-25.43553096204004
 10
34.42047813165553
 20
-25.43553096204004
 10
34.42347813165553
 20
-25.43203096204005
 10
34.42347813165553
 20
-25.42903096204005
 10
34.42047813165553
 20
-25.42553096204005
  0
LWPOLYLINE
  5
A8
330
17
100
AcDbEntity
  8
0
 62
8
100
AcDbPolyline
 90
6
 70
1
 10
34.41597813165553
 20
-25.42603096204005
 10
34.41597813165553
 20
-25.43503096204005
 10
34.42032674383667
 20
-25.43503096204005
 10
34.42297813165553
 20
-25.43176337016081
 10
34.42297813165553
 20
-25.42929855391929
 10
34.42032674383667
 20
-25.42603096204005
  0
LINE
  5
A9
330
17
100
AcDbEntity
  8
0
 62
8
100
AcDbLine
 10
34.42766362872201
 20
-25.42453096204005
 30
0.0
 11
34.42816362872201
 21
-25.42403096204004
 31
0.0
  0
ARC
  5
AA
330
17
100
AcDbEntity
  8
0
 62
8
100
AcDbCircle
 10
34.43985427488885
 20
-25.43053096204005
 30
0.0
 40
0.0133761432333217
100
AcDbArc
 50
150.9259378909695
 51
209.0740621090173
  0
LINE
  5
AB
330
17
100
AcDbEntity
  8
0
 62
8
100
AcDbLine
 10
34.42047813165553
 20
-25.42553096204005
 30
0.0
 11
34.42047813165553
 21
-25.42453096204005
 31
0.0
  0
LINE
  5
AC
330
17
100
AcDbEntity
  8
0
 62
8
100
AcDbLine
 10
34.42047813165553
 20
-25.43553096204004
 30
0.0
 11
34.42047813165553
 21
-25.43653096204005
 31
0.0
  0
LINE
  5
AD
330
17
100
AcDbEntity
  8
0
 62
8
100
AcDbLine
 10
34.41547813165553
 20
-25.43653096204022
 30
0.0
 11
34.41547813165553
 21
-25.42453096204005
 31
0.0
  0
LINE
  5
AE
330
17
100
AcDbEntity
  8
0
 62
11
100
AcDbLine
 10
31.25019576080624
 20
-25.41853096203997
 30
0.0
 11
30.14882808632861
 21
-25.41853096204003
 31
0.0
  0
LINE
  5
AF
330
17
100
AcDbEntity
  8
0
 62
11
100
AcDbLine
 10
31.25019576080659
 20
-25.42153096204032
 30
0.0
 11
30.14882808632841
 21
-25.42153096204025
 31
0.0
  0
LINE
  5
B0
330
17
100
AcDbEntity
  8
0
 62
11
100
AcDbLine
 10
31.25019576080641
 20
-25.42453096204014
 30
0.0
 11
30.14882808632852
 21
-25.42453096204015
 31
0.0
  0
LINE
  5
B1
330
17
100
AcDbEntity
  8
0
 62
11
100
AcDbLine
 10
31.25019576080659
 20
-25.43653096204015
 30
0.0
 11
30.14882808632835
 21
-25.43653096204014
 31
0.0
  0
LINE
  5
B2
330
17
100
AcDbEntity
  8
0
 62
11
100
AcDbLine
 10
31.25019576080676
 20
-25.44053096204032
 30
0.0
 11
30.14882808632823
 21
-25.44053096204025
 31
0.0
  0
LINE
  5
B3
330
17
100
AcDbEntity
  8
0
  6
CONTINUOUS
 62
8
100
AcDbLine
 10
31.25069576080639
 20
-25.44108096204032
 30
0.0
 11
30.14832808632853
 21
-25.44108096204025
 31
0.0
  0
LINE
  5
B4
330
17
100
AcDbEntity
  8
0
 62
11
100
AcDbLine
 10
31.25019576080638
 20
-25.44453096203998
 30
0.0
 11
30.1488280863286
 21
-25.44453096204004
 31
0.0
  0
LINE
  5
B5
330
17
100
AcDbEntity
  8
0
 62
11
100
AcDbLine
 10
31.23544363269437
 20
-25.20805598911515
 30
0.0
 11
31.23544363269437
 21
-25.21105598911514
 31
0.0
  0
LINE
  5
B6
330
17
100
AcDbEntity
  8
0
 62
11
100
AcDbLine
 10
31.23544363269437
 20
-25.21205598911515
 30
0.0
 11
31.23544363269437
 21
-25.21505598911515
 31
0.0
  0
LINE
  5
B7
330
17
100
AcDbEntity
  8
0
 62
11
100
AcDbLine
 10
31.23594363269437
 20
-25.21555598911515
 30
0.0
 11
31.23544363269437
 21
-25.21505598911515
 31
0.0
  0
LINE
  5
B8
330
17
100
AcDbEntity
  8
0
 62
11
100
AcDbLine
 10
31.23594363269436
 20
-25.20755598911515
 30
0.0
 11
31.23544363269437
 21
-25.20805598911515
 31
0.0
  0
LINE
  5
B9
330
17
100
AcDbEntity
  8
0
 62
11
100
AcDbLine
 10
31.23594363269436
 20
-25.21155598911515
 30
0.0
 11
31.23544363269437
 21
-25.21205598911515
 31
0.0
  0
LINE
  5
BA
330
17
100
AcDbEntity
  8
0
 62
11
100
AcDbLine
 10
31.23594363269436
 20
-25.21155598911515
 30
0.0
 11
31.23544363269437
 21
-25.21105598911514
 31
0.0
  0
LINE
  5
BB
330
17
100
AcDbEntity
  8
0
 62
11
100
AcDbLine
 10
31.23544363269437
 20
-25.19005598911532
 30
0.0
 11
31.23544363269437
 21
-25.19205598911532
 31
0.0
  0
LINE
  5
BC
330
17
100
AcDbEntity
  8
0
 62
11
100
AcDbLine
 10
31.23544363269436
 20
-25.19305598911532
 30
0.0
 11
31.23544363269437
 21
-25.19505598911532
 31
0.0
  0
LINE
  5
BD
330
17
100
AcDbEntity
  8
0
 62
11
100
AcDbLine
 10
31.23594363269436
 20
-25.19255598911532
 30
0.0
 11
31.23544363269437
 21
-25.19305598911532
 31
0.0
  0
LINE
  5
BE
330
17
100
AcDbEntity
  8
0
 62
11
100
AcDbLine
 10
31.23594363269436
 20
-25.19255598911532
 30
0.0
 11
31.23544363269437
 21
-25.19205598911533
 31
0.0
  0
LINE
  5
BF
330
17
100
AcDbEntity
  8
0
 62
11
100
AcDbLine
 10
31.23594363269436
 20
-25.19555598911533
 30
0.0
 11
31.23544363269437
 21
-25.19505598911532
 31
0.0
  0
LINE
  5
C0
330
17
100
AcDbEntity
  8
0
 62
11
100
AcDbLine
 10
31.23594363269436
 20
-25.18955598911531
 30
0.0
 11
31.23544363269437
 21
-25.19005598911532
 31
0.0
  0
LINE
  5
C1
330
17
100
AcDbEntity
  8
0
 62
11
100
AcDbLine
 10
31.2506957608064
 20
-25.43703096203997
 30
0.0
 11
31.2506957608064
 21
-25.44003096203996
 31
0.0
  0
LINE
  5
C2
330
17
100
AcDbEntity
  8
0
 62
11
100
AcDbLine
 10
31.2506957608064
 20
-25.44103096203997
 30
0.0
 11
31.2506957608064
 21
-25.44403096203997
 31
0.0
  0
LINE
  5
C3
330
17
100
AcDbEntity
  8
0
 62
11
100
AcDbLine
 10
31.25019576080639
 20
-25.44453096203997
 30
0.0
 11
31.2506957608064
 21
-25.44403096203997
 31
0.0
  0
LINE
  5
C4
330
17
100
AcDbEntity
  8
0
 62
11
100
AcDbLine
 10
31.2501957608064
 20
-25.43653096203997
 30
0.0
 11
31.2506957608064
 21
-25.43703096203997
 31
0.0
  0
LINE
  5
C5
330
17
100
AcDbEntity
  8
0
 62
11
100
AcDbLine
 10
31.2501957608064
 20
-25.44053096203997
 30
0.0
 11
31.2506957608064
 21
-25.44103096203997
 31
0.0
  0
LINE
  5
C6
330
17
100
AcDbEntity
  8
0
 62
11
100
AcDbLine
 10
31.2501957608064
 20
-25.44053096203997
 30
0.0
 11
31.2506957608064
 21
-25.44003096203996
 31
0.0
  0
LINE
  5
C7
330
17
100
AcDbEntity
  8
0
 62
11
100
AcDbLine
 10
31.2506957608064
 20
-25.41903096204013
 30
0.0
 11
31.2506957608064
 21
-25.42103096204014
 31
0.0
  0
LINE
  5
C8
330
17
100
AcDbEntity
  8
0
 62
11
100
AcDbLine
 10
31.25069576080641
 20
-25.42203096204013
 30
0.0
 11
31.2506957608064
 21
-25.42403096204014
 31
0.0
  0
LINE
  5
C9
330
17
100
AcDbEntity
  8
0
 62
11
100
AcDbLine
 10
31.25019576080641
 20
-25.42153096204014
 30
0.0
 11
31.2506957608064
 21
-25.42203096204013
 31
0.0
  0
LINE
  5
CA
330
17
100
AcDbEntity
  8
0
 62
11
100
AcDbLine
 10
31.25019576080641
 20
-25.42153096204014
 30
0.0
 11
31.2506957608064
 21
-25.42103096204014
 31
0.0
  0
LINE
  5
CB
330
17
100
AcDbEntity
  8
0
 62
11
100
AcDbLine
 10
31.2501957608064
 20
-25.42453096204015
 30
0.0
 11
31.2506957608064
 21
-25.42403096204014
 31
0.0
  0
LINE
  5
CC
330
17
100
AcDbEntity
  8
0
 62
11
100
AcDbLine
 10
31.2501957608064
 20
-25.41853096204013
 30
0.0
 11
31.2506957608064
 21
-25.41903096204013
 31
0.0
  0
LINE
  5
CD
330
17
100
AcDbEntity
  8
0
 62
11
100
AcDbLine
 10
31.23594363269436
 20
-25.20755598911515
 30
0.0
 11
31.23544363269437
 21
-25.20805598911515
 31
0.0
  0
LWPOLYLINE
  5
CE
330
17
100
AcDbEntity
  8
0
 62
8
100
AcDbPolyline
 90
6
 70
1
 10
31.24669346513196
 20
-25.1965559891153
 10
31.24669346513196
 20
-25.20655598911531
 10
31.24169346513196
 20
-25.20655598911531
 10
31.23869346513196
 20
-25.20305598911531
 10
31.23869346513196
 20
-25.20005598911531
 10
31.24169346513196
 20
-25.1965559891153
  0
LWPOLYLINE
  5
CF
330
17
100
AcDbEntity
  8
0
 62
8
100
AcDbPolyline
 90
6
 70
1
 10
31.24619346513196
 20
-25.19705598911531
 10
31.24619346513196
 20
-25.20605598911531
 10
31.24184485295082
 20
-25.20605598911531
 10
31.23919346513196
 20
-25.20278839723607
 10
31.23919346513196
 20
-25.20032358099456
 10
31.24184485295082
 20
-25.19705598911531
  0
LINE
  5
D0
330
17
100
AcDbEntity
  8
0
 62
11
100
AcDbLine
 10
31.23594363269437
 20
-25.19555598911515
 30
0.0
 11
31.23544363269437
 21
-25.19505598911515
 31
0.0
  0
ARC
  5
D1
330
17
100
AcDbEntity
  8
0
 62
8
100
AcDbCircle
 10
31.22375298652753
 20
-25.20155598911515
 30
0.0
 40
0.0133761432333217
100
AcDbArc
 50
330.9259378909825
 51
29.07406210903058
  0
LINE
  5
D2
330
17
100
AcDbEntity
  8
0
 62
8
100
AcDbLine
 10
31.24169346513196
 20
-25.1965559891153
 30
0.0
 11
31.24169346513196
 21
-25.19555598911531
 31
0.0
  0
LINE
  5
D3
330
17
100
AcDbEntity
  8
0
 62
8
100
AcDbLine
 10
31.24169346513196
 20
-25.20655598911531
 30
0.0
 11
31.24169346513196
 21
-25.20755598911531
 31
0.0
  0
LINE
  5
D4
330
17
100
AcDbEntity
  8
0
 62
11
100
AcDbLine
 10
31.2501957608064
 20
-25.42453096204015
 30
0.0
 11
31.2506957608064
 21
-25.42403096204014
 31
0.0
  0
LINE
  5
D5
330
17
100
AcDbEntity
  8
0
 62
8
100
AcDbLine
 10
31.23801026373992
 20
-25.43653096203997
 30
0.0
 11
31.23801026373992
 21
-25.42453096203997
 31
0.0
  0
LWPOLYLINE
  5
D6
330
17
100
AcDbEntity
  8
0
 62
8
100
AcDbPolyline
 90
6
 70
1
 10
31.23801026373992
 20
-25.42553096203997
 10
31.23801026373992
 20
-25.43553096203997
 10
31.24301026373992
 20
-25.43553096203997
 10
31.24601026373992
 20
-25.43203096203997
 10
31.24601026373992
 20
-25.42903096203997
 10
31.24301026373992
 20
-25.42553096203997
  0
LWPOLYLINE
  5
D7
330
17
100
AcDbEntity
  8
0
 62
8
100
AcDbPolyline
 90
6
 70
1
 10
31.23851026373992
 20
-25.42603096203997
 10
31.23851026373992
 20
-25.43503096203997
 10
31.24285887592106
 20
-25.43503096203997
 10
31.24551026373992
 20
-25.43176337016073
 10
31.24551026373992
 20
-25.42929855391922
 10
31.24285887592106
 20
-25.42603096203997
  0
LINE
  5
D8
330
17
100
AcDbEntity
  8
0
 62
11
100
AcDbLine
 10
31.2501957608064
 20
-25.42453096203997
 30
0.0
 11
31.2506957608064
 21
-25.42403096203996
 31
0.0
  0
ARC
  5
D9
330
17
100
AcDbEntity
  8
0
 62
8
100
AcDbCircle
 10
31.26238640697325
 20
-25.43053096203997
 30
0.0
 40
0.0133761432333217
100
AcDbArc
 50
150.9259378909695
 51
209.0740621090173
  0
LINE
  5
DA
330
17
100
AcDbEntity
  8
0
 62
8
100
AcDbLine
 10
31.24301026373992
 20
-25.42553096203997
 30
0.0
 11
31.24301026373992
 21
-25.42453096203997
 31
0.0
  0
LINE
  5
DB
330
17
100
AcDbEntity
  8
0
 62
8
100
AcDbLine
 10
31.24301026373992
 20
-25.43553096203997
 30
0.0
 11
31.24301026373992
 21
-25.43653096203997
 31
0.0
  0
LINE
  5
DC
330
17
100
AcDbEntity
  8
0
 62
8
100
AcDbLine
 10
31.24669346513196
 20
-25.19555598911557
 30
0.0
 11
31.24669346513196
 21
-25.20755598911531
 31
0.0
  0
LINE
  5
DD
330
17
100
AcDbEntity
  8
0
 62
11
100
AcDbLine
 10
30.14832808632853
 20
-25.43703096203996
 30
0.0
 11
30.14832808632853
 21
-25.44003096203996
 31
0.0
  0
LINE
  5
DE
330
17
100
AcDbEntity
  8
0
 62
11
100
AcDbLine
 10
30.14832808632853
 20
-25.44103096203996
 30
0.0
 11
30.14832808632853
 21
-25.44403096203997
 31
0.0
  0
LINE
  5
DF
330
17
100
AcDbEntity
  8
0
 62
11
100
AcDbLine
 10
30.14882808632853
 20
-25.44453096203997
 30
0.0
 11
30.14832808632853
 21
-25.44403096203997
 31
0.0
  0
LINE
  5
E0
330
17
100
AcDbEntity
  8
0
 62
11
100
AcDbLine
 10
30.14882808632852
 20
-25.43653096203997
 30
0.0
 11
30.14832808632853
 21
-25.43703096203996
 31
0.0
  0
LINE
  5
E1
330
17
100
AcDbEntity
  8
0
 62
11
100
AcDbLine
 10
30.14882808632852
 20
-25.44053096203996
 30
0.0
 11
30.14832808632853
 21
-25.44103096203996
 31
0.0
  0
LINE
  5
E2
330
17
100
AcDbEntity
  8
0
 62
11
100
AcDbLine
 10
30.14882808632852
 20
-25.44053096203996
 30
0.0
 11
30.14832808632853
 21
-25.44003096203996
 31
0.0
  0
LINE
  5
E3
330
17
100
AcDbEntity
  8
0
 62
11
100
AcDbLine
 10
30.14832808632853
 20
-25.41903096204013
 30
0.0
 11
30.14832808632853
 21
-25.42103096204013
 31
0.0
  0
LINE
  5
E4
330
17
100
AcDbEntity
  8
0
 62
11
100
AcDbLine
 10
30.14832808632852
 20
-25.42203096204013
 30
0.0
 11
30.14832808632853
 21
-25.42403096204014
 31
0.0
  0
LINE
  5
E5
330
17
100
AcDbEntity
  8
0
 62
11
100
AcDbLine
 10
30.14882808632851
 20
-25.42153096204013
 30
0.0
 11
30.14832808632853
 21
-25.42203096204013
 31
0.0
  0
LINE
  5
E6
330
17
100
AcDbEntity
  8
0
 62
11
100
AcDbLine
 10
30.14882808632851
 20
-25.42153096204013
 30
0.0
 11
30.14832808632853
 21
-25.42103096204014
 31
0.0
  0
LINE
  5
E7
330
17
100
AcDbEntity
  8
0
 62
11
100
AcDbLine
 10
30.14882808632852
 20
-25.42453096204014
 30
0.0
 11
30.14832808632853
 21
-25.42403096204014
 31
0.0
  0
LINE
  5
E8
330
17
100
AcDbEntity
  8
0
 62
11
100
AcDbLine
 10
30.14882808632852
 20
-25.41853096204013
 30
0.0
 11
30.14832808632853
 21
-25.41903096204013
 31
0.0
  0
LINE
  5
E9
330
17
100
AcDbEntity
  8
0
 62
11
100
AcDbLine
 10
30.14882808632852
 20
-25.43653096203997
 30
0.0
 11
30.14832808632853
 21
-25.43703096203996
 31
0.0
  0
LWPOLYLINE
  5
EA
330
17
100
AcDbEntity
  8
0
 62
8
100
AcDbPolyline
 90
6
 70
1
 10
30.16101358339501
 20
-25.42553096203996
 10
30.16101358339501
 20
-25.43553096203997
 10
30.15601358339501
 20
-25.43553096203997
 10
30.15301358339501
 20
-25.43203096203996
 10
30.15301358339501
 20
-25.42903096203997
 10
30.15601358339501
 20
-25.42553096203996
  0
LWPOLYLINE
  5
EB
330
17
100
AcDbEntity
  8
0
 62
8
100
AcDbPolyline
 90
6
 70
1
 10
30.16051358339501
 20
-25.42603096203996
 10
30.16051358339501
 20
-25.43503096203997
 10
30.15616497121387
 20
-25.43503096203997
 10
30.15351358339501
 20
-25.43176337016073
 10
30.15351358339501
 20
-25.42929855391922
 10
30.15616497121387
 20
-25.42603096203996
  0
LINE
  5
EC
330
17
100
AcDbEntity
  8
0
 62
11
100
AcDbLine
 10
30.14882808632853
 20
-25.42453096203996
 30
0.0
 11
30.14832808632853
 21
-25.42403096203996
 31
0.0
  0
ARC
  5
ED
330
17
100
AcDbEntity
  8
0
 62
8
100
AcDbCircle
 10
30.13663744016169
 20
-25.43053096203996
 30
0.0
 40
0.0133761432333217
100
AcDbArc
 50
330.9259378909825
 51
29.07406210903058
  0
LINE
  5
EE
330
17
100
AcDbEntity
  8
0
 62
8
100
AcDbLine
 10
30.15601358339501
 20
-25.42553096203996
 30
0.0
 11
30.15601358339501
 21
-25.42453096203996
 31
0.0
  0
LINE
  5
EF
330
17
100
AcDbEntity
  8
0
 62
8
100
AcDbLine
 10
30.15601358339501
 20
-25.43553096203997
 30
0.0
 11
30.15601358339501
 21
-25.43653096203997
 31
0.0
  0
LINE
  5
F0
330
17
100
AcDbEntity
  8
0
 62
8
100
AcDbLine
 10
30.16101358339501
 20
-25.42453096204023
 30
0.0
 11
30.16101358339501
 21
-25.43653096203997
 31
0.0
  0
LWPOLYLINE
  5
F1
330
17
100
AcDbEntity
  8
0-TEXTO
  6
CONTINUOUS
 48
5.0
100
AcDbPolyline
 90
8
 70
1
 10
31.12248978849087
 20
-25.10354787403148
 10
31.38549134584313
 20
-25.10354787403148
 42
-0.4142135623730951
 10
31.46049134591298
 20
-25.17854787514907
 10
31.46049134591298
 20
-25.44705689338398
 42
-0.4142135623730951
 10
31.38549134584313
 20
-25.52205689450157
 10
31.12248978849087
 20
-25.52205689450157
 42
-0.4142135623730951
 10
31.04748978850834
 20
-25.44705689338398
 10
31.04748978850834
 20
-25.17854787514907
 42
-0.4142135623730951
  0
LWPOLYLINE
  5
F2
330
17
100
AcDbEntity
  8
0
 62
11
100
AcDbPolyline
 90
16
 70
1
 10
36.36080397596024
 20
-21.79579307551956
 10
36.36080397596024
 20
-21.78129307551956
 42
0.4142135623730951
 10
36.36030397596025
 20
-21.78079307551946
 10
36.27630397596023
 20
-21.78079307551946
 42
0.4142135623730951
 10
36.27580397596024
 20
-21.78129307551956
 10
36.27580397596024
 20
-21.98029307551941
 42
0.4142135623730951
 10
36.27630397596023
 20
-21.98079307551951
 10
36.36030397596025
 20
-21.98079307551951
 42
0.4142135623730951
 10
36.36080397596024
 20
-21.98029307551941
 10
36.36080397596024
 20
-21.96579307551941
 10
36.35780397596025
 20
-21.96579307551941
 10
36.35780397596025
 20
-21.97779307551958
 10
36.27880397596022
 20
-21.97779307551958
 10
36.27880397596022
 20
-21.78379307551939
 10
36.35780397596025
 20
-21.78379307551939
 10
36.35780397596025
 20
-21.79579307551956
  0
LWPOLYLINE
  5
F3
330
17
100
AcDbEntity
  8
0
 62
11
100
AcDbPolyline
 90
16
 70
1
 10
36.36080397596024
 20
-21.79579307551956
 10
36.36080397596024
 20
-21.78129307551956
 42
-0.4142135623730951
 10
36.36130397596023
 20
-21.78079307551946
 10
36.44530397596025
 20
-21.78079307551946
 42
-0.4142135623730951
 10
36.44580397596024
 20
-21.78129307551956
 10
36.44580397596024
 20
-21.98029307551941
 42
-0.4142135623730951
 10
36.44530397596025
 20
-21.98079307551951
 10
36.36130397596023
 20
-21.98079307551951
 42
-0.4142135623730951
 10
36.36080397596024
 20
-21.98029307551941
 10
36.36080397596024
 20
-21.96579307551941
 10
36.36380397596023
 20
-21.96579307551941
 10
36.36380397596023
 20
-21.97779307551958
 10
36.44280397596026
 20
-21.97779307551958
 10
36.44280397596026
 20
-21.78379307551939
 10
36.36380397596023
 20
-21.78379307551939
 10
36.36380397596023
 20
-21.79579307551956
  0
LINE
  5
F4
330
17
100
AcDbEntity
  8
0
 62
8
100
AcDbLine
 10
34.42816362872201
 20
-21.78079307551946
 30
0.0
 11
30.14816362872201
 21
-21.78079307551946
 31
0.0
  0
LINE
  5
F5
330
17
100
AcDbEntity
  8
0
 62
8
100
AcDbLine
 10
36.36080397596024
 20
-21.78129307551951
 30
0.0
 11
36.36080397596024
 21
-21.98029307551946
 31
0.0
  0
LINE
  5
F6
330
17
100
AcDbEntity
  8
0
 62
11
100
AcDbLine
 10
36.47164034713092
 20
-22.13748881743679
 30
0.0
 11
36.47464034713092
 21
-22.13748881743679
 31
0.0
  0
LINE
  5
F7
330
17
100
AcDbEntity
  8
0
 62
11
100
AcDbLine
 10
36.47564034713091
 20
-22.13748881743679
 30
0.0
 11
36.47864034713091
 21
-22.13748881743679
 31
0.0
  0
LINE
  5
F8
330
17
100
AcDbEntity
  8
0
 62
11
100
AcDbLine
 10
36.47914034713098
 20
-22.13798881743685
 30
0.0
 11
36.47864034713091
 21
-22.13748881743679
 31
0.0
  0
LINE
  5
F9
330
17
100
AcDbEntity
  8
0
 62
11
100
AcDbLine
 10
36.47114034713092
 20
-22.13798881743679
 30
0.0
 11
36.47164034713092
 21
-22.13748881743679
 31
0.0
  0
LINE
  5
FA
330
17
100
AcDbEntity
  8
0
 62
11
100
AcDbLine
 10
36.47514034713092
 20
-22.13798881743679
 30
0.0
 11
36.47564034713091
 21
-22.13748881743679
 31
0.0
  0
LINE
  5
FB
330
17
100
AcDbEntity
  8
0
 62
11
100
AcDbLine
 10
36.47514034713092
 20
-22.13798881743679
 30
0.0
 11
36.47464034713092
 21
-22.13748881743679
 31
0.0
  0
LINE
  5
FC
330
17
100
AcDbEntity
  8
0
 62
11
100
AcDbLine
 10
36.45364034713109
 20
-22.13748881743679
 30
0.0
 11
36.45564034713109
 21
-22.13748881743679
 31
0.0
  0
LINE
  5
FD
330
17
100
AcDbEntity
  8
0
 62
11
100
AcDbLine
 10
36.45664034713109
 20
-22.13748881743679
 30
0.0
 11
36.45864034713109
 21
-22.13748881743679
 31
0.0
  0
LINE
  5
FE
330
17
100
AcDbEntity
  8
0
 62
11
100
AcDbLine
 10
36.45614034713109
 20
-22.13798881743679
 30
0.0
 11
36.45664034713109
 21
-22.13748881743679
 31
0.0
  0
LINE
  5
FF
330
17
100
AcDbEntity
  8
0
 62
11
100
AcDbLine
 10
36.45614034713131
 20
-22.137988817437
 30
0.0
 11
36.45564034713109
 21
-22.13748881743679
 31
0.0
  0
LINE
  5
100
330
17
100
AcDbEntity
  8
0
 62
8
100
AcDbLine
 10
36.45914034713109
 20
-22.13798881743679
 30
0.0
 11
36.45864034713109
 21
-22.13748881743679
 31
0.0
  0
LINE
  5
101
330
17
100
AcDbEntity
  8
0
 62
11
100
AcDbLine
 10
36.45314034713098
 20
-22.1379888174369
 30
0.0
 11
36.45364034713109
 21
-22.13748881743679
 31
0.0
  0
LINE
  5
102
330
17
100
AcDbEntity
  8
0
 62
8
100
AcDbLine
 10
36.47114034713092
 20
-22.15017431450327
 30
0.0
 11
36.45914034713092
 21
-22.15017431450327
 31
0.0
  0
LWPOLYLINE
  5
103
330
17
100
AcDbEntity
  8
0
 62
8
100
AcDbPolyline
 90
6
 70
1
 10
36.46014034713092
 20
-22.15017431450327
 10
36.47014034713091
 20
-22.15017431450327
 10
36.47014034713091
 20
-22.14517431450328
 10
36.46664034713093
 20
-22.14217431450328
 10
36.46364034713093
 20
-22.14217431450328
 10
36.46014034713092
 20
-22.14517431450328
  0
LWPOLYLINE
  5
104
330
17
100
AcDbEntity
  8
0
 62
8
100
AcDbPolyline
 90
6
 70
1
 10
36.46064034713093
 20
-22.14967431450328
 10
36.46964034713093
 20
-22.14967431450328
 10
36.46964034713093
 20
-22.14532570232214
 10
36.46637275525168
 20
-22.14267431450327
 10
36.46390793901016
 20
-22.14267431450327
 10
36.46064034713093
 20
-22.14532570232214
  0
LINE
  5
105
330
17
100
AcDbEntity
  8
0
 62
11
100
AcDbLine
 10
36.45914034713115
 20
-22.13798881743702
 30
0.0
 11
36.45864034713092
 21
-22.13748881743679
 31
0.0
  0
ARC
  5
106
330
17
100
AcDbEntity
  8
0
 62
8
100
AcDbCircle
 10
36.46514034713092
 20
-22.12579817126995
 30
0.0
 40
0.0133761432333217
100
AcDbArc
 50
240.9259378909695
 51
299.0740621090175
  0
LINE
  5
107
330
17
100
AcDbEntity
  8
0
 62
8
100
AcDbLine
 10
36.46014034713092
 20
-22.14517431450328
 30
0.0
 11
36.45914034713092
 21
-22.14517431450328
 31
0.0
  0
LINE
  5
108
330
17
100
AcDbEntity
  8
0
 62
8
100
AcDbLine
 10
36.47014034713091
 20
-22.14517431450328
 30
0.0
 11
36.47114034713092
 21
-22.14517431450328
 31
0.0
  0
LWPOLYLINE
  5
109
330
17
100
AcDbEntity
  8
0
100
AcDbPolyline
 90
4
 70
1
 10
-36.47501149442227
 20
-22.118209166055095
 10
-36.455611494422264
 20
-22.118209166055095
 10
-36.455611494422264
 20
-22.115709166055094
 10
-36.47501149442227
 20
-22.115709166055094
210
0.0
220
0.0
230
-1.0
  0
LINE
  5
10A
330
17
100
AcDbEntity
  8
0
100
AcDbLine
 10
36.462311494422266
 20
-22.099783436230922
 30
0.0
 11
36.462311494422266
 21
-22.111209166055097
 31
0.0
  0
LINE
  5
10B
330
17
100
AcDbEntity
  8
0
100
AcDbLine
 10
36.45831149442227
 20
-22.111209166055094
 30
0.0
 11
36.45831149442227
 21
-22.115709166055094
 31
0.0
  0
LINE
  5
10C
330
17
100
AcDbEntity
  8
0
100
AcDbLine
 10
36.46831149442227
 20
-22.099783436230922
 30
0.0
 11
36.46831149442227
 21
-22.111209166055097
 31
0.0
  0
LINE
  5
10D
330
17
100
AcDbEntity
  8
0
100
AcDbLine
 10
36.472311494422264
 20
-22.111209166055094
 30
0.0
 11
36.472311494422264
 21
-22.115709166055094
 31
0.0
  0
LINE
  5
10E
330
17
100
AcDbEntity
  8
0
100
AcDbLine
 10
36.472311494422264
 20
-22.111209166055094
 30
0.0
 11
36.45831149442227
 21
-22.111209166055094
 31
0.0
  0
LINE
  5
10F
330
17
100
AcDbEntity
  8
0
100
AcDbLine
 10
36.472311494422264
 20
-22.113709166055095
 30
0.0
 11
36.45831149442227
 21
-22.113709166055095
 31
0.0
  0
LINE
  5
110
330
17
100
AcDbEntity
  8
0
100
AcDbLine
 10
36.46051149442226
 20
-22.091783436230923
 30
0.0
 11
36.47011149442227
 21
-22.091783436230923
 31
0.0
  0
ARC
  5
111
330
17
100
AcDbEntity
  8
0
100
AcDbCircle
 10
-36.47011149442227
 20
-22.09228343623092
 30
0.0
 40
0.0005
210
0.0
220
0.0
230
-1.0
100
AcDbArc
 50
90.0
 51
180.0
  0
LINE
  5
112
330
17
100
AcDbEntity
  8
0
100
AcDbLine
 10
36.470611494422265
 20
-22.09228343623092
 30
0.0
 11
36.470611494422265
 21
-22.099283436230923
 31
0.0
  0
ARC
  5
113
330
17
100
AcDbEntity
  8
0
100
AcDbCircle
 10
-36.47011149442227
 20
-22.099283436230923
 30
0.0
 40
0.0005
210
0.0
220
0.0
230
-1.0
100
AcDbArc
 50
180.0
 51
-90.00000000000001
  0
LINE
  5
114
330
17
100
AcDbEntity
  8
0
100
AcDbLine
 10
36.47011149442227
 20
-22.099783436230922
 30
0.0
 11
36.46051149442226
 21
-22.099783436230922
 31
0.0
  0
ARC
  5
115
330
17
100
AcDbEntity
  8
0
100
AcDbCircle
 10
-36.46051149442226
 20
-22.099283436230923
 30
0.0
 40
0.0005
210
0.0
220
0.0
230
-1.0
100
AcDbArc
 50
-90.00000000000021
 51
0.0
  0
LINE
  5
116
330
17
100
AcDbEntity
  8
0
100
AcDbLine
 10
36.46001149442227
 20
-22.099283436230923
 30
0.0
 11
36.46001149442227
 21
-22.09228343623092
 31
0.0
  0
ARC
  5
117
330
17
100
AcDbEntity
  8
0
100
AcDbCircle
 10
-36.46051149442226
 20
-22.09228343623092
 30
0.0
 40
0.0005
210
0.0
220
0.0
230
-1.0
100
AcDbArc
 50
0.0
 51
90.0
  0
LWPOLYLINE
  5
118
330
17
100
AcDbEntity
  8
0
100
AcDbPolyline
 90
179
 70
1
 10
36.4501403471309
 20
-24.3725757837271
 42
0.4142135623735948
 10
36.45044034713091
 20
-24.3728757837271
 10
36.45144034713091
 20
-24.3728757837271
 42
0.4142135623764249
 10
36.451640347130905
 20
-24.372675783727107
 10
36.451640347130905
 20
-24.3718757837271
 42
-0.4142135623724848
 10
36.451940347130915
 20
-24.3715757837271
 10
36.452340347130914
 20
-24.3715757837271
 42
-0.4142135623717077
 10
36.4526403471309
 20
-24.3718757837271
 10
36.4526403471309
 20
-24.3725757837271
 42
0.4142135623728177
 10
36.452940347130905
 20
-24.3728757837271
 10
36.47934034713106
 20
-24.3728757837271
 42
0.414213562375093
 10
36.47964034713105
 20
-24.3725757837271
 10
36.47964034713105
 20
-24.3718757837271
 42
-0.4142135623717074
 10
36.47994034713105
 20
-24.37157578372709
 10
36.48034034713105
 20
-24.37157578372709
 42
-0.4142135623738167
 10
36.48064034713106
 20
-24.3718757837271
 10
36.48064034713106
 20
-24.3726757837271
 42
0.4142135623751761
 10
36.48084034713105
 20
-24.3728757837271
 10
36.481840347131055
 20
-24.3728757837271
 42
0.4142135623729287
 10
36.48214034713105
 20
-24.3725757837271
 10
36.48214034713105
 20
-24.3658757837271
 42
0.4142135623728178
 10
36.481840347131055
 20
-24.3655757837271
 10
36.48084034713105
 20
-24.3655757837271
 42
0.4142135623721793
 10
36.48064034713106
 20
-24.3657757837271
 10
36.48064034713106
 20
-24.3665757837271
 42
-0.4142135623760919
 10
36.48034034713105
 20
-24.36687578372709
 10
36.47994034713105
 20
-24.3668757837271
 42
-0.4142135623738166
 10
36.47964034713105
 20
-24.3665757837271
 10
36.47964034713105
 20
-24.36477578372709
 42
-0.4142135623742605
 10
36.47994034713105
 20
-24.364475783727098
 10
36.481840347131055
 20
-24.364475783727098
 42
0.4142135623742051
 10
36.48214034713105
 20
-24.364175783727088
 10
36.48214034713105
 20
-24.36149830579274
 42
0.24543573724201
 10
36.482011735710614
 20
-24.36125208240881
 42
-0.0951283628813846
 10
36.480905743058834
 20
-24.360118381307828
 42
0.5526471097437529
 10
36.48039785106761
 20
-24.3601297048844
 42
-0.2638913283817033
 10
36.480140347131055
 20
-24.3602757837271
 10
36.47994034713105
 20
-24.3602757837271
 42
-0.4142135623728177
 10
36.47964034713105
 20
-24.359975783727098
 10
36.47964034713105
 20
-24.3589757837271
 42
-0.4142135623723737
 10
36.47994034713105
 20
-24.358675783727097
 10
36.48132586219842
 20
-24.358675783727097
 42
-0.3115563722354438
 10
36.48160634525533
 20
-24.358869344754968
 42
0.2145550635874846
 10
36.48334678610318
 20
-24.3606097856028
 42
-0.3115563722355165
 10
36.483540347131054
 20
-24.36089026865972
 10
36.483540347131054
 20
-24.4181757837271
 42
-0.4142135623746268
 10
36.48304034713105
 20
-24.4186757837271
 10
36.480140347131055
 20
-24.4186757837271
 42
-0.4142135623714302
 10
36.47984034713105
 20
-24.4183757837271
 10
36.47984034713105
 20
-24.416375783727098
 42
-0.4142135623737057
 10
36.480140347131055
 20
-24.4160757837271
 10
36.48034034713105
 20
-24.4160757837271
 42
-0.4142135623719298
 10
36.48064034713106
 20
-24.41637578372709
 10
36.48064034713106
 20
-24.4172757837271
 42
0.4142135623731507
 10
36.48094034713105
 20
-24.417575783727088
 10
36.481840347131055
 20
-24.4175757837271
 42
0.4142135623699318
 10
36.48214034713105
 20
-24.4172757837271
 10
36.48214034713105
 20
-24.4105757837271
 42
0.4142135623712638
 10
36.481840347131055
 20
-24.410275783727098
 10
36.48094034713105
 20
-24.410275783727098
 42
0.4142135623728175
 10
36.48064034713106
 20
-24.4105757837271
 10
36.48064034713106
 20
-24.411475783727088
 42
-0.4142135623728177
 10
36.48034034713105
 20
-24.411775783727098
 10
36.480140347131055
 20
-24.411775783727098
 42
-0.4142135623738166
 10
36.47984034713105
 20
-24.411475783727088
 10
36.47984034713105
 20
-24.4080757837271
 42
-0.4142135623737057
 10
36.480140347131055
 20
-24.4077757837271
 10
36.48034034713105
 20
-24.4077757837271
 42
-0.4142135623719298
 10
36.48064034713106
 20
-24.40807578372709
 10
36.48064034713106
 20
-24.408975783727097
 42
0.4142135623735947
 10
36.48094034713105
 20
-24.4092757837271
 10
36.481840347131055
 20
-24.40927578372709
 42
0.4142135623740386
 10
36.48214034713105
 20
-24.408975783727097
 10
36.48214034713105
 20
-24.4022757837271
 42
0.4142135623731507
 10
36.481840347131055
 20
-24.4019757837271
 10
36.48094034713105
 20
-24.4019757837271
 42
0.4142135623728175
 10
36.48064034713106
 20
-24.4022757837271
 10
36.48064034713106
 20
-24.4031757837271
 42
-0.4142135623728177
 10
36.48034034713105
 20
-24.40347578372709
 10
36.480140347131055
 20
-24.40347578372709
 42
-0.4142135623738166
 10
36.47984034713105
 20
-24.4031757837271
 10
36.47984034713105
 20
-24.4014757837271
 42
-0.4142135623732283
 10
36.48034034713105
 20
-24.400975783727098
 10
36.48134034713105
 20
-24.400975783727098
 42
0.3104661910082529
 10
36.48214034713105
 20
-24.4004757837271
 10
36.48214034713105
 20
-24.3929757837271
 42
0.4142135623681557
 10
36.481840347131055
 20
-24.3926757837271
 10
36.47944034713105
 20
-24.3926757837271
 42
0.4142135623705421
 10
36.47914034713105
 20
-24.3929757837271
 10
36.47914034713105
 20
-24.3961757837271
 42
-0.4142135623731117
 10
36.47814034713105
 20
-24.3971757837271
 10
36.47554034713105
 20
-24.3971757837271
 42
-0.4142135623732949
 10
36.475040347131056
 20
-24.396675783727098
 10
36.475040347131056
 20
-24.3961757837271
 42
-0.4142135623746268
 10
36.47554034713105
 20
-24.3956757837271
 10
36.47734034713105
 20
-24.3956757837271
 42
0.4142135623705423
 10
36.47764034713106
 20
-24.39537578372709
 10
36.47764034713106
 20
-24.3929757837271
 42
0.4142135623723183
 10
36.47734034713105
 20
-24.3926757837271
 10
36.46805996237332
 20
-24.3926757837271
 10
36.4549403471309
 20
-24.3926757837271
 42
0.4142135623725956
 10
36.45464034713091
 20
-24.3929757837271
 10
36.45464034713091
 20
-24.3953757837271
 42
0.4142135623724845
 10
36.4549403471309
 20
-24.3956757837271
 10
36.4567403471309
 20
-24.3956757837271
 42
-0.4142135623746268
 10
36.45724034713091
 20
-24.3961757837271
 10
36.45724034713091
 20
-24.396675783727098
 42
-0.4142135623732616
 10
36.4567403471309
 20
-24.3971757837271
 10
36.4541403471309
 20
-24.3971757837271
 42
-0.4142135623730951
 10
36.4531403471309
 20
-24.3961757837271
 10
36.4531403471309
 20
-24.3929757837271
 42
0.4142135623700986
 10
36.4528403471309
 20
-24.3926757837271
 10
36.45044034713091
 20
-24.3926757837271
 42
0.4142135623704866
 10
36.4501403471309
 20
-24.3929757837271
 10
36.4501403471309
 20
-24.4004757837271
 42
0.3104661910104984
 10
36.4509403471309
 20
-24.400975783727098
 10
36.451940347130915
 20
-24.400975783727098
 42
-0.4142135623732616
 10
36.4524403471309
 20
-24.4014757837271
 10
36.4524403471309
 20
-24.4031757837271
 42
-0.4142135623724846
 10
36.45214034713091
 20
-24.4034757837271
 10
36.451940347130915
 20
-24.4034757837271
 42
-0.4142135623728177
 10
36.451640347130905
 20
-24.4031757837271
 10
36.451640347130905
 20
-24.4022757837271
 42
0.4142135623737057
 10
36.45134034713091
 20
-24.4019757837271
 10
36.45044034713091
 20
-24.4019757837271
 42
0.4142135623724848
 10
36.4501403471309
 20
-24.4022757837271
 10
36.4501403471309
 20
-24.408975783727097
 42
0.4142135623740385
 10
36.45044034713091
 20
-24.4092757837271
 10
36.45134034713091
 20
-24.4092757837271
 42
0.4142135623724846
 10
36.451640347130905
 20
-24.408975783727097
 10
36.451640347130905
 20
-24.4080757837271
 42
-0.4142135623723183
 10
36.451940347130915
 20
-24.4077757837271
 10
36.45214034713091
 20
-24.4077757837271
 42
-0.4142135623728178
 10
36.4524403471309
 20
-24.4080757837271
 10
36.4524403471309
 20
-24.4114757837271
 42
-0.4142135623724846
 10
36.45214034713091
 20
-24.411775783727098
 10
36.451940347130915
 20
-24.411775783727098
 42
-0.4142135623728177
 10
36.451640347130905
 20
-24.4114757837271
 10
36.451640347130905
 20
-24.410575783727108
 42
0.4142135623737057
 10
36.45134034713091
 20
-24.410275783727098
 10
36.45044034713091
 20
-24.410275783727098
 42
0.4142135623705422
 10
36.4501403471309
 20
-24.4105757837271
 10
36.4501403471309
 20
-24.4172757837271
 42
0.4142135623717077
 10
36.45044034713091
 20
-24.4175757837271
 10
36.45134034713091
 20
-24.4175757837271
 42
0.4142135623707086
 10
36.451640347130905
 20
-24.41727578372711
 10
36.451640347130905
 20
-24.416375783727098
 42
-0.4142135623723183
 10
36.451940347130915
 20
-24.4160757837271
 10
36.45214034713091
 20
-24.4160757837271
 42
-0.4142135623737057
 10
36.4524403471309
 20
-24.416375783727098
 10
36.4524403471309
 20
-24.4183757837271
 42
-0.4142135623692104
 10
36.45214034713091
 20
-24.4186757837271
 10
36.4492403471309
 20
-24.4186757837271
 42
-0.4142135623745602
 10
36.4487403471309
 20
-24.4181757837271
 10
36.4487403471309
 20
-24.36089026865972
 42
-0.3115563722320174
 10
36.44893390815878
 20
-24.36060978560282
 42
0.2145550635875904
 10
36.450674349006604
 20
-24.358869344754968
 42
-0.3115563722342129
 10
36.45095483206353
 20
-24.358675783727097
 10
36.4523403471309
 20
-24.358675783727097
 42
-0.4142135623724291
 10
36.4526403471309
 20
-24.3589757837271
 10
36.4526403471309
 20
-24.359975783727098
 42
-0.414213562375093
 10
36.4523403471309
 20
-24.3602757837271
 10
36.45214034713091
 20
-24.3602757837271
 42
-0.2638913283790971
 10
36.45188284319436
 20
-24.3601297048844
 42
0.5526471097437212
 10
36.451374951203135
 20
-24.360118381307828
 42
-0.0951283628812907
 10
36.45026895855135
 20
-24.36125208240881
 42
0.245435737242128
 10
36.4501403471309
 20
-24.36149830579275
 10
36.4501403471309
 20
-24.3641757837271
 42
0.4142135623728177
 10
36.45044034713091
 20
-24.364475783727098
 10
36.4523403471309
 20
-24.364475783727098
 42
-0.4142135623718743
 10
36.45264034713091
 20
-24.364775783727097
 10
36.45264034713091
 20
-24.3665757837271
 42
-0.4142135623724846
 10
36.4523403471309
 20
-24.3668757837271
 10
36.451940347130915
 20
-24.3668757837271
 42
-0.4142135623762032
 10
36.451640347130905
 20
-24.3665757837271
 10
36.451640347130905
 20
-24.3657757837271
 42
0.4142135623690996
 10
36.45144034713091
 20
-24.3655757837271
 10
36.45044034713091
 20
-24.3655757837271
 42
0.4142135623759811
 10
36.4501403471309
 20
-24.3658757837271
  0
LWPOLYLINE
  5
119
330
17
100
AcDbEntity
  8
0
100
AcDbPolyline
 90
25
 70
1
 10
36.4501403471309
 20
-24.383075783727097
 10
36.45074034713092
 20
-24.383075783727097
 10
36.45074034713092
 20
-24.3824757837271
 10
36.4501403471309
 20
-24.3824757837271
 10
36.4501403471309
 20
-24.3747757837271
 10
36.4517403471309
 20
-24.3747757837271
 10
36.4517403471309
 20
-24.3742757837271
 10
36.46584034713098
 20
-24.3742757837271
 10
36.46584034713098
 20
-24.3747757837271
 10
36.466440347130984
 20
-24.3747757837271
 10
36.466440347130984
 20
-24.37427578372709
 10
36.480540347131054
 20
-24.3742757837271
 10
36.480540347131054
 20
-24.3747757837271
 10
36.48214034713105
 20
-24.3747757837271
 10
36.48214034713105
 20
-24.382475783727088
 10
36.48154034713105
 20
-24.382475783727088
 10
36.48154034713105
 20
-24.383075783727097
 10
36.48214034713105
 20
-24.383075783727097
 10
36.48214034713105
 20
-24.3907757837271
 10
36.480540347131054
 20
-24.3907757837271
 10
36.480540347131054
 20
-24.3912757837271
 10
36.46784034713105
 20
-24.39127578372709
 10
36.4517403471309
 20
-24.3912757837271
 10
36.4517403471309
 20
-24.3907757837271
 10
36.4501403471309
 20
-24.3907757837271
  0
LINE
  5
11A
330
17
100
AcDbEntity
  8
0
 62
11
100
AcDbLine
 10
36.47164034713068
 20
-24.36929615162252
 30
0.0
 11
36.47464034713067
 21
-24.36929615162252
 31
0.0
  0
LINE
  5
11B
330
17
100
AcDbEntity
  8
0
 62
11
100
AcDbLine
 10
36.47564034713067
 20
-24.36929615162252
 30
0.0
 11
36.47864034713066
 21
-24.36929615162252
 31
0.0
  0
LINE
  5
11C
330
17
100
AcDbEntity
  8
0
 62
11
100
AcDbLine
 10
36.47914034713068
 20
-24.36879615162252
 30
0.0
 11
36.47864034713066
 21
-24.36929615162252
 31
0.0
  0
LINE
  5
11D
330
17
100
AcDbEntity
  8
0
 62
11
100
AcDbLine
 10
36.47114034713067
 20
-24.36879615162253
 30
0.0
 11
36.47164034713068
 21
-24.36929615162252
 31
0.0
  0
LINE
  5
11E
330
17
100
AcDbEntity
  8
0
 62
11
100
AcDbLine
 10
36.47514034713068
 20
-24.36879615162253
 30
0.0
 11
36.47564034713067
 21
-24.36929615162252
 31
0.0
  0
LINE
  5
11F
330
17
100
AcDbEntity
  8
0
 62
11
100
AcDbLine
 10
36.47514034713068
 20
-24.36879615162253
 30
0.0
 11
36.47464034713067
 21
-24.36929615162252
 31
0.0
  0
LINE
  5
120
330
17
100
AcDbEntity
  8
0
 62
11
100
AcDbLine
 10
36.45364034713085
 20
-24.36929615162253
 30
0.0
 11
36.45564034713084
 21
-24.36929615162252
 31
0.0
  0
LINE
  5
121
330
17
100
AcDbEntity
  8
0
 62
11
100
AcDbLine
 10
36.45664034713084
 20
-24.36929615162253
 30
0.0
 11
36.45864034713084
 21
-24.36929615162253
 31
0.0
  0
LINE
  5
122
330
17
100
AcDbEntity
  8
0
 62
11
100
AcDbLine
 10
36.45614034713084
 20
-24.36879615162253
 30
0.0
 11
36.45664034713084
 21
-24.36929615162253
 31
0.0
  0
LINE
  5
123
330
17
100
AcDbEntity
  8
0
 62
11
100
AcDbLine
 10
36.45614034713084
 20
-24.36879615162253
 30
0.0
 11
36.45564034713084
 21
-24.36929615162253
 31
0.0
  0
LINE
  5
124
330
17
100
AcDbEntity
  8
0
 62
11
100
AcDbLine
 10
36.45914034713084
 20
-24.36879615162253
 30
0.0
 11
36.45864034713084
 21
-24.36929615162253
 31
0.0
  0
LINE
  5
125
330
17
100
AcDbEntity
  8
0
 62
11
100
AcDbLine
 10
36.45314034713084
 20
-24.36879615162253
 30
0.0
 11
36.45364034713085
 21
-24.36929615162253
 31
0.0
  0
LINE
  5
126
330
17
100
AcDbEntity
  8
0
 62
11
100
AcDbLine
 10
36.47114034713067
 20
-24.36879615162253
 30
0.0
 11
36.47164034713068
 21
-24.36929615162252
 31
0.0
  0
LINE
  5
127
330
17
100
AcDbEntity
  8
0
 62
11
100
AcDbLine
 10
36.45914034713084
 20
-24.36879615162253
 30
0.0
 11
36.45864034713084
 21
-24.36929615162253
 31
0.0
  0
LINE
  5
128
330
17
100
AcDbEntity
  8
0
 62
11
100
AcDbLine
 10
36.47114034713114
 20
-24.368796151623
 30
0.0
 11
36.47164034713068
 21
-24.36929615162252
 31
0.0
  0
LINE
  5
129
330
17
100
AcDbEntity
  8
0
 62
8
100
AcDbLine
 10
36.47114034713067
 20
-24.35661065455605
 30
0.0
 11
36.45914034713067
 21
-24.35661065455605
 31
0.0
  0
LWPOLYLINE
  5
12A
330
17
100
AcDbEntity
  8
0
 62
8
100
AcDbPolyline
 90
6
 70
1
 10
36.46014034713068
 20
-24.35661065455605
 10
36.47014034713067
 20
-24.35661065455605
 10
36.47014034713067
 20
-24.36161065455604
 10
36.46664034713068
 20
-24.36461065455604
 10
36.46364034713068
 20
-24.36461065455604
 10
36.46014034713068
 20
-24.36161065455604
  0
LWPOLYLINE
  5
12B
330
17
100
AcDbEntity
  8
0
 62
8
100
AcDbPolyline
 90
6
 70
1
 10
36.46064034713068
 20
-24.35711065455604
 10
36.46964034713068
 20
-24.35711065455604
 10
36.46964034713068
 20
-24.36145926673718
 10
36.46637275525143
 20
-24.36411065455605
 10
36.46390793900991
 20
-24.36411065455605
 10
36.46064034713068
 20
-24.36145926673718
  0
LINE
  5
12C
330
17
100
AcDbEntity
  8
0
 62
11
100
AcDbLine
 10
36.45914034713114
 20
-24.36879615162205
 30
0.0
 11
36.45864034713067
 21
-24.36929615162252
 31
0.0
  0
ARC
  5
12D
330
17
100
AcDbEntity
  8
0
 62
8
100
AcDbCircle
 10
36.46514034713067
 20
-24.38098679778937
 30
0.0
 40
0.0133761432333217
100
AcDbArc
 50
60.92593789098252
 51
119.0740621090305
  0
LINE
  5
12E
330
17
100
AcDbEntity
  8
0
 62
8
100
AcDbLine
 10
36.46014034713068
 20
-24.36161065455604
 30
0.0
 11
36.45914034713067
 21
-24.36161065455604
 31
0.0
  0
LINE
  5
12F
330
17
100
AcDbEntity
  8
0
 62
8
100
AcDbLine
 10
36.47014034713067
 20
-24.36161065455604
 30
0.0
 11
36.47114034713067
 21
-24.36161065455604
 31
0.0
  0
LINE
  5
130
330
17
100
AcDbEntity
  8
0
 62
11
100
AcDbLine
 10
36.47914034713085
 20
-24.36879615162236
 30
0.0
 11
36.47914034713098
 21
-22.13798881743685
 31
0.0
  0
LINE
  5
131
330
17
100
AcDbEntity
  8
0
 62
8
100
AcDbLine
 10
36.47569034713143
 20
-24.36929615162252
 30
0.0
 11
36.47569034713132
 21
-22.13748881743679
 31
0.0
  0
LINE
  5
132
330
17
100
AcDbEntity
  8
0
 62
11
100
AcDbLine
 10
36.47514034713144
 20
-24.36879615162329
 30
0.0
 11
36.47514034713133
 21
-22.13798881743637
 31
0.0
  0
LINE
  5
133
330
17
100
AcDbEntity
  8
0
 62
11
100
AcDbLine
 10
36.47114034713114
 20
-24.368796151623
 30
0.0
 11
36.47114034713114
 21
-22.13798881743657
 31
0.0
  0
LINE
  5
134
330
17
100
AcDbEntity
  8
0
 62
11
100
AcDbLine
 10
36.45914034713114
 20
-24.36879615162205
 30
0.0
 11
36.45914034713115
 21
-22.13798881743702
 31
0.0
  0
LINE
  5
135
330
17
100
AcDbEntity
  8
0
 62
11
100
AcDbLine
 10
36.45614034713144
 20
-24.36879615162313
 30
0.0
 11
36.45614034713131
 21
-22.137988817437
 31
0.0
  0
LINE
  5
136
330
17
100
AcDbEntity
  8
0
 62
11
100
AcDbLine
 10
36.45314034713086
 20
-24.36879615162255
 30
0.0
 11
36.45314034713098
 21
-22.1379888174369
 31
0.0
  0
LINE
  5
137
330
17
100
AcDbEntity
  8
0
 62
8
100
AcDbLine
 10
33.27569850615247
 20
-22.13855719603758
 30
0.0
 11
32.33812875129157
 21
-22.13855719603757
 31
0.0
  0
LINE
  5
138
330
17
100
AcDbEntity
  8
0
 62
8
100
AcDbLine
 10
33.32566362872201
 20
-22.08859207346803
 30
0.0
 11
31.25066362872201
 21
-22.08859207346803
 31
0.0
  0
LINE
  5
139
330
17
100
AcDbEntity
  8
0
 62
8
100
AcDbLine
 10
33.27569850615247
 20
-24.35867578372711
 30
0.0
 11
32.33812875129219
 21
-24.35867578372711
 31
0.0
  0
LINE
  5
13A
330
17
100
AcDbEntity
  8
0
 62
8
100
AcDbLine
 10
32.32066362872202
 20
-21.78079307551946
 30
0.0
 11
32.32066362872202
 21
-18.91057947372224
 31
0.0
  0
LINE
  5
13B
330
17
100
AcDbEntity
  8
0
 62
8
100
AcDbLine
 10
32.25566362872201
 20
-21.78079307551946
 30
0.0
 11
32.25566362872202
 21
-18.91057947372224
 31
0.0
  0
LINE
  5
13C
330
17
100
AcDbEntity
  8
0
 62
8
100
AcDbLine
 10
32.28816362872202
 20
-22.08859207346803
 30
0.0
 11
32.28816362872202
 21
-24.42057947372223
 31
0.0
  0
LINE
  5
13D
330
17
100
AcDbEntity
  8
0
 62
8
100
AcDbLine
 10
33.27569850615247
 20
-22.13855719603758
 30
0.0
 11
33.27569850615247
 21
-24.35867578372711
 31
0.0
  0
LINE
  5
13E
330
17
100
AcDbEntity
  8
0
 62
8
100
AcDbLine
 10
31.30062875129157
 20
-22.13855719603758
 30
0.0
 11
31.30062875129157
 21
-24.35867578372711
 31
0.0
  0
LINE
  5
13F
330
17
100
AcDbEntity
  8
0
 62
8
100
AcDbLine
 10
32.23819850615247
 20
-22.13855719603757
 30
0.0
 11
32.23819850615247
 21
-24.35867578372711
 31
0.0
  0
LINE
  5
140
330
17
100
AcDbEntity
  8
0
 62
8
100
AcDbLine
 10
32.33812875129157
 20
-22.13855719603756
 30
0.0
 11
32.3381287512922
 21
-24.35867578372709
 31
0.0
  0
LINE
  5
141
330
17
100
AcDbEntity
  8
0
 62
8
100
AcDbLine
 10
32.23819850615247
 20
-22.13855719603758
 30
0.0
 11
31.30062875129157
 21
-22.13855719603758
 31
0.0
  0
LINE
  5
142
330
17
100
AcDbEntity
  8
0
 62
8
100
AcDbLine
 10
32.23819850615247
 20
-24.35867578372711
 30
0.0
 11
31.30062875129157
 21
-24.35867578372711
 31
0.0
  0
LWPOLYLINE
  5
143
330
17
100
AcDbEntity
  8
0
 62
8
100
AcDbPolyline
 90
6
 70
0
 10
32.53982721380068
 20
-23.24861648988234
 10
32.53982721380068
 20
-23.24861648988234
 10
33.10657412137177
 20
-23.24861648988234
 10
33.0005081041938
 20
-23.3546825070603
 10
33.10657412137177
 20
-23.24861648988234
 10
32.99697257028784
 20
-23.13901493879841
  0
LWPOLYLINE
  5
144
330
17
100
AcDbEntity
  8
0
 62
8
100
AcDbPolyline
 90
6
 70
0
 10
32.03650004364336
 20
-23.24861648988234
 10
32.03650004364336
 20
-23.24861648988234
 10
31.46975313607227
 20
-23.24861648988234
 10
31.57581915325024
 20
-23.3546825070603
 10
31.46975313607227
 20
-23.24861648988234
 10
31.5793546871562
 20
-23.13901493879841
  0
LINE
  5
145
330
17
100
AcDbEntity
  8
0-TEXTO
 62
4
100
AcDbLine
 10
29.47871326855977
 20
-22.77974325125166
 30
0.0
 11
29.07871326911857
 21
-22.77974325125166
 31
0.0
  0
LINE
  5
146
330
17
100
AcDbEntity
  8
0-TEXTO
 62
4
100
AcDbLine
 10
29.47871326855977
 20
-22.78974325126097
 30
0.0
 11
29.07871326911857
 21
-22.78974325126097
 31
0.0
  0
LINE
  5
147
330
17
100
AcDbEntity
  8
0-TEXTO
 62
251
100
AcDbLine
 10
29.17871326874604
 20
-22.77974325125166
 30
0.0
 11
29.17871326874604
 21
-22.17974325127494
 31
0.0
  0
LINE
  5
148
330
17
100
AcDbEntity
  8
0-TEXTO
 62
251
100
AcDbLine
 10
29.24942394639959
 20
-22.70903257313245
 30
0.0
 11
29.17871326874604
 21
-22.77974325125166
 31
0.0
  0
LINE
  5
149
330
17
100
AcDbEntity
  8
0-TEXTO
 62
251
100
AcDbLine
 10
29.17871326874604
 20
-22.77974325125166
 30
0.0
 11
29.10800259016117
 21
-22.70903257313245
 31
0.0
  0
LINE
  5
14A
330
17
100
AcDbEntity
  8
0-TEXTO
 62
4
100
AcDbLine
 10
32.68009777446958
 20
-18.23774669387943
 30
0.0
 11
32.68009777446958
 21
-17.83774669443822
 31
0.0
  0
LINE
  5
14B
330
17
100
AcDbEntity
  8
0-TEXTO
 62
4
100
AcDbLine
 10
32.67009777446026
 20
-18.23774669387943
 30
0.0
 11
32.67009777446026
 21
-17.83774669443822
 31
0.0
  0
LINE
  5
14C
330
17
100
AcDbEntity
  8
0-TEXTO
 62
251
100
AcDbLine
 10
32.68009777446958
 20
-17.93774669406569
 30
0.0
 11
33.28009777444629
 21
-17.93774669406569
 31
0.0
  0
LINE
  5
14D
330
17
100
AcDbEntity
  8
0-TEXTO
 62
251
100
AcDbLine
 10
32.75080845258879
 20
-18.00845737171924
 30
0.0
 11
32.68009777446958
 21
-17.93774669406569
 31
0.0
  0
LINE
  5
14E
330
17
100
AcDbEntity
  8
0-TEXTO
 62
251
100
AcDbLine
 10
32.68009777446958
 20
-17.93774669406569
 30
0.0
 11
32.75080845258879
 21
-17.86703601548082
 31
0.0
  0
LWPOLYLINE
  5
14F
330
17
100
AcDbEntity
  8
0
 62
11
100
AcDbPolyline
 90
14
 70
1
 10
33.36716362872201
 20
-25.39433096204019
 42
-0.4142135623730951
 10
33.36816362872202
 20
-25.39533096204019
 10
33.36816362872202
 20
-25.39833096204019
 10
33.38696362872202
 20
-25.39833096204019
 42
0.4142135623730966
 10
33.38796362872201
 20
-25.39733096204019
 10
33.38796362872201
 20
-25.23533096204019
 42
0.4142135623730951
 10
33.38696362872202
 20
-25.23433096204019
 10
33.32936362872201
 20
-25.23433096204019
 42
0.4142135623730951
 10
33.32836362872202
 20
-25.23533096204019
 10
33.32836362872202
 20
-25.39733096204019
 42
0.4142135623730948
 10
33.32936362872201
 20
-25.39833096204019
 10
33.34816362872202
 20
-25.39833096204019
 10
33.34816362872202
 20
-25.39533096204019
 42
-0.4142135623730951
 10
33.34916362872201
 20
-25.39433096204019
  0
LWPOLYLINE
  5
150
330
17
100
AcDbEntity
  8
0
 62
11
100
AcDbPolyline
 90
11
 70
1
 10
33.35916362872202
 20
-25.40133096204019
 10
33.38966362872201
 20
-25.40133096204019
 42
0.4142135623730951
 10
33.39066362872201
 20
-25.40033096204019
 10
33.39066362872201
 20
-25.23233096204019
 42
0.4142135623730951
 10
33.38966362872201
 20
-25.23133096204019
 10
33.32666362872201
 20
-25.23133096204019
 42
0.4142135623730951
 10
33.32566362872201
 20
-25.23233096204019
 10
33.32566362872201
 20
-25.40033096204019
 42
0.4142135623730951
 10
33.32666362872201
 20
-25.40133096204019
 10
33.35716362872201
 20
-25.40133096204019
 10
33.35816362872201
 20
-25.40033096204019
  0
LINE
  5
151
330
17
100
AcDbEntity
  8
0
 62
11
100
AcDbLine
 10
34.42766362872186
 20
-25.41853096204005
 30
0.0
 11
33.32632808632855
 21
-25.41853096204012
 31
0.0
  0
LINE
  5
152
330
17
100
AcDbEntity
  8
0
 62
11
100
AcDbLine
 10
34.42766362872219
 20
-25.42153096204039
 30
0.0
 11
33.32632808632833
 21
-25.42153096204033
 31
0.0
  0
LINE
  5
153
330
17
100
AcDbEntity
  8
0
 62
11
100
AcDbLine
 10
34.42789930906705
 20
-25.42453096204023
 30
0.0
 11
33.32632808632862
 21
-25.42453096204023
 31
0.0
  0
LINE
  5
154
330
17
100
AcDbEntity
  8
0
 62
11
100
AcDbLine
 10
34.4276636287222
 20
-25.43653096204023
 30
0.0
 11
33.32632808632828
 21
-25.43653096204022
 31
0.0
  0
LINE
  5
155
330
17
100
AcDbEntity
  8
0
 62
11
100
AcDbLine
 10
34.42766362872236
 20
-25.4405309620404
 30
0.0
 11
33.32632808632816
 21
-25.44053096204033
 31
0.0
  0
LINE
  5
156
330
17
100
AcDbEntity
  8
0
  6
CONTINUOUS
 62
8
100
AcDbLine
 10
34.42816362872201
 20
-25.4410809620404
 30
0.0
 11
33.32582808632853
 21
-25.44108096204033
 31
0.0
  0
LINE
  5
157
330
17
100
AcDbEntity
  8
0
 62
11
100
AcDbLine
 10
34.42766362872199
 20
-25.44453096204007
 30
0.0
 11
33.32632808632869
 21
-25.44453096204012
 31
0.0
  0
LINE
  5
158
330
17
100
AcDbEntity
  8
0
 62
11
100
AcDbLine
 10
31.25066362872201
 20
-21.98807947372224
 30
0.0
 11
31.25066362872201
 21
-24.42057947372224
 31
0.0
  0
LINE
  5
159
330
17
100
AcDbEntity
  8
0
 62
11
100
AcDbLine
 10
33.32566362872201
 20
-21.98807947372224
 30
0.0
 11
33.32566362872201
 21
-24.42057947372224
 31
0.0
  0
LWPOLYLINE
  5
15A
330
17
100
AcDbEntity
  8
0
 62
0
100
AcDbPolyline
 90
4
 70
1
 10
-31.20623001214582
 20
-25.22654755953232
 10
-31.193230012145822
 20
-25.22654755953232
 10
-31.193230012145822
 20
-25.227447559532322
 10
-31.20623001214582
 20
-25.227447559532322
210
0.0
220
-0.0
230
-1.0
  0
LINE
  5
15B
330
17
100
AcDbEntity
  8
0
 62
0
100
AcDbLine
 10
31.199680012145823
 20
-25.233547559532322
 30
0.0
 11
31.199680012145823
 21
-25.227447559532322
 31
0.0
  0
LINE
  5
15C
330
17
100
AcDbEntity
  8
0
 62
0
100
AcDbLine
 10
31.19978001214582
 20
-25.233547559532322
 30
0.0
 11
31.19978001214582
 21
-25.227447559532322
 31
0.0
  0
LINE
  5
15D
330
17
100
AcDbEntity
  8
0
 62
0
100
AcDbLine
 10
31.19483001214582
 20
-25.227447559532322
 30
0.0
 11
31.192071947629692
 21
-25.233547559532322
 31
0.0
  0
LINE
  5
15E
330
17
100
AcDbEntity
  8
0
 62
0
100
AcDbLine
 10
31.193959149056248
 20
-25.233547559532322
 30
0.0
 11
31.195431309835094
 21
-25.227447559532322
 31
0.0
  0
LINE
  5
15F
330
17
100
AcDbEntity
  8
0
 62
0
100
AcDbLine
 10
31.194857410879536
 20
-25.233547559532322
 30
0.0
 11
31.195431309835094
 21
-25.227447559532322
 31
0.0
  0
LINE
  5
160
330
17
100
AcDbEntity
  8
0
 62
0
100
AcDbLine
 10
31.193049379423858
 20
-25.233547559532322
 30
0.0
 11
31.195111013886596
 21
-25.227447559532322
 31
0.0
  0
LINE
  5
161
330
17
100
AcDbEntity
  8
0
 62
0
100
AcDbLine
 10
31.19520406435808
 20
-25.233547559532322
 30
0.0
 11
31.195777963313635
 21
-25.227447559532322
 31
0.0
  0
LINE
  5
162
330
17
100
AcDbEntity
  8
0
 62
0
100
AcDbLine
 10
31.19552260765712
 20
-25.233547559532322
 30
0.0
 11
31.19609650661268
 21
-25.227447559532322
 31
0.0
  0
LINE
  5
163
330
17
100
AcDbEntity
  8
0
 62
0
100
AcDbLine
 10
31.195934847680963
 20
-25.233547559532322
 30
0.0
 11
31.19650874663652
 21
-25.227447559532322
 31
0.0
  0
LINE
  5
164
330
17
100
AcDbEntity
  8
0
 62
0
100
AcDbLine
 10
31.19641266262953
 20
-25.233547559532322
 30
0.0
 11
31.196986561585085
 21
-25.227447559532322
 31
0.0
  0
LINE
  5
165
330
17
100
AcDbEntity
  8
0
 62
0
100
AcDbLine
 10
31.19689985538498
 20
-25.233547559532322
 30
0.0
 11
31.197473754340535
 21
-25.227447559532322
 31
0.0
  0
LINE
  5
166
330
17
100
AcDbEntity
  8
0
 62
0
100
AcDbLine
 10
31.19734956015405
 20
-25.233547559532322
 30
0.0
 11
31.197923459109603
 21
-25.227447559532322
 31
0.0
  0
LINE
  5
167
330
17
100
AcDbEntity
  8
0
 62
0
100
AcDbLine
 10
31.197743067805277
 20
-25.233547559532322
 30
0.0
 11
31.198316966760835
 21
-25.227447559532322
 31
0.0
  0
LINE
  5
168
330
17
100
AcDbEntity
  8
0
 62
0
100
AcDbLine
 10
31.19816466239485
 20
-25.233547559532322
 30
0.0
 11
31.198738561350403
 21
-25.227447559532322
 31
0.0
  0
LINE
  5
169
330
17
100
AcDbEntity
  8
0
 62
0
100
AcDbLine
 10
31.198520693680273
 20
-25.233547559532322
 30
0.0
 11
31.19909459263583
 21
-25.227447559532322
 31
0.0
  0
LINE
  5
16A
330
17
100
AcDbEntity
  8
0
 62
0
100
AcDbLine
 10
31.198820492986126
 20
-25.233547559532322
 30
0.0
 11
31.199394391941684
 21
-25.227447559532322
 31
0.0
  0
LINE
  5
16B
330
17
100
AcDbEntity
  8
0
 62
0
100
AcDbLine
 10
31.19904535118095
 20
-25.233547559532322
 30
0.0
 11
31.199619250136507
 21
-25.227447559532322
 31
0.0
  0
LINE
  5
16C
330
17
100
AcDbEntity
  8
0
 62
0
100
AcDbLine
 10
31.199461634566347
 20
-25.233547559532322
 30
0.0
 11
31.1995242074628
 21
-25.227447559532322
 31
0.0
  0
LINE
  5
16D
330
17
100
AcDbEntity
  8
0
 62
0
100
AcDbLine
 10
31.20463001214582
 20
-25.227447559532322
 30
0.0
 11
31.20738807666195
 21
-25.233547559532322
 31
0.0
  0
LINE
  5
16E
330
17
100
AcDbEntity
  8
0
 62
0
100
AcDbLine
 10
31.205500875235394
 20
-25.233547559532322
 30
0.0
 11
31.20402871445655
 21
-25.227447559532322
 31
0.0
  0
LINE
  5
16F
330
17
100
AcDbEntity
  8
0
 62
0
100
AcDbLine
 10
31.204602613412106
 20
-25.233547559532322
 30
0.0
 11
31.20402871445655
 21
-25.227447559532322
 31
0.0
  0
LINE
  5
170
330
17
100
AcDbEntity
  8
0
 62
0
100
AcDbLine
 10
31.206410644867784
 20
-25.233547559532322
 30
0.0
 11
31.204349010405046
 21
-25.227447559532322
 31
0.0
  0
LINE
  5
171
330
17
100
AcDbEntity
  8
0
 62
0
100
AcDbLine
 10
31.204255959933562
 20
-25.233547559532322
 30
0.0
 11
31.203682060978007
 21
-25.227447559532322
 31
0.0
  0
LINE
  5
172
330
17
100
AcDbEntity
  8
0
 62
0
100
AcDbLine
 10
31.20393741663452
 20
-25.233547559532322
 30
0.0
 11
31.203363517678962
 21
-25.227447559532322
 31
0.0
  0
LINE
  5
173
330
17
100
AcDbEntity
  8
0
 62
0
100
AcDbLine
 10
31.20352517661068
 20
-25.233547559532322
 30
0.0
 11
31.20295127765512
 21
-25.227447559532322
 31
0.0
  0
LINE
  5
174
330
17
100
AcDbEntity
  8
0
 62
0
100
AcDbLine
 10
31.20304736166211
 20
-25.233547559532322
 30
0.0
 11
31.202473462706557
 21
-25.227447559532322
 31
0.0
  0
LINE
  5
175
330
17
100
AcDbEntity
  8
0
 62
0
100
AcDbLine
 10
31.20256016890666
 20
-25.233547559532322
 30
0.0
 11
31.201986269951107
 21
-25.227447559532322
 31
0.0
  0
LINE
  5
176
330
17
100
AcDbEntity
  8
0
 62
0
100
AcDbLine
 10
31.202110464137593
 20
-25.233547559532322
 30
0.0
 11
31.20153656518204
 21
-25.227447559532322
 31
0.0
  0
LINE
  5
177
330
17
100
AcDbEntity
  8
0
 62
0
100
AcDbLine
 10
31.201716956486365
 20
-25.233547559532322
 30
0.0
 11
31.201143057530807
 21
-25.227447559532322
 31
0.0
  0
LINE
  5
178
330
17
100
AcDbEntity
  8
0
 62
0
100
AcDbLine
 10
31.201295361896793
 20
-25.233547559532322
 30
0.0
 11
31.20072146294124
 21
-25.227447559532322
 31
0.0
  0
LINE
  5
179
330
17
100
AcDbEntity
  8
0
 62
0
100
AcDbLine
 10
31.20093933061137
 20
-25.233547559532322
 30
0.0
 11
31.20036543165581
 21
-25.227447559532322
 31
0.0
  0
LINE
  5
17A
330
17
100
AcDbEntity
  8
0
 62
0
100
AcDbLine
 10
31.200639531305516
 20
-25.233547559532322
 30
0.0
 11
31.200065632349958
 21
-25.227447559532322
 31
0.0
  0
LINE
  5
17B
330
17
100
AcDbEntity
  8
0
 62
0
100
AcDbLine
 10
31.200414673110693
 20
-25.233547559532322
 30
0.0
 11
31.199840774155135
 21
-25.227447559532322
 31
0.0
  0
LINE
  5
17C
330
17
100
AcDbEntity
  8
0
 62
0
100
AcDbLine
 10
31.199998389725295
 20
-25.233547559532322
 30
0.0
 11
31.19993581682884
 21
-25.227447559532322
 31
0.0
  0
LINE
  5
17D
330
17
100
AcDbEntity
  8
0
 62
8
100
AcDbLine
 10
31.21452257101135
 20
-25.22730401246822
 30
0.0
 11
31.21452257101135
 21
-25.22030401246818
 31
0.0
  0
LWPOLYLINE
  5
17E
330
17
100
AcDbEntity
  8
0
 62
11
100
AcDbPolyline
 90
8
 70
1
 10
31.21466362872201
 20
-25.18748361079353
 42
-0.4142135623730622
 10
31.21496362872201
 20
-25.18718361079353
 10
31.23036362872201
 20
-25.18718361079352
 42
-0.4142135623731641
 10
31.23066362872201
 20
-25.18748361079353
 10
31.23066362872201
 20
-25.21758361079367
 42
-0.4142135623730921
 10
31.23036362872201
 20
-25.21788361079367
 10
31.21496362872201
 20
-25.21788361079367
 42
-0.4142135623730618
 10
31.21466362872201
 20
-25.21758361079367
  0
LWPOLYLINE
  5
17F
330
17
100
AcDbEntity
  8
0
 62
11
100
AcDbPolyline
 90
164
 70
1
 10
31.23246362872201
 20
-25.18748361079352
 42
-0.414213562373095
 10
31.232763628722
 20
-25.18718361079353
 10
31.23696362872201
 20
-25.18718361079353
 42
-0.4142135623730937
 10
31.23726362872201
 20
-25.18748361079353
 10
31.23726362872201
 20
-25.18848361079353
 42
0.414213562373095
 10
31.23776362872201
 20
-25.18898361079353
 10
31.23926362872201
 20
-25.18898361079353
 42
0.4142135623730905
 10
31.23956362872201
 20
-25.18868361079352
 10
31.23956362872201
 20
-25.18828361079352
 42
0.4142135623730977
 10
31.23926362872201
 20
-25.18798361079352
 10
31.23846362872201
 20
-25.18798361079352
 42
-0.4142135623730955
 10
31.23826362872201
 20
-25.18778361079352
 10
31.23826362872201
 20
-25.18673361079353
 42
-0.4142135623730969
 10
31.23846362872201
 20
-25.18653361079353
 10
31.24536362872201
 20
-25.18653361079353
 42
-0.4142135623730951
 10
31.24556362872201
 20
-25.18673361079353
 10
31.24556362872201
 20
-25.18778361079353
 42
-0.4142135623743959
 10
31.24536362872201
 20
-25.18798361079353
 10
31.24456362872201
 20
-25.18798361079352
 42
0.4142135623743958
 10
31.24426362872201
 20
-25.18828361079352
 10
31.24426362872201
 20
-25.18868361079352
 42
0.4142135623730951
 10
31.24456362872201
 20
-25.18898361079353
 10
31.24636362872201
 20
-25.18898361079353
 42
0.4142135623730974
 10
31.24666362872201
 20
-25.18868361079352
 10
31.24666362872201
 20
-25.18568361079352
 42
0.4142135623730786
 10
31.24616362872201
 20
-25.18518361079353
 10
31.18716362872201
 20
-25.18518361079352
 42
0.414213562372788
 10
31.18666362872201
 20
-25.18568361079352
 10
31.18666362872201
 20
-25.18888361079352
 42
0.4142135623737455
 10
31.18696362872201
 20
-25.18918361079353
 10
31.18896362872201
 20
-25.18918361079352
 42
0.4142135623777762
 10
31.18926362872201
 20
-25.18888361079352
 10
31.189263628722
 20
-25.18848361079351
 42
0.4142135623678924
 10
31.18896362872201
 20
-25.18818361079353
 10
31.18806362872201
 20
-25.18818361079353
 42
-0.414213562373095
 10
31.18776362872201
 20
-25.18788361079353
 10
31.18776362872201
 20
-25.18703361079352
 42
-0.414213562373095
 10
31.18806362872201
 20
-25.18673361079353
 10
31.19476362872202
 20
-25.18673361079353
 42
-0.414213562374319
 10
31.19506362872201
 20
-25.18703361079352
 10
31.19506362872201
 20
-25.18788361079353
 42
-0.4142135623707157
 10
31.19476362872201
 20
-25.18818361079353
 10
31.19386362872201
 20
-25.18818361079353
 42
0.4142135623719366
 10
31.19356362872201
 20
-25.18848361079353
 10
31.19356362872201
 20
-25.18888361079352
 42
0.4142135623730977
 10
31.19386362872202
 20
-25.18918361079352
 10
31.19726362872201
 20
-25.18918361079352
 42
0.4142135623730953
 10
31.19756362872201
 20
-25.18888361079353
 10
31.19756362872201
 20
-25.18868361079352
 42
0.4142135623730951
 10
31.19726362872202
 20
-25.18838361079353
 10
31.19636362872201
 20
-25.18838361079353
 42
-0.4142135623730951
 10
31.19606362872201
 20
-25.18808361079353
 10
31.19606362872201
 20
-25.18723361079353
 42
-0.4142135623729392
 10
31.19636362872201
 20
-25.18693361079353
 10
31.20306362872201
 20
-25.18693361079352
 42
-0.4142135623734031
 10
31.20336362872201
 20
-25.18723361079352
 10
31.20336362872201
 20
-25.18808361079353
 42
-0.4142135623730959
 10
31.20306362872201
 20
-25.18838361079353
 10
31.20216362872201
 20
-25.18838361079353
 42
0.4142135623730951
 10
31.20186362872201
 20
-25.18868361079352
 10
31.20186362872201
 20
-25.18888361079353
 42
0.4142135623730951
 10
31.20216362872201
 20
-25.18918361079352
 10
31.20386362872201
 20
-25.18918361079352
 42
0.4142135623720545
 10
31.20436362872201
 20
-25.18868361079353
 10
31.20436362872201
 20
-25.18768361079352
 42
-0.4142135623720546
 10
31.20486362872201
 20
-25.18718361079353
 10
31.21166362872201
 20
-25.18718361079353
 42
-0.4142135623704937
 10
31.21266362872201
 20
-25.18818361079352
 10
31.21266362872201
 20
-25.18858361079352
 42
-0.4142135623761128
 10
31.21166362872201
 20
-25.18958361079353
 10
31.20916362872201
 20
-25.18958361079353
 42
0.4142135623730951
 10
31.20816362872201
 20
-25.19058361079352
 10
31.20816362872201
 20
-25.19318361079353
 42
0.414213562373095
 10
31.20866362872201
 20
-25.19368361079353
 10
31.20916362872201
 20
-25.19368361079353
 42
0.414213562373095
 10
31.20966362872201
 20
-25.19318361079353
 10
31.20966362872201
 20
-25.19138361079353
 42
-0.4142135623726616
 10
31.20996362872201
 20
-25.19108361079353
 10
31.21236362872201
 20
-25.19108361079352
 42
-0.4142135623735287
 10
31.21266362872201
 20
-25.19138361079353
 10
31.21266362872201
 20
-25.2033639955514
 42
0.2679491924334693
 10
31.21281362872201
 20
-25.20362380317254
 42
-0.5773502691946075
 10
31.21281362872201
 20
-25.2041434184148
 42
0.2679491924327813
 10
31.21266362872201
 20
-25.20440322603594
 10
31.21266362872201
 20
-25.21368361079367
 42
-0.4142135623735287
 10
31.21236362872201
 20
-25.21398361079367
 10
31.20996362872201
 20
-25.21398361079367
 42
-0.4142135623732408
 10
31.20966362872201
 20
-25.21368361079367
 10
31.20966362872201
 20
-25.21188361079367
 42
0.4142135623757533
 10
31.20916362872201
 20
-25.21138361079367
 10
31.208663628722
 20
-25.21138361079367
 42
0.4142135623706133
 10
31.20816362872201
 20
-25.21188361079367
 10
31.20816362872201
 20
-25.21448361079367
 42
0.4142135623739115
 10
31.20916362872201
 20
-25.21548361079367
 10
31.21166362872201
 20
-25.21548361079366
 42
-0.4142135623735112
 10
31.21266362872201
 20
-25.21648361079366
 10
31.21266362872201
 20
-25.21688361079367
 42
-0.4142135623732481
 10
31.21166362872201
 20
-25.21788361079367
 10
31.204863628722
 20
-25.21788361079367
 42
-0.4142135623719009
 10
31.20436362872201
 20
-25.21738361079368
 10
31.20436362872201
 20
-25.21638361079367
 42
0.4142135623720544
 10
31.20386362872201
 20
-25.21588361079367
 10
31.20216362872201
 20
-25.21588361079367
 42
0.414213562373095
 10
31.20186362872201
 20
-25.21618361079366
 10
31.20186362872201
 20
-25.21638361079367
 42
0.414213562373095
 10
31.20216362872201
 20
-25.21668361079367
 10
31.20306362872201
 20
-25.21668361079367
 42
-0.414213562371872
 10
31.20336362872201
 20
-25.21698361079366
 10
31.20336362872202
 20
-25.21783361079366
 42
-0.4142135623744771
 10
31.20306362872201
 20
-25.21813361079367
 10
31.19636362872201
 20
-25.21813361079367
 42
-0.414213562373095
 10
31.19606362872201
 20
-25.21783361079367
 10
31.19606362872201
 20
-25.21698361079366
 42
-0.414213562373095
 10
31.19636362872201
 20
-25.21668361079367
 10
31.19726362872202
 20
-25.21668361079367
 42
0.414213562373095
 10
31.19756362872201
 20
-25.21638361079367
 10
31.19756362872201
 20
-25.21618361079366
 42
0.414213562373095
 10
31.19726362872202
 20
-25.21588361079367
 10
31.19386362872201
 20
-25.21588361079367
 42
0.414213562373095
 10
31.19356362872201
 20
-25.21618361079366
 10
31.19356362872201
 20
-25.21658361079367
 42
0.4142135623719402
 10
31.19386362872201
 20
-25.21688361079367
 10
31.19476362872201
 20
-25.21688361079367
 42
-0.4142135623719402
 10
31.19506362872201
 20
-25.21718361079367
 10
31.19506362872201
 20
-25.21803361079367
 42
-0.4142135623730951
 10
31.19476362872201
 20
-25.21833361079367
 10
31.18806362872201
 20
-25.21833361079367
 42
-0.4142135623718722
 10
31.18776362872201
 20
-25.21803361079367
 10
31.18776362872201
 20
-25.21718361079367
 42
-0.4142135623743214
 10
31.18806362872201
 20
-25.21688361079367
 10
31.18896362872201
 20
-25.21688361079367
 42
0.4142135623771394
 10
31.18926362872201
 20
-25.21658361079366
 10
31.189263628722
 20
-25.21618361079366
 42
0.4142135623678993
 10
31.18896362872201
 20
-25.21588361079367
 10
31.18696362872201
 20
-25.21588361079367
 42
0.414213562373095
 10
31.18666362872201
 20
-25.21618361079366
 10
31.18666362872201
 20
-25.21938361079367
 42
0.4142135623730951
 10
31.18716362872201
 20
-25.21988361079367
 10
31.24616362872201
 20
-25.21988361079367
 42
0.4142135623730962
 10
31.24666362872201
 20
-25.21938361079367
 10
31.24666362872201
 20
-25.21638361079367
 42
0.4142135623730969
 10
31.24636362872201
 20
-25.21608361079367
 10
31.24456362872201
 20
-25.21608361079367
 42
0.4142135623730895
 10
31.24426362872201
 20
-25.21638361079367
 10
31.24426362872201
 20
-25.21678361079367
 42
0.4142135623744001
 10
31.24456362872201
 20
-25.21708361079367
 10
31.24536362872201
 20
-25.21708361079367
 42
-0.414213562374396
 10
31.24556362872201
 20
-25.21728361079367
 10
31.24556362872201
 20
-25.21833361079367
 42
-0.4142135623730981
 10
31.24536362872201
 20
-25.21853361079367
 10
31.23846362872201
 20
-25.21853361079367
 42
-0.4142135623721053
 10
31.23826362872201
 20
-25.21833361079367
 10
31.23826362872201
 20
-25.21728361079367
 42
-0.4142135623753897
 10
31.23846362872201
 20
-25.21708361079367
 10
31.23926362872201
 20
-25.21708361079367
 42
0.4142135623743903
 10
31.23956362872201
 20
-25.21678361079367
 10
31.23956362872201
 20
-25.21638361079367
 42
0.4142135623756971
 10
31.23926362872201
 20
-25.21608361079367
 10
31.23776362872201
 20
-25.21608361079367
 42
0.4142135623730913
 10
31.23726362872201
 20
-25.21658361079367
 10
31.23726362872201
 20
-25.21758361079367
 42
-0.4142135623730895
 10
31.23696362872201
 20
-25.21788361079367
 10
31.232763628722
 20
-25.21788361079367
 42
-0.4142135623730934
 10
31.23246362872201
 20
-25.21758361079367
  0
LWPOLYLINE
  5
180
330
17
100
AcDbEntity
  8
0
 62
11
100
AcDbPolyline
 90
87
 70
1
 10
31.21891358801026
 20
-25.22838079607908
 10
31.21891358801027
 20
-25.22838361079366
 42
-0.4142135623730177
 10
31.21841358801027
 20
-25.22888361079365
 10
31.20491362872201
 20
-25.22888361079365
 42
-0.4142135623731697
 10
31.20461362872201
 20
-25.22858361079365
 10
31.20461362872201
 20
-25.22841629105271
 10
31.20461362872201
 20
-25.22788361079366
 42
-0.414213562373962
 10
31.20491362872201
 20
-25.22758361079365
 10
31.20611362872201
 20
-25.22758361079366
 42
0.4142135623739623
 10
31.20641362872201
 20
-25.22728361079366
 10
31.20641362872201
 20
-25.22668361079365
 42
0.4142135623730951
 10
31.20611362872201
 20
-25.22638361079366
 10
31.20491362872201
 20
-25.22638361079366
 42
-0.4142135623730951
 10
31.20461362872201
 20
-25.22608361079365
 10
31.20461362872201
 20
-25.22568361079365
 42
-0.4142135623730948
 10
31.20491362872201
 20
-25.22538361079365
 10
31.20611362872201
 20
-25.22538361079365
 42
0.4142135623730951
 10
31.20641362872201
 20
-25.22508361079366
 10
31.20641362872201
 20
-25.22218361079366
 42
0.4142135623730951
 10
31.20611362872201
 20
-25.22188361079367
 10
31.19996362872201
 20
-25.22188361079367
 10
31.19966362872201
 20
-25.22158361079366
 10
31.19936362872201
 20
-25.22188361079366
 10
31.19321362872201
 20
-25.22188361079367
 42
0.4142135623725666
 10
31.19291362872202
 20
-25.22218361079366
 10
31.19291362872201
 20
-25.22508361079365
 42
0.4142135623734541
 10
31.19321362872201
 20
-25.22538361079365
 10
31.19441362872201
 20
-25.22538361079365
 42
-0.4142135623730951
 10
31.19471362872201
 20
-25.22568361079365
 10
31.19471362872201
 20
-25.22608361079365
 42
-0.4142135623730951
 10
31.19441362872201
 20
-25.22638361079366
 10
31.19321362872201
 20
-25.22638361079366
 42
0.4142135623713607
 10
31.19291362872202
 20
-25.22668361079365
 10
31.19291362872201
 20
-25.22728361079365
 42
0.4142135623739637
 10
31.19321362872201
 20
-25.22758361079365
 10
31.19441362872201
 20
-25.22758361079366
 42
-0.4142135623722281
 10
31.19471362872201
 20
-25.22788361079366
 10
31.19471362872201
 20
-25.22858361079366
 42
-0.4142135623730951
 10
31.19441362872201
 20
-25.22888361079365
 10
31.18666362872201
 20
-25.22888361079365
 42
-0.4142135623731449
 10
31.18566362872201
 20
-25.22788361079366
 10
31.18566362872202
 20
-25.18638361079352
 42
-0.289689863304937
 10
31.18623505729344
 20
-25.18548010289062
 42
-0.550760424584259
 10
31.18666362872202
 20
-25.18575115526149
 10
31.18666362872202
 20
-25.1889363971987
 42
-0.2134217649611505
 10
31.1865636287223
 20
-25.18916000399619
 42
1.057279695476605
 10
31.1869872355199
 20
-25.18958361079338
 42
-0.2134217652140254
 10
31.1872108423174
 20
-25.18948361079353
 10
31.18931362872202
 20
-25.18948361079352
 42
0.3152987888775828
 10
31.18992442892553
 20
-25.18905592388668
 10
31.1902313734554
 20
-25.18821260072186
 42
-1.0
 10
31.19117106607618
 20
-25.18855462086519
 10
31.19086412154632
 20
-25.18939794403001
 42
-0.3152987888796157
 10
31.18931362872201
 20
-25.19048361079352
 10
31.18716362872202
 20
-25.19048361079352
 42
0.4142135623730379
 10
31.18666362872202
 20
-25.19098361079353
 10
31.18666362872202
 20
-25.22758361079366
 42
0.4142135623731527
 10
31.18696362872201
 20
-25.22788361079366
 10
31.19161362872202
 20
-25.22788361079366
 42
0.414213562373095
 10
31.19191362872201
 20
-25.22758361079366
 10
31.19191362872201
 20
-25.22018361079366
 42
-0.4142135623730948
 10
31.19221362872201
 20
-25.21988361079367
 10
31.19261362872201
 20
-25.21988361079367
 42
-0.4142135623704938
 10
31.19291362872201
 20
-25.22018361079366
 10
31.19291362872202
 20
-25.22058361079367
 42
0.4142135623704938
 10
31.19321362872201
 20
-25.22088361079366
 10
31.20611362872201
 20
-25.22088361079366
 42
0.4142135623730951
 10
31.20641362872201
 20
-25.22058361079367
 10
31.20641362872202
 20
-25.22018361079366
 42
-0.414213562373095
 10
31.20671362872202
 20
-25.21988361079367
 10
31.20961362872201
 20
-25.21988361079367
 42
-0.4142135623730948
 10
31.20991362872202
 20
-25.22018361079367
 10
31.20991362872202
 20
-25.22173361079366
 42
-1.0
 10
31.20891362872202
 20
-25.22173361079366
 10
31.20891362872201
 20
-25.22138361079366
 42
0.4142135623701211
 10
31.20861362872201
 20
-25.22108361079367
 10
31.20771362872201
 20
-25.22108361079366
 42
0.4142135623730948
 10
31.20741362872201
 20
-25.22138361079366
 10
31.20741362872202
 20
-25.22708361079365
 42
0.4142135623730951
 10
31.20771362872202
 20
-25.22738361079365
 10
31.20861362872201
 20
-25.22738361079365
 42
0.414213562373095
 10
31.20891362872201
 20
-25.22708361079366
 10
31.20891362872201
 20
-25.22593361079366
 42
-1.0
 10
31.20991362872202
 20
-25.22593361079366
 10
31.20991362872202
 20
-25.22725494265455
 42
0.4060847441301588
 10
31.21030249693341
 20
-25.22765478772865
 10
31.21842715187707
 20
-25.22788098009111
 42
-0.4062892005557546
  0
LINE
  5
181
330
17
100
AcDbEntity
  8
0
 62
11
100
AcDbLine
 10
32.23838362474966
 20
-25.20805598911514
 30
0.0
 11
32.23838362474966
 21
-25.21105598911514
 31
0.0
  0
LINE
  5
182
330
17
100
AcDbEntity
  8
0
 62
11
100
AcDbLine
 10
32.23838362474966
 20
-25.21205598911515
 30
0.0
 11
32.23838362474966
 21
-25.21505598911515
 31
0.0
  0
LINE
  5
183
330
17
100
AcDbEntity
  8
0
 62
11
100
AcDbLine
 10
32.23788362474954
 20
-25.21555598911526
 30
0.0
 11
32.23838362474966
 21
-25.21505598911515
 31
0.0
  0
LINE
  5
184
330
17
100
AcDbEntity
  8
0
 62
11
100
AcDbLine
 10
32.23788362474966
 20
-25.20755598911515
 30
0.0
 11
32.23838362474966
 21
-25.20805598911514
 31
0.0
  0
LINE
  5
185
330
17
100
AcDbEntity
  8
0
 62
11
100
AcDbLine
 10
32.23788362475038
 20
-25.21155598911586
 30
0.0
 11
32.23838362474966
 21
-25.21205598911515
 31
0.0
  0
LINE
  5
186
330
17
100
AcDbEntity
  8
0
 62
11
100
AcDbLine
 10
32.23788362474966
 20
-25.21155598911514
 30
0.0
 11
32.23838362474966
 21
-25.21105598911514
 31
0.0
  0
LINE
  5
187
330
17
100
AcDbEntity
  8
0
 62
11
100
AcDbLine
 10
32.23838362474966
 20
-25.19005598911531
 30
0.0
 11
32.23838362474966
 21
-25.19205598911531
 31
0.0
  0
LINE
  5
188
330
17
100
AcDbEntity
  8
0
 62
11
100
AcDbLine
 10
32.23838362474967
 20
-25.19305598911531
 30
0.0
 11
32.23838362474966
 21
-25.19505598911532
 31
0.0
  0
LINE
  5
189
330
17
100
AcDbEntity
  8
0
 62
11
100
AcDbLine
 10
32.23788362474967
 20
-25.19255598911532
 30
0.0
 11
32.23838362474966
 21
-25.19305598911531
 31
0.0
  0
LINE
  5
18A
330
17
100
AcDbEntity
  8
0
 62
11
100
AcDbLine
 10
32.23788362474913
 20
-25.19255598911586
 30
0.0
 11
32.23838362474966
 21
-25.19205598911532
 31
0.0
  0
LINE
  5
18B
330
17
100
AcDbEntity
  8
0
 62
11
100
AcDbLine
 10
32.23788362474966
 20
-25.19555598911532
 30
0.0
 11
32.23838362474966
 21
-25.19505598911532
 31
0.0
  0
LINE
  5
18C
330
17
100
AcDbEntity
  8
0
 62
11
100
AcDbLine
 10
32.23788362474961
 20
-25.18955598911526
 30
0.0
 11
32.23838362474966
 21
-25.19005598911531
 31
0.0
  0
LINE
  5
18D
330
17
100
AcDbEntity
  8
0
 62
11
100
AcDbLine
 10
32.23788362475007
 20
-25.20755598911556
 30
0.0
 11
32.23838362474966
 21
-25.20805598911514
 31
0.0
  0
LWPOLYLINE
  5
18E
330
17
100
AcDbEntity
  8
0
 62
8
100
AcDbPolyline
 90
6
 70
1
 10
32.22713379231207
 20
-25.1965559891153
 10
32.22713379231207
 20
-25.20655598911531
 10
32.23213379231207
 20
-25.20655598911531
 10
32.23513379231207
 20
-25.20305598911531
 10
32.23513379231207
 20
-25.2000559891153
 10
32.23213379231207
 20
-25.1965559891153
  0
LWPOLYLINE
  5
18F
330
17
100
AcDbEntity
  8
0
 62
8
100
AcDbPolyline
 90
6
 70
1
 10
32.22763379231206
 20
-25.1970559891153
 10
32.22763379231206
 20
-25.2060559891153
 10
32.23198240449321
 20
-25.2060559891153
 10
32.23463379231207
 20
-25.20278839723607
 10
32.23463379231207
 20
-25.20032358099455
 10
32.23198240449321
 20
-25.1970559891153
  0
LINE
  5
190
330
17
100
AcDbEntity
  8
0
 62
11
100
AcDbLine
 10
32.23788362474925
 20
-25.19555598911556
 30
0.0
 11
32.23838362474966
 21
-25.19505598911515
 31
0.0
  0
ARC
  5
191
330
17
100
AcDbEntity
  8
0
 62
8
100
AcDbCircle
 10
32.2500742709165
 20
-25.20155598911515
 30
0.0
 40
0.0133761432333217
100
AcDbArc
 50
150.9259378909694
 51
209.0740621090173
  0
LINE
  5
192
330
17
100
AcDbEntity
  8
0
 62
8
100
AcDbLine
 10
32.23213379231207
 20
-25.1965559891153
 30
0.0
 11
32.23213379231207
 21
-25.19555598911531
 31
0.0
  0
LINE
  5
193
330
17
100
AcDbEntity
  8
0
 62
8
100
AcDbLine
 10
32.23213379231207
 20
-25.20655598911531
 30
0.0
 11
32.23213379231207
 21
-25.2075559891153
 31
0.0
  0
LINE
  5
194
330
17
100
AcDbEntity
  8
0
 62
8
100
AcDbLine
 10
32.22713379231207
 20
-25.19555598911556
 30
0.0
 11
32.22713379231207
 21
-25.2075559891153
 31
0.0
  0
LWPOLYLINE
  5
195
330
17
100
AcDbEntity
  8
0
 62
0
100
AcDbPolyline
 90
4
 70
1
 10
32.267663628722005
 20
-25.22651782214265
 10
32.28066362872201
 20
-25.22651782214265
 10
32.28066362872201
 20
-25.22741782214265
 10
32.267663628722005
 20
-25.22741782214265
  0
LINE
  5
196
330
17
100
AcDbEntity
  8
0
 62
0
100
AcDbLine
 10
32.27421362872201
 20
-25.23351782214265
 30
0.0
 11
32.27421362872201
 21
-25.22741782214265
 31
0.0
  0
LINE
  5
197
330
17
100
AcDbEntity
  8
0
 62
0
100
AcDbLine
 10
32.274113628722006
 20
-25.23351782214265
 30
0.0
 11
32.274113628722006
 21
-25.22741782214265
 31
0.0
  0
LINE
  5
198
330
17
100
AcDbEntity
  8
0
 62
0
100
AcDbLine
 10
32.27906362872201
 20
-25.22741782214265
 30
0.0
 11
32.281821693238136
 21
-25.23351782214265
 31
0.0
  0
LINE
  5
199
330
17
100
AcDbEntity
  8
0
 62
0
100
AcDbLine
 10
32.27993449181158
 20
-25.23351782214265
 30
0.0
 11
32.278462331032735
 21
-25.22741782214265
 31
0.0
  0
LINE
  5
19A
330
17
100
AcDbEntity
  8
0
 62
0
100
AcDbLine
 10
32.27903622998829
 20
-25.23351782214265
 30
0.0
 11
32.278462331032735
 21
-25.22741782214265
 31
0.0
  0
LINE
  5
19B
330
17
100
AcDbEntity
  8
0
 62
0
100
AcDbLine
 10
32.28084426144397
 20
-25.23351782214265
 30
0.0
 11
32.27878262698123
 21
-25.22741782214265
 31
0.0
  0
LINE
  5
19C
330
17
100
AcDbEntity
  8
0
 62
0
100
AcDbLine
 10
32.27868957650975
 20
-25.23351782214265
 30
0.0
 11
32.27811567755419
 21
-25.22741782214265
 31
0.0
  0
LINE
  5
19D
330
17
100
AcDbEntity
  8
0
 62
0
100
AcDbLine
 10
32.2783710332107
 20
-25.23351782214265
 30
0.0
 11
32.27779713425515
 21
-25.22741782214265
 31
0.0
  0
LINE
  5
19E
330
17
100
AcDbEntity
  8
0
 62
0
100
AcDbLine
 10
32.27795879318686
 20
-25.23351782214265
 30
0.0
 11
32.277384894231304
 21
-25.22741782214265
 31
0.0
  0
LINE
  5
19F
330
17
100
AcDbEntity
  8
0
 62
0
100
AcDbLine
 10
32.2774809782383
 20
-25.23351782214265
 30
0.0
 11
32.27690707928274
 21
-25.22741782214265
 31
0.0
  0
LINE
  5
1A0
330
17
100
AcDbEntity
  8
0
 62
0
100
AcDbLine
 10
32.27699378548285
 20
-25.23351782214265
 30
0.0
 11
32.27641988652729
 21
-25.22741782214265
 31
0.0
  0
LINE
  5
1A1
330
17
100
AcDbEntity
  8
0
 62
0
100
AcDbLine
 10
32.276544080713784
 20
-25.23351782214265
 30
0.0
 11
32.275970181758225
 21
-25.22741782214265
 31
0.0
  0
LINE
  5
1A2
330
17
100
AcDbEntity
  8
0
 62
0
100
AcDbLine
 10
32.27615057306255
 20
-25.23351782214265
 30
0.0
 11
32.27557667410699
 21
-25.22741782214265
 31
0.0
  0
LINE
  5
1A3
330
17
100
AcDbEntity
  8
0
 62
0
100
AcDbLine
 10
32.27572897847298
 20
-25.23351782214265
 30
0.0
 11
32.275155079517425
 21
-25.22741782214265
 31
0.0
  0
LINE
  5
1A4
330
17
100
AcDbEntity
  8
0
 62
0
100
AcDbLine
 10
32.275372947187556
 20
-25.23351782214265
 30
0.0
 11
32.274799048232
 21
-25.22741782214265
 31
0.0
  0
LINE
  5
1A5
330
17
100
AcDbEntity
  8
0
 62
0
100
AcDbLine
 10
32.275073147881706
 20
-25.23351782214265
 30
0.0
 11
32.27449924892615
 21
-25.22741782214265
 31
0.0
  0
LINE
  5
1A6
330
17
100
AcDbEntity
  8
0
 62
0
100
AcDbLine
 10
32.27484828968688
 20
-25.23351782214265
 30
0.0
 11
32.27427439073132
 21
-25.22741782214265
 31
0.0
  0
LINE
  5
1A7
330
17
100
AcDbEntity
  8
0
 62
0
100
AcDbLine
 10
32.27443200630148
 20
-25.23351782214265
 30
0.0
 11
32.27436943340503
 21
-25.22741782214265
 31
0.0
  0
LINE
  5
1A8
330
17
100
AcDbEntity
  8
0
 62
0
100
AcDbLine
 10
32.26926362872201
 20
-25.22741782214265
 30
0.0
 11
32.26650556420588
 21
-25.23351782214265
 31
0.0
  0
LINE
  5
1A9
330
17
100
AcDbEntity
  8
0
 62
0
100
AcDbLine
 10
32.268392765632434
 20
-25.23351782214265
 30
0.0
 11
32.26986492641128
 21
-25.22741782214265
 31
0.0
  0
LINE
  5
1AA
330
17
100
AcDbEntity
  8
0
 62
0
100
AcDbLine
 10
32.26929102745572
 20
-25.23351782214265
 30
0.0
 11
32.26986492641128
 21
-25.22741782214265
 31
0.0
  0
LINE
  5
1AB
330
17
100
AcDbEntity
  8
0
 62
0
100
AcDbLine
 10
32.26748299600005
 20
-25.23351782214265
 30
0.0
 11
32.26954463046278
 21
-25.22741782214265
 31
0.0
  0
LINE
  5
1AC
330
17
100
AcDbEntity
  8
0
 62
0
100
AcDbLine
 10
32.26963768093427
 20
-25.23351782214265
 30
0.0
 11
32.270211579889825
 21
-25.22741782214265
 31
0.0
  0
LINE
  5
1AD
330
17
100
AcDbEntity
  8
0
 62
0
100
AcDbLine
 10
32.26995622423331
 20
-25.23351782214265
 30
0.0
 11
32.27053012318886
 21
-25.22741782214265
 31
0.0
  0
LINE
  5
1AE
330
17
100
AcDbEntity
  8
0
 62
0
100
AcDbLine
 10
32.27036846425715
 20
-25.23351782214265
 30
0.0
 11
32.27094236321271
 21
-25.22741782214265
 31
0.0
  0
LINE
  5
1AF
330
17
100
AcDbEntity
  8
0
 62
0
100
AcDbLine
 10
32.27084627920571
 20
-25.23351782214265
 30
0.0
 11
32.27142017816127
 21
-25.22741782214265
 31
0.0
  0
LINE
  5
1B0
330
17
100
AcDbEntity
  8
0
 62
0
100
AcDbLine
 10
32.271333471961164
 20
-25.23351782214265
 30
0.0
 11
32.27190737091672
 21
-25.22741782214265
 31
0.0
  0
LINE
  5
1B1
330
17
100
AcDbEntity
  8
0
 62
0
100
AcDbLine
 10
32.27178317673023
 20
-25.23351782214265
 30
0.0
 11
32.27235707568579
 21
-25.22741782214265
 31
0.0
  0
LINE
  5
1B2
330
17
100
AcDbEntity
  8
0
 62
0
100
AcDbLine
 10
32.27217668438146
 20
-25.23351782214265
 30
0.0
 11
32.27275058333702
 21
-25.22741782214265
 31
0.0
  0
LINE
  5
1B3
330
17
100
AcDbEntity
  8
0
 62
0
100
AcDbLine
 10
32.27259827897103
 20
-25.23351782214265
 30
0.0
 11
32.27317217792659
 21
-25.22741782214265
 31
0.0
  0
LINE
  5
1B4
330
17
100
AcDbEntity
  8
0
 62
0
100
AcDbLine
 10
32.27295431025646
 20
-25.23351782214265
 30
0.0
 11
32.27352820921202
 21
-25.22741782214265
 31
0.0
  0
LINE
  5
1B5
330
17
100
AcDbEntity
  8
0
 62
0
100
AcDbLine
 10
32.27325410956231
 20
-25.23351782214265
 30
0.0
 11
32.27382800851787
 21
-25.22741782214265
 31
0.0
  0
LINE
  5
1B6
330
17
100
AcDbEntity
  8
0
 62
0
100
AcDbLine
 10
32.273478967757136
 20
-25.23351782214265
 30
0.0
 11
32.274052866712694
 21
-25.22741782214265
 31
0.0
  0
LINE
  5
1B7
330
17
100
AcDbEntity
  8
0
 62
0
100
AcDbLine
 10
32.273895251142534
 20
-25.23351782214265
 30
0.0
 11
32.27395782403899
 21
-25.22741782214265
 31
0.0
  0
LINE
  5
1B8
330
17
100
AcDbEntity
  8
0
 62
8
100
AcDbLine
 10
32.25930468643267
 20
-25.22730401246821
 30
0.0
 11
32.25930468643267
 21
-25.22030401246818
 31
0.0
  0
LWPOLYLINE
  5
1B9
330
17
100
AcDbEntity
  8
0
 62
11
100
AcDbPolyline
 90
8
 70
1
 10
32.25916362872202
 20
-25.18748361079353
 42
0.4142135623730622
 10
32.25886362872201
 20
-25.18718361079352
 10
32.24346362872202
 20
-25.18718361079352
 42
0.4142135623731641
 10
32.24316362872202
 20
-25.18748361079352
 10
32.24316362872202
 20
-25.21758361079367
 42
0.4142135623730921
 10
32.24346362872201
 20
-25.21788361079366
 10
32.25886362872201
 20
-25.21788361079366
 42
0.4142135623730618
 10
32.25916362872201
 20
-25.21758361079367
  0
LWPOLYLINE
  5
1BA
330
17
100
AcDbEntity
  8
0
 62
11
100
AcDbPolyline
 90
164
 70
1
 10
32.24136362872201
 20
-25.18748361079352
 42
0.414213562373095
 10
32.24106362872202
 20
-25.18718361079352
 10
32.23686362872202
 20
-25.18718361079352
 42
0.4142135623730937
 10
32.23656362872202
 20
-25.18748361079352
 10
32.23656362872202
 20
-25.18848361079353
 42
-0.414213562373095
 10
32.23606362872202
 20
-25.18898361079352
 10
32.23456362872202
 20
-25.18898361079352
 42
-0.4142135623730905
 10
32.23426362872202
 20
-25.18868361079352
 10
32.23426362872202
 20
-25.18828361079352
 42
-0.4142135623730977
 10
32.23456362872202
 20
-25.18798361079352
 10
32.23536362872201
 20
-25.18798361079352
 42
0.4142135623730955
 10
32.23556362872202
 20
-25.18778361079352
 10
32.23556362872202
 20
-25.18673361079352
 42
0.4142135623730969
 10
32.23536362872201
 20
-25.18653361079352
 10
32.22846362872201
 20
-25.18653361079352
 42
0.4142135623730951
 10
32.22826362872202
 20
-25.18673361079352
 10
32.22826362872202
 20
-25.18778361079352
 42
0.4142135623743959
 10
32.22846362872201
 20
-25.18798361079352
 10
32.22926362872203
 20
-25.18798361079352
 42
-0.4142135623743958
 10
32.22956362872202
 20
-25.18828361079352
 10
32.22956362872202
 20
-25.18868361079352
 42
-0.4142135623730951
 10
32.22926362872203
 20
-25.18898361079352
 10
32.22746362872202
 20
-25.18898361079352
 42
-0.4142135623730974
 10
32.22716362872202
 20
-25.18868361079352
 10
32.22716362872202
 20
-25.18568361079352
 42
-0.4142135623730786
 10
32.22766362872202
 20
-25.18518361079352
 10
32.28666362872201
 20
-25.18518361079352
 42
-0.414213562372788
 10
32.28716362872201
 20
-25.18568361079351
 10
32.28716362872202
 20
-25.18888361079352
 42
-0.4142135623737455
 10
32.28686362872202
 20
-25.18918361079352
 10
32.28486362872201
 20
-25.18918361079352
 42
-0.4142135623777762
 10
32.28456362872201
 20
-25.18888361079352
 10
32.28456362872203
 20
-25.18848361079351
 42
-0.4142135623678924
 10
32.28486362872202
 20
-25.18818361079352
 10
32.28576362872202
 20
-25.18818361079352
 42
0.414213562373095
 10
32.28606362872202
 20
-25.18788361079352
 10
32.28606362872202
 20
-25.18703361079352
 42
0.414213562373095
 10
32.28576362872202
 20
-25.18673361079352
 10
32.27906362872202
 20
-25.18673361079352
 42
0.414213562374319
 10
32.27876362872202
 20
-25.18703361079352
 10
32.27876362872202
 20
-25.18788361079352
 42
0.4142135623707157
 10
32.27906362872202
 20
-25.18818361079352
 10
32.27996362872202
 20
-25.18818361079353
 42
-0.4142135623719366
 10
32.28026362872201
 20
-25.18848361079352
 10
32.28026362872201
 20
-25.18888361079352
 42
-0.4142135623730977
 10
32.27996362872202
 20
-25.18918361079352
 10
32.27656362872202
 20
-25.18918361079352
 42
-0.4142135623730953
 10
32.27626362872202
 20
-25.18888361079352
 10
32.27626362872202
 20
-25.18868361079352
 42
-0.4142135623730951
 10
32.27656362872202
 20
-25.18838361079352
 10
32.27746362872202
 20
-25.18838361079352
 42
0.4142135623730951
 10
32.27776362872202
 20
-25.18808361079353
 10
32.27776362872202
 20
-25.18723361079353
 42
0.4142135623729392
 10
32.27746362872202
 20
-25.18693361079353
 10
32.27076362872201
 20
-25.18693361079352
 42
0.4142135623734031
 10
32.27046362872201
 20
-25.18723361079352
 10
32.27046362872201
 20
-25.18808361079352
 42
0.4142135623730959
 10
32.27076362872202
 20
-25.18838361079352
 10
32.27166362872202
 20
-25.18838361079353
 42
-0.4142135623730951
 10
32.27196362872202
 20
-25.18868361079352
 10
32.27196362872202
 20
-25.18888361079352
 42
-0.4142135623730951
 10
32.27166362872201
 20
-25.18918361079352
 10
32.26996362872201
 20
-25.18918361079352
 42
-0.4142135623720545
 10
32.26946362872202
 20
-25.18868361079352
 10
32.26946362872201
 20
-25.18768361079352
 42
0.4142135623720546
 10
32.26896362872202
 20
-25.18718361079352
 10
32.26216362872202
 20
-25.18718361079352
 42
0.4142135623704937
 10
32.26116362872202
 20
-25.18818361079351
 10
32.26116362872202
 20
-25.18858361079351
 42
0.4142135623761128
 10
32.26216362872202
 20
-25.18958361079352
 10
32.26466362872202
 20
-25.18958361079352
 42
-0.4142135623730951
 10
32.26566362872202
 20
-25.19058361079352
 10
32.26566362872202
 20
-25.19318361079353
 42
-0.414213562373095
 10
32.26516362872202
 20
-25.19368361079352
 10
32.26466362872201
 20
-25.19368361079352
 42
-0.414213562373095
 10
32.26416362872202
 20
-25.19318361079353
 10
32.26416362872202
 20
-25.19138361079352
 42
0.4142135623726616
 10
32.26386362872202
 20
-25.19108361079352
 10
32.26146362872202
 20
-25.19108361079352
 42
0.4142135623735287
 10
32.26116362872202
 20
-25.19138361079352
 10
32.26116362872202
 20
-25.20336399555139
 42
-0.2679491924334693
 10
32.26101362872201
 20
-25.20362380317253
 42
0.5773502691946075
 10
32.26101362872201
 20
-25.2041434184148
 42
-0.2679491924327813
 10
32.26116362872202
 20
-25.20440322603593
 10
32.26116362872202
 20
-25.21368361079366
 42
0.4142135623735287
 10
32.26146362872202
 20
-25.21398361079367
 10
32.26386362872202
 20
-25.21398361079366
 42
0.4142135623732408
 10
32.26416362872202
 20
-25.21368361079366
 10
32.26416362872202
 20
-25.21188361079366
 42
-0.4142135623757533
 10
32.26466362872202
 20
-25.21138361079366
 10
32.26516362872202
 20
-25.21138361079367
 42
-0.4142135623706133
 10
32.26566362872202
 20
-25.21188361079366
 10
32.26566362872202
 20
-25.21448361079367
 42
-0.4142135623739115
 10
32.26466362872202
 20
-25.21548361079366
 10
32.26216362872202
 20
-25.21548361079366
 42
0.4142135623735112
 10
32.26116362872202
 20
-25.21648361079366
 10
32.26116362872202
 20
-25.21688361079367
 42
0.4142135623732481
 10
32.26216362872202
 20
-25.21788361079366
 10
32.26896362872202
 20
-25.21788361079366
 42
0.4142135623719009
 10
32.26946362872201
 20
-25.21738361079367
 10
32.26946362872202
 20
-25.21638361079367
 42
-0.4142135623720544
 10
32.26996362872203
 20
-25.21588361079367
 10
32.27166362872202
 20
-25.21588361079367
 42
-0.414213562373095
 10
32.27196362872202
 20
-25.21618361079366
 10
32.27196362872202
 20
-25.21638361079367
 42
-0.414213562373095
 10
32.27166362872202
 20
-25.21668361079366
 10
32.27076362872201
 20
-25.21668361079366
 42
0.414213562371872
 10
32.27046362872201
 20
-25.21698361079366
 10
32.27046362872201
 20
-25.21783361079366
 42
0.4142135623744771
 10
32.27076362872201
 20
-25.21813361079366
 10
32.27746362872202
 20
-25.21813361079366
 42
0.414213562373095
 10
32.27776362872202
 20
-25.21783361079366
 10
32.27776362872202
 20
-25.21698361079366
 42
0.414213562373095
 10
32.27746362872202
 20
-25.21668361079366
 10
32.27656362872202
 20
-25.21668361079366
 42
-0.414213562373095
 10
32.27626362872202
 20
-25.21638361079367
 10
32.27626362872202
 20
-25.21618361079366
 42
-0.414213562373095
 10
32.27656362872202
 20
-25.21588361079367
 10
32.27996362872202
 20
-25.21588361079367
 42
-0.414213562373095
 10
32.28026362872201
 20
-25.21618361079366
 10
32.28026362872201
 20
-25.21658361079366
 42
-0.4142135623719402
 10
32.27996362872202
 20
-25.21688361079367
 10
32.27906362872202
 20
-25.21688361079367
 42
0.4142135623719402
 10
32.27876362872202
 20
-25.21718361079367
 10
32.27876362872202
 20
-25.21803361079367
 42
0.4142135623730951
 10
32.27906362872202
 20
-25.21833361079366
 10
32.28576362872202
 20
-25.21833361079366
 42
0.4142135623718722
 10
32.28606362872202
 20
-25.21803361079367
 10
32.28606362872202
 20
-25.21718361079367
 42
0.4142135623743214
 10
32.28576362872201
 20
-25.21688361079367
 10
32.28486362872201
 20
-25.21688361079367
 42
-0.4142135623771394
 10
32.28456362872201
 20
-25.21658361079366
 10
32.28456362872203
 20
-25.21618361079366
 42
-0.4142135623678993
 10
32.28486362872202
 20
-25.21588361079367
 10
32.28686362872202
 20
-25.21588361079367
 42
-0.414213562373095
 10
32.28716362872201
 20
-25.21618361079366
 10
32.28716362872201
 20
-25.21938361079366
 42
-0.4142135623730951
 10
32.28666362872202
 20
-25.21988361079366
 10
32.22766362872202
 20
-25.21988361079366
 42
-0.4142135623730962
 10
32.22716362872202
 20
-25.21938361079366
 10
32.22716362872202
 20
-25.21638361079367
 42
-0.4142135623730969
 10
32.22746362872202
 20
-25.21608361079366
 10
32.22926362872202
 20
-25.21608361079366
 42
-0.4142135623730895
 10
32.22956362872202
 20
-25.21638361079367
 10
32.22956362872202
 20
-25.21678361079366
 42
-0.4142135623744001
 10
32.22926362872201
 20
-25.21708361079367
 10
32.22846362872201
 20
-25.21708361079366
 42
0.414213562374396
 10
32.22826362872202
 20
-25.21728361079366
 10
32.22826362872202
 20
-25.21833361079367
 42
0.4142135623730981
 10
32.22846362872201
 20
-25.21853361079366
 10
32.23536362872201
 20
-25.21853361079366
 42
0.4142135623721053
 10
32.23556362872202
 20
-25.21833361079366
 10
32.23556362872202
 20
-25.21728361079366
 42
0.4142135623753897
 10
32.23536362872201
 20
-25.21708361079366
 10
32.23456362872202
 20
-25.21708361079366
 42
-0.4142135623743903
 10
32.23426362872202
 20
-25.21678361079366
 10
32.23426362872202
 20
-25.21638361079367
 42
-0.4142135623756971
 10
32.23456362872202
 20
-25.21608361079366
 10
32.23606362872202
 20
-25.21608361079366
 42
-0.4142135623730913
 10
32.23656362872202
 20
-25.21658361079366
 10
32.23656362872202
 20
-25.21758361079367
 42
0.4142135623730895
 10
32.23686362872202
 20
-25.21788361079366
 10
32.24106362872202
 20
-25.21788361079366
 42
0.4142135623730934
 10
32.24136362872202
 20
-25.21758361079367
  0
LWPOLYLINE
  5
1BB
330
17
100
AcDbEntity
  8
0
 62
11
100
AcDbPolyline
 90
87
 70
1
 10
32.25491366943376
 20
-25.22838079607908
 10
32.25491366943376
 20
-25.22838361079365
 42
0.4142135623730177
 10
32.25541366943376
 20
-25.22888361079365
 10
32.26891362872201
 20
-25.22888361079365
 42
0.4142135623731697
 10
32.26921362872201
 20
-25.22858361079365
 10
32.26921362872201
 20
-25.22841629105271
 10
32.26921362872201
 20
-25.22788361079365
 42
0.414213562373962
 10
32.26891362872201
 20
-25.22758361079365
 10
32.26771362872202
 20
-25.22758361079365
 42
-0.4142135623739623
 10
32.26741362872201
 20
-25.22728361079365
 10
32.26741362872201
 20
-25.22668361079365
 42
-0.4142135623730951
 10
32.26771362872201
 20
-25.22638361079365
 10
32.26891362872201
 20
-25.22638361079365
 42
0.4142135623730951
 10
32.26921362872201
 20
-25.22608361079365
 10
32.26921362872201
 20
-25.22568361079365
 42
0.4142135623730948
 10
32.26891362872202
 20
-25.22538361079365
 10
32.26771362872201
 20
-25.22538361079365
 42
-0.4142135623730951
 10
32.26741362872201
 20
-25.22508361079365
 10
32.26741362872201
 20
-25.22218361079366
 42
-0.4142135623730951
 10
32.26771362872201
 20
-25.22188361079366
 10
32.27386362872201
 20
-25.22188361079366
 10
32.27416362872201
 20
-25.22158361079366
 10
32.27446362872202
 20
-25.22188361079366
 10
32.28061362872201
 20
-25.22188361079366
 42
-0.4142135623725666
 10
32.28091362872201
 20
-25.22218361079366
 10
32.28091362872202
 20
-25.22508361079365
 42
-0.4142135623734541
 10
32.28061362872201
 20
-25.22538361079365
 10
32.27941362872201
 20
-25.22538361079365
 42
0.4142135623730951
 10
32.27911362872202
 20
-25.22568361079365
 10
32.27911362872202
 20
-25.22608361079365
 42
0.4142135623730951
 10
32.27941362872201
 20
-25.22638361079365
 10
32.28061362872201
 20
-25.22638361079365
 42
-0.4142135623713607
 10
32.28091362872201
 20
-25.22668361079365
 10
32.28091362872202
 20
-25.22728361079364
 42
-0.4142135623739637
 10
32.28061362872202
 20
-25.22758361079365
 10
32.27941362872201
 20
-25.22758361079365
 42
0.4142135623722281
 10
32.27911362872202
 20
-25.22788361079365
 10
32.27911362872202
 20
-25.22858361079365
 42
0.4142135623730951
 10
32.27941362872201
 20
-25.22888361079365
 10
32.28716362872201
 20
-25.22888361079365
 42
0.4142135623731449
 10
32.28816362872202
 20
-25.22788361079365
 10
32.28816362872201
 20
-25.18638361079352
 42
0.289689863304937
 10
32.28759220015059
 20
-25.18548010289061
 42
0.550760424584259
 10
32.28716362872201
 20
-25.18575115526149
 10
32.28716362872201
 20
-25.18893639719869
 42
0.2134217649611505
 10
32.28726362872173
 20
-25.18916000399619
 42
-1.057279695476605
 10
32.28684002192414
 20
-25.18958361079338
 42
0.2134217652140254
 10
32.28661641512663
 20
-25.18948361079353
 10
32.28451362872201
 20
-25.18948361079351
 42
-0.3152987888775828
 10
32.2839028285185
 20
-25.18905592388668
 10
32.28359588398863
 20
-25.18821260072185
 42
1.0
 10
32.28265619136785
 20
-25.18855462086518
 10
32.28296313589771
 20
-25.18939794403
 42
0.3152987888796157
 10
32.28451362872201
 20
-25.19048361079352
 10
32.28666362872201
 20
-25.19048361079352
 42
-0.4142135623730379
 10
32.28716362872201
 20
-25.19098361079352
 10
32.28716362872201
 20
-25.22758361079366
 42
-0.4142135623731527
 10
32.28686362872202
 20
-25.22788361079365
 10
32.28221362872201
 20
-25.22788361079365
 42
-0.414213562373095
 10
32.28191362872201
 20
-25.22758361079366
 10
32.28191362872201
 20
-25.22018361079366
 42
0.4142135623730948
 10
32.28161362872202
 20
-25.21988361079366
 10
32.28121362872201
 20
-25.21988361079366
 42
0.4142135623704938
 10
32.28091362872202
 20
-25.22018361079366
 10
32.28091362872201
 20
-25.22058361079367
 42
-0.4142135623704938
 10
32.28061362872201
 20
-25.22088361079366
 10
32.26771362872201
 20
-25.22088361079366
 42
-0.4142135623730951
 10
32.26741362872201
 20
-25.22058361079366
 10
32.267413628722
 20
-25.22018361079366
 42
0.414213562373095
 10
32.26711362872201
 20
-25.21988361079366
 10
32.26421362872201
 20
-25.21988361079367
 42
0.4142135623730948
 10
32.26391362872201
 20
-25.22018361079366
 10
32.26391362872201
 20
-25.22173361079365
 42
1.0
 10
32.26491362872201
 20
-25.22173361079366
 10
32.26491362872201
 20
-25.22138361079365
 42
-0.4142135623701211
 10
32.26521362872201
 20
-25.22108361079366
 10
32.26611362872201
 20
-25.22108361079366
 42
-0.4142135623730948
 10
32.26641362872201
 20
-25.22138361079365
 10
32.26641362872201
 20
-25.22708361079365
 42
-0.4142135623730951
 10
32.26611362872201
 20
-25.22738361079365
 10
32.26521362872201
 20
-25.22738361079365
 42
-0.414213562373095
 10
32.26491362872201
 20
-25.22708361079365
 10
32.26491362872201
 20
-25.22593361079366
 42
1.0
 10
32.26391362872201
 20
-25.22593361079365
 10
32.26391362872201
 20
-25.22725494265454
 42
-0.4060847441301588
 10
32.26352476051062
 20
-25.22765478772864
 10
32.25540010556696
 20
-25.22788098009111
 42
0.4062892005557546
  0
LINE
  5
1BC
330
17
100
AcDbEntity
  8
0
  6
CONTINUOUS
 62
8
100
AcDbLine
 10
32.23838362474966
 20
-25.21210598911586
 30
0.0
 11
31.23544363269421
 21
-25.21210598911581
 31
0.0
  0
LINE
  5
1BD
330
17
100
AcDbEntity
  8
0
 62
11
100
AcDbLine
 10
32.33844363269442
 20
-25.18955598911526
 30
0.0
 11
33.34038362474966
 21
-25.18955598911531
 31
0.0
  0
LINE
  5
1BE
330
17
100
AcDbEntity
  8
0
 62
11
100
AcDbLine
 10
32.3384436326949
 20
-25.19255598911586
 30
0.0
 11
33.34038362475016
 21
-25.19255598911581
 31
0.0
  0
LINE
  5
1BF
330
17
100
AcDbEntity
  8
0
 62
11
100
AcDbLine
 10
32.33844363269479
 20
-25.19555598911556
 30
0.0
 11
33.34038362474975
 21
-25.19555598911557
 31
0.0
  0
LINE
  5
1C0
330
17
100
AcDbEntity
  8
0
 62
11
100
AcDbLine
 10
32.33844363269395
 20
-25.20755598911556
 30
0.0
 11
33.34038362475007
 21
-25.20755598911555
 31
0.0
  0
LINE
  5
1C1
330
17
100
AcDbEntity
  8
0
 62
11
100
AcDbLine
 10
32.33844363269366
 20
-25.21155598911586
 30
0.0
 11
33.34038362475033
 21
-25.21155598911581
 31
0.0
  0
LINE
  5
1C2
330
17
100
AcDbEntity
  8
0
  6
CONTINUOUS
 62
8
100
AcDbLine
 10
32.33794363269436
 20
-25.21210598911586
 30
0.0
 11
33.34088362474982
 21
-25.21210598911581
 31
0.0
  0
LINE
  5
1C3
330
17
100
AcDbEntity
  8
0
 62
11
100
AcDbLine
 10
32.33844363269448
 20
-25.21555598911526
 30
0.0
 11
33.34038362474981
 21
-25.21555598911531
 31
0.0
  0
LINE
  5
1C4
330
17
100
AcDbEntity
  8
0
 62
11
100
AcDbLine
 10
33.34088362474967
 20
-25.20805598911515
 30
0.0
 11
33.34088362474967
 21
-25.21105598911514
 31
0.0
  0
LINE
  5
1C5
330
17
100
AcDbEntity
  8
0
 62
11
100
AcDbLine
 10
33.34088362474967
 20
-25.21205598911515
 30
0.0
 11
33.34088362474967
 21
-25.21505598911515
 31
0.0
  0
LINE
  5
1C6
330
17
100
AcDbEntity
  8
0
 62
11
100
AcDbLine
 10
33.34038362474966
 20
-25.21555598911515
 30
0.0
 11
33.34088362474967
 21
-25.21505598911515
 31
0.0
  0
LINE
  5
1C7
330
17
100
AcDbEntity
  8
0
 62
11
100
AcDbLine
 10
33.34038362474966
 20
-25.20755598911515
 30
0.0
 11
33.34088362474967
 21
-25.20805598911515
 31
0.0
  0
LINE
  5
1C8
330
17
100
AcDbEntity
  8
0
 62
11
100
AcDbLine
 10
33.34038362474966
 20
-25.21155598911515
 30
0.0
 11
33.34088362474967
 21
-25.21205598911515
 31
0.0
  0
LINE
  5
1C9
330
17
100
AcDbEntity
  8
0
 62
11
100
AcDbLine
 10
33.34038362474966
 20
-25.21155598911515
 30
0.0
 11
33.34088362474967
 21
-25.21105598911514
 31
0.0
  0
LINE
  5
1CA
330
17
100
AcDbEntity
  8
0
 62
11
100
AcDbLine
 10
33.34088362474967
 20
-25.19005598911532
 30
0.0
 11
33.34088362474967
 21
-25.19205598911532
 31
0.0
  0
LINE
  5
1CB
330
17
100
AcDbEntity
  8
0
 62
11
100
AcDbLine
 10
33.34088362474967
 20
-25.19305598911532
 30
0.0
 11
33.34088362474967
 21
-25.19505598911532
 31
0.0
  0
LINE
  5
1CC
330
17
100
AcDbEntity
  8
0
 62
11
100
AcDbLine
 10
33.34038362474968
 20
-25.19255598911532
 30
0.0
 11
33.34088362474967
 21
-25.19305598911532
 31
0.0
  0
LINE
  5
1CD
330
17
100
AcDbEntity
  8
0
 62
11
100
AcDbLine
 10
33.34038362474968
 20
-25.19255598911532
 30
0.0
 11
33.34088362474967
 21
-25.19205598911533
 31
0.0
  0
LINE
  5
1CE
330
17
100
AcDbEntity
  8
0
 62
11
100
AcDbLine
 10
33.34038362474966
 20
-25.19555598911533
 30
0.0
 11
33.34088362474967
 21
-25.19505598911532
 31
0.0
  0
LINE
  5
1CF
330
17
100
AcDbEntity
  8
0
 62
11
100
AcDbLine
 10
33.34038362474966
 20
-25.18955598911531
 30
0.0
 11
33.34088362474967
 21
-25.19005598911532
 31
0.0
  0
LINE
  5
1D0
330
17
100
AcDbEntity
  8
0
 62
11
100
AcDbLine
 10
33.34038362474966
 20
-25.20755598911515
 30
0.0
 11
33.34088362474967
 21
-25.20805598911515
 31
0.0
  0
LWPOLYLINE
  5
1D1
330
17
100
AcDbEntity
  8
0
 62
8
100
AcDbPolyline
 90
6
 70
1
 10
33.32963379231208
 20
-25.1965559891153
 10
33.32963379231208
 20
-25.20655598911531
 10
33.33463379231207
 20
-25.20655598911531
 10
33.33763379231207
 20
-25.20305598911531
 10
33.33763379231207
 20
-25.20005598911531
 10
33.33463379231207
 20
-25.1965559891153
  0
LWPOLYLINE
  5
1D2
330
17
100
AcDbEntity
  8
0
 62
8
100
AcDbPolyline
 90
6
 70
1
 10
33.33013379231207
 20
-25.19705598911531
 10
33.33013379231207
 20
-25.20605598911531
 10
33.33448240449321
 20
-25.20605598911531
 10
33.33713379231208
 20
-25.20278839723607
 10
33.33713379231208
 20
-25.20032358099456
 10
33.33448240449321
 20
-25.19705598911531
  0
LINE
  5
1D3
330
17
100
AcDbEntity
  8
0
 62
11
100
AcDbLine
 10
33.34038362474966
 20
-25.19555598911515
 30
0.0
 11
33.34088362474967
 21
-25.19505598911515
 31
0.0
  0
ARC
  5
1D4
330
17
100
AcDbEntity
  8
0
 62
8
100
AcDbCircle
 10
33.35257427091651
 20
-25.20155598911515
 30
0.0
 40
0.0133761432333217
100
AcDbArc
 50
150.9259378909694
 51
209.0740621090173
  0
LINE
  5
1D5
330
17
100
AcDbEntity
  8
0
 62
8
100
AcDbLine
 10
33.33463379231207
 20
-25.1965559891153
 30
0.0
 11
33.33463379231207
 21
-25.19555598911531
 31
0.0
  0
LINE
  5
1D6
330
17
100
AcDbEntity
  8
0
 62
8
100
AcDbLine
 10
33.33463379231207
 20
-25.20655598911531
 30
0.0
 11
33.33463379231207
 21
-25.20755598911531
 31
0.0
  0
LINE
  5
1D7
330
17
100
AcDbEntity
  8
0
 62
8
100
AcDbLine
 10
33.32963379231208
 20
-25.19555598911557
 30
0.0
 11
33.32963379231208
 21
-25.20755598911531
 31
0.0
  0
LWPOLYLINE
  5
1D8
330
17
100
AcDbEntity
  8
0
 62
0
100
AcDbPolyline
 90
4
 70
1
 10
33.37016362872202
 20
-25.22651782214265
 10
33.38316362872202
 20
-25.22651782214265
 10
33.38316362872202
 20
-25.22741782214265
 10
33.37016362872202
 20
-25.22741782214265
  0
LINE
  5
1D9
330
17
100
AcDbEntity
  8
0
 62
0
100
AcDbLine
 10
33.37671362872202
 20
-25.23351782214265
 30
0.0
 11
33.37671362872202
 21
-25.22741782214265
 31
0.0
  0
LINE
  5
1DA
330
17
100
AcDbEntity
  8
0
 62
0
100
AcDbLine
 10
33.37661362872202
 20
-25.23351782214265
 30
0.0
 11
33.37661362872202
 21
-25.22741782214265
 31
0.0
  0
LINE
  5
1DB
330
17
100
AcDbEntity
  8
0
 62
0
100
AcDbLine
 10
33.38156362872202
 20
-25.22741782214265
 30
0.0
 11
33.38432169323815
 21
-25.23351782214265
 31
0.0
  0
LINE
  5
1DC
330
17
100
AcDbEntity
  8
0
 62
0
100
AcDbLine
 10
33.382434491811594
 20
-25.23351782214265
 30
0.0
 11
33.38096233103275
 21
-25.22741782214265
 31
0.0
  0
LINE
  5
1DD
330
17
100
AcDbEntity
  8
0
 62
0
100
AcDbLine
 10
33.381536229988306
 20
-25.23351782214265
 30
0.0
 11
33.38096233103275
 21
-25.22741782214265
 31
0.0
  0
LINE
  5
1DE
330
17
100
AcDbEntity
  8
0
 62
0
100
AcDbLine
 10
33.38334426144398
 20
-25.23351782214265
 30
0.0
 11
33.381282626981246
 21
-25.22741782214265
 31
0.0
  0
LINE
  5
1DF
330
17
100
AcDbEntity
  8
0
 62
0
100
AcDbLine
 10
33.38118957650976
 20
-25.23351782214265
 30
0.0
 11
33.380615677554204
 21
-25.22741782214265
 31
0.0
  0
LINE
  5
1E0
330
17
100
AcDbEntity
  8
0
 62
0
100
AcDbLine
 10
33.38087103321072
 20
-25.23351782214265
 30
0.0
 11
33.380297134255166
 21
-25.22741782214265
 31
0.0
  0
LINE
  5
1E1
330
17
100
AcDbEntity
  8
0
 62
0
100
AcDbLine
 10
33.380458793186875
 20
-25.23351782214265
 30
0.0
 11
33.37988489423132
 21
-25.22741782214265
 31
0.0
  0
LINE
  5
1E2
330
17
100
AcDbEntity
  8
0
 62
0
100
AcDbLine
 10
33.379980978238315
 20
-25.23351782214265
 30
0.0
 11
33.37940707928276
 21
-25.22741782214265
 31
0.0
  0
LINE
  5
1E3
330
17
100
AcDbEntity
  8
0
 62
0
100
AcDbLine
 10
33.379493785482865
 20
-25.23351782214265
 30
0.0
 11
33.37891988652731
 21
-25.22741782214265
 31
0.0
  0
LINE
  5
1E4
330
17
100
AcDbEntity
  8
0
 62
0
100
AcDbLine
 10
33.3790440807138
 20
-25.23351782214265
 30
0.0
 11
33.37847018175824
 21
-25.22741782214265
 31
0.0
  0
LINE
  5
1E5
330
17
100
AcDbEntity
  8
0
 62
0
100
AcDbLine
 10
33.378650573062565
 20
-25.23351782214265
 30
0.0
 11
33.37807667410701
 21
-25.22741782214265
 31
0.0
  0
LINE
  5
1E6
330
17
100
AcDbEntity
  8
0
 62
0
100
AcDbLine
 10
33.378228978473
 20
-25.23351782214265
 30
0.0
 11
33.37765507951744
 21
-25.22741782214265
 31
0.0
  0
LINE
  5
1E7
330
17
100
AcDbEntity
  8
0
 62
0
100
AcDbLine
 10
33.37787294718757
 20
-25.23351782214265
 30
0.0
 11
33.37729904823201
 21
-25.22741782214265
 31
0.0
  0
LINE
  5
1E8
330
17
100
AcDbEntity
  8
0
 62
0
100
AcDbLine
 10
33.37757314788172
 20
-25.23351782214265
 30
0.0
 11
33.37699924892616
 21
-25.22741782214265
 31
0.0
  0
LINE
  5
1E9
330
17
100
AcDbEntity
  8
0
 62
0
100
AcDbLine
 10
33.37734828968689
 20
-25.23351782214265
 30
0.0
 11
33.376774390731335
 21
-25.22741782214265
 31
0.0
  0
LINE
  5
1EA
330
17
100
AcDbEntity
  8
0
 62
0
100
AcDbLine
 10
33.376932006301494
 20
-25.23351782214265
 30
0.0
 11
33.37686943340504
 21
-25.22741782214265
 31
0.0
  0
LINE
  5
1EB
330
17
100
AcDbEntity
  8
0
 62
0
100
AcDbLine
 10
33.37176362872202
 20
-25.22741782214265
 30
0.0
 11
33.36900556420589
 21
-25.23351782214265
 31
0.0
  0
LINE
  5
1EC
330
17
100
AcDbEntity
  8
0
 62
0
100
AcDbLine
 10
33.37089276563245
 20
-25.23351782214265
 30
0.0
 11
33.372364926411294
 21
-25.22741782214265
 31
0.0
  0
LINE
  5
1ED
330
17
100
AcDbEntity
  8
0
 62
0
100
AcDbLine
 10
33.371791027455735
 20
-25.23351782214265
 30
0.0
 11
33.372364926411294
 21
-25.22741782214265
 31
0.0
  0
LINE
  5
1EE
330
17
100
AcDbEntity
  8
0
 62
0
100
AcDbLine
 10
33.36998299600006
 20
-25.23351782214265
 30
0.0
 11
33.372044630462796
 21
-25.22741782214265
 31
0.0
  0
LINE
  5
1EF
330
17
100
AcDbEntity
  8
0
 62
0
100
AcDbLine
 10
33.37213768093428
 20
-25.23351782214265
 30
0.0
 11
33.37271157988984
 21
-25.22741782214265
 31
0.0
  0
LINE
  5
1F0
330
17
100
AcDbEntity
  8
0
 62
0
100
AcDbLine
 10
33.372456224233325
 20
-25.23351782214265
 30
0.0
 11
33.373030123188876
 21
-25.22741782214265
 31
0.0
  0
LINE
  5
1F1
330
17
100
AcDbEntity
  8
0
 62
0
100
AcDbLine
 10
33.37286846425717
 20
-25.23351782214265
 30
0.0
 11
33.373442363212725
 21
-25.22741782214265
 31
0.0
  0
LINE
  5
1F2
330
17
100
AcDbEntity
  8
0
 62
0
100
AcDbLine
 10
33.37334627920573
 20
-25.23351782214265
 30
0.0
 11
33.373920178161285
 21
-25.22741782214265
 31
0.0
  0
LINE
  5
1F3
330
17
100
AcDbEntity
  8
0
 62
0
100
AcDbLine
 10
33.37383347196118
 20
-25.23351782214265
 30
0.0
 11
33.374407370916735
 21
-25.22741782214265
 31
0.0
  0
LINE
  5
1F4
330
17
100
AcDbEntity
  8
0
 62
0
100
AcDbLine
 10
33.374283176730245
 20
-25.23351782214265
 30
0.0
 11
33.3748570756858
 21
-25.22741782214265
 31
0.0
  0
LINE
  5
1F5
330
17
100
AcDbEntity
  8
0
 62
0
100
AcDbLine
 10
33.37467668438148
 20
-25.23351782214265
 30
0.0
 11
33.375250583337035
 21
-25.22741782214265
 31
0.0
  0
LINE
  5
1F6
330
17
100
AcDbEntity
  8
0
 62
0
100
AcDbLine
 10
33.375098278971045
 20
-25.23351782214265
 30
0.0
 11
33.3756721779266
 21
-25.22741782214265
 31
0.0
  0
LINE
  5
1F7
330
17
100
AcDbEntity
  8
0
 62
0
100
AcDbLine
 10
33.37545431025647
 20
-25.23351782214265
 30
0.0
 11
33.37602820921203
 21
-25.22741782214265
 31
0.0
  0
LINE
  5
1F8
330
17
100
AcDbEntity
  8
0
 62
0
100
AcDbLine
 10
33.37575410956232
 20
-25.23351782214265
 30
0.0
 11
33.37632800851788
 21
-25.22741782214265
 31
0.0
  0
LINE
  5
1F9
330
17
100
AcDbEntity
  8
0
 62
0
100
AcDbLine
 10
33.37597896775715
 20
-25.23351782214265
 30
0.0
 11
33.37655286671271
 21
-25.22741782214265
 31
0.0
  0
LINE
  5
1FA
330
17
100
AcDbEntity
  8
0
 62
0
100
AcDbLine
 10
33.37639525114255
 20
-25.23351782214265
 30
0.0
 11
33.376457824039
 21
-25.22741782214265
 31
0.0
  0
LINE
  5
1FB
330
17
100
AcDbEntity
  8
0
 62
8
100
AcDbLine
 10
33.36180468643268
 20
-25.22730401246822
 30
0.0
 11
33.36180468643268
 21
-25.22030401246818
 31
0.0
  0
LWPOLYLINE
  5
1FC
330
17
100
AcDbEntity
  8
0
 62
11
100
AcDbPolyline
 90
8
 70
1
 10
33.36166362872202
 20
-25.18748361079353
 42
0.4142135623730622
 10
33.36136362872202
 20
-25.18718361079353
 10
33.34596362872202
 20
-25.18718361079352
 42
0.4142135623731641
 10
33.34566362872202
 20
-25.18748361079353
 10
33.34566362872202
 20
-25.21758361079367
 42
0.4142135623730921
 10
33.34596362872202
 20
-25.21788361079367
 10
33.36136362872202
 20
-25.21788361079367
 42
0.4142135623730618
 10
33.36166362872202
 20
-25.21758361079367
  0
LWPOLYLINE
  5
1FD
330
17
100
AcDbEntity
  8
0
 62
11
100
AcDbPolyline
 90
164
 70
1
 10
33.34386362872202
 20
-25.18748361079352
 42
0.414213562373095
 10
33.34356362872203
 20
-25.18718361079353
 10
33.33936362872202
 20
-25.18718361079353
 42
0.4142135623730937
 10
33.33906362872202
 20
-25.18748361079353
 10
33.33906362872202
 20
-25.18848361079353
 42
-0.414213562373095
 10
33.33856362872203
 20
-25.18898361079353
 10
33.33706362872202
 20
-25.18898361079353
 42
-0.4142135623730905
 10
33.33676362872202
 20
-25.18868361079352
 10
33.33676362872202
 20
-25.18828361079352
 42
-0.4142135623730977
 10
33.33706362872202
 20
-25.18798361079352
 10
33.33786362872202
 20
-25.18798361079352
 42
0.4142135623730955
 10
33.33806362872202
 20
-25.18778361079352
 10
33.33806362872202
 20
-25.18673361079353
 42
0.4142135623730969
 10
33.33786362872202
 20
-25.18653361079353
 10
33.33096362872202
 20
-25.18653361079353
 42
0.4142135623730951
 10
33.33076362872202
 20
-25.18673361079353
 10
33.33076362872202
 20
-25.18778361079353
 42
0.4142135623743959
 10
33.33096362872202
 20
-25.18798361079353
 10
33.33176362872202
 20
-25.18798361079352
 42
-0.4142135623743958
 10
33.33206362872202
 20
-25.18828361079352
 10
33.33206362872202
 20
-25.18868361079352
 42
-0.4142135623730951
 10
33.33176362872202
 20
-25.18898361079353
 10
33.32996362872202
 20
-25.18898361079353
 42
-0.4142135623730974
 10
33.32966362872202
 20
-25.18868361079352
 10
33.32966362872202
 20
-25.18568361079352
 42
-0.4142135623730786
 10
33.33016362872202
 20
-25.18518361079353
 10
33.38916362872202
 20
-25.18518361079352
 42
-0.414213562372788
 10
33.38966362872202
 20
-25.18568361079352
 10
33.38966362872202
 20
-25.18888361079352
 42
-0.4142135623737455
 10
33.38936362872202
 20
-25.18918361079353
 10
33.38736362872201
 20
-25.18918361079352
 42
-0.4142135623777762
 10
33.38706362872202
 20
-25.18888361079352
 10
33.38706362872203
 20
-25.18848361079351
 42
-0.4142135623678924
 10
33.38736362872202
 20
-25.18818361079353
 10
33.38826362872203
 20
-25.18818361079353
 42
0.414213562373095
 10
33.38856362872202
 20
-25.18788361079353
 10
33.38856362872202
 20
-25.18703361079352
 42
0.414213562373095
 10
33.38826362872203
 20
-25.18673361079353
 10
33.38156362872201
 20
-25.18673361079353
 42
0.414213562374319
 10
33.38126362872202
 20
-25.18703361079352
 10
33.38126362872202
 20
-25.18788361079353
 42
0.4142135623707157
 10
33.38156362872202
 20
-25.18818361079353
 10
33.38246362872202
 20
-25.18818361079353
 42
-0.4142135623719366
 10
33.38276362872202
 20
-25.18848361079353
 10
33.38276362872202
 20
-25.18888361079352
 42
-0.4142135623730977
 10
33.38246362872201
 20
-25.18918361079352
 10
33.37906362872202
 20
-25.18918361079352
 42
-0.4142135623730953
 10
33.37876362872202
 20
-25.18888361079353
 10
33.37876362872202
 20
-25.18868361079352
 42
-0.4142135623730951
 10
33.37906362872202
 20
-25.18838361079353
 10
33.37996362872202
 20
-25.18838361079353
 42
0.4142135623730951
 10
33.38026362872202
 20
-25.18808361079353
 10
33.38026362872202
 20
-25.18723361079353
 42
0.4142135623729392
 10
33.37996362872202
 20
-25.18693361079353
 10
33.37326362872202
 20
-25.18693361079352
 42
0.4142135623734031
 10
33.37296362872202
 20
-25.18723361079352
 10
33.37296362872202
 20
-25.18808361079353
 42
0.4142135623730959
 10
33.37326362872202
 20
-25.18838361079353
 10
33.37416362872203
 20
-25.18838361079353
 42
-0.4142135623730951
 10
33.37446362872202
 20
-25.18868361079352
 10
33.37446362872202
 20
-25.18888361079353
 42
-0.4142135623730951
 10
33.37416362872202
 20
-25.18918361079352
 10
33.37246362872202
 20
-25.18918361079352
 42
-0.4142135623720545
 10
33.37196362872202
 20
-25.18868361079353
 10
33.37196362872202
 20
-25.18768361079352
 42
0.4142135623720546
 10
33.37146362872202
 20
-25.18718361079353
 10
33.36466362872201
 20
-25.18718361079353
 42
0.4142135623704937
 10
33.36366362872202
 20
-25.18818361079352
 10
33.36366362872202
 20
-25.18858361079352
 42
0.4142135623761128
 10
33.36466362872202
 20
-25.18958361079353
 10
33.36716362872202
 20
-25.18958361079353
 42
-0.4142135623730951
 10
33.36816362872202
 20
-25.19058361079352
 10
33.36816362872202
 20
-25.19318361079353
 42
-0.414213562373095
 10
33.36766362872203
 20
-25.19368361079353
 10
33.36716362872201
 20
-25.19368361079353
 42
-0.414213562373095
 10
33.36666362872203
 20
-25.19318361079353
 10
33.36666362872203
 20
-25.19138361079353
 42
0.4142135623726616
 10
33.36636362872202
 20
-25.19108361079353
 10
33.36396362872202
 20
-25.19108361079352
 42
0.4142135623735287
 10
33.36366362872202
 20
-25.19138361079353
 10
33.36366362872202
 20
-25.2033639955514
 42
-0.2679491924334693
 10
33.36351362872202
 20
-25.20362380317254
 42
0.5773502691946075
 10
33.36351362872202
 20
-25.2041434184148
 42
-0.2679491924327813
 10
33.36366362872202
 20
-25.20440322603594
 10
33.36366362872202
 20
-25.21368361079367
 42
0.4142135623735287
 10
33.36396362872202
 20
-25.21398361079367
 10
33.36636362872202
 20
-25.21398361079367
 42
0.4142135623732408
 10
33.36666362872203
 20
-25.21368361079367
 10
33.36666362872202
 20
-25.21188361079367
 42
-0.4142135623757533
 10
33.36716362872202
 20
-25.21138361079367
 10
33.36766362872203
 20
-25.21138361079367
 42
-0.4142135623706133
 10
33.36816362872202
 20
-25.21188361079367
 10
33.36816362872202
 20
-25.21448361079367
 42
-0.4142135623739115
 10
33.36716362872202
 20
-25.21548361079367
 10
33.36466362872201
 20
-25.21548361079366
 42
0.4142135623735112
 10
33.36366362872202
 20
-25.21648361079366
 10
33.36366362872202
 20
-25.21688361079367
 42
0.4142135623732481
 10
33.36466362872202
 20
-25.21788361079367
 10
33.37146362872203
 20
-25.21788361079367
 42
0.4142135623719009
 10
33.37196362872202
 20
-25.21738361079368
 10
33.37196362872202
 20
-25.21638361079367
 42
-0.4142135623720544
 10
33.37246362872202
 20
-25.21588361079367
 10
33.37416362872203
 20
-25.21588361079367
 42
-0.414213562373095
 10
33.37446362872202
 20
-25.21618361079366
 10
33.37446362872202
 20
-25.21638361079367
 42
-0.414213562373095
 10
33.37416362872203
 20
-25.21668361079367
 10
33.37326362872202
 20
-25.21668361079367
 42
0.414213562371872
 10
33.37296362872202
 20
-25.21698361079366
 10
33.37296362872202
 20
-25.21783361079366
 42
0.4142135623744771
 10
33.37326362872202
 20
-25.21813361079367
 10
33.37996362872202
 20
-25.21813361079367
 42
0.414213562373095
 10
33.38026362872202
 20
-25.21783361079367
 10
33.38026362872202
 20
-25.21698361079366
 42
0.414213562373095
 10
33.37996362872202
 20
-25.21668361079367
 10
33.37906362872202
 20
-25.21668361079367
 42
-0.414213562373095
 10
33.37876362872202
 20
-25.21638361079367
 10
33.37876362872202
 20
-25.21618361079366
 42
-0.414213562373095
 10
33.37906362872202
 20
-25.21588361079367
 10
33.38246362872202
 20
-25.21588361079367
 42
-0.414213562373095
 10
33.38276362872202
 20
-25.21618361079366
 10
33.38276362872202
 20
-25.21658361079367
 42
-0.4142135623719402
 10
33.38246362872202
 20
-25.21688361079367
 10
33.38156362872202
 20
-25.21688361079367
 42
0.4142135623719402
 10
33.38126362872202
 20
-25.21718361079367
 10
33.38126362872202
 20
-25.21803361079367
 42
0.4142135623730951
 10
33.38156362872202
 20
-25.21833361079367
 10
33.38826362872203
 20
-25.21833361079367
 42
0.4142135623718722
 10
33.38856362872202
 20
-25.21803361079367
 10
33.38856362872202
 20
-25.21718361079367
 42
0.4142135623743214
 10
33.38826362872202
 20
-25.21688361079367
 10
33.38736362872201
 20
-25.21688361079367
 42
-0.4142135623771394
 10
33.38706362872202
 20
-25.21658361079366
 10
33.38706362872203
 20
-25.21618361079366
 42
-0.4142135623678993
 10
33.38736362872202
 20
-25.21588361079367
 10
33.38936362872202
 20
-25.21588361079367
 42
-0.414213562373095
 10
33.38966362872202
 20
-25.21618361079366
 10
33.38966362872202
 20
-25.21938361079367
 42
-0.4142135623730951
 10
33.38916362872202
 20
-25.21988361079367
 10
33.33016362872202
 20
-25.21988361079367
 42
-0.4142135623730962
 10
33.32966362872202
 20
-25.21938361079367
 10
33.32966362872202
 20
-25.21638361079367
 42
-0.4142135623730969
 10
33.32996362872202
 20
-25.21608361079367
 10
33.33176362872201
 20
-25.21608361079367
 42
-0.4142135623730895
 10
33.33206362872202
 20
-25.21638361079367
 10
33.33206362872202
 20
-25.21678361079367
 42
-0.4142135623744001
 10
33.33176362872201
 20
-25.21708361079367
 10
33.33096362872202
 20
-25.21708361079367
 42
0.414213562374396
 10
33.33076362872202
 20
-25.21728361079367
 10
33.33076362872203
 20
-25.21833361079367
 42
0.4142135623730981
 10
33.33096362872202
 20
-25.21853361079367
 10
33.33786362872202
 20
-25.21853361079367
 42
0.4142135623721053
 10
33.33806362872202
 20
-25.21833361079367
 10
33.33806362872202
 20
-25.21728361079367
 42
0.4142135623753897
 10
33.33786362872202
 20
-25.21708361079367
 10
33.33706362872202
 20
-25.21708361079367
 42
-0.4142135623743903
 10
33.33676362872203
 20
-25.21678361079367
 10
33.33676362872202
 20
-25.21638361079367
 42
-0.4142135623756971
 10
33.33706362872202
 20
-25.21608361079367
 10
33.33856362872202
 20
-25.21608361079367
 42
-0.4142135623730913
 10
33.33906362872202
 20
-25.21658361079367
 10
33.33906362872202
 20
-25.21758361079367
 42
0.4142135623730895
 10
33.33936362872202
 20
-25.21788361079367
 10
33.34356362872203
 20
-25.21788361079367
 42
0.4142135623730934
 10
33.34386362872202
 20
-25.21758361079367
  0
LWPOLYLINE
  5
1FE
330
17
100
AcDbEntity
  8
0
 62
11
100
AcDbPolyline
 90
87
 70
1
 10
33.35741366943377
 20
-25.22838079607908
 10
33.35741366943376
 20
-25.22838361079366
 42
0.4142135623730177
 10
33.35791366943376
 20
-25.22888361079365
 10
33.37141362872201
 20
-25.22888361079365
 42
0.4142135623731697
 10
33.37171362872202
 20
-25.22858361079365
 10
33.37171362872202
 20
-25.22841629105271
 10
33.37171362872202
 20
-25.22788361079366
 42
0.414213562373962
 10
33.37141362872201
 20
-25.22758361079365
 10
33.37021362872202
 20
-25.22758361079366
 42
-0.4142135623739623
 10
33.36991362872202
 20
-25.22728361079366
 10
33.36991362872202
 20
-25.22668361079365
 42
-0.4142135623730951
 10
33.37021362872202
 20
-25.22638361079366
 10
33.37141362872201
 20
-25.22638361079366
 42
0.4142135623730951
 10
33.37171362872202
 20
-25.22608361079365
 10
33.37171362872202
 20
-25.22568361079365
 42
0.4142135623730948
 10
33.37141362872202
 20
-25.22538361079365
 10
33.37021362872202
 20
-25.22538361079365
 42
-0.4142135623730951
 10
33.36991362872202
 20
-25.22508361079366
 10
33.36991362872202
 20
-25.22218361079366
 42
-0.4142135623730951
 10
33.37021362872202
 20
-25.22188361079367
 10
33.37636362872202
 20
-25.22188361079367
 10
33.37666362872202
 20
-25.22158361079366
 10
33.37696362872202
 20
-25.22188361079366
 10
33.38311362872202
 20
-25.22188361079367
 42
-0.4142135623725666
 10
33.38341362872201
 20
-25.22218361079366
 10
33.38341362872202
 20
-25.22508361079365
 42
-0.4142135623734541
 10
33.38311362872202
 20
-25.22538361079365
 10
33.38191362872202
 20
-25.22538361079365
 42
0.4142135623730951
 10
33.38161362872202
 20
-25.22568361079365
 10
33.38161362872202
 20
-25.22608361079365
 42
0.4142135623730951
 10
33.38191362872202
 20
-25.22638361079366
 10
33.38311362872202
 20
-25.22638361079366
 42
-0.4142135623713607
 10
33.38341362872201
 20
-25.22668361079365
 10
33.38341362872202
 20
-25.22728361079365
 42
-0.4142135623739637
 10
33.38311362872202
 20
-25.22758361079365
 10
33.38191362872202
 20
-25.22758361079366
 42
0.4142135623722281
 10
33.38161362872202
 20
-25.22788361079366
 10
33.38161362872202
 20
-25.22858361079366
 42
0.4142135623730951
 10
33.38191362872202
 20
-25.22888361079365
 10
33.38966362872202
 20
-25.22888361079365
 42
0.4142135623731449
 10
33.39066362872202
 20
-25.22788361079366
 10
33.39066362872201
 20
-25.18638361079352
 42
0.289689863304937
 10
33.39009220015058
 20
-25.18548010289062
 42
0.550760424584259
 10
33.38966362872201
 20
-25.18575115526149
 10
33.38966362872201
 20
-25.1889363971987
 42
0.2134217649611505
 10
33.38976362872174
 20
-25.18916000399619
 42
-1.057279695476605
 10
33.38934002192413
 20
-25.18958361079338
 42
0.2134217652140254
 10
33.38911641512664
 20
-25.18948361079353
 10
33.38701362872201
 20
-25.18948361079352
 42
-0.3152987888775828
 10
33.3864028285185
 20
-25.18905592388668
 10
33.38609588398863
 20
-25.18821260072186
 42
1.0
 10
33.38515619136785
 20
-25.18855462086519
 10
33.38546313589771
 20
-25.18939794403001
 42
0.3152987888796157
 10
33.38701362872202
 20
-25.19048361079352
 10
33.38916362872201
 20
-25.19048361079352
 42
-0.4142135623730379
 10
33.38966362872201
 20
-25.19098361079353
 10
33.38966362872201
 20
-25.22758361079366
 42
-0.4142135623731527
 10
33.38936362872202
 20
-25.22788361079366
 10
33.38471362872201
 20
-25.22788361079366
 42
-0.414213562373095
 10
33.38441362872202
 20
-25.22758361079366
 10
33.38441362872202
 20
-25.22018361079366
 42
0.4142135623730948
 10
33.38411362872202
 20
-25.21988361079367
 10
33.38371362872202
 20
-25.21988361079367
 42
0.4142135623704938
 10
33.38341362872202
 20
-25.22018361079366
 10
33.38341362872201
 20
-25.22058361079367
 42
-0.4142135623704938
 10
33.38311362872202
 20
-25.22088361079366
 10
33.37021362872202
 20
-25.22088361079366
 42
-0.4142135623730951
 10
33.36991362872202
 20
-25.22058361079367
 10
33.369913628722
 20
-25.22018361079366
 42
0.414213562373095
 10
33.36961362872201
 20
-25.21988361079367
 10
33.36671362872201
 20
-25.21988361079367
 42
0.4142135623730948
 10
33.36641362872202
 20
-25.22018361079367
 10
33.36641362872202
 20
-25.22173361079366
 42
1.0
 10
33.36741362872202
 20
-25.22173361079366
 10
33.36741362872202
 20
-25.22138361079366
 42
-0.4142135623701211
 10
33.36771362872202
 20
-25.22108361079367
 10
33.36861362872202
 20
-25.22108361079366
 42
-0.4142135623730948
 10
33.36891362872201
 20
-25.22138361079366
 10
33.36891362872201
 20
-25.22708361079365
 42
-0.4142135623730951
 10
33.36861362872202
 20
-25.22738361079365
 10
33.36771362872202
 20
-25.22738361079365
 42
-0.414213562373095
 10
33.36741362872202
 20
-25.22708361079366
 10
33.36741362872202
 20
-25.22593361079366
 42
1.0
 10
33.36641362872202
 20
-25.22593361079366
 10
33.36641362872202
 20
-25.22725494265455
 42
-0.4060847441301588
 10
33.36602476051063
 20
-25.22765478772865
 10
33.35790010556696
 20
-25.22788098009111
 42
0.4062892005557546
  0
LINE
  5
1FF
330
17
100
AcDbEntity
  8
0
 62
11
100
AcDbLine
 10
32.33794363269437
 20
-25.20805598911514
 30
0.0
 11
32.33794363269437
 21
-25.21105598911514
 31
0.0
  0
LINE
  5
200
330
17
100
AcDbEntity
  8
0
 62
11
100
AcDbLine
 10
32.33794363269437
 20
-25.21205598911515
 30
0.0
 11
32.33794363269437
 21
-25.21505598911515
 31
0.0
  0
LINE
  5
201
330
17
100
AcDbEntity
  8
0
 62
11
100
AcDbLine
 10
32.33844363269448
 20
-25.21555598911526
 30
0.0
 11
32.33794363269437
 21
-25.21505598911515
 31
0.0
  0
LINE
  5
202
330
17
100
AcDbEntity
  8
0
 62
11
100
AcDbLine
 10
32.33844363269437
 20
-25.20755598911515
 30
0.0
 11
32.33794363269437
 21
-25.20805598911514
 31
0.0
  0
LINE
  5
203
330
17
100
AcDbEntity
  8
0
 62
11
100
AcDbLine
 10
32.33844363269366
 20
-25.21155598911586
 30
0.0
 11
32.33794363269437
 21
-25.21205598911515
 31
0.0
  0
LINE
  5
204
330
17
100
AcDbEntity
  8
0
 62
11
100
AcDbLine
 10
32.33844363269437
 20
-25.21155598911514
 30
0.0
 11
32.33794363269437
 21
-25.21105598911514
 31
0.0
  0
LINE
  5
205
330
17
100
AcDbEntity
  8
0
 62
11
100
AcDbLine
 10
32.33794363269437
 20
-25.19005598911531
 30
0.0
 11
32.33794363269437
 21
-25.19205598911531
 31
0.0
  0
LINE
  5
206
330
17
100
AcDbEntity
  8
0
 62
11
100
AcDbLine
 10
32.33794363269436
 20
-25.19305598911531
 30
0.0
 11
32.33794363269437
 21
-25.19505598911532
 31
0.0
  0
LINE
  5
207
330
17
100
AcDbEntity
  8
0
 62
11
100
AcDbLine
 10
32.33844363269436
 20
-25.19255598911532
 30
0.0
 11
32.33794363269437
 21
-25.19305598911531
 31
0.0
  0
LINE
  5
208
330
17
100
AcDbEntity
  8
0
 62
11
100
AcDbLine
 10
32.3384436326949
 20
-25.19255598911586
 30
0.0
 11
32.33794363269437
 21
-25.19205598911532
 31
0.0
  0
LINE
  5
209
330
17
100
AcDbEntity
  8
0
 62
11
100
AcDbLine
 10
32.33844363269437
 20
-25.19555598911532
 30
0.0
 11
32.33794363269437
 21
-25.19505598911532
 31
0.0
  0
LINE
  5
20A
330
17
100
AcDbEntity
  8
0
 62
11
100
AcDbLine
 10
32.33844363269442
 20
-25.18955598911526
 30
0.0
 11
32.33794363269437
 21
-25.19005598911531
 31
0.0
  0
LINE
  5
20B
330
17
100
AcDbEntity
  8
0
 62
11
100
AcDbLine
 10
32.33844363269395
 20
-25.20755598911556
 30
0.0
 11
32.33794363269437
 21
-25.20805598911514
 31
0.0
  0
LWPOLYLINE
  5
20C
330
17
100
AcDbEntity
  8
0
 62
8
100
AcDbPolyline
 90
6
 70
1
 10
32.34919346513196
 20
-25.1965559891153
 10
32.34919346513196
 20
-25.20655598911531
 10
32.34419346513197
 20
-25.20655598911531
 10
32.34119346513196
 20
-25.20305598911531
 10
32.34119346513196
 20
-25.2000559891153
 10
32.34419346513197
 20
-25.1965559891153
  0
LWPOLYLINE
  5
20D
330
17
100
AcDbEntity
  8
0
 62
8
100
AcDbPolyline
 90
6
 70
1
 10
32.34869346513196
 20
-25.1970559891153
 10
32.34869346513196
 20
-25.2060559891153
 10
32.34434485295083
 20
-25.2060559891153
 10
32.34169346513195
 20
-25.20278839723607
 10
32.34169346513195
 20
-25.20032358099455
 10
32.34434485295083
 20
-25.1970559891153
  0
LINE
  5
20E
330
17
100
AcDbEntity
  8
0
 62
11
100
AcDbLine
 10
32.33844363269479
 20
-25.19555598911556
 30
0.0
 11
32.33794363269437
 21
-25.19505598911515
 31
0.0
  0
ARC
  5
20F
330
17
100
AcDbEntity
  8
0
 62
8
100
AcDbCircle
 10
32.32625298652753
 20
-25.20155598911515
 30
0.0
 40
0.0133761432333217
100
AcDbArc
 50
330.9259378909827
 51
29.07406210903062
  0
LINE
  5
210
330
17
100
AcDbEntity
  8
0
 62
8
100
AcDbLine
 10
32.34419346513197
 20
-25.1965559891153
 30
0.0
 11
32.34419346513197
 21
-25.19555598911531
 31
0.0
  0
LINE
  5
211
330
17
100
AcDbEntity
  8
0
 62
8
100
AcDbLine
 10
32.34419346513197
 20
-25.20655598911531
 30
0.0
 11
32.34419346513197
 21
-25.2075559891153
 31
0.0
  0
LINE
  5
212
330
17
100
AcDbEntity
  8
0
 62
8
100
AcDbLine
 10
32.34919346513196
 20
-25.19555598911556
 30
0.0
 11
32.34919346513196
 21
-25.2075559891153
 31
0.0
  0
LWPOLYLINE
  5
213
330
17
100
AcDbEntity
  8
0
 62
0
100
AcDbPolyline
 90
4
 70
1
 10
-32.30866362872202
 20
-25.22651782214265
 10
-32.29566362872202
 20
-25.22651782214265
 10
-32.29566362872202
 20
-25.22741782214265
 10
-32.30866362872202
 20
-25.22741782214265
210
0.0
220
-0.0
230
-1.0
  0
LINE
  5
214
330
17
100
AcDbEntity
  8
0
 62
0
100
AcDbLine
 10
32.30211362872202
 20
-25.23351782214265
 30
0.0
 11
32.30211362872202
 21
-25.22741782214265
 31
0.0
  0
LINE
  5
215
330
17
100
AcDbEntity
  8
0
 62
0
100
AcDbLine
 10
32.30221362872202
 20
-25.23351782214265
 30
0.0
 11
32.30221362872202
 21
-25.22741782214265
 31
0.0
  0
LINE
  5
216
330
17
100
AcDbEntity
  8
0
 62
0
100
AcDbLine
 10
32.29726362872202
 20
-25.22741782214265
 30
0.0
 11
32.29450556420589
 21
-25.23351782214265
 31
0.0
  0
LINE
  5
217
330
17
100
AcDbEntity
  8
0
 62
0
100
AcDbLine
 10
32.29639276563245
 20
-25.23351782214265
 30
0.0
 11
32.29786492641129
 21
-25.22741782214265
 31
0.0
  0
LINE
  5
218
330
17
100
AcDbEntity
  8
0
 62
0
100
AcDbLine
 10
32.297291027455735
 20
-25.23351782214265
 30
0.0
 11
32.29786492641129
 21
-25.22741782214265
 31
0.0
  0
LINE
  5
219
330
17
100
AcDbEntity
  8
0
 62
0
100
AcDbLine
 10
32.29548299600006
 20
-25.23351782214265
 30
0.0
 11
32.297544630462795
 21
-25.22741782214265
 31
0.0
  0
LINE
  5
21A
330
17
100
AcDbEntity
  8
0
 62
0
100
AcDbLine
 10
32.29763768093428
 20
-25.23351782214265
 30
0.0
 11
32.29821157988984
 21
-25.22741782214265
 31
0.0
  0
LINE
  5
21B
330
17
100
AcDbEntity
  8
0
 62
0
100
AcDbLine
 10
32.297956224233324
 20
-25.23351782214265
 30
0.0
 11
32.298530123188876
 21
-25.22741782214265
 31
0.0
  0
LINE
  5
21C
330
17
100
AcDbEntity
  8
0
 62
0
100
AcDbLine
 10
32.298368464257166
 20
-25.23351782214265
 30
0.0
 11
32.298942363212724
 21
-25.22741782214265
 31
0.0
  0
LINE
  5
21D
330
17
100
AcDbEntity
  8
0
 62
0
100
AcDbLine
 10
32.298846279205726
 20
-25.23351782214265
 30
0.0
 11
32.299420178161284
 21
-25.22741782214265
 31
0.0
  0
LINE
  5
21E
330
17
100
AcDbEntity
  8
0
 62
0
100
AcDbLine
 10
32.29933347196118
 20
-25.23351782214265
 30
0.0
 11
32.299907370916735
 21
-25.22741782214265
 31
0.0
  0
LINE
  5
21F
330
17
100
AcDbEntity
  8
0
 62
0
100
AcDbLine
 10
32.299783176730244
 20
-25.23351782214265
 30
0.0
 11
32.3003570756858
 21
-25.22741782214265
 31
0.0
  0
LINE
  5
220
330
17
100
AcDbEntity
  8
0
 62
0
100
AcDbLine
 10
32.300176684381476
 20
-25.23351782214265
 30
0.0
 11
32.300750583337035
 21
-25.22741782214265
 31
0.0
  0
LINE
  5
221
330
17
100
AcDbEntity
  8
0
 62
0
100
AcDbLine
 10
32.300598278971044
 20
-25.23351782214265
 30
0.0
 11
32.3011721779266
 21
-25.22741782214265
 31
0.0
  0
LINE
  5
222
330
17
100
AcDbEntity
  8
0
 62
0
100
AcDbLine
 10
32.30095431025647
 20
-25.23351782214265
 30
0.0
 11
32.30152820921203
 21
-25.22741782214265
 31
0.0
  0
LINE
  5
223
330
17
100
AcDbEntity
  8
0
 62
0
100
AcDbLine
 10
32.30125410956232
 20
-25.23351782214265
 30
0.0
 11
32.30182800851788
 21
-25.22741782214265
 31
0.0
  0
LINE
  5
224
330
17
100
AcDbEntity
  8
0
 62
0
100
AcDbLine
 10
32.30147896775715
 20
-25.23351782214265
 30
0.0
 11
32.30205286671271
 21
-25.22741782214265
 31
0.0
  0
LINE
  5
225
330
17
100
AcDbEntity
  8
0
 62
0
100
AcDbLine
 10
32.30189525114255
 20
-25.23351782214265
 30
0.0
 11
32.301957824039
 21
-25.22741782214265
 31
0.0
  0
LINE
  5
226
330
17
100
AcDbEntity
  8
0
 62
0
100
AcDbLine
 10
32.30706362872202
 20
-25.22741782214265
 30
0.0
 11
32.30982169323815
 21
-25.23351782214265
 31
0.0
  0
LINE
  5
227
330
17
100
AcDbEntity
  8
0
 62
0
100
AcDbLine
 10
32.307934491811594
 20
-25.23351782214265
 30
0.0
 11
32.30646233103275
 21
-25.22741782214265
 31
0.0
  0
LINE
  5
228
330
17
100
AcDbEntity
  8
0
 62
0
100
AcDbLine
 10
32.307036229988306
 20
-25.23351782214265
 30
0.0
 11
32.30646233103275
 21
-25.22741782214265
 31
0.0
  0
LINE
  5
229
330
17
100
AcDbEntity
  8
0
 62
0
100
AcDbLine
 10
32.30884426144398
 20
-25.23351782214265
 30
0.0
 11
32.306782626981246
 21
-25.22741782214265
 31
0.0
  0
LINE
  5
22A
330
17
100
AcDbEntity
  8
0
 62
0
100
AcDbLine
 10
32.30668957650976
 20
-25.23351782214265
 30
0.0
 11
32.3061156775542
 21
-25.22741782214265
 31
0.0
  0
LINE
  5
22B
330
17
100
AcDbEntity
  8
0
 62
0
100
AcDbLine
 10
32.306371033210716
 20
-25.23351782214265
 30
0.0
 11
32.305797134255165
 21
-25.22741782214265
 31
0.0
  0
LINE
  5
22C
330
17
100
AcDbEntity
  8
0
 62
0
100
AcDbLine
 10
32.305958793186875
 20
-25.23351782214265
 30
0.0
 11
32.30538489423132
 21
-25.22741782214265
 31
0.0
  0
LINE
  5
22D
330
17
100
AcDbEntity
  8
0
 62
0
100
AcDbLine
 10
32.305480978238315
 20
-25.23351782214265
 30
0.0
 11
32.304907079282756
 21
-25.22741782214265
 31
0.0
  0
LINE
  5
22E
330
17
100
AcDbEntity
  8
0
 62
0
100
AcDbLine
 10
32.304993785482864
 20
-25.23351782214265
 30
0.0
 11
32.304419886527306
 21
-25.22741782214265
 31
0.0
  0
LINE
  5
22F
330
17
100
AcDbEntity
  8
0
 62
0
100
AcDbLine
 10
32.3045440807138
 20
-25.23351782214265
 30
0.0
 11
32.30397018175824
 21
-25.22741782214265
 31
0.0
  0
LINE
  5
230
330
17
100
AcDbEntity
  8
0
 62
0
100
AcDbLine
 10
32.304150573062564
 20
-25.23351782214265
 30
0.0
 11
32.303576674107006
 21
-25.22741782214265
 31
0.0
  0
LINE
  5
231
330
17
100
AcDbEntity
  8
0
 62
0
100
AcDbLine
 10
32.303728978472996
 20
-25.23351782214265
 30
0.0
 11
32.30315507951744
 21
-25.22741782214265
 31
0.0
  0
LINE
  5
232
330
17
100
AcDbEntity
  8
0
 62
0
100
AcDbLine
 10
32.30337294718757
 20
-25.23351782214265
 30
0.0
 11
32.30279904823201
 21
-25.22741782214265
 31
0.0
  0
LINE
  5
233
330
17
100
AcDbEntity
  8
0
 62
0
100
AcDbLine
 10
32.30307314788172
 20
-25.23351782214265
 30
0.0
 11
32.30249924892616
 21
-25.22741782214265
 31
0.0
  0
LINE
  5
234
330
17
100
AcDbEntity
  8
0
 62
0
100
AcDbLine
 10
32.30284828968689
 20
-25.23351782214265
 30
0.0
 11
32.302274390731334
 21
-25.22741782214265
 31
0.0
  0
LINE
  5
235
330
17
100
AcDbEntity
  8
0
 62
0
100
AcDbLine
 10
32.302432006301494
 20
-25.23351782214265
 30
0.0
 11
32.30236943340504
 21
-25.22741782214265
 31
0.0
  0
LINE
  5
236
330
17
100
AcDbEntity
  8
0
 62
8
100
AcDbLine
 10
32.31702257101135
 20
-25.22730401246821
 30
0.0
 11
32.31702257101135
 21
-25.22030401246818
 31
0.0
  0
LWPOLYLINE
  5
237
330
17
100
AcDbEntity
  8
0
 62
11
100
AcDbPolyline
 90
8
 70
1
 10
32.31716362872202
 20
-25.18748361079353
 42
-0.4142135623730622
 10
32.31746362872201
 20
-25.18718361079352
 10
32.33286362872201
 20
-25.18718361079352
 42
-0.4142135623731641
 10
32.33316362872201
 20
-25.18748361079352
 10
32.33316362872201
 20
-25.21758361079367
 42
-0.4142135623730921
 10
32.33286362872201
 20
-25.21788361079366
 10
32.31746362872201
 20
-25.21788361079366
 42
-0.4142135623730618
 10
32.31716362872202
 20
-25.21758361079367
  0
LWPOLYLINE
  5
238
330
17
100
AcDbEntity
  8
0
 62
11
100
AcDbPolyline
 90
164
 70
1
 10
32.33496362872201
 20
-25.18748361079352
 42
-0.414213562373095
 10
32.33526362872201
 20
-25.18718361079352
 10
32.33946362872202
 20
-25.18718361079352
 42
-0.4142135623730937
 10
32.33976362872201
 20
-25.18748361079352
 10
32.33976362872201
 20
-25.18848361079353
 42
0.414213562373095
 10
32.34026362872201
 20
-25.18898361079352
 10
32.34176362872201
 20
-25.18898361079352
 42
0.4142135623730905
 10
32.34206362872202
 20
-25.18868361079352
 10
32.34206362872202
 20
-25.18828361079352
 42
0.4142135623730977
 10
32.34176362872201
 20
-25.18798361079352
 10
32.34096362872201
 20
-25.18798361079352
 42
-0.4142135623730955
 10
32.34076362872202
 20
-25.18778361079352
 10
32.34076362872202
 20
-25.18673361079352
 42
-0.4142135623730969
 10
32.34096362872201
 20
-25.18653361079352
 10
32.34786362872201
 20
-25.18653361079352
 42
-0.4142135623730951
 10
32.34806362872202
 20
-25.18673361079352
 10
32.34806362872202
 20
-25.18778361079352
 42
-0.4142135623743959
 10
32.34786362872201
 20
-25.18798361079352
 10
32.34706362872201
 20
-25.18798361079352
 42
0.4142135623743958
 10
32.34676362872202
 20
-25.18828361079352
 10
32.34676362872202
 20
-25.18868361079352
 42
0.4142135623730951
 10
32.34706362872201
 20
-25.18898361079352
 10
32.34886362872201
 20
-25.18898361079352
 42
0.4142135623730974
 10
32.34916362872201
 20
-25.18868361079352
 10
32.34916362872201
 20
-25.18568361079352
 42
0.4142135623730786
 10
32.34866362872202
 20
-25.18518361079352
 10
32.28966362872201
 20
-25.18518361079352
 42
0.414213562372788
 10
32.28916362872201
 20
-25.18568361079351
 10
32.28916362872201
 20
-25.18888361079352
 42
0.4142135623737455
 10
32.28946362872202
 20
-25.18918361079352
 10
32.29146362872202
 20
-25.18918361079352
 42
0.4142135623777762
 10
32.29176362872201
 20
-25.18888361079352
 10
32.29176362872201
 20
-25.18848361079351
 42
0.4142135623678924
 10
32.29146362872202
 20
-25.18818361079352
 10
32.29056362872201
 20
-25.18818361079352
 42
-0.414213562373095
 10
32.29026362872202
 20
-25.18788361079352
 10
32.29026362872202
 20
-25.18703361079352
 42
-0.414213562373095
 10
32.29056362872201
 20
-25.18673361079352
 10
32.29726362872202
 20
-25.18673361079352
 42
-0.414213562374319
 10
32.29756362872202
 20
-25.18703361079352
 10
32.297563628722
 20
-25.18788361079352
 42
-0.4142135623707157
 10
32.29726362872201
 20
-25.18818361079352
 10
32.29636362872201
 20
-25.18818361079353
 42
0.4142135623719366
 10
32.29606362872201
 20
-25.18848361079352
 10
32.29606362872201
 20
-25.18888361079352
 42
0.4142135623730977
 10
32.29636362872202
 20
-25.18918361079352
 10
32.299763628722
 20
-25.18918361079352
 42
0.4142135623730953
 10
32.30006362872201
 20
-25.18888361079352
 10
32.30006362872201
 20
-25.18868361079352
 42
0.4142135623730951
 10
32.29976362872202
 20
-25.18838361079352
 10
32.298863628722
 20
-25.18838361079352
 42
-0.4142135623730951
 10
32.29856362872201
 20
-25.18808361079353
 10
32.29856362872201
 20
-25.18723361079353
 42
-0.4142135623729392
 10
32.298863628722
 20
-25.18693361079353
 10
32.30556362872202
 20
-25.18693361079352
 42
-0.4142135623734031
 10
32.30586362872201
 20
-25.18723361079352
 10
32.30586362872201
 20
-25.18808361079352
 42
-0.4142135623730959
 10
32.30556362872202
 20
-25.18838361079352
 10
32.30466362872201
 20
-25.18838361079353
 42
0.4142135623730951
 10
32.30436362872202
 20
-25.18868361079352
 10
32.30436362872202
 20
-25.18888361079352
 42
0.4142135623730951
 10
32.30466362872201
 20
-25.18918361079352
 10
32.30636362872201
 20
-25.18918361079352
 42
0.4142135623720545
 10
32.30686362872202
 20
-25.18868361079352
 10
32.30686362872202
 20
-25.18768361079352
 42
-0.4142135623720546
 10
32.30736362872202
 20
-25.18718361079352
 10
32.31416362872201
 20
-25.18718361079352
 42
-0.4142135623704937
 10
32.31516362872201
 20
-25.18818361079351
 10
32.31516362872201
 20
-25.18858361079351
 42
-0.4142135623761128
 10
32.31416362872201
 20
-25.18958361079352
 10
32.31166362872201
 20
-25.18958361079352
 42
0.4142135623730951
 10
32.31066362872201
 20
-25.19058361079352
 10
32.31066362872201
 20
-25.19318361079353
 42
0.414213562373095
 10
32.31116362872201
 20
-25.19368361079352
 10
32.31166362872202
 20
-25.19368361079352
 42
0.414213562373095
 10
32.31216362872201
 20
-25.19318361079353
 10
32.31216362872201
 20
-25.19138361079352
 42
-0.4142135623726616
 10
32.31246362872202
 20
-25.19108361079352
 10
32.31486362872201
 20
-25.19108361079352
 42
-0.4142135623735287
 10
32.31516362872201
 20
-25.19138361079352
 10
32.31516362872201
 20
-25.20336399555139
 42
0.2679491924334693
 10
32.31531362872201
 20
-25.20362380317253
 42
-0.5773502691946075
 10
32.31531362872201
 20
-25.2041434184148
 42
0.2679491924327813
 10
32.31516362872201
 20
-25.20440322603593
 10
32.31516362872201
 20
-25.21368361079366
 42
-0.4142135623735287
 10
32.31486362872201
 20
-25.21398361079367
 10
32.31246362872202
 20
-25.21398361079366
 42
-0.4142135623732408
 10
32.31216362872201
 20
-25.21368361079366
 10
32.31216362872202
 20
-25.21188361079366
 42
0.4142135623757533
 10
32.31166362872202
 20
-25.21138361079366
 10
32.311163628722
 20
-25.21138361079367
 42
0.4142135623706133
 10
32.31066362872201
 20
-25.21188361079366
 10
32.31066362872201
 20
-25.21448361079367
 42
0.4142135623739115
 10
32.31166362872201
 20
-25.21548361079366
 10
32.31416362872201
 20
-25.21548361079366
 42
-0.4142135623735112
 10
32.31516362872201
 20
-25.21648361079366
 10
32.31516362872201
 20
-25.21688361079367
 42
-0.4142135623732481
 10
32.31416362872201
 20
-25.21788361079366
 10
32.307363628722
 20
-25.21788361079366
 42
-0.4142135623719009
 10
32.30686362872202
 20
-25.21738361079367
 10
32.30686362872202
 20
-25.21638361079367
 42
0.4142135623720544
 10
32.30636362872201
 20
-25.21588361079367
 10
32.30466362872201
 20
-25.21588361079367
 42
0.414213562373095
 10
32.30436362872202
 20
-25.21618361079366
 10
32.30436362872202
 20
-25.21638361079367
 42
0.414213562373095
 10
32.30466362872201
 20
-25.21668361079366
 10
32.30556362872202
 20
-25.21668361079366
 42
-0.414213562371872
 10
32.30586362872201
 20
-25.21698361079366
 10
32.30586362872202
 20
-25.21783361079366
 42
-0.4142135623744771
 10
32.30556362872202
 20
-25.21813361079366
 10
32.298863628722
 20
-25.21813361079366
 42
-0.414213562373095
 10
32.29856362872201
 20
-25.21783361079366
 10
32.29856362872201
 20
-25.21698361079366
 42
-0.414213562373095
 10
32.298863628722
 20
-25.21668361079366
 10
32.29976362872202
 20
-25.21668361079366
 42
0.414213562373095
 10
32.30006362872201
 20
-25.21638361079367
 10
32.30006362872201
 20
-25.21618361079366
 42
0.414213562373095
 10
32.29976362872202
 20
-25.21588361079367
 10
32.29636362872201
 20
-25.21588361079367
 42
0.414213562373095
 10
32.29606362872201
 20
-25.21618361079366
 10
32.29606362872201
 20
-25.21658361079366
 42
0.4142135623719402
 10
32.29636362872201
 20
-25.21688361079367
 10
32.29726362872201
 20
-25.21688361079367
 42
-0.4142135623719402
 10
32.29756362872201
 20
-25.21718361079367
 10
32.29756362872201
 20
-25.21803361079367
 42
-0.4142135623730951
 10
32.29726362872201
 20
-25.21833361079366
 10
32.29056362872201
 20
-25.21833361079366
 42
-0.4142135623718722
 10
32.29026362872202
 20
-25.21803361079367
 10
32.29026362872202
 20
-25.21718361079367
 42
-0.4142135623743214
 10
32.29056362872201
 20
-25.21688361079367
 10
32.29146362872202
 20
-25.21688361079367
 42
0.4142135623771394
 10
32.29176362872201
 20
-25.21658361079366
 10
32.29176362872201
 20
-25.21618361079366
 42
0.4142135623678993
 10
32.29146362872202
 20
-25.21588361079367
 10
32.289463628722
 20
-25.21588361079367
 42
0.414213562373095
 10
32.28916362872201
 20
-25.21618361079366
 10
32.28916362872201
 20
-25.21938361079366
 42
0.4142135623730951
 10
32.28966362872201
 20
-25.21988361079366
 10
32.34866362872201
 20
-25.21988361079366
 42
0.4142135623730962
 10
32.34916362872201
 20
-25.21938361079366
 10
32.34916362872201
 20
-25.21638361079367
 42
0.4142135623730969
 10
32.34886362872201
 20
-25.21608361079366
 10
32.34706362872201
 20
-25.21608361079366
 42
0.4142135623730895
 10
32.34676362872202
 20
-25.21638361079367
 10
32.34676362872202
 20
-25.21678361079366
 42
0.4142135623744001
 10
32.34706362872201
 20
-25.21708361079367
 10
32.34786362872201
 20
-25.21708361079366
 42
-0.414213562374396
 10
32.34806362872202
 20
-25.21728361079366
 10
32.34806362872201
 20
-25.21833361079367
 42
-0.4142135623730981
 10
32.34786362872201
 20
-25.21853361079366
 10
32.34096362872201
 20
-25.21853361079366
 42
-0.4142135623721053
 10
32.34076362872202
 20
-25.21833361079366
 10
32.34076362872202
 20
-25.21728361079366
 42
-0.4142135623753897
 10
32.34096362872201
 20
-25.21708361079366
 10
32.34176362872201
 20
-25.21708361079366
 42
0.4142135623743903
 10
32.34206362872201
 20
-25.21678361079366
 10
32.34206362872202
 20
-25.21638361079367
 42
0.4142135623756971
 10
32.34176362872201
 20
-25.21608361079366
 10
32.34026362872202
 20
-25.21608361079366
 42
0.4142135623730913
 10
32.33976362872201
 20
-25.21658361079366
 10
32.33976362872201
 20
-25.21758361079367
 42
-0.4142135623730895
 10
32.33946362872202
 20
-25.21788361079366
 10
32.33526362872201
 20
-25.21788361079366
 42
-0.4142135623730934
 10
32.33496362872201
 20
-25.21758361079367
  0
LWPOLYLINE
  5
239
330
17
100
AcDbEntity
  8
0
 62
11
100
AcDbPolyline
 90
87
 70
1
 10
32.32141358801027
 20
-25.22838079607908
 10
32.32141358801027
 20
-25.22838361079365
 42
-0.4142135623730177
 10
32.32091358801027
 20
-25.22888361079365
 10
32.30741362872202
 20
-25.22888361079365
 42
-0.4142135623731697
 10
32.30711362872201
 20
-25.22858361079365
 10
32.30711362872201
 20
-25.22841629105271
 10
32.30711362872201
 20
-25.22788361079365
 42
-0.414213562373962
 10
32.30741362872202
 20
-25.22758361079365
 10
32.30861362872202
 20
-25.22758361079365
 42
0.4142135623739623
 10
32.30891362872201
 20
-25.22728361079365
 10
32.30891362872201
 20
-25.22668361079365
 42
0.4142135623730951
 10
32.30861362872202
 20
-25.22638361079365
 10
32.30741362872202
 20
-25.22638361079365
 42
-0.4142135623730951
 10
32.30711362872201
 20
-25.22608361079365
 10
32.30711362872201
 20
-25.22568361079365
 42
-0.4142135623730948
 10
32.30741362872202
 20
-25.22538361079365
 10
32.30861362872202
 20
-25.22538361079365
 42
0.4142135623730951
 10
32.30891362872201
 20
-25.22508361079365
 10
32.30891362872201
 20
-25.22218361079366
 42
0.4142135623730951
 10
32.30861362872202
 20
-25.22188361079366
 10
32.30246362872201
 20
-25.22188361079366
 10
32.30216362872202
 20
-25.22158361079366
 10
32.30186362872202
 20
-25.22188361079366
 10
32.29571362872202
 20
-25.22188361079366
 42
0.4142135623725666
 10
32.29541362872202
 20
-25.22218361079366
 10
32.29541362872202
 20
-25.22508361079365
 42
0.4142135623734541
 10
32.29571362872202
 20
-25.22538361079365
 10
32.29691362872201
 20
-25.22538361079365
 42
-0.4142135623730951
 10
32.29721362872201
 20
-25.22568361079365
 10
32.29721362872201
 20
-25.22608361079365
 42
-0.4142135623730951
 10
32.29691362872201
 20
-25.22638361079365
 10
32.29571362872202
 20
-25.22638361079365
 42
0.4142135623713607
 10
32.29541362872202
 20
-25.22668361079365
 10
32.29541362872202
 20
-25.22728361079364
 42
0.4142135623739637
 10
32.29571362872202
 20
-25.22758361079365
 10
32.29691362872201
 20
-25.22758361079365
 42
-0.4142135623722281
 10
32.29721362872201
 20
-25.22788361079365
 10
32.29721362872201
 20
-25.22858361079365
 42
-0.4142135623730951
 10
32.29691362872201
 20
-25.22888361079365
 10
32.28916362872201
 20
-25.22888361079365
 42
-0.4142135623731449
 10
32.28816362872201
 20
-25.22788361079365
 10
32.28816362872202
 20
-25.18638361079352
 42
-0.289689863304937
 10
32.28873505729345
 20
-25.18548010289061
 42
-0.550760424584259
 10
32.28916362872202
 20
-25.18575115526149
 10
32.28916362872202
 20
-25.18893639719869
 42
-0.2134217649611505
 10
32.2890636287223
 20
-25.18916000399619
 42
1.057279695476605
 10
32.2894872355199
 20
-25.18958361079338
 42
-0.2134217652140254
 10
32.2897108423174
 20
-25.18948361079353
 10
32.29181362872203
 20
-25.18948361079351
 42
0.3152987888775828
 10
32.29242442892553
 20
-25.18905592388668
 10
32.2927313734554
 20
-25.18821260072185
 42
-1.0
 10
32.29367106607618
 20
-25.18855462086518
 10
32.29336412154632
 20
-25.18939794403
 42
-0.3152987888796157
 10
32.29181362872202
 20
-25.19048361079352
 10
32.28966362872203
 20
-25.19048361079352
 42
0.4142135623730379
 10
32.28916362872202
 20
-25.19098361079352
 10
32.28916362872202
 20
-25.22758361079366
 42
0.4142135623731527
 10
32.28946362872202
 20
-25.22788361079365
 10
32.29411362872202
 20
-25.22788361079365
 42
0.414213562373095
 10
32.29441362872201
 20
-25.22758361079366
 10
32.29441362872201
 20
-25.22018361079366
 42
-0.4142135623730948
 10
32.29471362872202
 20
-25.21988361079366
 10
32.29511362872202
 20
-25.21988361079366
 42
-0.4142135623704938
 10
32.29541362872202
 20
-25.22018361079366
 10
32.29541362872202
 20
-25.22058361079367
 42
0.4142135623704938
 10
32.29571362872202
 20
-25.22088361079366
 10
32.30861362872202
 20
-25.22088361079366
 42
0.4142135623730951
 10
32.30891362872201
 20
-25.22058361079366
 10
32.30891362872203
 20
-25.22018361079366
 42
-0.414213562373095
 10
32.30921362872202
 20
-25.21988361079366
 10
32.31211362872202
 20
-25.21988361079367
 42
-0.4142135623730948
 10
32.31241362872201
 20
-25.22018361079366
 10
32.31241362872201
 20
-25.22173361079365
 42
-1.0
 10
32.31141362872202
 20
-25.22173361079366
 10
32.31141362872202
 20
-25.22138361079365
 42
0.4142135623701211
 10
32.31111362872201
 20
-25.22108361079366
 10
32.31021362872201
 20
-25.22108361079366
 42
0.4142135623730948
 10
32.30991362872202
 20
-25.22138361079365
 10
32.30991362872202
 20
-25.22708361079365
 42
0.4142135623730951
 10
32.31021362872202
 20
-25.22738361079365
 10
32.31111362872201
 20
-25.22738361079365
 42
0.414213562373095
 10
32.31141362872201
 20
-25.22708361079365
 10
32.31141362872201
 20
-25.22593361079366
 42
-1.0
 10
32.31241362872201
 20
-25.22593361079365
 10
32.31241362872201
 20
-25.22725494265454
 42
0.4060847441301588
 10
32.31280249693341
 20
-25.22765478772864
 10
32.32092715187707
 20
-25.22788098009111
 42
-0.4062892005557546
  0
LINE
  5
23A
330
17
100
AcDbEntity
  8
0
  6
CONTINUOUS
 62
8
 48
100.0
100
AcDbLine
 10
30.14816362872201
 20
-25.18293726855593
 30
0.0
 11
34.42816362872201
 21
-25.18293726855598
 31
0.0
  0
LINE
  5
23B
330
17
100
AcDbEntity
  8
0
 62
8
100
AcDbLine
 10
30.14816362872201
 20
-25.23233096204018
 30
0.0
 11
30.14816362872201
 21
-25.18293726855593
 31
0.0
  0
LINE
  5
23C
330
17
100
AcDbEntity
  8
0
 62
8
100
AcDbLine
 10
34.42816362872201
 20
-25.23233096204018
 30
0.0
 11
34.42816362872201
 21
-25.18293726855598
 31
0.0
  0
LINE
  5
23D
330
17
100
AcDbEntity
  8
0
 62
8
100
AcDbLine
 10
34.36416362872201
 20
-25.23133096204021
 30
0.0
 11
33.38966362872201
 21
-25.23133096204019
 31
0.0
  0
LINE
  5
23E
330
17
100
AcDbEntity
  8
0
 62
11
100
AcDbLine
 10
33.32582808632853
 20
-25.43703096203997
 30
0.0
 11
33.32582808632853
 21
-25.44003096203996
 31
0.0
  0
LINE
  5
23F
330
17
100
AcDbEntity
  8
0
 62
11
100
AcDbLine
 10
33.32582808632853
 20
-25.44103096203997
 30
0.0
 11
33.32582808632853
 21
-25.44403096203997
 31
0.0
  0
LINE
  5
240
330
17
100
AcDbEntity
  8
0
 62
11
100
AcDbLine
 10
33.32632808632854
 20
-25.44453096203997
 30
0.0
 11
33.32582808632853
 21
-25.44403096203997
 31
0.0
  0
LINE
  5
241
330
17
100
AcDbEntity
  8
0
 62
11
100
AcDbLine
 10
33.32632808632853
 20
-25.43653096203997
 30
0.0
 11
33.32582808632853
 21
-25.43703096203997
 31
0.0
  0
LINE
  5
242
330
17
100
AcDbEntity
  8
0
 62
11
100
AcDbLine
 10
33.32632808632853
 20
-25.44053096203997
 30
0.0
 11
33.32582808632853
 21
-25.44103096203997
 31
0.0
  0
LINE
  5
243
330
17
100
AcDbEntity
  8
0
 62
11
100
AcDbLine
 10
33.32632808632853
 20
-25.44053096203997
 30
0.0
 11
33.32582808632853
 21
-25.44003096203996
 31
0.0
  0
LINE
  5
244
330
17
100
AcDbEntity
  8
0
 62
11
100
AcDbLine
 10
33.32582808632853
 20
-25.41903096204013
 30
0.0
 11
33.32582808632853
 21
-25.42103096204014
 31
0.0
  0
LINE
  5
245
330
17
100
AcDbEntity
  8
0
 62
11
100
AcDbLine
 10
33.32582808632853
 20
-25.42203096204013
 30
0.0
 11
33.32582808632853
 21
-25.42403096204014
 31
0.0
  0
LINE
  5
246
330
17
100
AcDbEntity
  8
0
 62
11
100
AcDbLine
 10
33.32632808632852
 20
-25.42153096204014
 30
0.0
 11
33.32582808632853
 21
-25.42203096204013
 31
0.0
  0
LINE
  5
247
330
17
100
AcDbEntity
  8
0
 62
11
100
AcDbLine
 10
33.32632808632852
 20
-25.42153096204014
 30
0.0
 11
33.32582808632853
 21
-25.42103096204014
 31
0.0
  0
LINE
  5
248
330
17
100
AcDbEntity
  8
0
 62
11
100
AcDbLine
 10
33.32632808632853
 20
-25.42453096204015
 30
0.0
 11
33.32582808632853
 21
-25.42403096204014
 31
0.0
  0
LINE
  5
249
330
17
100
AcDbEntity
  8
0
 62
11
100
AcDbLine
 10
33.32632808632853
 20
-25.41853096204013
 30
0.0
 11
33.32582808632853
 21
-25.41903096204013
 31
0.0
  0
LINE
  5
24A
330
17
100
AcDbEntity
  8
0
 62
11
100
AcDbLine
 10
33.32632808632853
 20
-25.43653096203997
 30
0.0
 11
33.32582808632853
 21
-25.43703096203997
 31
0.0
  0
LWPOLYLINE
  5
24B
330
17
100
AcDbEntity
  8
0
 62
8
100
AcDbPolyline
 90
6
 70
1
 10
33.33851358339501
 20
-25.42553096203997
 10
33.33851358339501
 20
-25.43553096203997
 10
33.33351358339502
 20
-25.43553096203997
 10
33.33051358339502
 20
-25.43203096203997
 10
33.33051358339502
 20
-25.42903096203997
 10
33.33351358339502
 20
-25.42553096203997
  0
LWPOLYLINE
  5
24C
330
17
100
AcDbEntity
  8
0
 62
8
100
AcDbPolyline
 90
6
 70
1
 10
33.33801358339502
 20
-25.42603096203997
 10
33.33801358339502
 20
-25.43503096203997
 10
33.33366497121388
 20
-25.43503096203997
 10
33.33101358339501
 20
-25.43176337016073
 10
33.33101358339501
 20
-25.42929855391922
 10
33.33366497121388
 20
-25.42603096203997
  0
ARC
  5
24D
330
17
100
AcDbEntity
  8
0
 62
8
100
AcDbCircle
 10
33.31413744016169
 20
-25.43053096203997
 30
0.0
 40
0.0133761432333217
100
AcDbArc
 50
330.9259378909825
 51
29.07406210903058
  0
LINE
  5
24E
330
17
100
AcDbEntity
  8
0
 62
8
100
AcDbLine
 10
33.33351358339502
 20
-25.42553096203997
 30
0.0
 11
33.33351358339502
 21
-25.42453096203997
 31
0.0
  0
LINE
  5
24F
330
17
100
AcDbEntity
  8
0
 62
8
100
AcDbLine
 10
33.33351358339502
 20
-25.43553096203997
 30
0.0
 11
33.33351358339502
 21
-25.43653096203997
 31
0.0
  0
LINE
  5
250
330
17
100
AcDbEntity
  8
0
 62
8
100
AcDbLine
 10
33.33851358339501
 20
-25.42453096204023
 30
0.0
 11
33.33851358339501
 21
-25.43653096203997
 31
0.0
  0
LWPOLYLINE
  5
251
330
17
100
AcDbEntity
  8
0
 62
8
100
AcDbPolyline
 90
6
 70
0
 10
32.53982721380068
 20
-25.0242672919707
 10
32.53982721380068
 20
-25.0242672919707
 10
33.10657412137177
 20
-25.0242672919707
 10
33.0005081041938
 20
-25.13033330914867
 10
33.10657412137177
 20
-25.0242672919707
 10
32.99697257028784
 20
-24.91466574088678
  0
LWPOLYLINE
  5
252
330
17
100
AcDbEntity
  8
0
 62
8
100
AcDbPolyline
 90
6
 70
0
 10
32.03650004364336
 20
-25.0242672919707
 10
32.03650004364336
 20
-25.0242672919707
 10
31.46975313607227
 20
-25.0242672919707
 10
31.57581915325024
 20
-25.13033330914867
 10
31.46975313607227
 20
-25.0242672919707
 10
31.5793546871562
 20
-24.91466574088678
  0
LINE
  5
253
330
17
100
AcDbEntity
  8
0-TEXTO
 62
12
100
AcDbLine
 10
34.76522624636557
 20
-19.70158650949992
 30
0.0
 11
34.00791404274953
 21
-19.70158650949992
 31
0.0
  0
CIRCLE
  5
254
330
17
100
AcDbEntity
  8
0-TEXTO
100
AcDbCircle
 10
34.00791404274953
 20
-19.70158650949992
 30
0.0
 40
0.0143465129660836
  0
LINE
  5
255
330
17
100
AcDbEntity
  8
0-TEXTO
 62
12
100
AcDbLine
 10
34.76522624636557
 20
-20.63795632271235
 30
0.0
 11
34.39621251839247
 21
-20.63795632271235
 31
0.0
  0
CIRCLE
  5
256
330
17
100
AcDbEntity
  8
0-TEXTO
100
AcDbCircle
 10
34.39621251839247
 20
-20.63795632271235
 30
0.0
 40
0.0143465129660836
  0
LINE
  5
257
330
17
100
AcDbEntity
  8
0-TEXTO
 62
12
100
AcDbLine
 10
34.76522624636557
 20
-19.22695127131539
 30
0.0
 11
34.03897780855829
 21
-19.22695127131539
 31
0.0
  0
CIRCLE
  5
258
330
17
100
AcDbEntity
  8
0-TEXTO
100
AcDbCircle
 10
34.03897780855829
 20
-18.94568378361186
 30
0.0
 40
0.0143465129660836
  0
LINE
  5
259
330
17
100
AcDbEntity
  8
0-TEXTO
 62
12
100
AcDbLine
 10
34.03897780855829
 20
-19.22695127131539
 30
0.0
 11
34.03897780855829
 21
-18.94568378361186
 31
0.0
  0
LINE
  5
25A
330
17
100
AcDbEntity
  8
0-TEXTO
 62
12
100
AcDbLine
 10
34.76522624636557
 20
-22.77268616824069
 30
0.0
 11
32.81982276615798
 21
-22.77268616824069
 31
0.0
  0
CIRCLE
  5
25B
330
17
100
AcDbEntity
  8
0-TEXTO
100
AcDbCircle
 10
32.81982276615798
 20
-22.77268616824069
 30
0.0
 40
0.0143465129660836
  0
LWPOLYLINE
  5
25C
330
17
100
AcDbEntity
  8
0
 62
8
100
AcDbPolyline
 90
4
 70
1
 10
30.14816362872201
 20
-25.23133096204019
 10
31.25066362872202
 20
-25.23133096204019
 10
31.25066362872202
 20
-25.41733096204019
 10
30.14816362872201
 20
-25.41733096204019
  0
LWPOLYLINE
  5
25D
330
17
100
AcDbEntity
  8
0
 62
11
100
AcDbPolyline
 90
8
 70
1
 10
30.14771358422604
 20
-18.91057947372224
 10
34.42816362872201
 20
-18.91057947372224
 10
34.42816362872201
 20
-24.42057947372224
 10
33.32566362872201
 20
-24.42057947372224
 10
33.32566362872201
 20
-21.98807947372224
 10
31.25066362872201
 20
-21.98807947372224
 10
31.25066362872201
 20
-24.42057947372224
 10
30.14816362872201
 20
-24.42057947372224
  0
LWPOLYLINE
  5
25E
330
17
100
AcDbEntity
  8
0
 62
8
100
AcDbPolyline
 90
4
 70
1
 10
31.30062875129157
 20
-22.13855719603758
 10
32.23819850615247
 20
-22.13855719603758
 10
32.23819850615247
 20
-24.35867578372711
 10
31.30062875129157
 20
-24.35867578372711
  0
LWPOLYLINE
  5
25F
330
17
100
AcDbEntity
  8
0
 62
8
100
AcDbPolyline
 90
4
 70
1
 10
32.33812875129157
 20
-22.13855719603756
 10
33.27569850615247
 20
-22.13855719603756
 10
33.27569850615247
 20
-24.35867578372711
 10
32.33812875129157
 20
-24.35867578372711
  0
LINE
  5
260
330
17
100
AcDbEntity
  8
0-TEXTO
 62
12
100
AcDbLine
 10
34.76522624636557
 20
-25.12062799505378
 30
0.0
 11
34.12502091855589
 21
-25.12062799505378
 31
0.0
  0
CIRCLE
  5
261
330
17
100
AcDbEntity
  8
0-TEXTO
100
AcDbCircle
 10
34.12502091855589
 20
-25.30600776440137
 30
0.0
 40
0.0143465129660836
  0
LINE
  5
262
330
17
100
AcDbEntity
  8
0-TEXTO
 62
12
100
AcDbLine
 10
34.12502091855589
 20
-25.30600776440137
 30
0.0
 11
34.12502091855589
 21
-25.12062799505378
 31
0.0
  0
LINE
  5
263
330
17
100
AcDbEntity
  8
0
 62
4
100
AcDbLine
 10
34.43316362872201
 20
-25.21505900408881
 30
0.0
 11
34.55798189269576
 21
-25.21505900408881
 31
0.0
  0
LINE
  5
264
330
17
100
AcDbEntity
  8
0
 62
4
100
AcDbLine
 10
34.43316362872201
 20
-25.44992614281076
 30
0.0
 11
34.55798189269576
 21
-25.44992614281076
 31
0.0
  0
LWPOLYLINE
  5
265
330
17
100
AcDbEntity
  8
0
 62
8
100
AcDbPolyline
 90
4
 70
1
 10
33.32566362872201
 20
-25.23133096204021
 10
34.42816362872202
 20
-25.23133096204021
 10
34.42816362872202
 20
-25.40131986577512
 10
33.32566362872201
 20
-25.40133096204022
  0
LINE
  5
267
330
17
100
AcDbEntity
  8
0-TEXTO DETALLE
 62
12
100
AcDbLine
 10
31.2175921481292
 20
-25.24531481266643
 30
0.0
 11
31.32607300535225
 21
-25.24531481266643
 31
0.0
  0
CIRCLE
  5
268
330
17
100
AcDbEntity
  8
0-TEXTO DETALLE
100
AcDbCircle
 10
31.2175921481292
 20
-25.24531481266643
 30
0.0
 40
0.0008966570603802
  0
LINE
  5
269
330
17
100
AcDbEntity
  8
0-TEXTO DETALLE
 62
12
100
AcDbLine
 10
31.23024956547434
 20
-25.47742240745882
 30
0.0
 11
31.3249120527492
 21
-25.47742240745882
 31
0.0
  0
LINE
  5
26A
330
17
100
AcDbEntity
  8
0-TEXTO DETALLE
 62
12
100
AcDbLine
 10
31.22715598463585
 20
-25.35859007989847
 30
0.0
 11
31.3249120527492
 21
-25.35859007989847
 31
0.0
  0
LINE
  5
26B
330
17
100
AcDbEntity
  8
0-TEXTO DETALLE
 62
12
100
AcDbLine
 10
31.20771428071236
 20
-25.30992655964603
 30
0.0
 11
31.3249120527492
 21
-25.30992655964603
 31
0.0
  0
LINE
  5
26C
330
17
100
AcDbEntity
  8
0-TEXTO DETALLE
 62
12
100
AcDbLine
 10
31.20771428071236
 20
-25.42153096204031
 30
0.0
 11
31.20771428071236
 21
-25.30992655964603
 31
0.0
  0
LINE
  5
26D
330
17
100
AcDbEntity
  8
0-TEXTO DETALLE
 62
12
100
AcDbLine
 10
31.23024956547434
 20
-25.44053096204031
 30
0.0
 11
31.23024956547434
 21
-25.47742240745882
 31
0.0
  0
CIRCLE
  5
26E
330
17
100
AcDbEntity
  8
0-TEXTO DETALLE
100
AcDbCircle
 10
31.23024956547434
 20
-25.44053096204032
 30
0.0
 40
0.0008966570603802
  0
LINE
  5
26F
330
17
100
AcDbEntity
  8
0-TEXTO DETALLE
 62
12
100
AcDbLine
 10
31.22715598463585
 20
-25.35859007989847
 30
0.0
 11
31.22715598463585
 21
-25.43052087183992
 31
0.0
  0
CIRCLE
  5
270
330
17
100
AcDbEntity
  8
0-TEXTO DETALLE
100
AcDbCircle
 10
31.22715598463585
 20
-25.43052087183992
 30
0.0
 40
0.0008966570603802
  0
CIRCLE
  5
271
330
17
100
AcDbEntity
  8
0-TEXTO DETALLE
100
AcDbCircle
 10
31.20771428071236
 20
-25.42153096204031
 30
0.0
 40
0.0008966570603802
  0
LINE
  5
272
330
17
100
AcDbEntity
  8
0-TEXTO DETALLE
 62
12
100
AcDbLine
 10
31.26581720856382
 20
-25.14385511097283
 30
0.0
 11
31.32607300535225
 21
-25.14385511097283
 31
0.0
  0
LINE
  5
273
330
17
100
AcDbEntity
  8
0-TEXTO DETALLE
 62
12
100
AcDbLine
 10
31.26581720856382
 20
-25.20091646258209
 30
0.0
 11
31.26581720856382
 21
-25.14385511097283
 31
0.0
  0
CIRCLE
  5
274
330
17
100
AcDbEntity
  8
0-TEXTO DETALLE
100
AcDbCircle
 10
31.26581720856382
 20
-25.20091646258209
 30
0.0
 40
0.0008966570603802
  0
LINE
  5
275
330
17
100
AcDbEntity
  8
0-TEXTO
 62
12
100
AcDbLine
 10
36.74690769889509
 20
-20.63795632271235
 30
0.0
 11
36.37789397092199
 21
-20.63795632271235
 31
0.0
  0
CIRCLE
  5
276
330
17
100
AcDbEntity
  8
0-TEXTO
100
AcDbCircle
 10
36.37789397092199
 20
-20.63795632271235
 30
0.0
 40
0.0143465129660836
  0
LINE
  5
277
330
17
100
AcDbEntity
  8
0-TEXTO
 62
12
100
AcDbLine
 10
36.74690769889509
 20
-19.70158650949992
 30
0.0
 11
36.24060397596028
 21
-19.70158650949992
 31
0.0
  0
CIRCLE
  5
278
330
17
100
AcDbEntity
  8
0-TEXTO
100
AcDbCircle
 10
36.24060397596028
 20
-19.70158650949992
 30
0.0
 40
0.0143465129660836
  0
LINE
  5
279
330
17
100
AcDbEntity
  8
0-TEXTO
 62
12
100
AcDbLine
 10
36.74690769889509
 20
-22.77268616824069
 30
0.0
 11
36.46598427269953
 21
-22.77268616824069
 31
0.0
  0
CIRCLE
  5
27A
330
17
100
AcDbEntity
  8
0-TEXTO
100
AcDbCircle
 10
36.46598427269953
 20
-22.77268616824069
 30
0.0
 40
0.0143465129660836
  0
LINE
  5
27B
330
17
100
AcDbEntity
  8
0-TEXTO DETALLE
 62
12
100
AcDbLine
 10
36.24671779107643
 20
-21.904713402443
 30
0.0
 11
36.55489043365124
 21
-21.90471340244301
 31
0.0
  0
LINE
  5
27C
330
17
100
AcDbEntity
  8
0-TEXTO DETALLE
 62
12
100
AcDbLine
 10
36.39932315245943
 20
-21.79697432353981
 30
0.0
 11
36.55489043365124
 21
-21.79697432353981
 31
0.0
  0
CIRCLE
  5
27D
330
17
100
AcDbEntity
  8
0-TEXTO DETALLE
100
AcDbCircle
 10
36.39932315245943
 20
-21.79697432353981
 30
0.0
 40
0.0008966570603802
  0
LINE
  5
27E
330
17
100
AcDbEntity
  8
0
 62
251
100
AcDbLine
 10
31.218839741163524
 20
-25.413711733220477
 30
0.0
 11
31.218153983054666
 21
-25.413711733220477
 31
0.0
  0
LINE
  5
27F
330
17
100
AcDbEntity
  8
0
 62
251
100
AcDbLine
 10
31.220496862109094
 20
-25.411711733220418
 30
0.0
 11
31.216496862109107
 21
-25.411711733220418
 31
0.0
  0
LINE
  5
280
330
17
100
AcDbEntity
  8
0
 62
251
100
AcDbLine
 10
31.220496862109105
 20
-25.391348670603918
 30
0.0
 11
31.220496862109094
 21
-25.411711733220418
 31
0.0
  0
LINE
  5
281
330
17
100
AcDbEntity
  8
0
 62
251
100
AcDbLine
 10
31.216496862109217
 20
-25.3913486706042
 30
0.0
 11
31.216496862109107
 21
-25.411711733220418
 31
0.0
  0
LINE
  5
282
330
17
100
AcDbEntity
  8
0
 62
251
100
AcDbLine
 10
31.220496862109094
 20
-25.411711733220418
 30
0.0
 11
31.223496862109105
 21
-25.413711733220367
 31
0.0
  0
LINE
  5
283
330
17
100
AcDbEntity
  8
0
 62
251
100
AcDbLine
 10
31.216496862109107
 20
-25.411711733220418
 30
0.0
 11
31.213496862109086
 21
-25.413711733220367
 31
0.0
  0
LINE
  5
284
330
17
100
AcDbEntity
  8
0
 62
251
100
AcDbLine
 10
31.218496862109227
 20
-25.3870596567632
 30
0.0
 11
31.216496862109217
 21
-25.3913486706042
 31
0.0
  0
LINE
  5
285
330
17
100
AcDbEntity
  8
0
 62
251
100
AcDbLine
 10
31.218496862109227
 20
-25.3870596567632
 30
0.0
 11
31.220496862109204
 21
-25.39134867060415
 31
0.0
  0
LINE
  5
286
330
17
100
AcDbEntity
  8
0
 62
251
100
AcDbLine
 10
31.220996862109114
 20
-25.406268357547418
 30
0.0
 11
31.215996862109115
 21
-25.409155108893376
 31
0.0
  0
LINE
  5
287
330
17
100
AcDbEntity
  8
0
 62
251
100
AcDbLine
 10
31.220996862109114
 20
-25.40426835754741
 30
0.0
 11
31.215996862109115
 21
-25.407155108893367
 31
0.0
  0
LINE
  5
288
330
17
100
AcDbEntity
  8
0
 62
251
100
AcDbLine
 10
31.220996862109114
 20
-25.408268357547428
 30
0.0
 11
31.215996862109115
 21
-25.411155108893386
 31
0.0
  0
ARC
  5
289
330
17
100
AcDbEntity
  8
0
 62
251
100
AcDbCircle
 10
31.218496862108964
 20
-25.390803349255606
 30
0.0
 40
0.0234476876445912
100
AcDbArc
 50
-102.31233016112002
 51
-90.83787464319441
  0
ARC
  5
28A
330
17
100
AcDbEntity
  8
0
 62
251
100
AcDbCircle
 10
31.218496862108964
 20
-25.390803349255606
 30
0.0
 40
0.0234476876445912
100
AcDbArc
 50
-89.16212535632039
 51
-77.68766983823993
  0
LINE
  5
28B
330
17
100
AcDbEntity
  8
0
 62
251
100
AcDbLine
 10
31.218153983054666
 20
-25.413711733220367
 30
0.0
 11
31.218153983054666
 21
-25.414251036900197
 31
0.0
  0
LINE
  5
28C
330
17
100
AcDbEntity
  8
0
 62
251
100
AcDbLine
 10
31.218839741163507
 20
-25.413711733220367
 30
0.0
 11
31.218839741163507
 21
-25.414251036900197
 31
0.0
  0
LINE
  5
28D
330
17
100
AcDbEntity
  8
0
 62
251
100
AcDbLine
 10
31.220996862109114
 20
-25.4022683575474
 30
0.0
 11
31.215996862109115
 21
-25.405155108893357
 31
0.0
  0
LINE
  5
28E
330
17
100
AcDbEntity
  8
0
 62
251
100
AcDbLine
 10
31.220996862109114
 20
-25.400268357547397
 30
0.0
 11
31.215996862109115
 21
-25.403155108893348
 31
0.0
  0
LINE
  5
28F
330
17
100
AcDbEntity
  8
0
 62
251
100
AcDbLine
 10
31.220996862109114
 20
-25.398268357547376
 30
0.0
 11
31.215996862109115
 21
-25.401155108893338
 31
0.0
  0
LINE
  5
290
330
17
100
AcDbEntity
  8
0
 62
251
100
AcDbLine
 10
31.220996862109114
 20
-25.396268357547378
 30
0.0
 11
31.215996862109115
 21
-25.39915510889333
 31
0.0
  0
LINE
  5
291
330
17
100
AcDbEntity
  8
0
 62
251
100
AcDbLine
 10
31.220996862109114
 20
-25.394268357547357
 30
0.0
 11
31.215996862109115
 21
-25.39715510889332
 31
0.0
  0
LINE
  5
292
330
17
100
AcDbEntity
  8
0
 62
251
100
AcDbLine
 10
31.220996862109114
 20
-25.39226835754736
 30
0.0
 11
31.215996862109115
 21
-25.395155108893306
 31
0.0
  0
LINE
  5
293
330
17
100
AcDbEntity
  8
0
 62
251
100
AcDbLine
 10
36.26338086618138
 20
-21.947779883366415
 30
0.0
 11
36.26338086618138
 21
-21.947094125257557
 31
0.0
  0
LINE
  5
294
330
17
100
AcDbEntity
  8
0
 62
251
100
AcDbLine
 10
36.26538086618144
 20
-21.949437004311985
 30
0.0
 11
36.26538086618144
 21
-21.945437004311998
 31
0.0
  0
LINE
  5
295
330
17
100
AcDbEntity
  8
0
 62
251
100
AcDbLine
 10
36.28574392879794
 20
-21.949437004311996
 30
0.0
 11
36.26538086618144
 21
-21.949437004311985
 31
0.0
  0
LINE
  5
296
330
17
100
AcDbEntity
  8
0
 62
251
100
AcDbLine
 10
36.28574392879766
 20
-21.945437004312108
 30
0.0
 11
36.26538086618144
 21
-21.945437004311998
 31
0.0
  0
LINE
  5
297
330
17
100
AcDbEntity
  8
0
 62
251
100
AcDbLine
 10
36.26538086618144
 20
-21.949437004311985
 30
0.0
 11
36.26338086618149
 21
-21.952437004311996
 31
0.0
  0
LINE
  5
298
330
17
100
AcDbEntity
  8
0
 62
251
100
AcDbLine
 10
36.26538086618144
 20
-21.945437004311998
 30
0.0
 11
36.26338086618149
 21
-21.942437004311977
 31
0.0
  0
LINE
  5
299
330
17
100
AcDbEntity
  8
0
 62
251
100
AcDbLine
 10
36.29003294263866
 20
-21.947437004312118
 30
0.0
 11
36.28574392879766
 21
-21.945437004312108
 31
0.0
  0
LINE
  5
29A
330
17
100
AcDbEntity
  8
0
 62
251
100
AcDbLine
 10
36.29003294263866
 20
-21.947437004312118
 30
0.0
 11
36.28574392879771
 21
-21.949437004312095
 31
0.0
  0
LINE
  5
29B
330
17
100
AcDbEntity
  8
0
 62
251
100
AcDbLine
 10
36.27082424185444
 20
-21.949937004312005
 30
0.0
 11
36.26793749050848
 21
-21.944937004312006
 31
0.0
  0
LINE
  5
29C
330
17
100
AcDbEntity
  8
0
 62
251
100
AcDbLine
 10
36.27282424185445
 20
-21.949937004312005
 30
0.0
 11
36.26993749050849
 21
-21.944937004312006
 31
0.0
  0
LINE
  5
29D
330
17
100
AcDbEntity
  8
0
 62
251
100
AcDbLine
 10
36.26882424185443
 20
-21.949937004312005
 30
0.0
 11
36.26593749050847
 21
-21.944937004312006
 31
0.0
  0
ARC
  5
29E
330
17
100
AcDbEntity
  8
0
 62
251
100
AcDbCircle
 10
36.286289250146254
 20
-21.947437004311855
 30
0.0
 40
0.0234476876445912
100
AcDbArc
 50
167.68766983888
 51
179.1621253568056
  0
ARC
  5
29F
330
17
100
AcDbEntity
  8
0
 62
251
100
AcDbCircle
 10
36.286289250146254
 20
-21.947437004311855
 30
0.0
 40
0.0234476876445912
100
AcDbArc
 50
-179.1621253563204
 51
-167.68766983823994
  0
LINE
  5
2A0
330
17
100
AcDbEntity
  8
0
 62
251
100
AcDbLine
 10
36.26338086618149
 20
-21.947094125257557
 30
0.0
 11
36.26284156250166
 21
-21.947094125257557
 31
0.0
  0
LINE
  5
2A1
330
17
100
AcDbEntity
  8
0
 62
251
100
AcDbLine
 10
36.26338086618149
 20
-21.947779883366398
 30
0.0
 11
36.26284156250166
 21
-21.947779883366398
 31
0.0
  0
LINE
  5
2A2
330
17
100
AcDbEntity
  8
0
 62
251
100
AcDbLine
 10
36.27482424185446
 20
-21.949937004312005
 30
0.0
 11
36.2719374905085
 21
-21.944937004312006
 31
0.0
  0
LINE
  5
2A3
330
17
100
AcDbEntity
  8
0
 62
251
100
AcDbLine
 10
36.276824241854456
 20
-21.949937004312005
 30
0.0
 11
36.27393749050851
 21
-21.944937004312006
 31
0.0
  0
LINE
  5
2A4
330
17
100
AcDbEntity
  8
0
 62
251
100
AcDbLine
 10
36.27882424185448
 20
-21.949937004312005
 30
0.0
 11
36.27593749050852
 21
-21.944937004312006
 31
0.0
  0
LINE
  5
2A5
330
17
100
AcDbEntity
  8
0
 62
251
100
AcDbLine
 10
36.280824241854475
 20
-21.949937004312005
 30
0.0
 11
36.27793749050853
 21
-21.944937004312006
 31
0.0
  0
LINE
  5
2A6
330
17
100
AcDbEntity
  8
0
 62
251
100
AcDbLine
 10
36.2828242418545
 20
-21.949937004312005
 30
0.0
 11
36.27993749050854
 21
-21.944937004312006
 31
0.0
  0
LINE
  5
2A7
330
17
100
AcDbEntity
  8
0
 62
251
100
AcDbLine
 10
36.284824241854494
 20
-21.949937004312005
 30
0.0
 11
36.281937490508554
 21
-21.944937004312006
 31
0.0
  0
LINE
  5
2A8
330
17
100
AcDbEntity
  8
0-TEXTO DETALLE
 62
12
100
AcDbLine
 10
36.23660397596011
 20
-21.85630672811088
 30
0.0
 11
36.55489043365124
 21
-21.8563067281109
 31
0.0
  0
CIRCLE
  5
2A9
330
17
100
AcDbEntity
  8
0-TEXTO DETALLE
100
AcDbCircle
 10
36.23660397596011
 20
-21.85630672811088
 30
0.0
 40
0.0008966570603802
  0
LINE
  5
2AA
330
17
100
AcDbEntity
  8
0-TEXTO DETALLE
 62
12
100
AcDbLine
 10
36.25560397596011
 20
-21.94579021489045
 30
0.0
 11
36.55489043365124
 21
-21.94579021489045
 31
0.0
  0
CIRCLE
  5
2AB
330
17
100
AcDbEntity
  8
0-TEXTO DETALLE
100
AcDbCircle
 10
36.25560397596011
 20
-21.94579021489045
 30
0.0
 40
0.0008966570603802
  0
CIRCLE
  5
2AC
330
17
100
AcDbEntity
  8
0-TEXTO DETALLE
100
AcDbCircle
 10
36.24671779107643
 20
-21.904713402443
 30
0.0
 40
0.0008966570603802
  0
LINE
  5
2AD
330
17
100
AcDbEntity
  8
0-TEXTO DETALLE
 62
12
100
AcDbLine
 10
36.38666157262924
 20
-22.02972274210117
 30
0.0
 11
36.55489043365124
 21
-22.02972274210117
 31
0.0
  0
CIRCLE
  5
2AE
330
17
100
AcDbEntity
  8
0-TEXTO DETALLE
100
AcDbCircle
 10
36.38666157262924
 20
-22.02972274210117
 30
0.0
 40
0.0008966570603802
  0
LWPOLYLINE
  5
2AF
330
17
100
AcDbEntity
  8
0
 62
11
100
AcDbPolyline
 90
179
 70
1
 10
36.45014034713086
 20
-22.13685135067069
 42
-0.4142135623735948
 10
36.45044034713087
 20
-22.13655135067069
 10
36.45144034713086
 20
-22.13655135067069
 42
-0.4142135623764249
 10
36.45164034713086
 20
-22.13675135067068
 10
36.45164034713086
 20
-22.13755135067069
 42
0.4142135623724848
 10
36.45194034713086
 20
-22.13785135067069
 10
36.45234034713086
 20
-22.13785135067069
 42
0.4142135623717077
 10
36.45264034713086
 20
-22.13755135067069
 10
36.45264034713086
 20
-22.13685135067069
 42
-0.4142135623728177
 10
36.45294034713086
 20
-22.13655135067069
 10
36.47934034713101
 20
-22.13655135067069
 42
-0.414213562375093
 10
36.47964034713101
 20
-22.13685135067069
 10
36.47964034713101
 20
-22.13755135067069
 42
0.4142135623717074
 10
36.47994034713101
 20
-22.1378513506707
 10
36.48034034713101
 20
-22.1378513506707
 42
0.4142135623738167
 10
36.48064034713101
 20
-22.13755135067069
 10
36.48064034713101
 20
-22.13675135067069
 42
-0.4142135623751761
 10
36.48084034713101
 20
-22.13655135067069
 10
36.481840347131
 20
-22.13655135067069
 42
-0.4142135623729287
 10
36.48214034713101
 20
-22.13685135067069
 10
36.48214034713101
 20
-22.14355135067069
 42
-0.4142135623728178
 10
36.481840347131
 20
-22.1438513506707
 10
36.48084034713101
 20
-22.1438513506707
 42
-0.4142135623721793
 10
36.48064034713101
 20
-22.14365135067069
 10
36.48064034713101
 20
-22.14285135067069
 42
0.4142135623760919
 10
36.48034034713101
 20
-22.1425513506707
 10
36.47994034713101
 20
-22.14255135067069
 42
0.4142135623738166
 10
36.47964034713101
 20
-22.14285135067069
 10
36.47964034713101
 20
-22.1446513506707
 42
0.4142135623742605
 10
36.47994034713101
 20
-22.14495135067069
 10
36.481840347131
 20
-22.14495135067069
 42
-0.4142135623742051
 10
36.48214034713101
 20
-22.1452513506707
 10
36.48214034713101
 20
-22.14792882860505
 42
-0.24543573724201
 10
36.48201173571056
 20
-22.14817505198898
 42
0.0951283628813846
 10
36.48090574305879
 20
-22.14930875308996
 42
-0.5526471097437529
 10
36.48039785106755
 20
-22.14929742951339
 42
0.2638913283817033
 10
36.48014034713102
 20
-22.14915135067069
 10
36.47994034713101
 20
-22.14915135067069
 42
0.4142135623728177
 10
36.47964034713101
 20
-22.14945135067069
 10
36.47964034713101
 20
-22.15045135067069
 42
0.4142135623723737
 10
36.47994034713101
 20
-22.15075135067069
 10
36.48132586219837
 20
-22.15075135067069
 42
0.3115563722354438
 10
36.48160634525529
 20
-22.15055778964282
 42
-0.2145550635874846
 10
36.48334678610314
 20
-22.148817348795
 42
0.3115563722355165
 10
36.48354034713101
 20
-22.14853686573807
 10
36.48354034713101
 20
-22.09125135067069
 42
0.4142135623746268
 10
36.48304034713101
 20
-22.09075135067069
 10
36.48014034713102
 20
-22.09075135067069
 42
0.4142135623714302
 10
36.479840347131
 20
-22.09105135067069
 10
36.479840347131
 20
-22.09305135067069
 42
0.4142135623737057
 10
36.48014034713101
 20
-22.09335135067069
 10
36.48034034713101
 20
-22.09335135067069
 42
0.4142135623719298
 10
36.480640347131
 20
-22.0930513506707
 10
36.48064034713101
 20
-22.09215135067069
 42
-0.4142135623731507
 10
36.48094034713101
 20
-22.0918513506707
 10
36.48184034713101
 20
-22.09185135067069
 42
-0.4142135623699318
 10
36.48214034713101
 20
-22.09215135067069
 10
36.48214034713101
 20
-22.09885135067069
 42
-0.4142135623712638
 10
36.481840347131
 20
-22.09915135067069
 10
36.48094034713101
 20
-22.09915135067069
 42
-0.4142135623728175
 10
36.48064034713101
 20
-22.09885135067069
 10
36.48064034713101
 20
-22.0979513506707
 42
0.4142135623728177
 10
36.48034034713101
 20
-22.09765135067069
 10
36.48014034713101
 20
-22.09765135067069
 42
0.4142135623738166
 10
36.479840347131
 20
-22.0979513506707
 10
36.479840347131
 20
-22.10135135067069
 42
0.4142135623737057
 10
36.48014034713101
 20
-22.10165135067069
 10
36.48034034713101
 20
-22.10165135067069
 42
0.4142135623719298
 10
36.480640347131
 20
-22.1013513506707
 10
36.48064034713101
 20
-22.10045135067069
 42
-0.4142135623735947
 10
36.48094034713101
 20
-22.10015135067069
 10
36.481840347131
 20
-22.1001513506707
 42
-0.4142135623740386
 10
36.48214034713101
 20
-22.10045135067069
 10
36.48214034713101
 20
-22.10715135067069
 42
-0.4142135623731507
 10
36.481840347131
 20
-22.10745135067069
 10
36.48094034713101
 20
-22.10745135067069
 42
-0.4142135623728175
 10
36.48064034713101
 20
-22.10715135067069
 10
36.480640347131
 20
-22.10625135067069
 42
0.4142135623728177
 10
36.48034034713101
 20
-22.1059513506707
 10
36.48014034713101
 20
-22.1059513506707
 42
0.4142135623738166
 10
36.479840347131
 20
-22.10625135067069
 10
36.479840347131
 20
-22.10795135067069
 42
0.4142135623732283
 10
36.48034034713101
 20
-22.10845135067069
 10
36.48134034713101
 20
-22.10845135067069
 42
-0.3104661910082529
 10
36.48214034713101
 20
-22.10895135067069
 10
36.48214034713101
 20
-22.11645135067069
 42
-0.4142135623681557
 10
36.481840347131
 20
-22.1167513506707
 10
36.47944034713101
 20
-22.1167513506707
 42
-0.4142135623705421
 10
36.47914034713101
 20
-22.11645135067069
 10
36.47914034713101
 20
-22.11325135067069
 42
0.4142135623731117
 10
36.478140347131
 20
-22.11225135067069
 10
36.475540347131
 20
-22.11225135067069
 42
0.4142135623732949
 10
36.47504034713101
 20
-22.11275135067069
 10
36.47504034713101
 20
-22.11325135067069
 42
0.4142135623746268
 10
36.47554034713101
 20
-22.11375135067069
 10
36.47734034713101
 20
-22.11375135067069
 42
-0.4142135623705423
 10
36.47764034713101
 20
-22.1140513506707
 10
36.47764034713101
 20
-22.11645135067069
 42
-0.4142135623723183
 10
36.47734034713101
 20
-22.1167513506707
 10
36.46805996237328
 20
-22.1167513506707
 10
36.45494034713086
 20
-22.1167513506707
 42
-0.4142135623725956
 10
36.45464034713086
 20
-22.11645135067069
 10
36.45464034713086
 20
-22.11405135067069
 42
-0.4142135623724845
 10
36.45494034713086
 20
-22.11375135067069
 10
36.45674034713086
 20
-22.11375135067069
 42
0.4142135623746268
 10
36.45724034713087
 20
-22.11325135067069
 10
36.45724034713087
 20
-22.11275135067069
 42
0.4142135623732616
 10
36.45674034713086
 20
-22.11225135067069
 10
36.45414034713086
 20
-22.11225135067069
 42
0.4142135623730951
 10
36.45314034713086
 20
-22.11325135067069
 10
36.45314034713087
 20
-22.11645135067069
 42
-0.4142135623700986
 10
36.45284034713086
 20
-22.11675135067069
 10
36.45044034713087
 20
-22.11675135067069
 42
-0.4142135623704866
 10
36.45014034713086
 20
-22.11645135067069
 10
36.45014034713086
 20
-22.10895135067069
 42
-0.3104661910104984
 10
36.45094034713086
 20
-22.10845135067069
 10
36.45194034713086
 20
-22.10845135067069
 42
0.4142135623732616
 10
36.45244034713086
 20
-22.10795135067069
 10
36.45244034713086
 20
-22.10625135067069
 42
0.4142135623724846
 10
36.45214034713087
 20
-22.10595135067069
 10
36.45194034713086
 20
-22.10595135067069
 42
0.4142135623728177
 10
36.45164034713086
 20
-22.10625135067069
 10
36.45164034713086
 20
-22.10715135067069
 42
-0.4142135623737057
 10
36.45134034713087
 20
-22.10745135067069
 10
36.45044034713087
 20
-22.10745135067069
 42
-0.4142135623724848
 10
36.45014034713086
 20
-22.10715135067069
 10
36.45014034713086
 20
-22.10045135067069
 42
-0.4142135623740385
 10
36.45044034713087
 20
-22.10015135067069
 10
36.45134034713087
 20
-22.10015135067069
 42
-0.4142135623724846
 10
36.45164034713086
 20
-22.10045135067069
 10
36.45164034713086
 20
-22.10135135067069
 42
0.4142135623723183
 10
36.45194034713086
 20
-22.10165135067069
 10
36.45214034713087
 20
-22.10165135067069
 42
0.4142135623728178
 10
36.45244034713086
 20
-22.10135135067069
 10
36.45244034713086
 20
-22.09795135067069
 42
0.4142135623724846
 10
36.45214034713087
 20
-22.09765135067069
 10
36.45194034713086
 20
-22.09765135067069
 42
0.4142135623728177
 10
36.45164034713086
 20
-22.09795135067069
 10
36.45164034713086
 20
-22.09885135067068
 42
-0.4142135623737057
 10
36.45134034713087
 20
-22.09915135067069
 10
36.45044034713087
 20
-22.09915135067069
 42
-0.4142135623705422
 10
36.45014034713086
 20
-22.09885135067069
 10
36.45014034713086
 20
-22.09215135067069
 42
-0.4142135623717077
 10
36.45044034713087
 20
-22.09185135067069
 10
36.45134034713087
 20
-22.09185135067069
 42
-0.4142135623707086
 10
36.45164034713086
 20
-22.09215135067069
 10
36.45164034713086
 20
-22.09305135067069
 42
0.4142135623723183
 10
36.45194034713086
 20
-22.09335135067069
 10
36.45214034713087
 20
-22.09335135067069
 42
0.4142135623737057
 10
36.45244034713086
 20
-22.09305135067069
 10
36.45244034713086
 20
-22.09105135067069
 42
0.4142135623692104
 10
36.45214034713087
 20
-22.09075135067069
 10
36.44924034713086
 20
-22.09075135067069
 42
0.4142135623745602
 10
36.44874034713087
 20
-22.09125135067069
 10
36.44874034713087
 20
-22.14853686573807
 42
0.3115563722320174
 10
36.44893390815874
 20
-22.14881734879497
 42
-0.2145550635875904
 10
36.45067434900656
 20
-22.15055778964282
 42
0.3115563722342129
 10
36.45095483206349
 20
-22.15075135067069
 10
36.45234034713086
 20
-22.15075135067069
 42
0.4142135623724291
 10
36.45264034713085
 20
-22.15045135067069
 10
36.45264034713086
 20
-22.14945135067069
 42
0.414213562375093
 10
36.45234034713086
 20
-22.14915135067069
 10
36.45214034713086
 20
-22.14915135067069
 42
0.2638913283790971
 10
36.45188284319431
 20
-22.14929742951339
 42
-0.5526471097437212
 10
36.45137495120309
 20
-22.14930875308996
 42
0.0951283628812907
 10
36.45026895855131
 20
-22.14817505198898
 42
-0.245435737242128
 10
36.45014034713086
 20
-22.14792882860504
 10
36.45014034713086
 20
-22.14525135067069
 42
-0.4142135623728177
 10
36.45044034713087
 20
-22.14495135067069
 10
36.45234034713086
 20
-22.14495135067069
 42
0.4142135623718743
 10
36.45264034713087
 20
-22.14465135067069
 10
36.45264034713087
 20
-22.14285135067069
 42
0.4142135623724846
 10
36.45234034713086
 20
-22.14255135067069
 10
36.45194034713086
 20
-22.14255135067069
 42
0.4142135623762032
 10
36.45164034713086
 20
-22.14285135067069
 10
36.45164034713086
 20
-22.14365135067069
 42
-0.4142135623690996
 10
36.45144034713086
 20
-22.14385135067069
 10
36.45044034713087
 20
-22.14385135067069
 42
-0.4142135623759811
 10
36.45014034713086
 20
-22.14355135067069
  0
LWPOLYLINE
  5
2B0
330
17
100
AcDbEntity
  8
0
 62
11
100
AcDbPolyline
 90
25
 70
1
 10
36.45014034713086
 20
-22.12635135067069
 10
36.45074034713086
 20
-22.12635135067069
 10
36.45074034713086
 20
-22.12695135067069
 10
36.45014034713086
 20
-22.12695135067069
 10
36.45014034713086
 20
-22.13465135067069
 10
36.45174034713086
 20
-22.13465135067069
 10
36.45174034713086
 20
-22.13515135067069
 10
36.46584034713094
 20
-22.13515135067069
 10
36.46584034713094
 20
-22.13465135067069
 10
36.46644034713093
 20
-22.13465135067069
 10
36.46644034713093
 20
-22.1351513506707
 10
36.480540347131
 20
-22.13515135067069
 10
36.480540347131
 20
-22.13465135067069
 10
36.48214034713101
 20
-22.13465135067069
 10
36.48214034713101
 20
-22.1269513506707
 10
36.481540347131
 20
-22.1269513506707
 10
36.481540347131
 20
-22.12635135067069
 10
36.48214034713101
 20
-22.12635135067069
 10
36.48214034713101
 20
-22.11865135067069
 10
36.480540347131
 20
-22.11865135067069
 10
36.480540347131
 20
-22.11815135067069
 10
36.467840347131
 20
-22.1181513506707
 10
36.45174034713086
 20
-22.11815135067069
 10
36.45174034713086
 20
-22.11865135067069
 10
36.45014034713086
 20
-22.11865135067069
  0
LINE
  5
2B1
330
17
100
AcDbEntity
  8
0
 62
11
100
AcDbLine
 10
36.35265630930521
 20
-21.98079307551951
 30
0.0
 11
36.47865395425989
 21
-21.98079307551951
 31
0.0
  0
LINE
  5
2B2
330
17
100
AcDbEntity
  8
0
 62
11
100
AcDbLine
 10
36.4816371203772
 20
-21.98079307551951
 30
0.0
 11
36.48870223365244
 21
-21.98079307551951
 31
0.0
  0
LINE
  5
2B3
330
17
100
AcDbEntity
  8
0
 62
11
100
AcDbLine
 10
36.49355910937682
 20
-22.0025311966382
 30
0.0
 11
36.49355910937682
 21
-22.00738468914404
 31
0.0
  0
LINE
  5
2B4
330
17
100
AcDbEntity
  8
0
 62
11
100
AcDbLine
 10
36.49355910937682
 20
-22.01827407497047
 30
0.0
 11
36.49355910937682
 21
-22.05831968066821
 31
0.0
  0
ARC
  5
2B5
330
17
100
AcDbEntity
  8
0
 62
11
100
AcDbCircle
 10
36.48908571452548
 20
-22.05831968066821
 30
0.0
 40
0.0044733948513702
100
AcDbArc
 50
270.0
 51
0.0
  0
LINE
  5
2B6
330
17
100
AcDbEntity
  8
0
 62
11
100
AcDbLine
 10
36.34148126112941
 20
-21.98434799274572
 30
0.0
 11
36.34148126112941
 21
-22.09631283324974
 31
0.0
  0
ARC
  5
2B7
330
17
100
AcDbEntity
  8
0
 62
11
100
AcDbCircle
 10
36.34595465598076
 20
-22.09631283324974
 30
0.0
 40
0.0044733948513702
100
AcDbArc
 50
180.0
 51
270.0
  0
ARC
  5
2B8
330
17
100
AcDbEntity
  8
0
 62
11
100
AcDbCircle
 10
36.3421522703571
 20
-21.98434799274572
 30
0.0
 40
0.0006710092277055
100
AcDbArc
 50
90.0
 51
180.0
  0
LINE
  5
2B9
330
17
100
AcDbEntity
  8
0
 62
11
100
AcDbLine
 10
36.43438271545923
 20
-22.10078622810113
 30
0.0
 11
36.34595465598076
 21
-22.10078622810113
 31
0.0
  0
LINE
  5
2BA
330
17
100
AcDbEntity
  8
0
 62
11
100
AcDbLine
 10
36.48901427453668
 20
-22.00434689400425
 30
0.0
 11
36.48901427453668
 21
-22.02072159648504
 31
0.0
  0
LINE
  5
2BB
330
17
100
AcDbEntity
  8
0
 62
11
100
AcDbLine
 10
36.48962375527824
 20
-22.0213310772266
 30
0.0
 11
36.48962375527824
 21
-22.0514002515148
 31
0.0
  0
LINE
  5
2BC
330
17
100
AcDbEntity
  8
0
 62
11
100
AcDbLine
 10
36.48962375527824
 20
-22.0213310772266
 30
0.0
 11
36.48901427453668
 21
-22.02072159648504
 31
0.0
  0
LINE
  5
2BD
330
17
100
AcDbEntity
  8
0
 62
11
100
AcDbLine
 10
36.49306160220279
 20
-22.00788219631807
 30
0.0
 11
36.49306160220279
 21
-22.01777656779644
 31
0.0
  0
LINE
  5
2BE
330
17
100
AcDbEntity
  8
0
 62
11
100
AcDbLine
 10
36.49357723726708
 20
-22.01829220286084
 30
0.0
 11
36.49306160220279
 21
-22.01777656779644
 31
0.0
  0
LINE
  5
2BF
330
17
100
AcDbEntity
  8
0
 62
11
100
AcDbLine
 10
36.49357723726708
 20
-22.00736656125367
 30
0.0
 11
36.49306160220279
 21
-22.00788219631807
 31
0.0
  0
LINE
  5
2C0
330
17
100
AcDbEntity
  8
0
 62
11
100
AcDbLine
 10
36.48399079576196
 20
-22.05720911792458
 30
0.0
 11
36.47514987966868
 21
-22.05720911792458
 31
0.0
  0
LINE
  5
2C1
330
17
100
AcDbEntity
  8
0
 62
11
100
AcDbLine
 10
36.47514987966868
 20
-22.05720911792458
 30
0.0
 11
36.47514987966868
 21
-22.05514401527001
 31
0.0
  0
LINE
  5
2C2
330
17
100
AcDbEntity
  8
0
 62
11
100
AcDbLine
 10
36.45998814182027
 20
-22.0578612645237
 30
0.0
 11
36.45998814182027
 21
-22.05514401527001
 31
0.0
  0
ARC
  5
2C3
330
17
100
AcDbEntity
  8
0
 62
11
100
AcDbCircle
 10
36.46756901074448
 20
-22.06055452276121
 30
0.0
 40
0.0093136010735738
100
AcDbArc
 50
35.51565716753061
 51
144.4843428324694
  0
LINE
  5
2C4
330
17
100
AcDbEntity
  8
0
 62
11
100
AcDbLine
 10
36.45998814182027
 20
-22.0578612645237
 30
0.0
 11
36.45772239974749
 21
-22.0578612645237
 31
0.0
  0
LINE
  5
2C5
330
17
100
AcDbEntity
  8
0
 62
11
100
AcDbLine
 10
36.47520121524277
 20
-22.06279307551961
 30
0.0
 11
36.48908571452548
 21
-22.06279307551961
 31
0.0
  0
ARC
  5
2C6
330
17
100
AcDbEntity
  8
0
 62
11
100
AcDbCircle
 10
36.48765190075354
 20
-22.05521264444326
 30
0.0
 40
0.0022928741295318
100
AcDbArc
 50
171.3736766017116
 51
103.9706759828636
  0
LINE
  5
2C7
330
17
100
AcDbEntity
  8
0
 62
11
100
AcDbLine
 10
36.45772239974749
 20
-22.0578612645237
 30
0.0
 11
36.45772239974749
 21
-22.06023341918206
 31
0.0
  0
LINE
  5
2C8
330
17
100
AcDbEntity
  8
0
 62
11
100
AcDbLine
 10
36.46397198908695
 20
-22.06023341918206
 30
0.0
 11
36.45772239974749
 21
-22.06023341918206
 31
0.0
  0
LINE
  5
2C9
330
17
100
AcDbEntity
  8
0
 62
11
100
AcDbLine
 10
36.46958677443186
 20
-22.05768498922169
 30
0.0
 11
36.4655512470571
 21
-22.05768498922169
 31
0.0
  0
LINE
  5
2CA
330
17
100
AcDbEntity
  8
0
 62
11
100
AcDbLine
 10
36.471166032402
 20
-22.05916420208371
 30
0.0
 11
36.471166032402
 21
-22.06162493921182
 31
0.0
  0
LINE
  5
2CB
330
17
100
AcDbEntity
  8
0
 62
11
100
AcDbLine
 10
36.471166032402
 20
-22.06162493921182
 30
0.0
 11
36.47403307893497
 21
-22.06162493921182
 31
0.0
  0
LINE
  5
2CC
330
17
100
AcDbEntity
  8
0
 62
11
100
AcDbLine
 10
36.47520121524277
 20
-22.06279307551961
 30
0.0
 11
36.47403307893497
 21
-22.06162493921182
 31
0.0
  0
LINE
  5
2CD
330
17
100
AcDbEntity
  8
0
 62
11
100
AcDbLine
 10
36.471166032402
 20
-22.05916420208371
 30
0.0
 11
36.46958677443186
 21
-22.05768498922169
 31
0.0
  0
LINE
  5
2CE
330
17
100
AcDbEntity
  8
0
 62
251
100
AcDbLine
 10
36.46756901074448
 20
-22.00764055384674
 30
0.0
 11
36.46756901074448
 21
-22.06000054599407
 31
0.0
  0
LINE
  5
2CF
330
17
100
AcDbEntity
  8
0
 62
11
100
AcDbLine
 10
36.46397198908695
 20
-22.05916420208371
 30
0.0
 11
36.4655512470571
 21
-22.05768498922169
 31
0.0
  0
LINE
  5
2D0
330
17
100
AcDbEntity
  8
0
 62
11
100
AcDbLine
 10
36.46397198908695
 20
-22.05916420208371
 30
0.0
 11
36.46397198908695
 21
-22.06023341918206
 31
0.0
  0
LINE
  5
2D1
330
17
100
AcDbEntity
  8
0
 62
11
100
AcDbLine
 10
36.48962375527824
 20
-22.0514002515148
 30
0.0
 11
36.48678815388015
 21
-22.0514002515148
 31
0.0
  0
LINE
  5
2D2
330
17
100
AcDbEntity
  8
0
 62
11
100
AcDbLine
 10
36.48369010366636
 20
-22.05445158080477
 30
0.0
 11
36.48369010366636
 21
-22.05720911792458
 31
0.0
  0
LINE
  5
2D3
330
17
100
AcDbEntity
  8
0
 62
11
100
AcDbLine
 10
36.48496780820571
 20
-22.05445158080477
 30
0.0
 11
36.48369010366636
 21
-22.05445158080477
 31
0.0
  0
LINE
  5
2D4
330
17
100
AcDbEntity
  8
0
 62
11
100
AcDbLine
 10
36.48709834300703
 20
-22.05298759487176
 30
0.0
 11
36.48678815388015
 21
-22.05267740574494
 31
0.0
  0
LINE
  5
2D5
330
17
100
AcDbEntity
  8
0
 62
11
100
AcDbLine
 10
36.48678815388015
 20
-22.05267740574494
 30
0.0
 11
36.48678815388015
 21
-22.0514002515148
 31
0.0
  0
LINE
  5
2D6
330
17
100
AcDbEntity
  8
0
 62
11
100
AcDbLine
 10
36.48496780820571
 20
-22.05445158080477
 30
0.0
 11
36.48538496458908
 21
-22.05486873718804
 31
0.0
  0
LINE
  5
2D7
330
17
100
AcDbEntity
  8
0
 62
11
100
AcDbLine
 10
36.48719612162287
 20
-21.99868228621165
 30
0.0
 11
36.48216106153458
 21
-21.99141962515217
 31
0.0
  0
LINE
  5
2D8
330
17
100
AcDbEntity
  8
0
 62
11
100
AcDbLine
 10
36.48216106153458
 20
-21.99141962515217
 30
0.0
 11
36.48216106153458
 21
-21.98407981981848
 31
0.0
  0
LINE
  5
2D9
330
17
100
AcDbEntity
  8
0
 62
11
100
AcDbLine
 10
36.48216106153458
 20
-21.98407981981848
 30
0.0
 11
36.48280008607124
 21
-21.98333849765812
 31
0.0
  0
LINE
  5
2DA
330
17
100
AcDbEntity
  8
0
 62
11
100
AcDbLine
 10
36.48280008607124
 20
-21.98333849765812
 30
0.0
 11
36.48789695059948
 21
-21.98333849765812
 31
0.0
  0
LINE
  5
2DB
330
17
100
AcDbEntity
  8
0
 62
11
100
AcDbLine
 10
36.48789695059948
 20
-21.98333849765812
 30
0.0
 11
36.48861289236375
 21
-21.98404575941403
 31
0.0
  0
LINE
  5
2DC
330
17
100
AcDbEntity
  8
0
 62
11
100
AcDbLine
 10
36.48861289236375
 20
-21.98404575941403
 30
0.0
 11
36.48861289236375
 21
-21.98758854983783
 31
0.0
  0
LINE
  5
2DD
330
17
100
AcDbEntity
  8
0
 62
11
100
AcDbLine
 10
36.48861289236375
 20
-21.98758854983783
 30
0.0
 11
36.4891680228583
 21
-21.98845514142079
 31
0.0
  0
LINE
  5
2DE
330
17
100
AcDbEntity
  8
0
 62
11
100
AcDbLine
 10
36.4891680228583
 20
-21.98845514142079
 30
0.0
 11
36.49115064407217
 21
-21.98845514142079
 31
0.0
  0
LINE
  5
2DF
330
17
100
AcDbEntity
  8
0
 62
11
100
AcDbLine
 10
36.49115064407217
 20
-21.98845514142079
 30
0.0
 11
36.49182868709047
 21
-21.98796605265341
 31
0.0
  0
LINE
  5
2E0
330
17
100
AcDbEntity
  8
0
 62
11
100
AcDbLine
 10
36.49182868709047
 20
-21.98796605265341
 30
0.0
 11
36.49182868709047
 21
-21.98619851253705
 31
0.0
  0
LINE
  5
2E1
330
17
100
AcDbEntity
  8
0
 62
11
100
AcDbLine
 10
36.49182868709047
 20
-21.98619851253705
 30
0.0
 11
36.49113341736946
 21
-21.98619851253705
 31
0.0
  0
LINE
  5
2E2
330
17
100
AcDbEntity
  8
0
 62
11
100
AcDbLine
 10
36.49113341736946
 20
-21.98619851253705
 30
0.0
 11
36.49113341736946
 21
-21.98323826517447
 31
0.0
  0
LINE
  5
2E3
330
17
100
AcDbEntity
  8
0
 62
11
100
AcDbLine
 10
36.49113341736946
 20
-21.98323826517447
 30
0.0
 11
36.48870223365244
 21
-21.98079307551951
 31
0.0
  0
ARC
  5
2E4
330
17
100
AcDbEntity
  8
0
 62
11
100
AcDbCircle
 10
36.48737964014517
 20
-22.00507434951408
 30
0.0
 40
0.00668232493487
100
AcDbArc
 50
22.36955495835479
 51
73.05063748578641
  0
LINE
  5
2E5
330
17
100
AcDbEntity
  8
0
 62
11
100
AcDbLine
 10
36.48932771439237
 20
-21.99868228621165
 30
0.0
 11
36.48719612162287
 21
-21.99868228621165
 31
0.0
  0
LINE
  5
2E6
330
17
100
AcDbEntity
  8
0
 62
11
100
AcDbLine
 10
36.48789592582383
 20
-22.00322854529134
 30
0.0
 11
36.48754270218372
 21
-22.00322854529134
 31
0.0
  0
ARC
  5
2E7
330
17
100
AcDbEntity
  8
0
 62
11
100
AcDbCircle
 10
36.48789592582383
 20
-22.00434689400425
 30
0.0
 40
0.0011183487128426
100
AcDbArc
 50
0.0
 51
90.0
  0
LINE
  5
2E8
330
17
100
AcDbEntity
  8
0
 62
11
100
AcDbLine
 10
36.47784103516468
 20
-21.99115269155971
 30
0.0
 11
36.47784103516468
 21
-21.99257942554562
 31
0.0
  0
ARC
  5
2E9
330
17
100
AcDbEntity
  8
0
 62
11
100
AcDbCircle
 10
36.47895938387753
 20
-21.99257942554562
 30
0.0
 40
0.0011183487128426
100
AcDbArc
 50
180.0
 51
215.7659218082154
  0
LINE
  5
2EA
330
17
100
AcDbEntity
  8
0
 62
11
100
AcDbLine
 10
36.47805194276506
 20
-21.99323307259932
 30
0.0
 11
36.48391293773377
 21
-22.00136973865518
 31
0.0
  0
ARC
  5
2EB
330
17
100
AcDbEntity
  8
0
 62
11
100
AcDbCircle
 10
36.48754270218372
 20
-21.99875515044017
 30
0.0
 40
0.0044733948513702
100
AcDbArc
 50
215.7659218082154
 51
270.0
  0
LINE
  5
2EC
330
17
100
AcDbEntity
  8
0
 62
11
100
AcDbLine
 10
36.47068042047939
 20
-21.98519377297033
 30
0.0
 11
36.45654211655002
 21
-21.98519377297033
 31
0.0
  0
ARC
  5
2ED
330
17
100
AcDbEntity
  8
0
 62
11
100
AcDbCircle
 10
36.47068042047939
 20
-21.98631212168324
 30
0.0
 40
0.0011183487128426
100
AcDbArc
 50
0.0
 51
90.0
  0
LINE
  5
2EE
330
17
100
AcDbEntity
  8
0
 62
11
100
AcDbLine
 10
36.45560558251955
 20
-21.98425723893991
 30
0.0
 11
36.41411036087796
 21
-21.98425723893991
 31
0.0
  0
ARC
  5
2EF
330
17
100
AcDbEntity
  8
0
 62
11
100
AcDbCircle
 10
36.47576056627948
 20
-21.98734029863147
 30
0.0
 40
0.0022928741295318
100
AcDbArc
 50
256.0293240171364
 51
188.6263233982884
  0
LINE
  5
2F0
330
17
100
AcDbEntity
  8
0
 62
11
100
AcDbLine
 10
36.47784103516468
 20
-21.99115269155971
 30
0.0
 11
36.47489681940604
 21
-21.99115269155971
 31
0.0
  0
LINE
  5
2F1
330
17
100
AcDbEntity
  8
0
 62
11
100
AcDbLine
 10
36.47179876919224
 20
-21.98810136226997
 30
0.0
 11
36.47179876919224
 21
-21.98631212168324
 31
0.0
  0
LINE
  5
2F2
330
17
100
AcDbEntity
  8
0
 62
11
100
AcDbLine
 10
36.47307647373159
 20
-21.98810136226997
 30
0.0
 11
36.47179876919224
 21
-21.98810136226997
 31
0.0
  0
LINE
  5
2F3
330
17
100
AcDbEntity
  8
0
 62
11
100
AcDbLine
 10
36.47520700853291
 20
-21.98956534820275
 30
0.0
 11
36.47489681940604
 21
-21.9898755373298
 31
0.0
  0
LINE
  5
2F4
330
17
100
AcDbEntity
  8
0
 62
11
100
AcDbLine
 10
36.47489681940604
 20
-21.9898755373298
 30
0.0
 11
36.47489681940604
 21
-21.99115269155971
 31
0.0
  0
LINE
  5
2F5
330
17
100
AcDbEntity
  8
0
 62
11
100
AcDbLine
 10
36.47307647373159
 20
-21.98810136226997
 30
0.0
 11
36.47349363011502
 21
-21.98768420588647
 31
0.0
  0
LINE
  5
2F6
330
17
100
AcDbEntity
  8
0
 62
11
100
AcDbLine
 10
36.45560558251955
 20
-21.98425723893991
 30
0.0
 11
36.45654211655002
 21
-21.98519377297033
 31
0.0
  0
LINE
  5
2F7
330
17
100
AcDbEntity
  8
0
 62
11
100
AcDbLine
 10
36.48014553731851
 20
-21.98228465857813
 30
0.0
 11
36.4816371203772
 21
-21.98079307551951
 31
0.0
  0
LINE
  5
2F8
330
17
100
AcDbEntity
  8
0
 62
11
100
AcDbLine
 10
36.48014553731851
 20
-21.98228465857813
 30
0.0
 11
36.47865395425989
 21
-21.98079307551951
 31
0.0
  0
LINE
  5
2F9
330
17
100
AcDbEntity
  8
0
 62
11
100
AcDbLine
 10
36.40440202198865
 20
-21.98439822529065
 30
0.0
 11
36.39092752571778
 21
-21.98439822529065
 31
0.0
  0
ARC
  5
2FA
330
17
100
AcDbEntity
  8
0
 62
11
100
AcDbCircle
 10
36.40440202198865
 20
-21.98506923451817
 30
0.0
 40
0.0006710092277055
100
AcDbArc
 50
0.0
 51
90.0
  0
LINE
  5
2FB
330
17
100
AcDbEntity
  8
0
 62
11
100
AcDbLine
 10
36.38763685181029
 20
-21.98447800690122
 30
0.0
 11
36.38763685181029
 21
-21.99273175563224
 31
0.0
  0
LINE
  5
2FC
330
17
100
AcDbEntity
  8
0
 62
11
100
AcDbLine
 10
36.38696584258261
 20
-21.9838069976737
 30
0.0
 11
36.37835384154968
 21
-21.9838069976737
 31
0.0
  0
ARC
  5
2FD
330
17
100
AcDbEntity
  8
0
 62
11
100
AcDbCircle
 10
36.38696584258261
 20
-21.98447800690122
 30
0.0
 40
0.0006710092277055
100
AcDbArc
 50
0.0
 51
90.0
  0
LINE
  5
2FE
330
17
100
AcDbEntity
  8
0
 62
11
100
AcDbLine
 10
36.39025651649003
 20
-21.98506923451817
 30
0.0
 11
36.39025651649003
 21
-21.9896467364232
 31
0.0
  0
ARC
  5
2FF
330
17
100
AcDbEntity
  8
0
 62
11
100
AcDbCircle
 10
36.39092752571778
 20
-21.9896467364232
 30
0.0
 40
0.0006710092277055
100
AcDbArc
 50
180.0
 51
270.0
  0
ARC
  5
300
330
17
100
AcDbEntity
  8
0
 62
11
100
AcDbCircle
 10
36.39092752571778
 20
-21.98506923451817
 30
0.0
 40
0.0006710092277055
100
AcDbArc
 50
90.0
 51
180.0
  0
LINE
  5
301
330
17
100
AcDbEntity
  8
0
 62
11
100
AcDbLine
 10
36.40440202198865
 20
-21.99031774565095
 30
0.0
 11
36.40322618557726
 21
-21.99031774565095
 31
0.0
  0
LINE
  5
302
330
17
100
AcDbEntity
  8
0
 62
11
100
AcDbLine
 10
36.39188544433997
 20
-21.99031774565095
 30
0.0
 11
36.39092752571778
 21
-21.99031774565095
 31
0.0
  0
ARC
  5
303
330
17
100
AcDbEntity
  8
0
 62
11
100
AcDbCircle
 10
36.39188544433997
 20
-21.99098875487869
 30
0.0
 40
0.0006710092277055
100
AcDbArc
 50
0.0
 51
90.0
  0
LINE
  5
304
330
17
100
AcDbEntity
  8
0
 62
11
100
AcDbLine
 10
36.40507303121634
 20
-21.98506923451817
 30
0.0
 11
36.40507303121634
 21
-21.9896467364232
 31
0.0
  0
ARC
  5
305
330
17
100
AcDbEntity
  8
0
 62
11
100
AcDbCircle
 10
36.40440202198865
 20
-21.9896467364232
 30
0.0
 40
0.0006710092277055
100
AcDbArc
 50
270.0
 51
0.0
  0
LINE
  5
306
330
17
100
AcDbEntity
  8
0
 62
11
100
AcDbLine
 10
36.40255517634957
 20
-21.99098875487869
 30
0.0
 11
36.40255517634957
 21
-21.99273175563224
 31
0.0
  0
ARC
  5
307
330
17
100
AcDbEntity
  8
0
 62
11
100
AcDbCircle
 10
36.40322618557726
 20
-21.99098875487869
 30
0.0
 40
0.0006710092277055
100
AcDbArc
 50
90.0
 51
180.0
  0
LINE
  5
308
330
17
100
AcDbEntity
  8
0
 62
11
100
AcDbLine
 10
36.39255645356771
 20
-21.99098875487869
 30
0.0
 11
36.39255645356771
 21
-21.99273175563224
 31
0.0
  0
LINE
  5
309
330
17
100
AcDbEntity
  8
0
 62
11
100
AcDbLine
 10
36.40714374668359
 20
-21.99273175563224
 30
0.0
 11
36.3570287909848
 21
-21.99273175563224
 31
0.0
  0
LINE
  5
30A
330
17
100
AcDbEntity
  8
0
 62
11
100
AcDbLine
 10
36.37768283232193
 20
-21.98447800690122
 30
0.0
 11
36.37768283232193
 21
-21.99273175563224
 31
0.0
  0
ARC
  5
30B
330
17
100
AcDbEntity
  8
0
 62
11
100
AcDbCircle
 10
36.37835384154968
 20
-21.98447800690122
 30
0.0
 40
0.0006710092277055
100
AcDbArc
 50
90.0
 51
180.0
  0
LINE
  5
30C
330
17
100
AcDbEntity
  8
0
 62
11
100
AcDbLine
 10
36.37448165113502
 20
-21.98390189233272
 30
0.0
 11
36.36085469854523
 21
-21.98390189233272
 31
0.0
  0
ARC
  5
30D
330
17
100
AcDbEntity
  8
0
 62
11
100
AcDbCircle
 10
36.37448165113502
 20
-21.98457290156046
 30
0.0
 40
0.0006710092277055
100
AcDbArc
 50
0.0
 51
90.0
  0
LINE
  5
30E
330
17
100
AcDbEntity
  8
0
 62
11
100
AcDbLine
 10
36.36018368931749
 20
-21.98457290156046
 30
0.0
 11
36.36018368931749
 21
-21.98977302257448
 31
0.0
  0
ARC
  5
30F
330
17
100
AcDbEntity
  8
0
 62
11
100
AcDbCircle
 10
36.36085469854523
 20
-21.98977302257448
 30
0.0
 40
0.0006710092277055
100
AcDbArc
 50
180.0
 51
270.0
  0
ARC
  5
310
330
17
100
AcDbEntity
  8
0
 62
11
100
AcDbCircle
 10
36.36085469854523
 20
-21.98457290156046
 30
0.0
 40
0.0006710092277055
100
AcDbArc
 50
90.0
 51
180.0
  0
LINE
  5
311
330
17
100
AcDbEntity
  8
0
 62
11
100
AcDbLine
 10
36.37448165113502
 20
-21.99044403180222
 30
0.0
 11
36.37337790847445
 21
-21.99044403180222
 31
0.0
  0
LINE
  5
312
330
17
100
AcDbEntity
  8
0
 62
11
100
AcDbLine
 10
36.36206808916849
 20
-21.99044403180222
 30
0.0
 11
36.36085469854523
 21
-21.99044403180222
 31
0.0
  0
ARC
  5
313
330
17
100
AcDbEntity
  8
0
 62
11
100
AcDbCircle
 10
36.36206808916849
 20
-21.99111504102996
 30
0.0
 40
0.0006710092277055
100
AcDbArc
 50
0.0
 51
90.0
  0
LINE
  5
314
330
17
100
AcDbEntity
  8
0
 62
11
100
AcDbLine
 10
36.3727068992467
 20
-21.99111504102996
 30
0.0
 11
36.3727068992467
 21
-21.99273175563224
 31
0.0
  0
ARC
  5
315
330
17
100
AcDbEntity
  8
0
 62
11
100
AcDbCircle
 10
36.37337790847445
 20
-21.99111504102996
 30
0.0
 40
0.0006710092277055
100
AcDbArc
 50
90.0
 51
180.0
  0
LINE
  5
316
330
17
100
AcDbEntity
  8
0
 62
11
100
AcDbLine
 10
36.36273909839624
 20
-21.99111504102996
 30
0.0
 11
36.36273909839624
 21
-21.99273175563224
 31
0.0
  0
LINE
  5
317
330
17
100
AcDbEntity
  8
0
 62
11
100
AcDbLine
 10
36.37515266036271
 20
-21.98457290156046
 30
0.0
 11
36.37515266036271
 21
-21.98977302257448
 31
0.0
  0
ARC
  5
318
330
17
100
AcDbEntity
  8
0
 62
11
100
AcDbCircle
 10
36.37448165113502
 20
-21.98977302257448
 30
0.0
 40
0.0006710092277055
100
AcDbArc
 50
270.0
 51
0.0
  0
LINE
  5
319
330
17
100
AcDbEntity
  8
0
 62
11
100
AcDbLine
 10
36.40781475591128
 20
-21.99101331502937
 30
0.0
 11
36.40781475591128
 21
-21.9920607464045
 31
0.0
  0
ARC
  5
31A
330
17
100
AcDbEntity
  8
0
 62
11
100
AcDbCircle
 10
36.40714374668359
 20
-21.9920607464045
 30
0.0
 40
0.0006710092277055
100
AcDbArc
 50
270.0
 51
0.0
  0
ARC
  5
31B
330
17
100
AcDbEntity
  8
0
 62
11
100
AcDbCircle
 10
36.40989522479648
 20
-21.9872009221009
 30
0.0
 40
0.0022928741295318
100
AcDbArc
 50
351.3736766017116
 51
283.9706759828636
  0
LINE
  5
31C
330
17
100
AcDbEntity
  8
0
 62
11
100
AcDbLine
 10
36.40781475591128
 20
-21.99101331502937
 30
0.0
 11
36.41075897166993
 21
-21.99101331502937
 31
0.0
  0
LINE
  5
31D
330
17
100
AcDbEntity
  8
0
 62
11
100
AcDbLine
 10
36.41385702188372
 20
-21.9879619857394
 30
0.0
 11
36.41385702188372
 21
-21.98617274515267
 31
0.0
  0
LINE
  5
31E
330
17
100
AcDbEntity
  8
0
 62
11
100
AcDbLine
 10
36.41257931734438
 20
-21.9879619857394
 30
0.0
 11
36.41385702188372
 21
-21.9879619857394
 31
0.0
  0
LINE
  5
31F
330
17
100
AcDbEntity
  8
0
 62
11
100
AcDbLine
 10
36.41044878254305
 20
-21.98942597167218
 30
0.0
 11
36.41075897166993
 21
-21.98973616079923
 31
0.0
  0
LINE
  5
320
330
17
100
AcDbEntity
  8
0
 62
11
100
AcDbLine
 10
36.41075897166993
 20
-21.98973616079923
 30
0.0
 11
36.41075897166993
 21
-21.99101331502937
 31
0.0
  0
LINE
  5
321
330
17
100
AcDbEntity
  8
0
 62
11
100
AcDbLine
 10
36.41257931734438
 20
-21.9879619857394
 30
0.0
 11
36.41216216096094
 21
-21.98754482935613
 31
0.0
  0
LINE
  5
322
330
17
100
AcDbEntity
  8
0
 62
11
100
AcDbLine
 10
36.41385702188372
 20
-21.98430690065005
 30
0.0
 11
36.41385702188372
 21
-21.98425723893991
 31
0.0
  0
LINE
  5
323
330
17
100
AcDbEntity
  8
0
 62
11
100
AcDbLine
 10
36.35699809829654
 20
-21.98218751864363
 30
0.0
 11
36.35265630930521
 21
-21.98218751864363
 31
0.0
  0
ARC
  5
324
330
17
100
AcDbEntity
  8
0
 62
11
100
AcDbCircle
 10
36.35699809829654
 20
-21.98285852787138
 30
0.0
 40
0.0006710092277055
100
AcDbArc
 50
0.0
 51
90.0
  0
LINE
  5
325
330
17
100
AcDbEntity
  8
0
 62
11
100
AcDbLine
 10
36.35265630930521
 20
-21.98079307551951
 30
0.0
 11
36.35265630930521
 21
-21.98218751864363
 31
0.0
  0
LINE
  5
326
330
17
100
AcDbEntity
  8
0
 62
11
100
AcDbLine
 10
36.35766910752423
 20
-21.98285852787138
 30
0.0
 11
36.35766910752423
 21
-21.9880301489119
 31
0.0
  0
LINE
  5
327
330
17
100
AcDbEntity
  8
0
 62
11
100
AcDbLine
 10
36.35484780428933
 20
-21.99120331616576
 30
0.0
 11
36.34743213944406
 21
-21.99263338715094
 31
0.0
  0
ARC
  5
328
330
17
100
AcDbEntity
  8
0
 62
11
100
AcDbCircle
 10
36.35348126074799
 20
-21.98714749311387
 30
0.0
 40
0.0042798530207287
100
AcDbArc
 50
288.6204060325011
 51
348.09819142517
  0
LINE
  5
329
330
17
100
AcDbEntity
  8
0
 62
11
100
AcDbLine
 10
36.35522524134554
 20
-21.99376631923463
 30
0.0
 11
36.34776056653103
 21
-21.9950579456903
 31
0.0
  0
LINE
  5
32A
330
17
100
AcDbEntity
  8
0
 62
11
100
AcDbLine
 10
36.34571902999388
 20
-21.98904624194677
 30
0.0
 11
36.34570300916041
 21
-21.99154980876245
 31
0.0
  0
LINE
  5
32B
330
17
100
AcDbEntity
  8
0
 62
11
100
AcDbLine
 10
36.3437890363568
 20
-21.98838584269414
 30
0.0
 11
36.3437890363568
 21
-21.9924587216691
 31
0.0
  0
ARC
  5
32C
330
17
100
AcDbEntity
  8
0
 62
11
100
AcDbCircle
 10
36.34680918704773
 20
-21.99217782595736
 30
0.0
 40
0.0030331852229574
100
AcDbArc
 50
185.3136327325163
 51
288.2797512859983
  0
ARC
  5
32D
330
17
100
AcDbEntity
  8
0
 62
11
100
AcDbCircle
 10
36.3473756491181
 20
-21.99090434968514
 30
0.0
 40
0.001729960032713
100
AcDbArc
 50
194.9547320104361
 51
271.8712760275715
  0
ARC
  5
32E
330
17
100
AcDbEntity
  8
0
 62
11
100
AcDbCircle
 10
36.34529456403933
 20
-21.98713635984189
 30
0.0
 40
0.001956481791744
100
AcDbArc
 50
282.5301716023083
 51
219.6903042478366
  0
ARC
  5
32F
330
17
100
AcDbEntity
  8
0
 62
11
100
AcDbCircle
 10
36.35445778609468
 20
-21.99033907686192
 30
0.0
 40
0.0035121187113878
100
AcDbArc
 50
282.6219041794701
 51
317.0575327407265
  0
LINE
  5
330
330
17
100
AcDbEntity
  8
0
 62
11
100
AcDbLine
 10
36.41385702188372
 20
-21.98617274515267
 30
0.0
 11
36.41343935165022
 21
-21.98520343189114
 31
0.0
  0
LINE
  5
331
330
17
100
AcDbEntity
  8
0
 62
11
100
AcDbLine
 10
36.41343935165022
 20
-21.98520343189114
 30
0.0
 11
36.41343935165022
 21
-21.98492824816765
 31
0.0
  0
ARC
  5
332
330
17
100
AcDbEntity
  8
0
 62
11
100
AcDbCircle
 10
36.41411036087796
 20
-21.98492824816765
 30
0.0
 40
0.0006710092277055
100
AcDbArc
 50
90.0
 51
180.0
  0
LINE
  5
333
330
17
100
AcDbEntity
  8
0
 62
11
100
AcDbLine
 10
36.34371194686221
 20
-21.98908396522314
 30
0.0
 11
36.34371194686221
 21
-22.03230587865244
 31
0.0
  0
LINE
  5
334
330
17
100
AcDbEntity
  8
0
 62
11
100
AcDbLine
 10
36.34371194686221
 20
-22.03424389024565
 30
0.0
 11
36.34371194686221
 21
-22.03621541151518
 31
0.0
  0
LINE
  5
335
330
17
100
AcDbEntity
  8
0
 62
11
100
AcDbLine
 10
36.34371194686221
 20
-22.03815342310839
 30
0.0
 11
36.34371194686221
 21
-22.09631884494264
 31
0.0
  0
ARC
  5
336
330
17
100
AcDbEntity
  8
0
 62
11
100
AcDbCircle
 10
36.34594864428785
 20
-22.09631884494264
 30
0.0
 40
0.0022366974256851
100
AcDbArc
 50
180.0
 51
270.0
  0
ARC
  5
337
330
17
100
AcDbEntity
  8
0
 62
11
100
AcDbCircle
 10
36.34529456403933
 20
-21.98713635984189
 30
0.0
 40
0.0025095505276194
100
AcDbArc
 50
0.0
 51
233.1358850800097
  0
LINE
  5
338
330
17
100
AcDbEntity
  8
0
 62
11
100
AcDbLine
 10
36.3495703177833
 20
-21.98631912195413
 30
0.0
 11
36.3495703177833
 21
-21.98931999609261
 31
0.0
  0
LINE
  5
339
330
17
100
AcDbEntity
  8
0
 62
11
100
AcDbLine
 10
36.34675177082081
 20
-21.98367698351797
 30
0.0
 11
36.3421522703571
 21
-21.98367698351797
 31
0.0
  0
LINE
  5
33A
330
17
100
AcDbEntity
  8
0
 62
11
100
AcDbLine
 10
36.34780411456696
 20
-21.98713635984189
 30
0.0
 11
36.34780411456696
 21
-21.9886489868651
 31
0.0
  0
ARC
  5
33B
330
17
100
AcDbEntity
  8
0
 62
11
100
AcDbCircle
 10
36.34847512379465
 20
-21.9886489868651
 30
0.0
 40
0.0006710092277055
100
AcDbArc
 50
180.0
 51
270.0
  0
LINE
  5
33C
330
17
100
AcDbEntity
  8
0
 62
11
100
AcDbLine
 10
36.3495703177833
 20
-21.98931999609261
 30
0.0
 11
36.34847512379465
 21
-21.98931999609261
 31
0.0
  0
ARC
  5
33D
330
17
100
AcDbEntity
  8
0
 62
11
100
AcDbCircle
 10
36.34641128357972
 20
-21.98686464030823
 30
0.0
 40
0.0032057896646477
100
AcDbArc
 50
9.797506150824765
 51
83.90310992477953
  0
ARC
  5
33E
330
17
100
AcDbEntity
  8
0
 62
11
100
AcDbCircle
 10
36.34708932806026
 20
-22.0352296508803
 30
0.0
 40
0.0021886351659999
100
AcDbArc
 50
206.7693315499381
 51
329.1295463933883
  0
ARC
  5
33F
330
17
100
AcDbEntity
  8
0
 62
11
100
AcDbCircle
 10
36.34708932806026
 20
-22.0352296508803
 30
0.0
 40
0.0021886351659999
100
AcDbArc
 50
30.87045360661174
 51
153.2306684500619
  0
LINE
  5
340
330
17
100
AcDbEntity
  8
0
 62
11
100
AcDbLine
 10
36.34513525542584
 20
-22.03424389024565
 30
0.0
 11
36.34371194686221
 21
-22.03424389024565
 31
0.0
  0
LINE
  5
341
330
17
100
AcDbEntity
  8
0
 62
11
100
AcDbLine
 10
36.34513525542584
 20
-22.03621541151518
 30
0.0
 11
36.34371194686221
 21
-22.03621541151518
 31
0.0
  0
ARC
  5
342
330
17
100
AcDbEntity
  8
0
 62
11
100
AcDbCircle
 10
36.34708932806026
 20
-22.0352296508803
 30
0.0
 40
0.0040598392246518
100
AcDbArc
 50
226.0684732614985
 51
329.1295463933883
  0
ARC
  5
343
330
17
100
AcDbEntity
  8
0
 62
11
100
AcDbCircle
 10
36.34708932806026
 20
-22.0352296508803
 30
0.0
 40
0.0040598392246518
100
AcDbArc
 50
30.87045360661174
 51
133.9315267385016
  0
LINE
  5
344
330
17
100
AcDbEntity
  8
0
 62
11
100
AcDbLine
 10
36.34427261890087
 20
-22.03230587865244
 30
0.0
 11
36.34371194686221
 21
-22.03230587865244
 31
0.0
  0
LINE
  5
345
330
17
100
AcDbEntity
  8
0
 62
11
100
AcDbLine
 10
36.34427261890087
 20
-22.03815342310839
 30
0.0
 11
36.34371194686221
 21
-22.03815342310839
 31
0.0
  0
LINE
  5
346
330
17
100
AcDbEntity
  8
0
 62
251
100
AcDbLine
 10
36.3489678984408
 20
-22.03635263672858
 30
0.0
 11
36.35057400830103
 21
-22.03731274908967
 31
0.0
  0
LINE
  5
347
330
17
100
AcDbEntity
  8
0
 62
251
100
AcDbLine
 10
36.3489678984408
 20
-22.03410666503226
 30
0.0
 11
36.35057400830103
 21
-22.03314655267116
 31
0.0
  0
LINE
  5
348
330
17
100
AcDbEntity
  8
0
 62
11
100
AcDbLine
 10
36.34594864428785
 20
-22.09855554236845
 30
0.0
 11
36.40935929324896
 21
-22.09855554236845
 31
0.0
  0
LINE
  5
349
330
17
100
AcDbEntity
  8
0
 62
11
100
AcDbLine
 10
36.4112051344434
 20
-22.09855554236845
 30
0.0
 11
36.41318766952374
 21
-22.09855554236845
 31
0.0
  0
LINE
  5
34A
330
17
100
AcDbEntity
  8
0
 62
11
100
AcDbLine
 10
36.41593274459918
 20
-22.09855554236845
 30
0.0
 11
36.43438271545923
 21
-22.09855554236845
 31
0.0
  0
LINE
  5
34B
330
17
100
AcDbEntity
  8
0
 62
11
100
AcDbLine
 10
36.43438271545923
 20
-22.09855554236845
 30
0.0
 11
36.43438271545923
 21
-22.10078622810113
 31
0.0
  0
LINE
  5
34C
330
17
100
AcDbEntity
  8
0
 62
251
100
AcDbLine
 10
36.42916216320563
 20
-22.09162692504322
 30
0.0
 11
36.42916216320563
 21
-22.09855554236845
 31
0.0
  0
LINE
  5
34D
330
17
100
AcDbEntity
  8
0
 62
251
100
AcDbLine
 10
36.42702476006795
 20
-22.09373369092976
 30
0.0
 11
36.42702476006795
 21
-22.09855554236845
 31
0.0
  0
LINE
  5
34E
330
17
100
AcDbEntity
  8
0
 62
11
100
AcDbLine
 10
36.41593274459918
 20
-22.09373369092976
 30
0.0
 11
36.41593274459918
 21
-22.09855554236845
 31
0.0
  0
LINE
  5
34F
330
17
100
AcDbEntity
  8
0
 62
11
100
AcDbLine
 10
36.42702476006795
 20
-22.09373369092976
 30
0.0
 11
36.41593274459918
 21
-22.09373369092976
 31
0.0
  0
LINE
  5
350
330
17
100
AcDbEntity
  8
0
 62
11
100
AcDbLine
 10
36.42702476006795
 20
-22.09163304514175
 30
0.0
 11
36.41215398122821
 21
-22.09163304514175
 31
0.0
  0
LINE
  5
351
330
17
100
AcDbEntity
  8
0
 62
11
100
AcDbLine
 10
36.41215398122821
 20
-22.09163304514175
 30
0.0
 11
36.41215398122821
 21
-22.09280189756967
 31
0.0
  0
LINE
  5
352
330
17
100
AcDbEntity
  8
0
 62
11
100
AcDbLine
 10
36.41318766952374
 20
-22.09721153218096
 30
0.0
 11
36.41318766952374
 21
-22.09855554236845
 31
0.0
  0
LINE
  5
353
330
17
100
AcDbEntity
  8
0
 62
11
100
AcDbLine
 10
36.4112051344434
 20
-22.09718963579497
 30
0.0
 11
36.4112051344434
 21
-22.09855554236845
 31
0.0
  0
ARC
  5
354
330
17
100
AcDbEntity
  8
0
 62
11
100
AcDbCircle
 10
36.41210316245522
 20
-22.09513978406779
 30
0.0
 40
0.0023384387581881
100
AcDbArc
 50
297.6309054779593
 51
88.75475445401956
  0
ARC
  5
355
330
17
100
AcDbEntity
  8
0
 62
11
100
AcDbCircle
 10
36.41210316245522
 20
-22.09513978406779
 30
0.0
 40
0.0023384387581881
100
AcDbArc
 50
151.2515766674081
 51
247.4165349736642
  0
ARC
  5
356
330
17
100
AcDbEntity
  8
0
 62
11
100
AcDbCircle
 10
36.41210316245522
 20
-22.09513978406779
 30
0.0
 40
0.0038126138418317
100
AcDbArc
 50
151.2515766674081
 51
223.9717755391782
  0
LINE
  5
357
330
17
100
AcDbEntity
  8
0
 62
11
100
AcDbLine
 10
36.41005295967883
 20
-22.09401507770543
 30
0.0
 11
36.40876049142891
 21
-22.09330605161257
 31
0.0
  0
LINE
  5
358
330
17
100
AcDbEntity
  8
0
 62
11
100
AcDbLine
 10
36.40935929324896
 20
-22.09778689685084
 30
0.0
 11
36.40935929324896
 21
-22.09855554236845
 31
0.0
  0
LINE
  5
359
330
17
100
AcDbEntity
  8
0
 62
251
100
AcDbLine
 10
36.41381609963829
 20
-22.08873227639573
 30
0.0
 11
36.41381609963829
 21
-22.09163304514175
 31
0.0
  0
LINE
  5
35A
330
17
100
AcDbEntity
  8
0
 62
251
100
AcDbLine
 10
36.41381609963829
 20
-22.08873227639573
 30
0.0
 11
36.42962332203697
 21
-22.088799253385
 31
0.0
  0
LINE
  5
35B
330
17
100
AcDbEntity
  8
0
 62
251
100
AcDbLine
 10
36.42962332203697
 20
-22.088799253385
 30
0.0
 11
36.43766931193411
 21
-22.07503724018
 31
0.0
  0
LINE
  5
35C
330
17
100
AcDbEntity
  8
0
 62
251
100
AcDbLine
 10
36.43766931193411
 20
-22.07503724018
 30
0.0
 11
36.44095892308192
 21
-22.07503724018
 31
0.0
  0
LINE
  5
35D
330
17
100
AcDbEntity
  8
0
 62
251
100
AcDbLine
 10
36.4321423781948
 20
-22.09052525410664
 30
0.0
 11
36.44095892308192
 21
-22.07544526908181
 31
0.0
  0
ARC
  5
35E
330
17
100
AcDbEntity
  8
0
 62
251
100
AcDbCircle
 10
36.43021147536578
 20
-22.08939634771617
 30
0.0
 40
0.0022366974256851
100
AcDbArc
 50
270.0
 51
329.6872190701471
  0
LINE
  5
35F
330
17
100
AcDbEntity
  8
0
 62
251
100
AcDbLine
 10
36.44095892308192
 20
-22.07503724018
 30
0.0
 11
36.44095892308192
 21
-22.07544526908181
 31
0.0
  0
LWPOLYLINE
  5
360
330
17
100
AcDbEntity
  8
0
 62
251
100
AcDbPolyline
 90
4
 70
1
 10
36.42679865959504
 20
-22.08165254173708
 10
36.4159742609527
 20
-22.08165254173708
 10
36.4159742609527
 20
-22.08562341721894
 10
36.42679865959504
 20
-22.08562341721894
  0
LINE
  5
361
330
17
100
AcDbEntity
  8
0
 62
251
100
AcDbLine
 10
36.42755155263657
 20
-22.08699794941015
 30
0.0
 11
36.41522136791112
 21
-22.08699794941015
 31
0.0
  0
LINE
  5
362
330
17
100
AcDbEntity
  8
0
 62
251
100
AcDbLine
 10
36.42755155263657
 20
-22.08699794941015
 30
0.0
 11
36.42754395763901
 21
-22.0887904428829
 31
0.0
  0
LINE
  5
363
330
17
100
AcDbEntity
  8
0
 62
251
100
AcDbLine
 10
36.42601303581832
 20
-22.08562341721894
 30
0.0
 11
36.42601303581832
 21
-22.08699794941015
 31
0.0
  0
LINE
  5
364
330
17
100
AcDbEntity
  8
0
 62
251
100
AcDbLine
 10
36.41522136791112
 20
-22.08699794941015
 30
0.0
 11
36.41522896290874
 21
-22.0887904428829
 31
0.0
  0
LINE
  5
365
330
17
100
AcDbEntity
  8
0
 62
251
100
AcDbLine
 10
36.41675988472942
 20
-22.08562341721894
 30
0.0
 11
36.41675988472942
 21
-22.08699794941015
 31
0.0
  0
LINE
  5
366
330
17
100
AcDbEntity
  8
0
 62
251
100
AcDbLine
 10
36.47765602037767
 20
-22.00714816071184
 30
0.0
 11
36.47765602037767
 21
-22.05518112586004
 31
0.0
  0
LINE
  5
367
330
17
100
AcDbEntity
  8
0
 62
251
100
AcDbLine
 10
36.47561129690055
 20
-22.00714816071184
 30
0.0
 11
36.47561129690055
 21
-22.05518112586004
 31
0.0
  0
LINE
  5
368
330
17
100
AcDbEntity
  8
0
 62
251
100
AcDbLine
 10
36.47765602037767
 20
-22.00714816071184
 30
0.0
 11
36.47561129690055
 21
-22.00714816071184
 31
0.0
  0
LINE
  5
369
330
17
100
AcDbEntity
  8
0
 62
251
100
AcDbLine
 10
36.45952672458841
 20
-22.00714816071184
 30
0.0
 11
36.45748200111128
 21
-22.00714816071184
 31
0.0
  0
LINE
  5
36A
330
17
100
AcDbEntity
  8
0
 62
251
100
AcDbLine
 10
36.45748200111128
 20
-22.00714816071184
 30
0.0
 11
36.45748200111128
 21
-22.05518112586004
 31
0.0
  0
LINE
  5
36B
330
17
100
AcDbEntity
  8
0
 62
251
100
AcDbLine
 10
36.45952672458841
 20
-22.00714816071184
 30
0.0
 11
36.45952672458841
 21
-22.05518112586004
 31
0.0
  0
ARC
  5
36C
330
17
100
AcDbEntity
  8
0
 62
251
100
AcDbCircle
 10
36.46756901074448
 20
-22.00093098494802
 30
0.0
 40
0.0101652172182545
100
AcDbArc
 50
217.7062019235277
 51
322.2937980764723
  0
LINE
  5
36D
330
17
100
AcDbEntity
  8
0
 62
251
100
AcDbLine
 10
36.48017844032071
 20
-22.03116464328594
 30
0.0
 11
36.43079465168713
 21
-22.03116464328594
 31
0.0
  0
LINE
  5
36E
330
17
100
AcDbEntity
  8
0
 62
251
100
AcDbLine
 10
36.47765602037767
 20
-22.05518112586004
 30
0.0
 11
36.47561129690055
 21
-22.05518112586004
 31
0.0
  0
LINE
  5
36F
330
17
100
AcDbEntity
  8
0
 62
251
100
AcDbLine
 10
36.45952672458841
 20
-22.05518112586004
 30
0.0
 11
36.45748200111128
 21
-22.05518112586004
 31
0.0
  0
ARC
  5
370
330
17
100
AcDbEntity
  8
0
 62
251
100
AcDbCircle
 10
36.46756901074448
 20
-22.06139830162386
 30
0.0
 40
0.0101652172182545
100
AcDbArc
 50
37.7062019235277
 51
142.2937980764723
  0
LINE
  5
371
330
17
100
AcDbEntity
  8
0
 62
11
100
AcDbLine
 10
36.48515110032243
 20
-22.08423494737452
 30
0.0
 11
36.4521628944652
 21
-22.08423494737452
 31
0.0
  0
LINE
  5
372
330
17
100
AcDbEntity
  8
0
 62
11
100
AcDbLine
 10
36.48515110032243
 20
-22.08927571777384
 30
0.0
 11
36.45403038834589
 21
-22.08927571777384
 31
0.0
  0
LINE
  5
373
330
17
100
AcDbEntity
  8
0
 62
11
100
AcDbLine
 10
36.4499261970395
 20
-22.00578496277683
 30
0.0
 11
36.4499261970395
 21
-22.08199824994893
 31
0.0
  0
ARC
  5
374
330
17
100
AcDbEntity
  8
0
 62
11
100
AcDbCircle
 10
36.4521628944652
 20
-22.08199824994893
 30
0.0
 40
0.0022366974256851
100
AcDbArc
 50
180.0
 51
270.0
  0
LINE
  5
375
330
17
100
AcDbEntity
  8
0
 62
11
100
AcDbLine
 10
36.4450835986432
 20
-22.0043026765776
 30
0.0
 11
36.4450835986432
 21
-22.08032892807104
 31
0.0
  0
ARC
  5
376
330
17
100
AcDbEntity
  8
0
 62
11
100
AcDbCircle
 10
36.45403038834589
 20
-22.08032892807104
 30
0.0
 40
0.0089467897027404
100
AcDbArc
 50
180.0
 51
270.0
  0
LINE
  5
377
330
17
100
AcDbEntity
  8
0
 62
11
100
AcDbLine
 10
36.48515110032243
 20
-22.08423494737452
 30
0.0
 11
36.48515110032243
 21
-22.08927571777384
 31
0.0
  0
LINE
  5
378
330
17
100
AcDbEntity
  8
0
 62
11
100
AcDbLine
 10
36.40917367552733
 20
-21.99907487049985
 30
0.0
 11
36.44321610476245
 21
-21.99907487049985
 31
0.0
  0
ARC
  5
379
330
17
100
AcDbEntity
  8
0
 62
11
100
AcDbCircle
 10
36.44321610476245
 20
-22.00578496277683
 30
0.0
 40
0.0067100922770553
100
AcDbArc
 50
0.0
 51
90.0
  0
LINE
  5
37A
330
17
100
AcDbEntity
  8
0
 62
11
100
AcDbLine
 10
36.4450835986432
 20
-22.0043026765776
 30
0.0
 11
36.40917367552733
 21
-22.0043026765776
 31
0.0
  0
LINE
  5
37B
330
17
100
AcDbEntity
  8
0
 62
11
100
AcDbLine
 10
36.40917367552733
 20
-21.99907487049985
 30
0.0
 11
36.40917367552733
 21
-22.0043026765776
 31
0.0
  0
LWPOLYLINE
  5
37C
330
17
100
AcDbEntity
  8
0
 62
251
100
AcDbPolyline
 90
4
 70
1
 10
36.47243150598248
 20
-22.09178343623092
 10
36.45819148286207
 20
-22.09178343623092
 10
36.45819148286207
 20
-22.09724072640154
 10
36.47243150598248
 20
-22.09724072640154
  0
LWPOLYLINE
  5
37D
330
17
100
AcDbEntity
  8
0
 62
251
100
AcDbPolyline
 90
4
 70
1
 10
36.46909038699354
 20
-22.08927571777384
 10
36.4611903072683
 20
-22.08927571777384
 10
36.4611903072683
 20
-22.09724072640154
 10
36.46909038699354
 20
-22.09724072640154
  0
LWPOLYLINE
  5
37E
330
17
100
AcDbEntity
  8
0
 62
251
100
AcDbPolyline
 90
4
 70
1
 10
36.4731398679975
 20
-22.0823763676948
 10
36.45732403224755
 20
-22.0823763676948
 10
36.45732403224755
 20
-22.08423494737452
 10
36.4731398679975
 20
-22.08423494737452
  0
LWPOLYLINE
  5
37F
330
17
100
AcDbEntity
  8
0
 62
251
100
AcDbPolyline
 90
4
 70
1
 10
36.47125862592903
 20
-22.08042513863109
 10
36.4590030328263
 20
-22.08042513863109
 10
36.4590030328263
 20
-22.0823763676948
 10
36.47125862592903
 20
-22.0823763676948
  0
LWPOLYLINE
  5
380
330
17
100
AcDbEntity
  8
0
 62
251
100
AcDbPolyline
 90
10
 70
0
 10
36.45527284875689
 20
-22.06082100352194
 10
36.46544625030409
 20
-22.06082100352194
 10
36.46544625030409
 20
-22.05928171895164
 10
36.47020676346207
 20
-22.05928171895164
 10
36.47020676346207
 20
-22.06151521726236
 10
36.47085009467448
 20
-22.06233376842409
 10
36.47085009467448
 20
-22.0736150064771
 10
36.47270833909484
 20
-22.0736150064771
 10
36.47270833909484
 20
-22.08042513863109
 10
36.47125862592903
 20
-22.08042513863109
  0
LWPOLYLINE
  5
381
330
17
100
AcDbEntity
  8
0
 62
251
100
AcDbPolyline
 90
6
 70
0
 10
36.4590030328263
 20
-22.08042513863109
 10
36.45783919679181
 20
-22.08042513863109
 10
36.45783919679181
 20
-22.07686802928118
 10
36.45537999884768
 20
-22.07686802928118
 10
36.45537999884768
 20
-22.07890313844508
 10
36.4499261970395
 20
-22.07890313844508
  0
LINE
  5
382
330
17
100
AcDbEntity
  8
0
 62
251
100
AcDbLine
 10
36.45748200111128
 20
-22.04844834979861
 30
0.0
 11
36.45527284875689
 21
-22.04844834979861
 31
0.0
  0
LINE
  5
383
330
17
100
AcDbEntity
  8
0
 62
251
100
AcDbLine
 10
36.45527284875689
 20
-22.04844834979861
 30
0.0
 11
36.45527284875689
 21
-22.06082100352194
 31
0.0
  0
LWPOLYLINE
  5
384
330
17
100
AcDbEntity
  8
0
 62
251
100
AcDbPolyline
 90
4
 70
1
 10
36.4586674566577
 20
-22.018106079105
 10
36.44937873242767
 20
-22.018106079105
 10
36.44937873242767
 20
-22.02223336131932
 10
36.4586674566577
 20
-22.02223336131932
  0
LWPOLYLINE
  5
385
330
17
100
AcDbEntity
  8
0
 62
251
100
AcDbPolyline
 90
4
 70
1
 10
36.46139943943907
 20
-22.03116464328594
 10
36.45748200111128
 20
-22.03116464328594
 10
36.45748200111128
 20
-22.03613259050702
 10
36.46139943943907
 20
-22.03613259050702
  0
LINE
  5
386
330
17
100
AcDbEntity
  8
0
 62
251
100
AcDbLine
 10
36.45527284875689
 20
-22.018106079105
 30
0.0
 11
36.45527284875689
 21
-22.00697747741664
 31
0.0
  0
LINE
  5
387
330
17
100
AcDbEntity
  8
0
 62
251
100
AcDbLine
 10
36.45527284875689
 20
-22.00697747741664
 30
0.0
 11
36.4499261970395
 21
-22.00697747741664
 31
0.0
  0
LWPOLYLINE
  5
388
330
17
100
AcDbEntity
  8
0
 62
251
100
AcDbPolyline
 90
4
 70
1
 10
36.43917776815615
 20
-22.00655947491612
 10
36.40926816399169
 20
-22.00655947491612
 10
36.40926816399169
 20
-22.01019889691009
 10
36.43917776815615
 20
-22.01019889691009
  0
LWPOLYLINE
  5
389
330
17
100
AcDbEntity
  8
0
 62
251
100
AcDbPolyline
 90
4
 70
1
 10
36.4450835986432
 20
-22.01019889691009
 10
36.44342070503145
 20
-22.01019889691009
 10
36.44342070503145
 20
-22.02221417056911
 10
36.4450835986432
 20
-22.02221417056911
  0
LWPOLYLINE
  5
38A
330
17
100
AcDbEntity
  8
0
 62
251
100
AcDbPolyline
 90
4
 70
1
 10
36.44342070503145
 20
-22.01165925793123
 10
36.44209717746289
 20
-22.01165925793123
 10
36.44209717746289
 20
-22.02079863032885
 10
36.44342070503145
 20
-22.02079863032885
  0
LWPOLYLINE
  5
38B
330
17
100
AcDbEntity
  8
0
 62
251
100
AcDbPolyline
 90
5
 70
0
 10
36.43781875358004
 20
-22.01252678706568
 10
36.43781875358004
 20
-22.021814130272
 10
36.44169700115915
 20
-22.021814130272
 10
36.44169700115915
 20
-22.01048989307663
 10
36.4385858908491
 20
-22.01048989307663
  0
LINE
  5
38C
330
17
100
AcDbEntity
  8
0
 62
11
100
AcDbLine
 10
36.439186467641
 20
-21.99907487049985
 30
0.0
 11
36.439186467641
 21
-22.0043026765776
 31
0.0
  0
LWPOLYLINE
  5
38D
330
17
100
AcDbEntity
  8
0
 62
251
100
AcDbPolyline
 90
4
 70
1
 10
36.4367421707947
 20
-22.0043026765776
 10
36.43254634895126
 20
-22.0043026765776
 10
36.43254634895126
 20
-22.00655947491612
 10
36.4367421707947
 20
-22.00655947491612
  0
LWPOLYLINE
  5
38E
330
17
100
AcDbEntity
  8
0
 62
251
100
AcDbPolyline
 90
4
 70
1
 10
36.41627891519001
 20
-22.0043026765776
 10
36.4122918809833
 20
-22.0043026765776
 10
36.4122918809833
 20
-22.00655947491612
 10
36.41627891519001
 20
-22.00655947491612
  0
LINE
  5
38F
330
17
100
AcDbEntity
  8
0
 62
251
100
AcDbLine
 10
36.43526377516892
 20
-22.01278329364084
 30
0.0
 11
36.43526377516892
 21
-22.05803622655129
 31
0.0
  0
LINE
  5
390
330
17
100
AcDbEntity
  8
0
 62
251
100
AcDbLine
 10
36.43526377516892
 20
-22.05803622655129
 30
0.0
 11
36.4326025941356
 21
-22.05803622655129
 31
0.0
  0
LINE
  5
391
330
17
100
AcDbEntity
  8
0
 62
251
100
AcDbLine
 10
36.4326025941356
 20
-22.05803622655129
 30
0.0
 11
36.4326025941356
 21
-22.01297397259635
 31
0.0
  0
LINE
  5
392
330
17
100
AcDbEntity
  8
0
 62
251
100
AcDbLine
 10
36.41559337855599
 20
-22.01315371476688
 30
0.0
 11
36.41559337855599
 21
-22.05584750665788
 31
0.0
  0
LINE
  5
393
330
17
100
AcDbEntity
  8
0
 62
251
100
AcDbLine
 10
36.41559337855599
 20
-22.05584750665788
 30
0.0
 11
36.4326025941356
 21
-22.05584750665788
 31
0.0
  0
LINE
  5
394
330
17
100
AcDbEntity
  8
0
 62
251
100
AcDbLine
 10
36.4326025941356
 20
-22.05287145763999
 30
0.0
 11
36.41559337855599
 21
-22.05287145763999
 31
0.0
  0
LWPOLYLINE
  5
395
330
17
100
AcDbEntity
  8
0
 62
251
100
AcDbPolyline
 90
4
 70
1
 10
36.4450835986432
 20
-22.02416702264498
 10
36.44366051542667
 20
-22.02416702264498
 10
36.44366051542667
 20
-22.03830218975543
 10
36.4450835986432
 20
-22.03830218975543
  0
LWPOLYLINE
  5
396
330
17
100
AcDbEntity
  8
0
 62
251
100
AcDbPolyline
 90
4
 70
1
 10
36.44366051542667
 20
-22.02536625935216
 10
36.43858708997939
 20
-22.02536625935216
 10
36.43858708997939
 20
-22.03702431424007
 10
36.44366051542667
 20
-22.03702431424007
  0
LINE
  5
397
330
17
100
AcDbEntity
  8
0
 62
251
100
AcDbLine
 10
36.44366051542667
 20
-22.0284134773425
 30
0.0
 11
36.43858708997939
 21
-22.0284134773425
 31
0.0
  0
LINE
  5
398
330
17
100
AcDbEntity
  8
0
 62
251
100
AcDbLine
 10
36.44366051542667
 20
-22.03391580922938
 30
0.0
 11
36.43858708997939
 21
-22.03391580922938
 31
0.0
  0
LINE
  5
399
330
17
100
AcDbEntity
  8
0
 62
251
100
AcDbLine
 10
36.43758146147896
 20
-22.02852442337269
 30
0.0
 11
36.43758146147896
 21
-22.03379439051549
 31
0.0
  0
LINE
  5
39A
330
17
100
AcDbEntity
  8
0
 62
251
100
AcDbLine
 10
36.43629817121202
 20
-22.02743885567441
 30
0.0
 11
36.43526377516892
 21
-22.02743885567441
 31
0.0
  0
ARC
  5
39B
330
17
100
AcDbEntity
  8
0
 62
251
100
AcDbCircle
 10
36.43591497711005
 20
-22.02919314039821
 30
0.0
 40
0.0017956482428854
100
AcDbArc
 50
21.86431363991682
 51
77.67823389505219
  0
LINE
  5
39C
330
17
100
AcDbEntity
  8
0
 62
251
100
AcDbLine
 10
36.43629817121202
 20
-22.03489043089747
 30
0.0
 11
36.43526377516892
 21
-22.03489043089747
 31
0.0
  0
ARC
  5
39D
330
17
100
AcDbEntity
  8
0
 62
251
100
AcDbCircle
 10
36.43591497711005
 20
-22.03313614617344
 30
0.0
 40
0.0017956482428854
100
AcDbArc
 50
282.3217661049478
 51
338.1356863600832
  0
LINE
  5
39E
330
17
100
AcDbEntity
  8
0
 62
251
100
AcDbLine
 10
36.4385858908491
 20
-22.01019889691009
 30
0.0
 11
36.4385858908491
 21
-22.01210836229996
 31
0.0
  0
LINE
  5
39F
330
17
100
AcDbEntity
  8
0
 62
251
100
AcDbLine
 10
36.4305041947048
 20
-22.01210836229996
 30
0.0
 11
36.4305041947048
 21
-22.01019889691009
 31
0.0
  0
ARC
  5
3A0
330
17
100
AcDbEntity
  8
0
 62
251
100
AcDbCircle
 10
36.43454504277698
 20
-22.00561234213036
 30
0.0
 40
0.0076502765430742
100
AcDbArc
 50
238.1163303807226
 51
301.8836696192773
  0
LINE
  5
3A1
330
17
100
AcDbEntity
  8
0
 62
251
100
AcDbLine
 10
36.41834798017296
 20
-22.01019889691009
 30
0.0
 11
36.41834798017296
 21
-22.01210836229996
 31
0.0
  0
LINE
  5
3A2
330
17
100
AcDbEntity
  8
0
 62
251
100
AcDbLine
 10
36.41026628402866
 20
-22.01210836229996
 30
0.0
 11
36.41026628402866
 21
-22.01019889691009
 31
0.0
  0
ARC
  5
3A3
330
17
100
AcDbEntity
  8
0
 62
251
100
AcDbCircle
 10
36.41430713210084
 20
-22.00561234213036
 30
0.0
 40
0.0076502765430742
100
AcDbArc
 50
238.1163303807226
 51
301.8836696192773
  0
LINE
  5
3A4
330
17
100
AcDbEntity
  8
0
 62
251
100
AcDbLine
 10
36.40767070347621
 20
-21.99247616176593
 30
0.0
 11
36.40767070347627
 21
-22.0023445793346
 31
0.0
  0
LINE
  5
3A5
330
17
100
AcDbEntity
  8
0
 62
251
100
AcDbLine
 10
36.35769660291791
 20
-21.99273175563224
 30
0.0
 11
36.35769660291791
 21
-22.00234298239969
 31
0.0
  0
LINE
  5
3A6
330
17
100
AcDbEntity
  8
0
 62
251
100
AcDbLine
 10
36.40767070347627
 20
-21.99565110849551
 30
0.0
 11
36.35769660291791
 21
-21.99565110849551
 31
0.0
  0
LINE
  5
3A7
330
17
100
AcDbEntity
  8
0
 62
251
100
AcDbLine
 10
36.40853833732896
 20
-22.0023445793346
 30
0.0
 11
36.35656661198745
 21
-22.0023445793346
 31
0.0
  0
LINE
  5
3A8
330
17
100
AcDbEntity
  8
0
 62
251
100
AcDbLine
 10
36.35656661198745
 20
-22.0023445793346
 30
0.0
 11
36.35656661198745
 21
-22.00743069422573
 31
0.0
  0
LINE
  5
3A9
330
17
100
AcDbEntity
  8
0
 62
251
100
AcDbLine
 10
36.35656661198745
 20
-22.00743069422573
 30
0.0
 11
36.40853833732896
 21
-22.00743069422573
 31
0.0
  0
LINE
  5
3AA
330
17
100
AcDbEntity
  8
0
 62
251
100
AcDbLine
 10
36.40853833732896
 20
-22.00743069422573
 30
0.0
 11
36.40853833732896
 21
-22.0023445793346
 31
0.0
  0
LWPOLYLINE
  5
3AB
330
17
100
AcDbEntity
  8
0
 62
251
100
AcDbPolyline
 90
6
 70
0
 10
36.39631880969576
 20
-22.05338646852227
 10
36.40558895023874
 20
-22.05338646852227
 10
36.40558895023874
 20
-22.00743069422573
 10
36.36147222231093
 20
-22.00743069422573
 10
36.36147222231093
 20
-22.05338646852227
 10
36.37141605316568
 20
-22.05338646852227
  0
LWPOLYLINE
  5
3AC
330
17
100
AcDbEntity
  8
0
 62
251
100
AcDbPolyline
 90
4
 70
1
 10
36.40822492254719
 20
-22.02531110367671
 10
36.40558895023874
 20
-22.02531110367671
 10
36.40558895023874
 20
-22.03725918651493
 10
36.40822492254719
 20
-22.03725918651493
  0
LWPOLYLINE
  5
3AD
330
17
100
AcDbEntity
  8
0
 62
251
100
AcDbPolyline
 90
4
 70
1
 10
36.41559337855599
 20
-22.0263898741647
 10
36.40822492254719
 20
-22.0263898741647
 10
36.40822492254719
 20
-22.03628216944447
 10
36.41559337855599
 20
-22.03628216944447
  0
CIRCLE
  5
3AE
330
17
100
AcDbEntity
  8
0
 62
251
100
AcDbCircle
 10
36.38386743143072
 20
-22.05620123011375
 30
0.0
 40
0.0031027626628755
  0
ARC
  5
3AF
330
17
100
AcDbEntity
  8
0
 62
251
100
AcDbCircle
 10
36.38386743143072
 20
-22.05620123011375
 30
0.0
 40
0.0285197984611859
100
AcDbArc
 50
319.6472202844921
 51
40.39194084674077
  0
ARC
  5
3B0
330
17
100
AcDbEntity
  8
0
 62
251
100
AcDbCircle
 10
36.38386743143072
 20
-22.05620123011375
 30
0.0
 40
0.0285197984611859
100
AcDbArc
 50
141.7439273960956
 51
219.3492798582704
  0
LWPOLYLINE
  5
3B1
330
17
100
AcDbEntity
  8
0
 62
251
100
AcDbPolyline
 90
6
 70
0
 10
36.36399563947693
 20
-22.06924095041507
 10
36.36181320944924
 20
-22.06924095041507
 10
36.36181320944924
 20
-22.08514099744469
 10
36.40560157688778
 20
-22.08514099744469
 10
36.40560157688778
 20
-22.06924095041507
 10
36.40373922338451
 20
-22.06924095041507
  0
ARC
  5
3B2
330
17
100
AcDbEntity
  8
0
 62
251
100
AcDbCircle
 10
36.38386743143072
 20
-22.05620123011375
 30
0.0
 40
0.0090320436264963
100
AcDbArc
 50
10.33281524076218
 51
169.6671847592378
  0
LINE
  5
3B3
330
17
100
AcDbEntity
  8
0
 62
251
100
AcDbLine
 10
36.40008532510253
 20
-22.06536878526948
 30
0.0
 11
36.39498969504862
 21
-22.06536878526948
 31
0.0
  0
LINE
  5
3B4
330
17
100
AcDbEntity
  8
0
 62
251
100
AcDbLine
 10
36.39275299762291
 20
-22.05458119137496
 30
0.0
 11
36.39275299762291
 21
-22.06313208784389
 31
0.0
  0
ARC
  5
3B5
330
17
100
AcDbEntity
  8
0
 62
251
100
AcDbCircle
 10
36.39498969504862
 20
-22.06313208784389
 30
0.0
 40
0.0022366974256851
100
AcDbArc
 50
180.0
 51
270.0
  0
ARC
  5
3B6
330
17
100
AcDbEntity
  8
0
 62
251
100
AcDbCircle
 10
36.39794916174596
 20
-22.07104458694051
 30
0.0
 40
0.0060644800679678
100
AcDbArc
 50
17.3021030773596
 51
69.37550512130986
  0
LINE
  5
3B7
330
17
100
AcDbEntity
  8
0
 62
251
100
AcDbLine
 10
36.36764953775886
 20
-22.06536878526948
 30
0.0
 11
36.37274516781283
 21
-22.06536878526948
 31
0.0
  0
LINE
  5
3B8
330
17
100
AcDbEntity
  8
0
 62
251
100
AcDbLine
 10
36.37498186523853
 20
-22.05458119137496
 30
0.0
 11
36.37498186523853
 21
-22.06313208784389
 31
0.0
  0
ARC
  5
3B9
330
17
100
AcDbEntity
  8
0
 62
251
100
AcDbCircle
 10
36.37274516781283
 20
-22.06313208784389
 30
0.0
 40
0.0022366974256851
100
AcDbArc
 50
270.0
 51
0.0
  0
ARC
  5
3BA
330
17
100
AcDbEntity
  8
0
 62
251
100
AcDbCircle
 10
36.36978570111548
 20
-22.07104458694051
 30
0.0
 40
0.0060644800679678
100
AcDbArc
 50
110.6244948786901
 51
162.6978969226404
  0
ARC
  5
3BB
330
17
100
AcDbEntity
  8
0
 62
251
100
AcDbCircle
 10
36.38386743143072
 20
-22.05620123011375
 30
0.0
 40
0.0127655671051252
100
AcDbArc
 50
318.2655268751382
 51
20.47470557343194
  0
ARC
  5
3BC
330
17
100
AcDbEntity
  8
0
 62
251
100
AcDbCircle
 10
36.38386743143072
 20
-22.05620123011375
 30
0.0
 40
0.0127655671051252
100
AcDbArc
 50
119.5682778329326
 51
221.7344731544588
  0
LINE
  5
3BD
330
17
100
AcDbEntity
  8
0
 62
251
100
AcDbLine
 10
36.38386743143072
 20
-22.04509814489428
 30
0.0
 11
36.37756812971363
 21
-22.04509814489428
 31
0.0
  0
LINE
  5
3BE
330
17
100
AcDbEntity
  8
0
 62
251
100
AcDbLine
 10
36.39585140461198
 20
-22.05173591345977
 30
0.0
 11
36.3917184669834
 21
-22.05173591345977
 31
0.0
  0
LINE
  5
3BF
330
17
100
AcDbEntity
  8
0
 62
251
100
AcDbLine
 10
36.38386743143072
 20
-22.04716918648717
 30
0.0
 11
36.38386743143072
 21
-22.04259138333271
 31
0.0
  0
LINE
  5
3C0
330
17
100
AcDbEntity
  8
0
 62
251
100
AcDbLine
 10
36.40558895023874
 20
-22.04259138333271
 30
0.0
 11
36.38386743143072
 21
-22.04259138333271
 31
0.0
  0
LINE
  5
3C1
330
17
100
AcDbEntity
  8
0
 62
251
100
AcDbLine
 10
36.3986242385483
 20
-22.06716220661509
 30
0.0
 11
36.36865927849882
 21
-22.06716220661509
 31
0.0
  0
LINE
  5
3C2
330
17
100
AcDbEntity
  8
0
 62
251
100
AcDbLine
 10
36.3986242385483
 20
-22.07324977860879
 30
0.0
 11
36.36865927849882
 21
-22.07324977860879
 31
0.0
  0
LINE
  5
3C3
330
17
100
AcDbEntity
  8
0
 62
251
100
AcDbLine
 10
36.36865927849882
 20
-22.07324977860879
 30
0.0
 11
36.36865927849882
 21
-22.06716220661509
 31
0.0
  0
CIRCLE
  5
3C4
330
17
100
AcDbEntity
  8
0
 62
251
100
AcDbCircle
 10
36.36865927849882
 20
-22.07020599261194
 30
0.0
 40
0.0021578275952441
  0
ARC
  5
3C5
330
17
100
AcDbEntity
  8
0
 62
251
100
AcDbCircle
 10
36.36865927849882
 20
-22.07020599261194
 30
0.0
 40
0.0030437859967858
100
AcDbArc
 50
90.0
 51
270.0
  0
CIRCLE
  5
3C6
330
17
100
AcDbEntity
  8
0
 62
251
100
AcDbCircle
 10
36.3986242385483
 20
-22.07020599261194
 30
0.0
 40
0.0021578275952441
  0
ARC
  5
3C7
330
17
100
AcDbEntity
  8
0
 62
251
100
AcDbCircle
 10
36.3986242385483
 20
-22.07020599261194
 30
0.0
 40
0.0030437859967858
100
AcDbArc
 50
270.0
 51
90.0
  0
CIRCLE
  5
3C8
330
17
100
AcDbEntity
  8
0
 62
251
100
AcDbCircle
 10
36.38368086616114
 20
-22.01330565079969
 30
0.0
 40
0.0020351888431972
  0
LINE
  5
3C9
330
17
100
AcDbEntity
  8
0
 62
251
100
AcDbLine
 10
36.41124605900071
 20
-22.04821438739271
 30
0.0
 11
36.40558895023874
 21
-22.04821438739271
 31
0.0
  0
LINE
  5
3CA
330
17
100
AcDbEntity
  8
0
 62
251
100
AcDbLine
 10
36.36147222231093
 20
-22.04821438739271
 30
0.0
 11
36.35648880386074
 21
-22.04821438739271
 31
0.0
  0
LINE
  5
3CB
330
17
100
AcDbEntity
  8
0
 62
11
100
AcDbLine
 10
36.42702476006795
 20
-22.09373369092976
 30
0.0
 11
36.42702476006795
 21
-22.09163304514175
 31
0.0
  0
LINE
  5
3CC
330
17
100
AcDbEntity
  8
0
 62
251
100
AcDbLine
 10
36.42702476006795
 20
-22.09163304514175
 30
0.0
 11
36.43021147536571
 21
-22.09163304514185
 31
0.0
  0
LINE
  5
3CD
330
17
100
AcDbEntity
  8
0
 62
4
100
AcDbLine
 10
30.01834536474826
 20
-25.2150590040887
 30
0.0
 11
30.14316362872202
 21
-25.2150590040887
 31
0.0
  0
LINE
  5
3CE
330
17
100
AcDbEntity
  8
0
 62
4
100
AcDbLine
 10
30.01834536474826
 20
-25.44992614281066
 30
0.0
 11
30.14316362872201
 21
-25.44992614281066
 31
0.0
  0
LINE
  5
3CF
330
17
100
AcDbEntity
  8
0
100
AcDbLine
 10
43.66930146243689
 20
-24.42057947372224
 30
0.0
 11
43.66930146243689
 21
-16.54836224814812
 31
0.0
  0
LWPOLYLINE
  5
3D0
330
17
100
AcDbEntity
  8
0
 62
8
100
AcDbPolyline
 90
6
 70
0
 10
35.18715973881826
 20
-24.17917624852954
 10
34.71694216066186
 20
-24.17917624852954
 10
34.71694216066186
 20
-24.42057947372224
 10
34.6108761434839
 20
-24.31451345654428
 10
34.71694216066186
 20
-24.42057947372224
 10
34.82654371174579
 20
-24.31097792263832
  0
LWPOLYLINE
  5
3D1
330
17
100
AcDbEntity
  8
0
 62
8
100
AcDbPolyline
 90
6
 70
0
 10
37.20480008605654
 20
-24.17917624852954
 10
36.73458250790015
 20
-24.17917624852954
 10
36.73458250790015
 20
-24.42057947372224
 10
36.62851649072218
 20
-24.31451345654427
 10
36.73458250790015
 20
-24.42057947372224
 10
36.84418405898407
 20
-24.31097792263831
  0
ENDSEC
  0
SECTION
  2
OBJECTS
  0
DICTIONARY
  5
A
330
0
100
AcDbDictionary
281
1
  3
ACAD_COLOR
350
B
  3
ACAD_GROUP
350
C
  3
ACAD_LAYOUT
350
D
  3
ACAD_MATERIAL
350
E
  3
ACAD_MLEADERSTYLE
350
F
  3
ACAD_MLINESTYLE
350
10
  3
ACAD_PLOTSETTINGS
350
11
  3
ACAD_PLOTSTYLENAME
350
12
  3
ACAD_SCALELIST
350
14
  3
ACAD_TABLESTYLE
350
15
  3
ACAD_VISUALSTYLE
350
16
  3
EZDXF_META
350
2D
  0
DICTIONARY
  5
B
330
A
100
AcDbDictionary
281
1
  0
DICTIONARY
  5
C
330
A
100
AcDbDictionary
281
1
  0
DICTIONARY
  5
D
330
A
100
AcDbDictionary
281
1
  3
Model
350
1A
  3
Layout1
350
1E
  0
DICTIONARY
  5
E
330
A
100
AcDbDictionary
281
1
  3
ByBlock
350
1F
  3
ByLayer
350
20
  3
Global
350
21
  0
DICTIONARY
  5
F
330
A
100
AcDbDictionary
281
1
  3
Standard
350
2C
  0
DICTIONARY
  5
10
330
A
100
AcDbDictionary
281
1
  3
Standard
350
22
  0
DICTIONARY
  5
11
330
A
100
AcDbDictionary
281
1
  0
ACDBDICTIONARYWDFLT
  5
12
330
A
100
AcDbDictionary
281
1
  3
Normal
350
13
100
AcDbDictionaryWithDefault
340
13
  0
ACDBPLACEHOLDER
  5
13
330
12
  0
DICTIONARY
  5
14
330
A
100
AcDbDictionary
281
1
  0
DICTIONARY
  5
15
330
A
100
AcDbDictionary
281
1
  0
DICTIONARY
  5
16
330
A
100
AcDbDictionary
281
1
  0
LAYOUT
  5
1A
330
D
100
AcDbPlotSettings
  1

  4
A3
  6

 40
7.5
 41
20.0
 42
7.5
 43
20.0
 44
420.0
 45
297.0
 46
0.0
 47
0.0
 48
0.0
 49
0.0
140
0.0
141
0.0
142
1.0
143
1.0
 70
1024
 72
1
 73
0
 74
5
  7

 75
16
 76
0
 77
2
 78
300
147
1.0
148
0.0
149
0.0
100
AcDbLayout
  1
Model
 70
1
 71
0
 10
0.0
 20
0.0
 11
420.0
 21
297.0
 12
0.0
 22
0.0
 32
0.0
 14
1e+20
 24
1e+20
 34
1e+20
 15
-1e+20
 25
-1e+20
 35
-1e+20
146
0.0
 13
0.0
 23
0.0
 33
0.0
 16
1.0
 26
0.0
 36
0.0
 17
0.0
 27
1.0
 37
0.0
 76
1
330
17
  0
LAYOUT
  5
1E
330
D
100
AcDbPlotSettings
  1

  4
A3
  6

 40
7.5
 41
20.0
 42
7.5
 43
20.0
 44
420.0
 45
297.0
 46
0.0
 47
0.0
 48
0.0
 49
0.0
140
0.0
141
0.0
142
1.0
143
1.0
 70
0
 72
1
 73
0
 74
5
  7

 75
16
 76
0
 77
2
 78
300
147
1.0
148
0.0
149
0.0
100
AcDbLayout
  1
Layout1
 70
1
 71
1
 10
0.0
 20
0.0
 11
420.0
 21
297.0
 12
0.0
 22
0.0
 32
0.0
 14
1e+20
 24
1e+20
 34
1e+20
 15
-1e+20
 25
-1e+20
 35
-1e+20
146
0.0
 13
0.0
 23
0.0
 33
0.0
 16
1.0
 26
0.0
 36
0.0
 17
0.0
 27
1.0
 37
0.0
 76
1
330
1B
  0
MATERIAL
  5
1F
102
{ACAD_REACTORS
330
E
102
}
330
E
100
AcDbMaterial
  1
ByBlock
  2

 70
0
 40
1.0
 71
1
 41
1.0
 91
-1023410177
 42
1.0
 72
1
  3

 73
1
 74
1
 75
1
 44
0.5
 73
0
 45
1.0
 46
1.0
 77
1
  4

 78
1
 79
1
170
1
 48
1.0
171
1
  6

172
1
173
1
174
1
140
1.0
141
1.0
175
1
  7

176
1
177
1
178
1
143
1.0
179
1
  8

270
1
271
1
272
1
145
1.0
146
1.0
273
1
  9

274
1
275
1
276
1
 42
1.0
 72
1
  3

 73
1
 74
1
 75
1
 94
63
  0
MATERIAL
  5
20
102
{ACAD_REACTORS
330
E
102
}
330
E
100
AcDbMaterial
  1
ByLayer
  2

 70
0
 40
1.0
 71
1
 41
1.0
 91
-1023410177
 42
1.0
 72
1
  3

 73
1
 74
1
 75
1
 44
0.5
 73
0
 45
1.0
 46
1.0
 77
1
  4

 78
1
 79
1
170
1
 48
1.0
171
1
  6

172
1
173
1
174
1
140
1.0
141
1.0
175
1
  7

176
1
177
1
178
1
143
1.0
179
1
  8

270
1
271
1
272
1
145
1.0
146
1.0
273
1
  9

274
1
275
1
276
1
 42
1.0
 72
1
  3

 73
1
 74
1
 75
1
 94
63
  0
MATERIAL
  5
21
102
{ACAD_REACTORS
330
E
102
}
330
E
100
AcDbMaterial
  1
Global
  2

 70
0
 40
1.0
 71
1
 41
1.0
 91
-1023410177
 42
1.0
 72
1
  3

 73
1
 74
1
 75
1
 44
0.5
 73
0
 45
1.0
 46
1.0
 77
1
  4

 78
1
 79
1
170
1
 48
1.0
171
1
  6

172
1
173
1
174
1
140
1.0
141
1.0
175
1
  7

176
1
177
1
178
1
143
1.0
179
1
  8

270
1
271
1
272
1
145
1.0
146
1.0
273
1
  9

274
1
275
1
276
1
 42
1.0
 72
1
  3

 73
1
 74
1
 75
1
 94
63
  0
MLINESTYLE
  5
22
102
{ACAD_REACTORS
330
10
102
}
330
10
100
AcDbMlineStyle
  2
Standard
 70
0
  3

 62
256
 51
90.0
 52
90.0
 71
2
 49
0.5
 62
256
  6
BYLAYER
 49
-0.5
 62
256
  6
BYLAYER
  0
MLEADERSTYLE
  5
2C
102
{ACAD_REACTORS
330
F
102
}
330
F
100
AcDbMLeaderStyle
179
2
170
2
171
1
172
0
 90
2
 40
0.0
 41
0.0
173
1
 91
-1056964608
 92
-2
290
1
 42
2.0
291
1
 43
8.0
  3
Standard
 44
4.0
300

342
29
174
1
175
1
176
0
178
1
 93
-1056964608
 45
4.0
292
0
297
0
 46
4.0
 94
-1056964608
 47
1.0
 49
1.0
140
1.0
294
1
141
0.0
177
0
142
1.0
295
0
296
0
143
3.75
271
0
272
9
273
9
  0
DICTIONARY
  5
2D
330
A
100
AcDbDictionary
280
1
281
1
  3
CREATED_BY_EZDXF
350
2E
  3
WRITTEN_BY_EZDXF
350
3D4
  0
DICTIONARYVAR
  5
2E
330
2D
100
DictionaryVariables
280
0
  1
1.4.4 @ 2026-10-03T07:35:29.850915+00:00
  0
DICTIONARYVAR
  5
3D4
330
2D
100
DictionaryVariables
280
0
  1
1.4.4 @ 2026-10-03T07:35:29.885513+00:00
  0
ENDSEC
  0
EOF
