  0
SECTION
  2
HEADER
  9
$ACADVER
  1
AC1032
  9
$ACADMAINTVER
 90
4
  9
$DWGCODEPAGE
  3
ANSI_1252
  9
$LASTSAVEDBY
  1
ezdxf
  9
$REQUIREDVERSIONS
160
0
  9
$INSBASE
 10
0.0
 20
0.0
 30
0.0
  9
$EXTMIN
 10
1e+20
 20
1e+20
 30
1e+20
  9
$EXTMAX
 10
-1e+20
 20
-1e+20
 30
-1e+20
  9
$LIMMIN
 10
0.0
 20
0.0
  9
$LIMMAX
 10
420.0
 20
297.0
  9
$ORTHOMODE
 70
0
  9
$REGENMODE
 70
1
  9
$FILLMODE
 70
1
  9
$QTEXTMODE
 70
0
  9
$MIRRTEXT
 70
1
  9
$LTSCALE
 40
1.0
  9
$ATTMODE
 70
1
  9
$TEXTSIZE
 40
2.5
  9
$TRACEWID
 40
1.0
  9
$TEXTSTYLE
  7
Standard
  9
$CLAYER
  8
0
  9
$CELTYPE
  6
ByLayer
  9
$CECOLOR
 62
256
  9
$CELTSCALE
 40
1.0
  9
$DISPSILH
 70
0
  9
$DIMSCALE
 40
1.0
  9
$DIMASZ
 40
2.5
  9
$DIMEXO
 40
0.625
  9
$DIMDLI
 40
3.75
  9
$DIMRND
 40
0.0
  9
$DIMDLE
 40
0.0
  9
$DIMEXE
 40
1.25
  9
$DIMTP
 40
0.0
  9
$DIMTM
 40
0.0
  9
$DIMTXT
 40
2.5
  9
$DIMCEN
 40
2.5
  9
$DIMTSZ
 40
0.0
  9
$DIMTOL
 70
0
  9
$DIMLIM
 70
0
  9
$DIMTIH
 70
0
  9
$DIMTOH
 70
0
  9
$DIMSE1
 70
0
  9
$DIMSE2
 70
0
  9
$DIMTAD
 70
1
  9
$DIMZIN
 70
8
  9
$DIMBLK
  1

  9
$DIMASO
 70
1
  9
$DIMSHO
 70
1
  9
$DIMPOST
  1

  9
$DIMAPOST
  1

  9
$DIMALT
 70
0
  9
$DIMALTD
 70
3
  9
$DIMALTF
 40
0.03937007874
  9
$DIMLFAC
 40
1.0
  9
$DIMTOFL
 70
1
  9
$DIMTVP
 40
0.0
  9
$DIMTIX
 70
0
  9
$DIMSOXD
 70
0
  9
$DIMSAH
 70
0
  9
$DIMBLK1
  1

  9
$DIMBLK2
  1

  9
$DIMSTYLE
  2
ISO-25
  9
$DIMCLRD
 70
0
  9
$DIMCLRE
 70
0
  9
$DIMCLRT
 70
0
  9
$DIMTFAC
 40
1.0
  9
$DIMGAP
 40
0.625
  9
$DIMJUST
 70
0
  9
$DIMSD1
 70
0
  9
$DIMSD2
 70
0
  9
$DIMTOLJ
 70
0
  9
$DIMTZIN
 70
8
  9
$DIMALTZ
 70
0
  9
$DIMALTTZ
 70
0
  9
$DIMUPT
 70
0
  9
$DIMDEC
 70
2
  9
$DIMTDEC
 70
2
  9
$DIMALTU
 70
2
  9
$DIMALTTD
 70
3
  9
$DIMTXSTY
  7
Standard
  9
$DIMAUNIT
 70
0
  9
$DIMADEC
 70
0
  9
$DIMALTRND
 40
0.0
  9
$DIMAZIN
 70
0
  9
$DIMDSEP
 70
44
  9
$DIMATFIT
 70
3
  9
$DIMFRAC
 70
0
  9
$DIMLDRBLK
  1

  9
$DIMLUNIT
 70
2
  9
$DIMLWD
 70
-2
  9
$DIMLWE
 70
-2
  9
$DIMTMOVE
 70
0
  9
$DIMFXL
 40
1.0
  9
$DIMFXLON
 70
0
  9
$DIMJOGANG
 40
0.785398163397
  9
$DIMTFILL
 70
0
  9
$DIMTFILLCLR
 70
0
  9
$DIMARCSYM
 70
0
  9
$DIMLTYPE
  6

  9
$DIMLTEX1
  6

  9
$DIMLTEX2
  6

  9
$DIMTXTDIRECTION
 70
0
  9
$LUNITS
 70
2
  9
$LUPREC
 70
4
  9
$SKETCHINC
 40
1.0
  9
$FILLETRAD
 40
10.0
  9
$AUNITS
 70
0
  9
$AUPREC
 70
2
  9
$MENU
  1
.
  9
$ELEVATION
 40
0.0
  9
$PELEVATION
 40
0.0
  9
$THICKNESS
 40
0.0
  9
$LIMCHECK
 70
0
  9
$CHAMFERA
 40
0.0
  9
$CHAMFERB
 40
0.0
  9
$CHAMFERC
 40
0.0
  9
$CHAMFERD
 40
0.0
  9
$SKPOLY
 70
0
  9
$TDCREATE
 40
2461317.3163310187
  9
$TDUCREATE
 40
2458532.153996898
  9
$TDUPDATE
 40
2461317.3163310187
  9
$TDUUPDATE
 40
2458532.1544311
  9
$TDINDWG
 40
0.0
  9
$TDUSRTIMER
 40
0.0
  9
$USRTIMER
 70
1
  9
$ANGBASE
 50
0.0
  9
$ANGDIR
 70
0
  9
$PDMODE
 70
0
  9
$PDSIZE
 40
0.0
  9
$PLINEWID
 40
0.0
  9
$SPLFRAME
 70
0
  9
$SPLINETYPE
 70
6
  9
$SPLINESEGS
 70
8
  9
$HANDSEED
  5
376
  9
$SURFTAB1
 70
6
  9
$SURFTAB2
 70
6
  9
$SURFTYPE
 70
6
  9
$SURFU
 70
6
  9
$SURFV
 70
6
  9
$UCSBASE
  2

  9
$UCSNAME
  2

  9
$UCSORG
 10
0.0
 20
0.0
 30
0.0
  9
$UCSXDIR
 10
1.0
 20
0.0
 30
0.0
  9
$UCSYDIR
 10
0.0
 20
1.0
 30
0.0
  9
$UCSORTHOREF
  2

  9
$UCSORTHOVIEW
 70
0
  9
$UCSORGTOP
 10
0.0
 20
0.0
 30
0.0
  9
$UCSORGBOTTOM
 10
0.0
 20
0.0
 30
0.0
  9
$UCSORGLEFT
 10
0.0
 20
0.0
 30
0.0
  9
$UCSORGRIGHT
 10
0.0
 20
0.0
 30
0.0
  9
$UCSORGFRONT
 10
0.0
 20
0.0
 30
0.0
  9
$UCSORGBACK
 10
0.0
 20
0.0
 30
0.0
  9
$PUCSBASE
  2

  9
$PUCSNAME
  2

  9
$PUCSORG
 10
0.0
 20
0.0
 30
0.0
  9
$PUCSXDIR
 10
1.0
 20
0.0
 30
0.0
  9
$PUCSYDIR
 10
0.0
 20
1.0
 30
0.0
  9
$PUCSORTHOREF
  2

  9
$PUCSORTHOVIEW
 70
0
  9
$PUCSORGTOP
 10
0.0
 20
0.0
 30
0.0
  9
$PUCSORGBOTTOM
 10
0.0
 20
0.0
 30
0.0
  9
$PUCSORGLEFT
 10
0.0
 20
0.0
 30
0.0
  9
$PUCSORGRIGHT
 10
0.0
 20
0.0
 30
0.0
  9
$PUCSORGFRONT
 10
0.0
 20
0.0
 30
0.0
  9
$PUCSORGBACK
 10
0.0
 20
0.0
 30
0.0
  9
$USERI1
 70
0
  9
$USERI2
 70
0
  9
$USERI3
 70
0
  9
$USERI4
 70
0
  9
$USERI5
 70
0
  9
$USERR1
 40
0.0
  9
$USERR2
 40
0.0
  9
$USERR3
 40
0.0
  9
$USERR4
 40
0.0
  9
$USERR5
 40
0.0
  9
$WORLDVIEW
 70
1
  9
$SHADEDGE
 70
3
  9
$SHADEDIF
 70
70
  9
$TILEMODE
 70
1
  9
$MAXACTVP
 70
64
  9
$PINSBASE
 10
0.0
 20
0.0
 30
0.0
  9
$PLIMCHECK
 70
0
  9
$PEXTMIN
 10
1e+20
 20
1e+20
 30
1e+20
  9
$PEXTMAX
 10
-1e+20
 20
-1e+20
 30
-1e+20
  9
$PLIMMIN
 10
0.0
 20
0.0
  9
$PLIMMAX
 10
420.0
 20
297.0
  9
$UNITMODE
 70
0
  9
$VISRETAIN
 70
1
  9
$PLINEGEN
 70
0
  9
$PSLTSCALE
 70
1
  9
$TREEDEPTH
 70
3020
  9
$CMLSTYLE
  2
Standard
  9
$CMLJUST
 70
0
  9
$CMLSCALE
 40
20.0
  9
$PROXYGRAPHICS
 70
1
  9
$MEASUREMENT
 70
1
  9
$CELWEIGHT
370
-1
  9
$ENDCAPS
280
0
  9
$JOINSTYLE
280
0
  9
$LWDISPLAY
290
0
  9
$INSUNITS
 70
6
  9
$HYPERLINKBASE
  1

  9
$STYLESHEET
  1

  9
$XEDIT
290
1
  9
$CEPSNTYPE
380
0
  9
$PSTYLEMODE
290
1
  9
$FINGERPRINTGUID
  2
{77FE49CC-3A75-4635-8AB8-0EBBC5DED364}
  9
$VERSIONGUID
  2
{9B2B863F-A930-45E9-B9BB-5A7DB363100F}
  9
$EXTNAMES
290
1
  9
$PSVPSCALE
 40
0.0
  9
$OLESTARTUP
290
0
  9
$SORTENTS
280
127
  9
$INDEXCTL
280
0
  9
$HIDETEXT
280
1
  9
$XCLIPFRAME
280
1
  9
$HALOGAP
280
0
  9
$OBSCOLOR
 70
257
  9
$OBSLTYPE
280
0
  9
$INTERSECTIONDISPLAY
280
0
  9
$INTERSECTIONCOLOR
 70
257
  9
$DIMASSOC
280
2
  9
$PROJECTNAME
  1

  9
$CAMERADISPLAY
290
0
  9
$LENSLENGTH
 40
50.0
  9
$CAMERAHEIGHT
 40
0.0
  9
$STEPSPERSEC
 40
24.0
  9
$STEPSIZE
 40
100.0
  9
$3DDWFPREC
 40
2.0
  9
$PSOLWIDTH
 40
0.005
  9
$PSOLHEIGHT
 40
0.08
  9
$LOFTANG1
 40
1.570796326795
  9
$LOFTANG2
 40
1.570796326795
  9
$LOFTMAG1
 40
0.0
  9
$LOFTMAG2
 40
0.0
  9
$LOFTPARAM
 70
7
  9
$LOFTNORMALS
280
1
  9
$LATITUDE
 40
37.795
  9
$LONGITUDE
 40
-122.394
  9
$NORTHDIRECTION
 40
0.0
  9
$TIMEZONE
 70
-8000
  9
$LIGHTGLYPHDISPLAY
280
1
  9
$TILEMODELIGHTSYNCH
280
1
  9
$CMATERIAL
347
20
  9
$SOLIDHIST
280
0
  9
$SHOWHIST
280
1
  9
$DWFFRAME
280
2
  9
$DGNFRAME
280
2
  9
$REALWORLDSCALE
290
1
  9
$INTERFERECOLOR
 62
256
  9
$CSHADOW
280
0
  9
$SHADOWPLANELOCATION
 40
0.0
  0
ENDSEC
  0
SECTION
  2
CLASSES
  0
CLASS
  1
ACDBDICTIONARYWDFLT
  2
AcDbDictionaryWithDefault
  3
ObjectDBX Classes
 90
0
 91
0
280
0
281
0
  0
CLASS
  1
SUN
  2
AcDbSun
  3
SCENEOE
 90
1153
 91
0
280
0
281
0
  0
CLASS
  1
VISUALSTYLE
  2
AcDbVisualStyle
  3
ObjectDBX Classes
 90
4095
 91
0
280
0
281
0
  0
CLASS
  1
MATERIAL
  2
AcDbMaterial
  3
ObjectDBX Classes
 90
1153
 91
0
280
0
281
0
  0
CLASS
  1
SCALE
  2
AcDbScale
  3
ObjectDBX Classes
 90
1153
 91
0
280
0
281
0
  0
CLASS
  1
TABLESTYLE
  2
AcDbTableStyle
  3
ObjectDBX Classes
 90
4095
 91
0
280
0
281
0
  0
CLASS
  1
MLEADERSTYLE
  2
AcDbMLeaderStyle
  3
ACDB_MLEADERSTYLE_CLASS
 90
4095
 91
0
280
0
281
0
  0
CLASS
  1
DICTIONARYVAR
  2
AcDbDictionaryVar
  3
ObjectDBX Classes
 90
0
 91
0
280
0
281
0
  0
CLASS
  1
CELLSTYLEMAP
  2
AcDbCellStyleMap
  3
ObjectDBX Classes
 90
1152
 91
0
280
0
281
0
  0
CLASS
  1
MENTALRAYRENDERSETTINGS
  2
AcDbMentalRayRenderSettings
  3
SCENEOE
 90
1024
 91
0
280
0
281
0
  0
CLASS
  1
ACDBDETAILVIEWSTYLE
  2
AcDbDetailViewStyle
  3
ObjectDBX Classes
 90
1025
 91
0
280
0
281
0
  0
CLASS
  1
ACDBSECTIONVIEWSTYLE
  2
AcDbSectionViewStyle
  3
ObjectDBX Classes
 90
1025
 91
0
280
0
281
0
  0
CLASS
  1
RASTERVARIABLES
  2
AcDbRasterVariables
  3
ISM
 90
0
 91
0
280
0
281
0
  0
CLASS
  1
ACDBPLACEHOLDER
  2
AcDbPlaceHolder
  3
ObjectDBX Classes
 90
0
 91
0
280
0
281
0
  0
CLASS
  1
LAYOUT
  2
AcDbLayout
  3
ObjectDBX Classes
 90
0
 91
0
280
0
281
0
  0
ENDSEC
  0
SECTION
  2
TABLES
  0
TABLE
  2
VPORT
  5
8
330
0
100
AcDbSymbolTable
 70
1
  0
VPORT
  5
23
330
8
100
AcDbSymbolTableRecord
100
AcDbViewportTableRecord
  2
*Active
 70
0
 10
0.0
 20
0.0
 11
1.0
 21
1.0
 12
0.0
 22
0.0
 13
0.0
 23
0.0
 14
0.5
 24
0.5
 15
0.5
 25
0.5
 16
0.0
 26
0.0
 36
1.0
 17
0.0
 27
0.0
 37
0.0
 40
1000.0
 41
1.34
 42
50.0
 43
0.0
 44
0.0
 50
0.0
 51
0.0
 71
0
 72
1000
 73
1
 74
3
 75
0
 76
0
 77
0
 78
0
281
0
 65
0
146
0.0
  0
ENDTAB
  0
TABLE
  2
LTYPE
  5
2
330
0
100
AcDbSymbolTable
 70
3
  0
LTYPE
  5
24
330
2
100
AcDbSymbolTableRecord
100
AcDbLinetypeTableRecord
  2
ByBlock
 70
0
  3

 72
65
 73
0
 40
0.0
  0
LTYPE
  5
25
330
2
100
AcDbSymbolTableRecord
100
AcDbLinetypeTableRecord
  2
ByLayer
 70
0
  3

 72
65
 73
0
 40
0.0
  0
LTYPE
  5
26
330
2
100
AcDbSymbolTableRecord
100
AcDbLinetypeTableRecord
  2
Continuous
 70
0
  3

 72
65
 73
0
 40
0.0
  0
ENDTAB
  0
TABLE
  2
LAYER
  5
1
330
0
100
AcDbSymbolTable
 70
5
  0
LAYER
  5
27
330
1
100
AcDbSymbolTableRecord
100
AcDbLayerTableRecord
  2
0
 70
0
 62
7
  6
Continuous
370
-3
390
13
347
21
  0
LAYER
  5
28
330
1
100
AcDbSymbolTableRecord
100
AcDbLayerTableRecord
  2
Defpoints
 70
0
 62
7
  6
Continuous
290
0
370
-3
390
13
347
21
  0
LAYER
  5
2F
330
1
100
AcDbSymbolTableRecord
100
AcDbLayerTableRecord
  2
0-COTAS REF
 70
0
 62
7
  6
Continuous
370
-3
390
13
347
21
  0
LAYER
  5
4E
330
1
100
AcDbSymbolTableRecord
100
AcDbLayerTableRecord
  2
0-TEXTO
 70
0
 62
7
  6
Continuous
370
-3
390
13
347
21
  0
LAYER
  5
1D2
330
1
100
AcDbSymbolTableRecord
100
AcDbLayerTableRecord
  2
0-TEXTO DETALLE
 70
0
 62
7
  6
Continuous
370
-3
390
13
347
21
  0
ENDTAB
  0
TABLE
  2
STYLE
  5
5
330
0
100
AcDbSymbolTable
 70
1
  0
STYLE
  5
29
330
5
100
AcDbSymbolTableRecord
100
AcDbTextStyleTableRecord
  2
Standard
 70
0
 40
0.0
 41
1.0
 50
0.0
 71
0
 42
2.5
  3
txt
  4

  0
ENDTAB
  0
TABLE
  2
VIEW
  5
7
330
0
100
AcDbSymbolTable
 70
0
  0
ENDTAB
  0
TABLE
  2
UCS
  5
6
330
0
100
AcDbSymbolTable
 70
0
  0
ENDTAB
  0
TABLE
  2
APPID
  5
3
330
0
100
AcDbSymbolTable
 70
3
  0
APPID
  5
2A
330
3
100
AcDbSymbolTableRecord
100
AcDbRegAppTableRecord
  2
ACAD
 70
0
  0
APPID
  5
373
330
3
100
AcDbSymbolTableRecord
100
AcDbRegAppTableRecord
  2
HATCHBACKGROUNDCOLOR
 70
0
  0
APPID
  5
374
330
3
100
AcDbSymbolTableRecord
100
AcDbRegAppTableRecord
  2
EZDXF
 70
0
  0
ENDTAB
  0
TABLE
  2
DIMSTYLE
  5
4
330
0
100
AcDbSymbolTable
 70
1
100
AcDbDimStyleTable
  0
DIMSTYLE
105
2B
330
4
100
AcDbSymbolTableRecord
100
AcDbDimStyleTableRecord
  2
Standard
 70
0
 40
1.0
 41
2.5
 42
0.625
 43
3.75
 44
1.25
 45
0.0
 46
0.0
 47
0.0
 48
0.0
 49
2.5
140
2.5
141
2.5
142
0.0
143
0.03937007874
144
1.0
145
0.0
146
1.0
147
0.625
148
0.0
 69
0
 70
0
 71
0
 72
0
 73
0
 74
0
 75
0
 76
0
 77
1
 78
8
 79
3
170
0
171
3
172
1
173
0
174
0
175
0
176
0
177
0
178
0
179
2
271
2
272
2
273
2
274
3
275
0
276
0
277
2
278
44
279
0
280
0
281
0
282
0
283
0
284
8
285
0
286
0
288
0
289
3
290
0
371
-2
372
-2
  0
ENDTAB
  0
TABLE
  2
BLOCK_RECORD
  5
9
330
0
100
AcDbSymbolTable
 70
2
  0
BLOCK_RECORD
  5
17
330
9
100
AcDbSymbolTableRecord
100
AcDbBlockTableRecord
  2
*Model_Space
340
1A
 70
0
280
1
281
0
  0
BLOCK_RECORD
  5
1B
330
9
100
AcDbSymbolTableRecord
100
AcDbBlockTableRecord
  2
*Paper_Space
340
1E
 70
0
280
1
281
0
  0
ENDTAB
  0
ENDSEC
  0
SECTION
  2
BLOCKS
  0
BLOCK
  5
18
330
17
100
AcDbEntity
  8
0
100
AcDbBlockBegin
  2
*Model_Space
 70
0
 10
0.0
 20
0.0
 30
0.0
  3
*Model_Space
  1

  0
ENDBLK
  5
19
330
17
100
AcDbEntity
  8
0
100
AcDbBlockEnd
  0
BLOCK
  5
1C
330
1B
100
AcDbEntity
  8
0
100
AcDbBlockBegin
  2
*Paper_Space
 70
0
 10
0.0
 20
0.0
 30
0.0
  3
*Paper_Space
  1

  0
ENDBLK
  5
1D
330
1B
100
AcDbEntity
  8
0
100
AcDbBlockEnd
  0
ENDSEC
  0
SECTION
  2
ENTITIES
  0
LINE
  5
30
330
17
100
AcDbEntity
  8
0-COTAS REF
100
AcDbLine
 10
49.3004359186807
 20
-21.30359892088637
 30
0.0
 11
54.63043591868069
 21
-21.30359892088637
 31
0.0
  0
LINE
  5
31
330
17
100
AcDbEntity
  8
0
 62
4
100
AcDbLine
 10
48.37355714513556
 20
-24.42057947372224
 30
0.0
 11
58.24900785010724
 21
-24.42057947372224
 31
0.0
  0
LINE
  5
32
330
17
100
AcDbEntity
  8
0
 62
11
100
AcDbLine
 10
49.9254359186807
 20
-21.96859892088637
 30
0.0
 11
49.9254359186807
 21
-24.42057947372224
 31
0.0
  0
LINE
  5
33
330
17
100
AcDbEntity
  8
0
 62
8
100
AcDbLine
 10
49.9904359186807
 20
-21.96859892088637
 30
0.0
 11
49.9904359186807
 21
-24.42057947372224
 31
0.0
  0
LINE
  5
34
330
17
100
AcDbEntity
  8
0-COTAS REF
100
AcDbLine
 10
49.3004359186807
 20
-21.70359892088637
 30
0.0
 11
54.63043591868069
 21
-21.70359892088637
 31
0.0
  0
LINE
  5
35
330
17
100
AcDbEntity
  8
0-COTAS REF
100
AcDbLine
 10
49.3004359186807
 20
-21.50359892088637
 30
0.0
 11
54.63043591868069
 21
-21.50359892088637
 31
0.0
  0
LINE
  5
36
330
17
100
AcDbEntity
  8
0
 62
8
100
AcDbLine
 10
50.9629359186807
 20
-22.03359892088638
 30
0.0
 11
49.99043591868071
 21
-22.03359892088638
 31
0.0
  0
LINE
  5
37
330
17
100
AcDbEntity
  8
0
 62
8
100
AcDbLine
 10
52.06543591868071
 20
-21.96859892088638
 30
0.0
 11
49.9254359186807
 21
-21.96859892088637
 31
0.0
  0
LINE
  5
38
330
17
100
AcDbEntity
  8
0
 62
11
100
AcDbLine
 10
54.20543591868071
 20
-21.96859892088637
 30
0.0
 11
49.9254359186807
 21
-21.96859892088637
 31
0.0
  0
LINE
  5
39
330
17
100
AcDbEntity
  8
0
 62
8
100
AcDbLine
 10
52.06543591868071
 20
-22.08859207346803
 30
0.0
 11
52.06543591868071
 21
-24.42057947372223
 31
0.0
  0
LINE
  5
3A
330
17
100
AcDbEntity
  8
0
 62
8
100
AcDbLine
 10
50.96293591868071
 20
-24.42057947372224
 30
0.0
 11
50.9629359186807
 21
-21.96859892088638
 31
0.0
  0
LINE
  5
3B
330
17
100
AcDbEntity
  8
0
 62
8
100
AcDbLine
 10
51.02793591868071
 20
-24.42057947372224
 30
0.0
 11
51.02793591868071
 21
-21.96859892088638
 31
0.0
  0
LINE
  5
3C
330
17
100
AcDbEntity
  8
0
 62
8
100
AcDbLine
 10
53.1029359186807
 20
-24.42057947372224
 30
0.0
 11
53.1029359186807
 21
-21.96859892088639
 31
0.0
  0
LINE
  5
3D
330
17
100
AcDbEntity
  8
0
 62
8
100
AcDbLine
 10
53.1679359186807
 20
-24.42057947372224
 30
0.0
 11
53.1679359186807
 21
-21.96859892088639
 31
0.0
  0
LINE
  5
3E
330
17
100
AcDbEntity
  8
0
 62
8
100
AcDbLine
 10
54.20543855954221
 20
-21.9685989208864
 30
0.0
 11
52.06543591868071
 21
-21.96859892088638
 31
0.0
  0
LINE
  5
3F
330
17
100
AcDbEntity
  8
0
 62
8
100
AcDbLine
 10
54.1404359186807
 20
-24.42057947372224
 30
0.0
 11
54.14043591868071
 21
-21.9685989208864
 31
0.0
  0
LINE
  5
40
330
17
100
AcDbEntity
  8
0
 62
8
100
AcDbLine
 10
54.1404359186807
 20
-22.03359892088638
 30
0.0
 11
53.1679359186807
 21
-22.03359892088638
 31
0.0
  0
LINE
  5
41
330
17
100
AcDbEntity
  8
0
 62
8
100
AcDbLine
 10
50.96293591868071
 20
-24.35557947372224
 30
0.0
 11
49.99043591868071
 21
-24.35557947372223
 31
0.0
  0
LINE
  5
42
330
17
100
AcDbEntity
  8
0
 62
8
100
AcDbLine
 10
54.1404359186807
 20
-24.35557947372224
 30
0.0
 11
53.1679359186807
 21
-24.35557947372223
 31
0.0
  0
LINE
  5
43
330
17
100
AcDbEntity
  8
0
 62
8
100
AcDbLine
 10
53.1029359186807
 20
-22.08859207346803
 30
0.0
 11
51.02793591868071
 21
-22.08859207346803
 31
0.0
  0
LINE
  5
44
330
17
100
AcDbEntity
  8
0
 62
8
100
AcDbLine
 10
53.05297079611116
 20
-22.13855719603758
 30
0.0
 11
52.11540104125026
 21
-22.13855719603757
 31
0.0
  0
LINE
  5
45
330
17
100
AcDbEntity
  8
0
 62
8
100
AcDbLine
 10
52.01547079611117
 20
-22.13855719603758
 30
0.0
 11
51.07790104125026
 21
-22.13855719603758
 31
0.0
  0
LINE
  5
46
330
17
100
AcDbEntity
  8
0
 62
8
100
AcDbLine
 10
53.05297079611116
 20
-24.35867578372711
 30
0.0
 11
52.11540104125088
 21
-24.35867578372711
 31
0.0
  0
LINE
  5
47
330
17
100
AcDbEntity
  8
0
 62
8
100
AcDbLine
 10
52.01547079611117
 20
-24.35867578372711
 30
0.0
 11
51.07790104125026
 21
-24.35867578372711
 31
0.0
  0
LINE
  5
48
330
17
100
AcDbEntity
  8
0
 62
8
100
AcDbLine
 10
53.05297079611116
 20
-22.13855719603758
 30
0.0
 11
53.05297079611116
 21
-24.35867578372711
 31
0.0
  0
LINE
  5
49
330
17
100
AcDbEntity
  8
0
 62
8
100
AcDbLine
 10
51.07790104125026
 20
-22.13855719603758
 30
0.0
 11
51.07790104125026
 21
-24.35867578372711
 31
0.0
  0
LINE
  5
4A
330
17
100
AcDbEntity
  8
0
 62
8
100
AcDbLine
 10
52.01547079611117
 20
-22.13855719603757
 30
0.0
 11
52.01547079611117
 21
-24.35867578372711
 31
0.0
  0
LINE
  5
4B
330
17
100
AcDbEntity
  8
0
 62
8
100
AcDbLine
 10
52.11540104125026
 20
-22.13855719603756
 30
0.0
 11
52.11540104125089
 21
-24.35867578372709
 31
0.0
  0
LWPOLYLINE
  5
4C
330
17
100
AcDbEntity
  8
0
 62
8
100
AcDbPolyline
 90
6
 70
0
 10
52.31709950375937
 20
-23.24861648988234
 10
52.31709950375937
 20
-23.24861648988234
 10
52.88384641133045
 20
-23.24861648988234
 10
52.77778039415249
 20
-23.3546825070603
 10
52.88384641133045
 20
-23.24861648988234
 10
52.77424486024653
 20
-23.13901493879841
  0
LWPOLYLINE
  5
4D
330
17
100
AcDbEntity
  8
0
 62
8
100
AcDbPolyline
 90
6
 70
0
 10
51.81377233360205
 20
-23.24861648988234
 10
51.81377233360205
 20
-23.24861648988234
 10
51.24702542603096
 20
-23.24861648988234
 10
51.35309144320893
 20
-23.3546825070603
 10
51.24702542603096
 20
-23.24861648988234
 10
51.35662697711489
 20
-23.13901493879841
  0
LINE
  5
4F
330
17
100
AcDbEntity
  8
0-TEXTO
 62
4
100
AcDbLine
 10
49.25598555851847
 20
-22.77974325125166
 30
0.0
 11
48.85598555907726
 21
-22.77974325125166
 31
0.0
  0
LINE
  5
50
330
17
100
AcDbEntity
  8
0-TEXTO
 62
4
100
AcDbLine
 10
49.25598555851847
 20
-22.78974325126097
 30
0.0
 11
48.85598555907726
 21
-22.78974325126097
 31
0.0
  0
LINE
  5
51
330
17
100
AcDbEntity
  8
0-TEXTO
 62
251
100
AcDbLine
 10
48.95598555870473
 20
-22.77974325125166
 30
0.0
 11
48.95598555870473
 21
-22.17974325127494
 31
0.0
  0
LINE
  5
52
330
17
100
AcDbEntity
  8
0-TEXTO
 62
251
100
AcDbLine
 10
49.02669623635828
 20
-22.70903257313245
 30
0.0
 11
48.95598555870473
 21
-22.77974325125166
 31
0.0
  0
LINE
  5
53
330
17
100
AcDbEntity
  8
0-TEXTO
 62
251
100
AcDbLine
 10
48.95598555870473
 20
-22.77974325125166
 30
0.0
 11
48.88527488011986
 21
-22.70903257313245
 31
0.0
  0
LINE
  5
54
330
17
100
AcDbEntity
  8
0-TEXTO
 62
4
100
AcDbLine
 10
52.45737006442825
 20
-21.23076614104357
 30
0.0
 11
52.45737006442825
 21
-20.83076614160236
 31
0.0
  0
LINE
  5
55
330
17
100
AcDbEntity
  8
0-TEXTO
 62
4
100
AcDbLine
 10
52.44737006441894
 20
-21.23076614104357
 30
0.0
 11
52.44737006441894
 21
-20.83076614160236
 31
0.0
  0
LINE
  5
56
330
17
100
AcDbEntity
  8
0-TEXTO
 62
251
100
AcDbLine
 10
52.45737006442825
 20
-20.93076614122983
 30
0.0
 11
53.05737006440497
 21
-20.93076614122983
 31
0.0
  0
LINE
  5
57
330
17
100
AcDbEntity
  8
0-TEXTO
 62
251
100
AcDbLine
 10
52.52808074254747
 20
-21.00147681888338
 30
0.0
 11
52.45737006442825
 21
-20.93076614122983
 31
0.0
  0
LINE
  5
58
330
17
100
AcDbEntity
  8
0-TEXTO
 62
251
100
AcDbLine
 10
52.45737006442825
 20
-20.93076614122983
 30
0.0
 11
52.52808074254747
 21
-20.86005546264496
 31
0.0
  0
LINE
  5
59
330
17
100
AcDbEntity
  8
0
 62
11
100
AcDbLine
 10
51.02793591868071
 20
-21.96859892088637
 30
0.0
 11
51.02793591868071
 21
-24.42057947372224
 31
0.0
  0
LINE
  5
5A
330
17
100
AcDbEntity
  8
0
 62
11
100
AcDbLine
 10
53.1029359186807
 20
-21.96859892088639
 30
0.0
 11
53.1029359186807
 21
-24.42057947372224
 31
0.0
  0
LINE
  5
5B
330
17
100
AcDbEntity
  8
0
 62
11
100
AcDbLine
 10
54.20543855954221
 20
-21.96859892088639
 30
0.0
 11
54.2059359186807
 21
-24.42057947372224
 31
0.0
  0
LINE
  5
5C
330
17
100
AcDbEntity
  8
0-COTAS REF
100
AcDbLine
 10
49.3004359186807
 20
-24.42057947372223
 30
0.0
 11
49.3004359186807
 21
-21.30359892088637
 31
0.0
  0
LINE
  5
5D
330
17
100
AcDbEntity
  8
0-COTAS REF
100
AcDbLine
 10
49.50043591868075
 20
-24.42057947372223
 30
0.0
 11
49.50043591868075
 21
-21.30359892088637
 31
0.0
  0
LINE
  5
5E
330
17
100
AcDbEntity
  8
0-COTAS REF
100
AcDbLine
 10
49.70043591868083
 20
-24.42057947372223
 30
0.0
 11
49.70043591868083
 21
-21.30359892088637
 31
0.0
  0
LWPOLYLINE
  5
5F
330
17
100
AcDbEntity
  8
0
 62
8
100
AcDbPolyline
 90
4
 70
1
 10
49.6170051322925
 20
-25.67138645062208
 10
50.71950513229253
 20
-25.67138645062208
 10
50.71950513229253
 20
-25.85738645062208
 10
49.6170051322925
 20
-25.85738645062208
  0
LINE
  5
60
330
17
100
AcDbEntity
  8
0
 62
4
100
AcDbLine
 10
49.61200513229251
 20
-25.65511449267059
 30
0.0
 11
49.6120051322925
 21
-25.88998163139265
 31
0.0
  0
LINE
  5
61
330
17
100
AcDbEntity
  8
0
 62
4
100
AcDbLine
 10
53.90200513229252
 20
-25.6551144926707
 30
0.0
 11
53.90200513229252
 21
-25.88998163139265
 31
0.0
  0
LWPOLYLINE
  5
62
330
17
100
AcDbEntity
  8
0
 62
11
100
AcDbPolyline
 90
14
 70
1
 10
53.87350513229251
 20
-25.8343864506221
 42
-0.4142135623730951
 10
53.87450513229251
 20
-25.83538645062211
 10
53.87450513229251
 20
-25.8383864506221
 10
53.89330513229251
 20
-25.8383864506221
 42
0.4142135623730966
 10
53.89430513229251
 20
-25.8373864506221
 10
53.89430513229251
 20
-25.6753864506221
 42
0.4142135623730951
 10
53.89330513229251
 20
-25.6743864506221
 10
53.83570513229251
 20
-25.6743864506221
 42
0.4142135623730951
 10
53.83470513229251
 20
-25.6753864506221
 10
53.83470513229251
 20
-25.8373864506221
 42
0.4142135623730948
 10
53.83570513229251
 20
-25.8383864506221
 10
53.85450513229251
 20
-25.8383864506221
 10
53.85450513229251
 20
-25.83538645062211
 42
-0.4142135623730951
 10
53.85550513229251
 20
-25.8343864506221
  0
LWPOLYLINE
  5
63
330
17
100
AcDbEntity
  8
0
 62
11
100
AcDbPolyline
 90
11
 70
1
 10
53.86550513229251
 20
-25.84138645062211
 10
53.89600513229251
 20
-25.84138645062211
 42
0.4142135623730951
 10
53.89700513229251
 20
-25.8403864506221
 10
53.89700513229251
 20
-25.6723864506221
 42
0.4142135623730951
 10
53.89600513229251
 20
-25.6713864506221
 10
53.83300513229251
 20
-25.6713864506221
 42
0.4142135623730951
 10
53.83200513229251
 20
-25.6723864506221
 10
53.83200513229251
 20
-25.8403864506221
 42
0.4142135623730951
 10
53.83300513229251
 20
-25.84138645062211
 10
53.86350513229252
 20
-25.84138645062211
 10
53.86450513229251
 20
-25.8403864506221
  0
LWPOLYLINE
  5
64
330
17
100
AcDbEntity
  8
0
 62
11
100
AcDbPolyline
 90
14
 70
1
 10
49.65850513229251
 20
-25.83438645062208
 42
-0.4142135623730951
 10
49.65950513229251
 20
-25.83538645062208
 10
49.65950513229251
 20
-25.83838645062208
 10
49.67830513229251
 20
-25.83838645062208
 42
0.4142135623730966
 10
49.67930513229251
 20
-25.83738645062208
 10
49.67930513229251
 20
-25.67538645062207
 42
0.4142135623730951
 10
49.67830513229251
 20
-25.67438645062208
 10
49.62070513229251
 20
-25.67438645062208
 42
0.4142135623730951
 10
49.61970513229251
 20
-25.67538645062207
 10
49.61970513229251
 20
-25.83738645062208
 42
0.4142135623730948
 10
49.62070513229251
 20
-25.83838645062208
 10
49.63950513229251
 20
-25.83838645062208
 10
49.63950513229251
 20
-25.83538645062208
 42
-0.4142135623730951
 10
49.64050513229251
 20
-25.83438645062208
  0
LWPOLYLINE
  5
65
330
17
100
AcDbEntity
  8
0
 62
11
100
AcDbPolyline
 90
11
 70
1
 10
49.6505051322925
 20
-25.84138645062208
 10
49.68100513229251
 20
-25.84138645062208
 42
0.4142135623730951
 10
49.68200513229251
 20
-25.84038645062208
 10
49.68200513229251
 20
-25.67238645062208
 42
0.4142135623730951
 10
49.68100513229251
 20
-25.67138645062208
 10
49.61800513229251
 20
-25.67138645062208
 42
0.4142135623730951
 10
49.61700513229251
 20
-25.67238645062208
 10
49.61700513229251
 20
-25.84038645062208
 42
0.4142135623730951
 10
49.61800513229251
 20
-25.84138645062208
 10
49.64850513229251
 20
-25.84138645062208
 10
49.64950513229251
 20
-25.84038645062208
  0
LINE
  5
66
330
17
100
AcDbEntity
  8
0
 62
8
100
AcDbLine
 10
49.6170051322925
 20
-25.67138645062208
 30
0.0
 11
52.79550513229251
 21
-25.67138645062212
 31
0.0
  0
LINE
  5
67
330
17
100
AcDbEntity
  8
0
  6
CONTINUOUS
 62
8
 48
100.0
100
AcDbLine
 10
49.61700513229251
 20
-25.62299275713782
 30
0.0
 11
53.89700513229251
 21
-25.62299275713787
 31
0.0
  0
LINE
  5
68
330
17
100
AcDbEntity
  8
0
 62
8
100
AcDbLine
 10
49.6170051322925
 20
-25.84138645062208
 30
0.0
 11
52.79490513229252
 21
-25.84138645062211
 31
0.0
  0
LWPOLYLINE
  5
69
330
17
100
AcDbEntity
  8
0
 62
11
100
AcDbPolyline
 90
14
 70
1
 10
50.69600513229251
 20
-25.83438645062208
 42
-0.4142135623730951
 10
50.69700513229252
 20
-25.83538645062208
 10
50.69700513229252
 20
-25.83838645062208
 10
50.71580513229251
 20
-25.83838645062208
 42
0.4142135623730966
 10
50.7168051322925
 20
-25.83738645062208
 10
50.7168051322925
 20
-25.67538645062208
 42
0.4142135623730951
 10
50.71580513229251
 20
-25.67438645062208
 10
50.65820513229251
 20
-25.67438645062208
 42
0.4142135623730951
 10
50.65720513229251
 20
-25.67538645062208
 10
50.65720513229251
 20
-25.83738645062208
 42
0.4142135623730948
 10
50.65820513229251
 20
-25.83838645062208
 10
50.67700513229251
 20
-25.83838645062208
 10
50.67700513229251
 20
-25.83538645062208
 42
-0.4142135623730951
 10
50.67800513229251
 20
-25.83438645062208
  0
LWPOLYLINE
  5
6A
330
17
100
AcDbEntity
  8
0
 62
11
100
AcDbPolyline
 90
11
 70
1
 10
50.68800513229252
 20
-25.84138645062208
 10
50.71850513229251
 20
-25.84138645062208
 42
0.4142135623730951
 10
50.71950513229251
 20
-25.84038645062208
 10
50.71950513229251
 20
-25.67238645062208
 42
0.4142135623730951
 10
50.71850513229251
 20
-25.67138645062208
 10
50.65550513229251
 20
-25.67138645062208
 42
0.4142135623730951
 10
50.65450513229251
 20
-25.67238645062208
 10
50.65450513229251
 20
-25.84038645062208
 42
0.4142135623730951
 10
50.65550513229251
 20
-25.84138645062208
 10
50.68600513229251
 20
-25.84138645062208
 10
50.68700513229251
 20
-25.84038645062208
  0
LINE
  5
6B
330
17
100
AcDbEntity
  8
0
 62
11
100
AcDbLine
 10
51.70672512832012
 20
-25.62961147769715
 30
0.0
 11
50.70478513626486
 21
-25.6296114776972
 31
0.0
  0
LINE
  5
6C
330
17
100
AcDbEntity
  8
0
 62
11
100
AcDbLine
 10
51.70672512831963
 20
-25.63261147769775
 30
0.0
 11
50.70478513626437
 21
-25.63261147769769
 31
0.0
  0
LINE
  5
6D
330
17
100
AcDbEntity
  8
0
 62
11
100
AcDbLine
 10
51.70672512831974
 20
-25.63561147769745
 30
0.0
 11
50.70478513626479
 21
-25.63561147769746
 31
0.0
  0
LINE
  5
6E
330
17
100
AcDbEntity
  8
0
 62
11
100
AcDbLine
 10
51.70672512832057
 20
-25.64761147769745
 30
0.0
 11
50.70478513626446
 21
-25.64761147769744
 31
0.0
  0
LINE
  5
6F
330
17
100
AcDbEntity
  8
0
 62
11
100
AcDbLine
 10
51.70672512832088
 20
-25.65161147769775
 30
0.0
 11
50.70478513626419
 21
-25.6516114776977
 31
0.0
  0
LINE
  5
70
330
17
100
AcDbEntity
  8
0
  6
CONTINUOUS
 62
8
100
AcDbLine
 10
51.70722512832016
 20
-25.65216147769775
 30
0.0
 11
50.70428513626471
 21
-25.6521614776977
 31
0.0
  0
LINE
  5
71
330
17
100
AcDbEntity
  8
0
 62
11
100
AcDbLine
 10
51.70672512832005
 20
-25.65561147769715
 30
0.0
 11
50.70478513626472
 21
-25.65561147769721
 31
0.0
  0
LINE
  5
72
330
17
100
AcDbEntity
  8
0
 62
11
100
AcDbLine
 10
53.89700513229251
 20
-25.87708645062194
 30
0.0
 11
53.89700513229251
 21
-25.88008645062194
 31
0.0
  0
LINE
  5
73
330
17
100
AcDbEntity
  8
0
 62
11
100
AcDbLine
 10
53.89700513229251
 20
-25.88108645062193
 30
0.0
 11
53.89700513229251
 21
-25.88408645062193
 31
0.0
  0
LINE
  5
74
330
17
100
AcDbEntity
  8
0
 62
11
100
AcDbLine
 10
53.8965051322925
 20
-25.88458645062194
 30
0.0
 11
53.89700513229251
 21
-25.88408645062193
 31
0.0
  0
LINE
  5
75
330
17
100
AcDbEntity
  8
0
 62
8
100
AcDbLine
 10
53.89650513229252
 20
-25.87658645062194
 30
0.0
 11
53.89700513229251
 21
-25.87708645062194
 31
0.0
  0
LINE
  5
76
330
17
100
AcDbEntity
  8
0
 62
11
100
AcDbLine
 10
53.89650513229252
 20
-25.88058645062194
 30
0.0
 11
53.89700513229251
 21
-25.88108645062193
 31
0.0
  0
LINE
  5
77
330
17
100
AcDbEntity
  8
0
 62
11
100
AcDbLine
 10
53.89650513229252
 20
-25.88058645062194
 30
0.0
 11
53.89700513229251
 21
-25.88008645062194
 31
0.0
  0
LINE
  5
78
330
17
100
AcDbEntity
  8
0
 62
11
100
AcDbLine
 10
53.89700513229251
 20
-25.85908645062211
 30
0.0
 11
53.89700513229251
 21
-25.86108645062211
 31
0.0
  0
LINE
  5
79
330
17
100
AcDbEntity
  8
0
 62
11
100
AcDbLine
 10
53.89700513229252
 20
-25.86208645062211
 30
0.0
 11
53.89700513229251
 21
-25.86408645062211
 31
0.0
  0
LINE
  5
7A
330
17
100
AcDbEntity
  8
0
 62
11
100
AcDbLine
 10
53.89650513229252
 20
-25.86158645062211
 30
0.0
 11
53.89700513229251
 21
-25.86208645062211
 31
0.0
  0
LINE
  5
7B
330
17
100
AcDbEntity
  8
0
 62
11
100
AcDbLine
 10
53.89650513229252
 20
-25.86158645062211
 30
0.0
 11
53.89700513229251
 21
-25.86108645062211
 31
0.0
  0
LINE
  5
7C
330
17
100
AcDbEntity
  8
0
 62
8
100
AcDbLine
 10
53.89650513229252
 20
-25.86458645062211
 30
0.0
 11
53.89700513229251
 21
-25.86408645062211
 31
0.0
  0
LINE
  5
7D
330
17
100
AcDbEntity
  8
0
 62
11
100
AcDbLine
 10
53.89650513229252
 20
-25.8585864506221
 30
0.0
 11
53.89700513229251
 21
-25.85908645062211
 31
0.0
  0
LINE
  5
7E
330
17
100
AcDbEntity
  8
0
 62
8
100
AcDbLine
 10
53.89650513229252
 20
-25.87658645062194
 30
0.0
 11
53.89700513229251
 21
-25.87708645062194
 31
0.0
  0
LINE
  5
7F
330
17
100
AcDbEntity
  8
0
 62
8
100
AcDbLine
 10
53.89650513229252
 20
-25.86458645062211
 30
0.0
 11
53.89700513229251
 21
-25.86408645062211
 31
0.0
  0
LINE
  5
80
330
17
100
AcDbEntity
  8
0
 62
11
100
AcDbLine
 10
53.8965051322927
 20
-25.87658645062212
 30
0.0
 11
53.89700513229251
 21
-25.87708645062194
 31
0.0
  0
LWPOLYLINE
  5
81
330
17
100
AcDbEntity
  8
0
 62
8
100
AcDbPolyline
 90
6
 70
1
 10
53.88431963522603
 20
-25.86558645062194
 10
53.88431963522603
 20
-25.87558645062193
 10
53.88931963522603
 20
-25.87558645062193
 10
53.89231963522603
 20
-25.87208645062194
 10
53.89231963522603
 20
-25.86908645062194
 10
53.88931963522603
 20
-25.86558645062194
  0
LWPOLYLINE
  5
82
330
17
100
AcDbEntity
  8
0
 62
8
100
AcDbPolyline
 90
6
 70
1
 10
53.88481963522603
 20
-25.86608645062194
 10
53.88481963522603
 20
-25.87508645062194
 10
53.88916824740717
 20
-25.87508645062194
 10
53.89181963522603
 20
-25.8718188587427
 10
53.89181963522603
 20
-25.86935404250118
 10
53.88916824740717
 20
-25.86608645062194
  0
LINE
  5
83
330
17
100
AcDbEntity
  8
0
 62
8
100
AcDbLine
 10
53.89650513229251
 20
-25.86458645062194
 30
0.0
 11
53.89700513229251
 21
-25.86408645062193
 31
0.0
  0
ARC
  5
84
330
17
100
AcDbEntity
  8
0
 62
8
100
AcDbCircle
 10
53.90869577845935
 20
-25.87058645062194
 30
0.0
 40
0.0133761432333217
100
AcDbArc
 50
150.9259378909695
 51
209.0740621090173
  0
LINE
  5
85
330
17
100
AcDbEntity
  8
0
 62
8
100
AcDbLine
 10
53.88931963522603
 20
-25.86558645062194
 30
0.0
 11
53.88931963522603
 21
-25.86458645062194
 31
0.0
  0
LINE
  5
86
330
17
100
AcDbEntity
  8
0
 62
8
100
AcDbLine
 10
53.88931963522603
 20
-25.87558645062193
 30
0.0
 11
53.88931963522603
 21
-25.87658645062194
 31
0.0
  0
LINE
  5
87
330
17
100
AcDbEntity
  8
0
 62
8
100
AcDbLine
 10
53.88431963522603
 20
-25.87658645062211
 30
0.0
 11
53.88431963522603
 21
-25.86458645062194
 31
0.0
  0
LINE
  5
88
330
17
100
AcDbEntity
  8
0
 62
11
100
AcDbLine
 10
50.71903726437674
 20
-25.85858645062186
 30
0.0
 11
49.61766958989911
 21
-25.85858645062192
 31
0.0
  0
LINE
  5
89
330
17
100
AcDbEntity
  8
0
 62
11
100
AcDbLine
 10
50.71903726437708
 20
-25.86158645062221
 30
0.0
 11
49.6176695898989
 21
-25.86158645062214
 31
0.0
  0
LINE
  5
8A
330
17
100
AcDbEntity
  8
0
 62
11
100
AcDbLine
 10
50.71903726437691
 20
-25.86458645062203
 30
0.0
 11
49.61766958989902
 21
-25.86458645062204
 31
0.0
  0
LINE
  5
8B
330
17
100
AcDbEntity
  8
0
 62
11
100
AcDbLine
 10
50.71903726437708
 20
-25.87658645062204
 30
0.0
 11
49.61766958989885
 21
-25.87658645062204
 31
0.0
  0
LINE
  5
8C
330
17
100
AcDbEntity
  8
0
 62
11
100
AcDbLine
 10
50.71903726437725
 20
-25.88058645062221
 30
0.0
 11
49.61766958989873
 21
-25.88058645062214
 31
0.0
  0
LINE
  5
8D
330
17
100
AcDbEntity
  8
0
  6
CONTINUOUS
 62
8
100
AcDbLine
 10
50.7195372643769
 20
-25.88113645062221
 30
0.0
 11
49.61716958989903
 21
-25.88113645062214
 31
0.0
  0
LINE
  5
8E
330
17
100
AcDbEntity
  8
0
 62
11
100
AcDbLine
 10
50.71903726437688
 20
-25.88458645062187
 30
0.0
 11
49.61766958989909
 21
-25.88458645062193
 31
0.0
  0
LINE
  5
8F
330
17
100
AcDbEntity
  8
0
 62
11
100
AcDbLine
 10
50.70428513626487
 20
-25.64811147769704
 30
0.0
 11
50.70428513626487
 21
-25.65111147769704
 31
0.0
  0
LINE
  5
90
330
17
100
AcDbEntity
  8
0
 62
11
100
AcDbLine
 10
50.70428513626487
 20
-25.65211147769704
 30
0.0
 11
50.70428513626487
 21
-25.65511147769704
 31
0.0
  0
LINE
  5
91
330
17
100
AcDbEntity
  8
0
 62
11
100
AcDbLine
 10
50.70478513626487
 20
-25.65561147769705
 30
0.0
 11
50.70428513626487
 21
-25.65511147769704
 31
0.0
  0
LINE
  5
92
330
17
100
AcDbEntity
  8
0
 62
11
100
AcDbLine
 10
50.70478513626486
 20
-25.64761147769704
 30
0.0
 11
50.70428513626487
 21
-25.64811147769704
 31
0.0
  0
LINE
  5
93
330
17
100
AcDbEntity
  8
0
 62
11
100
AcDbLine
 10
50.70478513626486
 20
-25.65161147769704
 30
0.0
 11
50.70428513626487
 21
-25.65211147769704
 31
0.0
  0
LINE
  5
94
330
17
100
AcDbEntity
  8
0
 62
11
100
AcDbLine
 10
50.70478513626486
 20
-25.65161147769704
 30
0.0
 11
50.70428513626487
 21
-25.65111147769704
 31
0.0
  0
LINE
  5
95
330
17
100
AcDbEntity
  8
0
 62
11
100
AcDbLine
 10
50.70428513626487
 20
-25.63011147769721
 30
0.0
 11
50.70428513626487
 21
-25.63211147769721
 31
0.0
  0
LINE
  5
96
330
17
100
AcDbEntity
  8
0
 62
11
100
AcDbLine
 10
50.70428513626485
 20
-25.63311147769721
 30
0.0
 11
50.70428513626487
 21
-25.63511147769722
 31
0.0
  0
LINE
  5
97
330
17
100
AcDbEntity
  8
0
 62
11
100
AcDbLine
 10
50.70478513626486
 20
-25.63261147769721
 30
0.0
 11
50.70428513626487
 21
-25.63311147769721
 31
0.0
  0
LINE
  5
98
330
17
100
AcDbEntity
  8
0
 62
11
100
AcDbLine
 10
50.70478513626486
 20
-25.63261147769721
 30
0.0
 11
50.70428513626487
 21
-25.63211147769722
 31
0.0
  0
LINE
  5
99
330
17
100
AcDbEntity
  8
0
 62
11
100
AcDbLine
 10
50.70478513626486
 20
-25.63561147769722
 30
0.0
 11
50.70428513626487
 21
-25.63511147769722
 31
0.0
  0
LINE
  5
9A
330
17
100
AcDbEntity
  8
0
 62
11
100
AcDbLine
 10
50.70478513626486
 20
-25.6296114776972
 30
0.0
 11
50.70428513626487
 21
-25.63011147769721
 31
0.0
  0
LINE
  5
9B
330
17
100
AcDbEntity
  8
0
 62
11
100
AcDbLine
 10
50.7195372643769
 20
-25.87708645062186
 30
0.0
 11
50.7195372643769
 21
-25.88008645062185
 31
0.0
  0
LINE
  5
9C
330
17
100
AcDbEntity
  8
0
 62
11
100
AcDbLine
 10
50.7195372643769
 20
-25.88108645062186
 30
0.0
 11
50.7195372643769
 21
-25.88408645062186
 31
0.0
  0
LINE
  5
9D
330
17
100
AcDbEntity
  8
0
 62
11
100
AcDbLine
 10
50.71903726437689
 20
-25.88458645062186
 30
0.0
 11
50.7195372643769
 21
-25.88408645062186
 31
0.0
  0
LINE
  5
9E
330
17
100
AcDbEntity
  8
0
 62
11
100
AcDbLine
 10
50.71903726437691
 20
-25.87658645062186
 30
0.0
 11
50.7195372643769
 21
-25.87708645062186
 31
0.0
  0
LINE
  5
9F
330
17
100
AcDbEntity
  8
0
 62
11
100
AcDbLine
 10
50.71903726437691
 20
-25.88058645062186
 30
0.0
 11
50.7195372643769
 21
-25.88108645062186
 31
0.0
  0
LINE
  5
A0
330
17
100
AcDbEntity
  8
0
 62
11
100
AcDbLine
 10
50.71903726437691
 20
-25.88058645062186
 30
0.0
 11
50.7195372643769
 21
-25.88008645062185
 31
0.0
  0
LINE
  5
A1
330
17
100
AcDbEntity
  8
0
 62
11
100
AcDbLine
 10
50.71953726437691
 20
-25.85908645062203
 30
0.0
 11
50.7195372643769
 21
-25.86108645062203
 31
0.0
  0
LINE
  5
A2
330
17
100
AcDbEntity
  8
0
 62
11
100
AcDbLine
 10
50.71953726437691
 20
-25.86208645062202
 30
0.0
 11
50.71953726437691
 21
-25.86408645062203
 31
0.0
  0
LINE
  5
A3
330
17
100
AcDbEntity
  8
0
 62
11
100
AcDbLine
 10
50.71903726437691
 20
-25.86158645062203
 30
0.0
 11
50.71953726437691
 21
-25.86208645062202
 31
0.0
  0
LINE
  5
A4
330
17
100
AcDbEntity
  8
0
 62
11
100
AcDbLine
 10
50.71903726437691
 20
-25.86158645062203
 30
0.0
 11
50.71953726437691
 21
-25.86108645062203
 31
0.0
  0
LINE
  5
A5
330
17
100
AcDbEntity
  8
0
 62
11
100
AcDbLine
 10
50.71903726437691
 20
-25.86458645062204
 30
0.0
 11
50.71953726437691
 21
-25.86408645062203
 31
0.0
  0
LINE
  5
A6
330
17
100
AcDbEntity
  8
0
 62
11
100
AcDbLine
 10
50.71903726437691
 20
-25.85858645062202
 30
0.0
 11
50.71953726437691
 21
-25.85908645062203
 31
0.0
  0
LINE
  5
A7
330
17
100
AcDbEntity
  8
0
 62
11
100
AcDbLine
 10
50.70478513626486
 20
-25.64761147769704
 30
0.0
 11
50.70428513626487
 21
-25.64811147769704
 31
0.0
  0
LWPOLYLINE
  5
A8
330
17
100
AcDbEntity
  8
0
 62
8
100
AcDbPolyline
 90
6
 70
1
 10
50.71553496870246
 20
-25.6366114776972
 10
50.71553496870246
 20
-25.6466114776972
 10
50.71053496870246
 20
-25.6466114776972
 10
50.70753496870246
 20
-25.6431114776972
 10
50.70753496870246
 20
-25.6401114776972
 10
50.71053496870246
 20
-25.6366114776972
  0
LWPOLYLINE
  5
A9
330
17
100
AcDbEntity
  8
0
 62
8
100
AcDbPolyline
 90
6
 70
1
 10
50.71503496870246
 20
-25.6371114776972
 10
50.71503496870246
 20
-25.6461114776972
 10
50.71068635652132
 20
-25.6461114776972
 10
50.70803496870246
 20
-25.64284388581796
 10
50.70803496870246
 20
-25.64037906957645
 10
50.71068635652132
 20
-25.6371114776972
  0
LINE
  5
AA
330
17
100
AcDbEntity
  8
0
 62
11
100
AcDbLine
 10
50.70478513626487
 20
-25.63561147769704
 30
0.0
 11
50.70428513626487
 21
-25.63511147769704
 31
0.0
  0
ARC
  5
AB
330
17
100
AcDbEntity
  8
0
 62
8
100
AcDbCircle
 10
50.69259449009803
 20
-25.64161147769704
 30
0.0
 40
0.0133761432333217
100
AcDbArc
 50
330.9259378909825
 51
29.0740621090306
  0
LINE
  5
AC
330
17
100
AcDbEntity
  8
0
 62
8
100
AcDbLine
 10
50.71053496870246
 20
-25.6366114776972
 30
0.0
 11
50.71053496870246
 21
-25.6356114776972
 31
0.0
  0
LINE
  5
AD
330
17
100
AcDbEntity
  8
0
 62
8
100
AcDbLine
 10
50.71053496870246
 20
-25.6466114776972
 30
0.0
 11
50.71053496870246
 21
-25.6476114776972
 31
0.0
  0
LINE
  5
AE
330
17
100
AcDbEntity
  8
0
 62
11
100
AcDbLine
 10
50.71903726437691
 20
-25.86458645062204
 30
0.0
 11
50.71953726437691
 21
-25.86408645062203
 31
0.0
  0
LINE
  5
AF
330
17
100
AcDbEntity
  8
0
 62
8
100
AcDbLine
 10
50.70685176731043
 20
-25.87658645062186
 30
0.0
 11
50.70685176731043
 21
-25.86458645062186
 31
0.0
  0
LWPOLYLINE
  5
B0
330
17
100
AcDbEntity
  8
0
 62
8
100
AcDbPolyline
 90
6
 70
1
 10
50.70685176731043
 20
-25.86558645062186
 10
50.70685176731043
 20
-25.87558645062186
 10
50.71185176731042
 20
-25.87558645062186
 10
50.71485176731042
 20
-25.87208645062186
 10
50.71485176731042
 20
-25.86908645062186
 10
50.71185176731042
 20
-25.86558645062186
  0
LWPOLYLINE
  5
B1
330
17
100
AcDbEntity
  8
0
 62
8
100
AcDbPolyline
 90
6
 70
1
 10
50.70735176731041
 20
-25.86608645062186
 10
50.70735176731041
 20
-25.87508645062186
 10
50.71170037949156
 20
-25.87508645062186
 10
50.71435176731042
 20
-25.87181885874262
 10
50.71435176731042
 20
-25.86935404250111
 10
50.71170037949156
 20
-25.86608645062186
  0
LINE
  5
B2
330
17
100
AcDbEntity
  8
0
 62
11
100
AcDbLine
 10
50.7190372643769
 20
-25.86458645062186
 30
0.0
 11
50.7195372643769
 21
-25.86408645062185
 31
0.0
  0
ARC
  5
B3
330
17
100
AcDbEntity
  8
0
 62
8
100
AcDbCircle
 10
50.73122791054375
 20
-25.87058645062186
 30
0.0
 40
0.0133761432333217
100
AcDbArc
 50
150.9259378909695
 51
209.0740621090173
  0
LINE
  5
B4
330
17
100
AcDbEntity
  8
0
 62
8
100
AcDbLine
 10
50.71185176731042
 20
-25.86558645062186
 30
0.0
 11
50.71185176731042
 21
-25.86458645062186
 31
0.0
  0
LINE
  5
B5
330
17
100
AcDbEntity
  8
0
 62
8
100
AcDbLine
 10
50.71185176731042
 20
-25.87558645062186
 30
0.0
 11
50.71185176731042
 21
-25.87658645062186
 31
0.0
  0
LINE
  5
B6
330
17
100
AcDbEntity
  8
0
 62
8
100
AcDbLine
 10
50.71553496870246
 20
-25.63561147769746
 30
0.0
 11
50.71553496870246
 21
-25.6476114776972
 31
0.0
  0
LINE
  5
B7
330
17
100
AcDbEntity
  8
0
 62
11
100
AcDbLine
 10
49.61716958989903
 20
-25.87708645062185
 30
0.0
 11
49.61716958989903
 21
-25.88008645062185
 31
0.0
  0
LINE
  5
B8
330
17
100
AcDbEntity
  8
0
 62
11
100
AcDbLine
 10
49.61716958989903
 20
-25.88108645062185
 30
0.0
 11
49.61716958989903
 21
-25.88408645062186
 31
0.0
  0
LINE
  5
B9
330
17
100
AcDbEntity
  8
0
 62
11
100
AcDbLine
 10
49.61766958989903
 20
-25.88458645062186
 30
0.0
 11
49.61716958989903
 21
-25.88408645062186
 31
0.0
  0
LINE
  5
BA
330
17
100
AcDbEntity
  8
0
 62
11
100
AcDbLine
 10
49.61766958989902
 20
-25.87658645062186
 30
0.0
 11
49.61716958989903
 21
-25.87708645062185
 31
0.0
  0
LINE
  5
BB
330
17
100
AcDbEntity
  8
0
 62
11
100
AcDbLine
 10
49.61766958989902
 20
-25.88058645062185
 30
0.0
 11
49.61716958989903
 21
-25.88108645062185
 31
0.0
  0
LINE
  5
BC
330
17
100
AcDbEntity
  8
0
 62
11
100
AcDbLine
 10
49.61766958989902
 20
-25.88058645062185
 30
0.0
 11
49.61716958989903
 21
-25.88008645062185
 31
0.0
  0
LINE
  5
BD
330
17
100
AcDbEntity
  8
0
 62
11
100
AcDbLine
 10
49.61716958989903
 20
-25.85908645062202
 30
0.0
 11
49.61716958989903
 21
-25.86108645062202
 31
0.0
  0
LINE
  5
BE
330
17
100
AcDbEntity
  8
0
 62
11
100
AcDbLine
 10
49.61716958989902
 20
-25.86208645062202
 30
0.0
 11
49.61716958989903
 21
-25.86408645062203
 31
0.0
  0
LINE
  5
BF
330
17
100
AcDbEntity
  8
0
 62
11
100
AcDbLine
 10
49.61766958989901
 20
-25.86158645062202
 30
0.0
 11
49.61716958989903
 21
-25.86208645062202
 31
0.0
  0
LINE
  5
C0
330
17
100
AcDbEntity
  8
0
 62
11
100
AcDbLine
 10
49.61766958989901
 20
-25.86158645062202
 30
0.0
 11
49.61716958989903
 21
-25.86108645062203
 31
0.0
  0
LINE
  5
C1
330
17
100
AcDbEntity
  8
0
 62
11
100
AcDbLine
 10
49.61766958989902
 20
-25.86458645062203
 30
0.0
 11
49.61716958989903
 21
-25.86408645062203
 31
0.0
  0
LINE
  5
C2
330
17
100
AcDbEntity
  8
0
 62
11
100
AcDbLine
 10
49.61766958989902
 20
-25.85858645062202
 30
0.0
 11
49.61716958989903
 21
-25.85908645062202
 31
0.0
  0
LINE
  5
C3
330
17
100
AcDbEntity
  8
0
 62
11
100
AcDbLine
 10
49.61766958989902
 20
-25.87658645062186
 30
0.0
 11
49.61716958989903
 21
-25.87708645062185
 31
0.0
  0
LWPOLYLINE
  5
C4
330
17
100
AcDbEntity
  8
0
 62
8
100
AcDbPolyline
 90
6
 70
1
 10
49.62985508696551
 20
-25.86558645062185
 10
49.62985508696551
 20
-25.87558645062186
 10
49.62485508696551
 20
-25.87558645062186
 10
49.62185508696551
 20
-25.87208645062185
 10
49.62185508696551
 20
-25.86908645062186
 10
49.62485508696551
 20
-25.86558645062185
  0
LWPOLYLINE
  5
C5
330
17
100
AcDbEntity
  8
0
 62
8
100
AcDbPolyline
 90
6
 70
1
 10
49.62935508696551
 20
-25.86608645062185
 10
49.62935508696551
 20
-25.87508645062186
 10
49.62500647478437
 20
-25.87508645062186
 10
49.62235508696551
 20
-25.87181885874262
 10
49.62235508696551
 20
-25.86935404250111
 10
49.62500647478437
 20
-25.86608645062185
  0
LINE
  5
C6
330
17
100
AcDbEntity
  8
0
 62
11
100
AcDbLine
 10
49.61766958989903
 20
-25.86458645062185
 30
0.0
 11
49.61716958989903
 21
-25.86408645062185
 31
0.0
  0
ARC
  5
C7
330
17
100
AcDbEntity
  8
0
 62
8
100
AcDbCircle
 10
49.60547894373219
 20
-25.87058645062186
 30
0.0
 40
0.0133761432333217
100
AcDbArc
 50
330.9259378909825
 51
29.0740621090306
  0
LINE
  5
C8
330
17
100
AcDbEntity
  8
0
 62
8
100
AcDbLine
 10
49.62485508696551
 20
-25.86558645062185
 30
0.0
 11
49.62485508696551
 21
-25.86458645062185
 31
0.0
  0
LINE
  5
C9
330
17
100
AcDbEntity
  8
0
 62
8
100
AcDbLine
 10
49.62485508696551
 20
-25.87558645062186
 30
0.0
 11
49.62485508696551
 21
-25.87658645062186
 31
0.0
  0
LINE
  5
CA
330
17
100
AcDbEntity
  8
0
 62
8
100
AcDbLine
 10
49.62985508696551
 20
-25.86458645062212
 30
0.0
 11
49.62985508696551
 21
-25.87658645062186
 31
0.0
  0
LWPOLYLINE
  5
CB
330
17
100
AcDbEntity
  8
0-TEXTO
  6
CONTINUOUS
 48
5.0
100
AcDbPolyline
 90
8
 70
1
 10
50.59133129206137
 20
-25.54360336261338
 10
50.85433284941363
 20
-25.54360336261338
 42
-0.4142135623730951
 10
50.92933284948347
 20
-25.61860336373096
 10
50.92933284948347
 20
-25.88711238196587
 42
-0.4142135623730951
 10
50.85433284941363
 20
-25.96211238308346
 10
50.59133129206137
 20
-25.96211238308346
 42
-0.4142135623730951
 10
50.51633129207883
 20
-25.88711238196587
 10
50.51633129207883
 20
-25.61860336373096
 42
-0.4142135623730951
  0
LWPOLYLINE
  5
CC
330
17
100
AcDbEntity
  8
0
 62
11
100
AcDbPolyline
 90
14
 70
1
 10
52.83600513229251
 20
-25.83438645062208
 42
-0.4142135623730951
 10
52.83700513229252
 20
-25.83538645062208
 10
52.83700513229252
 20
-25.83838645062208
 10
52.85580513229252
 20
-25.83838645062208
 42
0.4142135623730966
 10
52.85680513229251
 20
-25.83738645062208
 10
52.85680513229251
 20
-25.67538645062208
 42
0.4142135623730951
 10
52.85580513229252
 20
-25.67438645062208
 10
52.79820513229251
 20
-25.67438645062208
 42
0.4142135623730951
 10
52.79720513229252
 20
-25.67538645062208
 10
52.79720513229252
 20
-25.83738645062208
 42
0.4142135623730948
 10
52.79820513229251
 20
-25.83838645062208
 10
52.81700513229251
 20
-25.83838645062208
 10
52.81700513229251
 20
-25.83538645062208
 42
-0.4142135623730951
 10
52.81800513229251
 20
-25.83438645062208
  0
LWPOLYLINE
  5
CD
330
17
100
AcDbEntity
  8
0
 62
11
100
AcDbPolyline
 90
11
 70
1
 10
52.82800513229251
 20
-25.84138645062208
 10
52.85850513229251
 20
-25.84138645062208
 42
0.4142135623730951
 10
52.85950513229251
 20
-25.84038645062208
 10
52.85950513229251
 20
-25.67238645062208
 42
0.4142135623730951
 10
52.85850513229251
 20
-25.67138645062208
 10
52.79550513229251
 20
-25.67138645062208
 42
0.4142135623730951
 10
52.79450513229251
 20
-25.67238645062208
 10
52.79450513229251
 20
-25.84038645062208
 42
0.4142135623730951
 10
52.79550513229251
 20
-25.84138645062208
 10
52.82600513229251
 20
-25.84138645062208
 10
52.82700513229251
 20
-25.84038645062208
  0
LINE
  5
CE
330
17
100
AcDbEntity
  8
0
 62
11
100
AcDbLine
 10
53.89650513229236
 20
-25.85858645062194
 30
0.0
 11
52.79516958989905
 21
-25.85858645062201
 31
0.0
  0
LINE
  5
CF
330
17
100
AcDbEntity
  8
0
 62
11
100
AcDbLine
 10
53.89650513229269
 20
-25.86158645062228
 30
0.0
 11
52.79516958989884
 21
-25.86158645062222
 31
0.0
  0
LINE
  5
D0
330
17
100
AcDbEntity
  8
0
 62
11
100
AcDbLine
 10
53.89674081263756
 20
-25.86458645062212
 30
0.0
 11
52.79516958989912
 21
-25.86458645062212
 31
0.0
  0
LINE
  5
D1
330
17
100
AcDbEntity
  8
0
 62
11
100
AcDbLine
 10
53.8965051322927
 20
-25.87658645062212
 30
0.0
 11
52.79516958989877
 21
-25.87658645062211
 31
0.0
  0
LINE
  5
D2
330
17
100
AcDbEntity
  8
0
 62
11
100
AcDbLine
 10
53.89650513229286
 20
-25.88058645062229
 30
0.0
 11
52.79516958989866
 21
-25.88058645062222
 31
0.0
  0
LINE
  5
D3
330
17
100
AcDbEntity
  8
0
  6
CONTINUOUS
 62
8
100
AcDbLine
 10
53.89700513229251
 20
-25.88113645062229
 30
0.0
 11
52.79466958989903
 21
-25.88113645062222
 31
0.0
  0
LINE
  5
D4
330
17
100
AcDbEntity
  8
0
 62
11
100
AcDbLine
 10
53.89650513229248
 20
-25.88458645062196
 30
0.0
 11
52.79516958989919
 21
-25.88458645062201
 31
0.0
  0
LWPOLYLINE
  5
D5
330
17
100
AcDbEntity
  8
0
 62
0
100
AcDbPolyline
 90
4
 70
1
 10
-50.675071515716326
 20
-25.66660304811421
 10
-50.66207151571632
 20
-25.66660304811421
 10
-50.66207151571632
 20
-25.667503048114213
 10
-50.675071515716326
 20
-25.667503048114213
210
0.0
220
-0.0
230
-1.0
  0
LINE
  5
D6
330
17
100
AcDbEntity
  8
0
 62
0
100
AcDbLine
 10
50.66852151571632
 20
-25.673603048114213
 30
0.0
 11
50.66852151571632
 21
-25.667503048114213
 31
0.0
  0
LINE
  5
D7
330
17
100
AcDbEntity
  8
0
 62
0
100
AcDbLine
 10
50.668621515716325
 20
-25.673603048114213
 30
0.0
 11
50.668621515716325
 21
-25.667503048114213
 31
0.0
  0
LINE
  5
D8
330
17
100
AcDbEntity
  8
0
 62
0
100
AcDbLine
 10
50.663671515716324
 20
-25.667503048114213
 30
0.0
 11
50.660913451200194
 21
-25.673603048114213
 31
0.0
  0
LINE
  5
D9
330
17
100
AcDbEntity
  8
0
 62
0
100
AcDbLine
 10
50.66280065262675
 20
-25.673603048114213
 30
0.0
 11
50.664272813405596
 21
-25.667503048114213
 31
0.0
  0
LINE
  5
DA
330
17
100
AcDbEntity
  8
0
 62
0
100
AcDbLine
 10
50.66369891445004
 20
-25.673603048114213
 30
0.0
 11
50.664272813405596
 21
-25.667503048114213
 31
0.0
  0
LINE
  5
DB
330
17
100
AcDbEntity
  8
0
 62
0
100
AcDbLine
 10
50.66189088299436
 20
-25.673603048114213
 30
0.0
 11
50.6639525174571
 21
-25.667503048114213
 31
0.0
  0
LINE
  5
DC
330
17
100
AcDbEntity
  8
0
 62
0
100
AcDbLine
 10
50.66404556792858
 20
-25.673603048114213
 30
0.0
 11
50.66461946688414
 21
-25.667503048114213
 31
0.0
  0
LINE
  5
DD
330
17
100
AcDbEntity
  8
0
 62
0
100
AcDbLine
 10
50.66436411122763
 20
-25.673603048114213
 30
0.0
 11
50.66493801018318
 21
-25.667503048114213
 31
0.0
  0
LINE
  5
DE
330
17
100
AcDbEntity
  8
0
 62
0
100
AcDbLine
 10
50.66477635125147
 20
-25.673603048114213
 30
0.0
 11
50.66535025020703
 21
-25.667503048114213
 31
0.0
  0
LINE
  5
DF
330
17
100
AcDbEntity
  8
0
 62
0
100
AcDbLine
 10
50.66525416620003
 20
-25.673603048114213
 30
0.0
 11
50.66582806515559
 21
-25.667503048114213
 31
0.0
  0
LINE
  5
E0
330
17
100
AcDbEntity
  8
0
 62
0
100
AcDbLine
 10
50.66574135895548
 20
-25.673603048114213
 30
0.0
 11
50.66631525791104
 21
-25.667503048114213
 31
0.0
  0
LINE
  5
E1
330
17
100
AcDbEntity
  8
0
 62
0
100
AcDbLine
 10
50.66619106372455
 20
-25.673603048114213
 30
0.0
 11
50.666764962680105
 21
-25.667503048114213
 31
0.0
  0
LINE
  5
E2
330
17
100
AcDbEntity
  8
0
 62
0
100
AcDbLine
 10
50.66658457137578
 20
-25.673603048114213
 30
0.0
 11
50.66715847033134
 21
-25.667503048114213
 31
0.0
  0
LINE
  5
E3
330
17
100
AcDbEntity
  8
0
 62
0
100
AcDbLine
 10
50.66700616596535
 20
-25.673603048114213
 30
0.0
 11
50.667580064920905
 21
-25.667503048114213
 31
0.0
  0
LINE
  5
E4
330
17
100
AcDbEntity
  8
0
 62
0
100
AcDbLine
 10
50.667362197250775
 20
-25.673603048114213
 30
0.0
 11
50.66793609620633
 21
-25.667503048114213
 31
0.0
  0
LINE
  5
E5
330
17
100
AcDbEntity
  8
0
 62
0
100
AcDbLine
 10
50.667661996556625
 20
-25.673603048114213
 30
0.0
 11
50.66823589551218
 21
-25.667503048114213
 31
0.0
  0
LINE
  5
E6
330
17
100
AcDbEntity
  8
0
 62
0
100
AcDbLine
 10
50.66788685475145
 20
-25.673603048114213
 30
0.0
 11
50.66846075370701
 21
-25.667503048114213
 31
0.0
  0
LINE
  5
E7
330
17
100
AcDbEntity
  8
0
 62
0
100
AcDbLine
 10
50.66830313813685
 20
-25.673603048114213
 30
0.0
 11
50.6683657110333
 21
-25.667503048114213
 31
0.0
  0
LINE
  5
E8
330
17
100
AcDbEntity
  8
0
 62
0
100
AcDbLine
 10
50.67347151571632
 20
-25.667503048114213
 30
0.0
 11
50.67622958023245
 21
-25.673603048114213
 31
0.0
  0
LINE
  5
E9
330
17
100
AcDbEntity
  8
0
 62
0
100
AcDbLine
 10
50.674342378805896
 20
-25.673603048114213
 30
0.0
 11
50.67287021802705
 21
-25.667503048114213
 31
0.0
  0
LINE
  5
EA
330
17
100
AcDbEntity
  8
0
 62
0
100
AcDbLine
 10
50.67344411698261
 20
-25.673603048114213
 30
0.0
 11
50.67287021802705
 21
-25.667503048114213
 31
0.0
  0
LINE
  5
EB
330
17
100
AcDbEntity
  8
0
 62
0
100
AcDbLine
 10
50.67525214843828
 20
-25.673603048114213
 30
0.0
 11
50.67319051397555
 21
-25.667503048114213
 31
0.0
  0
LINE
  5
EC
330
17
100
AcDbEntity
  8
0
 62
0
100
AcDbLine
 10
50.673097463504064
 20
-25.673603048114213
 30
0.0
 11
50.672523564548506
 21
-25.667503048114213
 31
0.0
  0
LINE
  5
ED
330
17
100
AcDbEntity
  8
0
 62
0
100
AcDbLine
 10
50.67277892020502
 20
-25.673603048114213
 30
0.0
 11
50.67220502124947
 21
-25.667503048114213
 31
0.0
  0
LINE
  5
EE
330
17
100
AcDbEntity
  8
0
 62
0
100
AcDbLine
 10
50.67236668018118
 20
-25.673603048114213
 30
0.0
 11
50.67179278122562
 21
-25.667503048114213
 31
0.0
  0
LINE
  5
EF
330
17
100
AcDbEntity
  8
0
 62
0
100
AcDbLine
 10
50.67188886523262
 20
-25.673603048114213
 30
0.0
 11
50.67131496627706
 21
-25.667503048114213
 31
0.0
  0
LINE
  5
F0
330
17
100
AcDbEntity
  8
0
 62
0
100
AcDbLine
 10
50.67140167247717
 20
-25.673603048114213
 30
0.0
 11
50.67082777352161
 21
-25.667503048114213
 31
0.0
  0
LINE
  5
F1
330
17
100
AcDbEntity
  8
0
 62
0
100
AcDbLine
 10
50.6709519677081
 20
-25.673603048114213
 30
0.0
 11
50.67037806875254
 21
-25.667503048114213
 31
0.0
  0
LINE
  5
F2
330
17
100
AcDbEntity
  8
0
 62
0
100
AcDbLine
 10
50.67055846005687
 20
-25.673603048114213
 30
0.0
 11
50.66998456110131
 21
-25.667503048114213
 31
0.0
  0
LINE
  5
F3
330
17
100
AcDbEntity
  8
0
 62
0
100
AcDbLine
 10
50.6701368654673
 20
-25.673603048114213
 30
0.0
 11
50.66956296651174
 21
-25.667503048114213
 31
0.0
  0
LINE
  5
F4
330
17
100
AcDbEntity
  8
0
 62
0
100
AcDbLine
 10
50.66978083418187
 20
-25.673603048114213
 30
0.0
 11
50.66920693522631
 21
-25.667503048114213
 31
0.0
  0
LINE
  5
F5
330
17
100
AcDbEntity
  8
0
 62
0
100
AcDbLine
 10
50.66948103487602
 20
-25.673603048114213
 30
0.0
 11
50.66890713592046
 21
-25.667503048114213
 31
0.0
  0
LINE
  5
F6
330
17
100
AcDbEntity
  8
0
 62
0
100
AcDbLine
 10
50.669256176681195
 20
-25.673603048114213
 30
0.0
 11
50.66868227772564
 21
-25.667503048114213
 31
0.0
  0
LINE
  5
F7
330
17
100
AcDbEntity
  8
0
 62
0
100
AcDbLine
 10
50.6688398932958
 20
-25.673603048114213
 30
0.0
 11
50.66877732039934
 21
-25.667503048114213
 31
0.0
  0
LINE
  5
F8
330
17
100
AcDbEntity
  8
0
 62
8
100
AcDbLine
 10
50.68336407458185
 20
-25.66735950105011
 30
0.0
 11
50.68336407458185
 21
-25.66035950105007
 31
0.0
  0
LWPOLYLINE
  5
F9
330
17
100
AcDbEntity
  8
0
 62
11
100
AcDbPolyline
 90
8
 70
1
 10
50.68350513229251
 20
-25.62753909937542
 42
-0.4142135623730622
 10
50.68380513229251
 20
-25.62723909937542
 10
50.6992051322925
 20
-25.62723909937541
 42
-0.4142135623731641
 10
50.69950513229251
 20
-25.62753909937542
 10
50.69950513229251
 20
-25.65763909937556
 42
-0.4142135623730921
 10
50.69920513229251
 20
-25.65793909937556
 10
50.68380513229251
 20
-25.65793909937556
 42
-0.4142135623730618
 10
50.68350513229251
 20
-25.65763909937556
  0
LWPOLYLINE
  5
FA
330
17
100
AcDbEntity
  8
0
 62
11
100
AcDbPolyline
 90
164
 70
1
 10
50.70130513229251
 20
-25.62753909937541
 42
-0.414213562373095
 10
50.7016051322925
 20
-25.62723909937542
 10
50.70580513229251
 20
-25.62723909937542
 42
-0.4142135623730937
 10
50.70610513229251
 20
-25.62753909937542
 10
50.70610513229251
 20
-25.62853909937542
 42
0.414213562373095
 10
50.70660513229251
 20
-25.62903909937542
 10
50.70810513229251
 20
-25.62903909937542
 42
0.4142135623730905
 10
50.70840513229251
 20
-25.62873909937542
 10
50.70840513229251
 20
-25.62833909937542
 42
0.4142135623730977
 10
50.70810513229251
 20
-25.62803909937541
 10
50.70730513229251
 20
-25.62803909937541
 42
-0.4142135623730955
 10
50.70710513229251
 20
-25.62783909937542
 10
50.70710513229251
 20
-25.62678909937542
 42
-0.4142135623730969
 10
50.70730513229251
 20
-25.62658909937542
 10
50.71420513229251
 20
-25.62658909937542
 42
-0.4142135623730951
 10
50.71440513229251
 20
-25.62678909937542
 10
50.71440513229251
 20
-25.62783909937542
 42
-0.4142135623743959
 10
50.71420513229251
 20
-25.62803909937542
 10
50.71340513229251
 20
-25.62803909937541
 42
0.4142135623743958
 10
50.71310513229251
 20
-25.62833909937541
 10
50.71310513229251
 20
-25.62873909937542
 42
0.4142135623730951
 10
50.71340513229251
 20
-25.62903909937542
 10
50.71520513229251
 20
-25.62903909937542
 42
0.4142135623730974
 10
50.71550513229251
 20
-25.62873909937542
 10
50.71550513229251
 20
-25.62573909937541
 42
0.4142135623730786
 10
50.71500513229252
 20
-25.62523909937542
 10
50.65600513229251
 20
-25.62523909937541
 42
0.414213562372788
 10
50.65550513229251
 20
-25.62573909937541
 10
50.65550513229251
 20
-25.62893909937541
 42
0.4142135623737455
 10
50.65580513229251
 20
-25.62923909937542
 10
50.65780513229252
 20
-25.62923909937542
 42
0.4142135623777762
 10
50.65810513229251
 20
-25.62893909937541
 10
50.65810513229251
 20
-25.62853909937541
 42
0.4142135623678924
 10
50.65780513229251
 20
-25.62823909937542
 10
50.65690513229251
 20
-25.62823909937542
 42
-0.414213562373095
 10
50.65660513229251
 20
-25.62793909937542
 10
50.65660513229251
 20
-25.62708909937541
 42
-0.414213562373095
 10
50.65690513229251
 20
-25.62678909937542
 10
50.66360513229252
 20
-25.62678909937542
 42
-0.414213562374319
 10
50.66390513229251
 20
-25.62708909937541
 10
50.66390513229251
 20
-25.62793909937542
 42
-0.4142135623707157
 10
50.66360513229251
 20
-25.62823909937542
 10
50.66270513229251
 20
-25.62823909937542
 42
0.4142135623719366
 10
50.66240513229251
 20
-25.62853909937542
 10
50.66240513229251
 20
-25.62893909937541
 42
0.4142135623730977
 10
50.66270513229252
 20
-25.62923909937542
 10
50.6661051322925
 20
-25.62923909937542
 42
0.4142135623730953
 10
50.66640513229251
 20
-25.62893909937542
 10
50.66640513229251
 20
-25.62873909937542
 42
0.4142135623730951
 10
50.66610513229251
 20
-25.62843909937542
 10
50.6652051322925
 20
-25.62843909937542
 42
-0.4142135623730951
 10
50.66490513229251
 20
-25.62813909937542
 10
50.66490513229251
 20
-25.62728909937542
 42
-0.4142135623729392
 10
50.6652051322925
 20
-25.62698909937542
 10
50.67190513229252
 20
-25.62698909937541
 42
-0.4142135623734031
 10
50.67220513229251
 20
-25.62728909937541
 10
50.67220513229251
 20
-25.62813909937541
 42
-0.4142135623730959
 10
50.67190513229251
 20
-25.62843909937542
 10
50.67100513229251
 20
-25.62843909937542
 42
0.4142135623730951
 10
50.67070513229251
 20
-25.62873909937542
 10
50.67070513229251
 20
-25.62893909937542
 42
0.4142135623730951
 10
50.67100513229251
 20
-25.62923909937542
 10
50.67270513229251
 20
-25.62923909937542
 42
0.4142135623720545
 10
50.67320513229251
 20
-25.62873909937542
 10
50.67320513229251
 20
-25.62773909937541
 42
-0.4142135623720546
 10
50.67370513229251
 20
-25.62723909937542
 10
50.68050513229251
 20
-25.62723909937542
 42
-0.4142135623704937
 10
50.68150513229252
 20
-25.62823909937541
 10
50.68150513229252
 20
-25.6286390993754
 42
-0.4142135623761128
 10
50.68050513229251
 20
-25.62963909937542
 10
50.67800513229251
 20
-25.62963909937542
 42
0.4142135623730951
 10
50.67700513229251
 20
-25.63063909937541
 10
50.67700513229251
 20
-25.63323909937542
 42
0.414213562373095
 10
50.67750513229251
 20
-25.63373909937542
 10
50.67800513229251
 20
-25.63373909937542
 42
0.414213562373095
 10
50.67850513229251
 20
-25.63323909937542
 10
50.67850513229251
 20
-25.63143909937542
 42
-0.4142135623726616
 10
50.67880513229251
 20
-25.63113909937542
 10
50.6812051322925
 20
-25.63113909937542
 42
-0.4142135623735287
 10
50.68150513229252
 20
-25.63143909937542
 10
50.68150513229252
 20
-25.64341948413329
 42
0.2679491924334693
 10
50.68165513229251
 20
-25.64367929175443
 42
-0.5773502691946075
 10
50.68165513229251
 20
-25.6441989069967
 42
0.2679491924327813
 10
50.68150513229252
 20
-25.64445871461783
 10
50.68150513229252
 20
-25.65373909937556
 42
-0.4142135623735287
 10
50.6812051322925
 20
-25.65403909937556
 10
50.67880513229251
 20
-25.65403909937556
 42
-0.4142135623732408
 10
50.67850513229251
 20
-25.65373909937556
 10
50.67850513229251
 20
-25.65193909937556
 42
0.4142135623757533
 10
50.67800513229251
 20
-25.65143909937556
 10
50.6775051322925
 20
-25.65143909937556
 42
0.4142135623706133
 10
50.67700513229251
 20
-25.65193909937556
 10
50.67700513229251
 20
-25.65453909937556
 42
0.4142135623739115
 10
50.67800513229251
 20
-25.65553909937556
 10
50.68050513229251
 20
-25.65553909937556
 42
-0.4142135623735112
 10
50.68150513229252
 20
-25.65653909937556
 10
50.68150513229252
 20
-25.65693909937556
 42
-0.4142135623732481
 10
50.68050513229251
 20
-25.65793909937556
 10
50.6737051322925
 20
-25.65793909937556
 42
-0.4142135623719009
 10
50.67320513229251
 20
-25.65743909937557
 10
50.67320513229251
 20
-25.65643909937556
 42
0.4142135623720544
 10
50.6727051322925
 20
-25.65593909937556
 10
50.67100513229251
 20
-25.65593909937556
 42
0.414213562373095
 10
50.67070513229251
 20
-25.65623909937555
 10
50.67070513229251
 20
-25.65643909937556
 42
0.414213562373095
 10
50.67100513229251
 20
-25.65673909937556
 10
50.67190513229252
 20
-25.65673909937556
 42
-0.414213562371872
 10
50.67220513229251
 20
-25.65703909937556
 10
50.67220513229251
 20
-25.65788909937556
 42
-0.4142135623744771
 10
50.67190513229252
 20
-25.65818909937556
 10
50.6652051322925
 20
-25.65818909937556
 42
-0.414213562373095
 10
50.66490513229251
 20
-25.65788909937556
 10
50.66490513229251
 20
-25.65703909937556
 42
-0.414213562373095
 10
50.6652051322925
 20
-25.65673909937556
 10
50.66610513229251
 20
-25.65673909937556
 42
0.414213562373095
 10
50.66640513229251
 20
-25.65643909937556
 10
50.66640513229251
 20
-25.65623909937555
 42
0.414213562373095
 10
50.66610513229251
 20
-25.65593909937556
 10
50.66270513229251
 20
-25.65593909937556
 42
0.414213562373095
 10
50.66240513229251
 20
-25.65623909937555
 10
50.66240513229251
 20
-25.65663909937556
 42
0.4142135623719402
 10
50.66270513229252
 20
-25.65693909937556
 10
50.66360513229251
 20
-25.65693909937556
 42
-0.4142135623719402
 10
50.66390513229251
 20
-25.65723909937556
 10
50.66390513229251
 20
-25.65808909937556
 42
-0.4142135623730951
 10
50.66360513229251
 20
-25.65838909937556
 10
50.65690513229251
 20
-25.65838909937556
 42
-0.4142135623718722
 10
50.65660513229251
 20
-25.65808909937556
 10
50.65660513229251
 20
-25.65723909937557
 42
-0.4142135623743214
 10
50.65690513229252
 20
-25.65693909937556
 10
50.65780513229252
 20
-25.65693909937556
 42
0.4142135623771394
 10
50.65810513229251
 20
-25.65663909937555
 10
50.65810513229251
 20
-25.65623909937555
 42
0.4142135623678993
 10
50.65780513229251
 20
-25.65593909937556
 10
50.6558051322925
 20
-25.65593909937556
 42
0.414213562373095
 10
50.65550513229251
 20
-25.65623909937555
 10
50.65550513229251
 20
-25.65943909937556
 42
0.4142135623730951
 10
50.6560051322925
 20
-25.65993909937556
 10
50.71500513229251
 20
-25.65993909937556
 42
0.4142135623730962
 10
50.71550513229251
 20
-25.65943909937556
 10
50.71550513229251
 20
-25.65643909937556
 42
0.4142135623730969
 10
50.71520513229251
 20
-25.65613909937556
 10
50.71340513229251
 20
-25.65613909937556
 42
0.4142135623730895
 10
50.71310513229251
 20
-25.65643909937556
 10
50.71310513229251
 20
-25.65683909937556
 42
0.4142135623744001
 10
50.71340513229252
 20
-25.65713909937556
 10
50.71420513229251
 20
-25.65713909937556
 42
-0.414213562374396
 10
50.71440513229251
 20
-25.65733909937556
 10
50.71440513229251
 20
-25.65838909937556
 42
-0.4142135623730981
 10
50.71420513229251
 20
-25.65858909937556
 10
50.70730513229251
 20
-25.65858909937556
 42
-0.4142135623721053
 10
50.70710513229251
 20
-25.65838909937556
 10
50.70710513229251
 20
-25.65733909937556
 42
-0.4142135623753897
 10
50.70730513229251
 20
-25.65713909937556
 10
50.7081051322925
 20
-25.65713909937556
 42
0.4142135623743903
 10
50.70840513229251
 20
-25.65683909937556
 10
50.70840513229251
 20
-25.65643909937556
 42
0.4142135623756971
 10
50.70810513229251
 20
-25.65613909937556
 10
50.70660513229251
 20
-25.65613909937556
 42
0.4142135623730913
 10
50.70610513229251
 20
-25.65663909937556
 10
50.70610513229251
 20
-25.65763909937556
 42
-0.4142135623730895
 10
50.70580513229251
 20
-25.65793909937556
 10
50.7016051322925
 20
-25.65793909937556
 42
-0.4142135623730934
 10
50.7013051322925
 20
-25.65763909937556
  0
LWPOLYLINE
  5
FB
330
17
100
AcDbEntity
  8
0
 62
11
100
AcDbPolyline
 90
87
 70
1
 10
50.68775509158077
 20
-25.66843628466097
 10
50.68775509158077
 20
-25.66843909937555
 42
-0.4142135623730177
 10
50.68725509158077
 20
-25.66893909937554
 10
50.67375513229251
 20
-25.66893909937555
 42
-0.4142135623731697
 10
50.67345513229252
 20
-25.66863909937554
 10
50.67345513229252
 20
-25.6684717796346
 10
50.67345513229252
 20
-25.66793909937555
 42
-0.414213562373962
 10
50.67375513229251
 20
-25.66763909937554
 10
50.67495513229251
 20
-25.66763909937554
 42
0.4142135623739623
 10
50.67525513229251
 20
-25.66733909937555
 10
50.67525513229251
 20
-25.66673909937554
 42
0.4142135623730951
 10
50.67495513229251
 20
-25.66643909937555
 10
50.67375513229251
 20
-25.66643909937555
 42
-0.4142135623730951
 10
50.67345513229252
 20
-25.66613909937554
 10
50.67345513229252
 20
-25.66573909937555
 42
-0.4142135623730948
 10
50.67375513229251
 20
-25.66543909937554
 10
50.67495513229251
 20
-25.66543909937554
 42
0.4142135623730951
 10
50.67525513229251
 20
-25.66513909937555
 10
50.67525513229251
 20
-25.66223909937555
 42
0.4142135623730951
 10
50.67495513229251
 20
-25.66193909937556
 10
50.66880513229251
 20
-25.66193909937556
 10
50.66850513229251
 20
-25.66163909937555
 10
50.66820513229251
 20
-25.66193909937555
 10
50.66205513229252
 20
-25.66193909937556
 42
0.4142135623725666
 10
50.66175513229251
 20
-25.66223909937555
 10
50.66175513229251
 20
-25.66513909937554
 42
0.4142135623734541
 10
50.66205513229252
 20
-25.66543909937554
 10
50.66325513229251
 20
-25.66543909937554
 42
-0.4142135623730951
 10
50.66355513229251
 20
-25.66573909937555
 10
50.66355513229251
 20
-25.66613909937555
 42
-0.4142135623730951
 10
50.66325513229251
 20
-25.66643909937555
 10
50.66205513229252
 20
-25.66643909937555
 42
0.4142135623713607
 10
50.66175513229251
 20
-25.66673909937554
 10
50.66175513229251
 20
-25.66733909937554
 42
0.4142135623739637
 10
50.66205513229251
 20
-25.66763909937554
 10
50.66325513229251
 20
-25.66763909937554
 42
-0.4142135623722281
 10
50.66355513229251
 20
-25.66793909937555
 10
50.66355513229251
 20
-25.66863909937555
 42
-0.4142135623730951
 10
50.66325513229251
 20
-25.66893909937555
 10
50.65550513229251
 20
-25.66893909937555
 42
-0.4142135623731449
 10
50.65450513229251
 20
-25.66793909937555
 10
50.65450513229251
 20
-25.62643909937542
 42
-0.289689863304937
 10
50.65507656086395
 20
-25.62553559147251
 42
-0.550760424584259
 10
50.65550513229251
 20
-25.62580664384338
 10
50.65550513229251
 20
-25.62899188578059
 42
-0.2134217649611505
 10
50.65540513229279
 20
-25.62921549257808
 42
1.057279695476605
 10
50.6558287390904
 20
-25.62963909937527
 42
-0.2134217652140254
 10
50.6560523458879
 20
-25.62953909937542
 10
50.65815513229252
 20
-25.62953909937541
 42
0.3152987888775828
 10
50.65876593249602
 20
-25.62911141246857
 10
50.65907287702589
 20
-25.62826808930375
 42
-1.0
 10
50.66001256964668
 20
-25.62861010944708
 10
50.65970562511681
 20
-25.6294534326119
 42
-0.3152987888796157
 10
50.65815513229252
 20
-25.63053909937541
 10
50.65600513229252
 20
-25.63053909937541
 42
0.4142135623730379
 10
50.65550513229251
 20
-25.63103909937542
 10
50.65550513229251
 20
-25.66763909937555
 42
0.4142135623731527
 10
50.65580513229251
 20
-25.66793909937555
 10
50.66045513229251
 20
-25.66793909937555
 42
0.414213562373095
 10
50.66075513229251
 20
-25.66763909937555
 10
50.66075513229251
 20
-25.66023909937556
 42
-0.4142135623730948
 10
50.66105513229252
 20
-25.65993909937556
 10
50.66145513229251
 20
-25.65993909937556
 42
-0.4142135623704938
 10
50.66175513229251
 20
-25.66023909937555
 10
50.66175513229251
 20
-25.66063909937556
 42
0.4142135623704938
 10
50.66205513229252
 20
-25.66093909937555
 10
50.67495513229251
 20
-25.66093909937555
 42
0.4142135623730951
 10
50.67525513229251
 20
-25.66063909937556
 10
50.67525513229252
 20
-25.66023909937555
 42
-0.414213562373095
 10
50.67555513229251
 20
-25.65993909937556
 10
50.67845513229251
 20
-25.65993909937556
 42
-0.4142135623730948
 10
50.67875513229251
 20
-25.66023909937556
 10
50.67875513229251
 20
-25.66178909937555
 42
-1.0
 10
50.67775513229252
 20
-25.66178909937555
 10
50.67775513229252
 20
-25.66143909937555
 42
0.4142135623701211
 10
50.67745513229251
 20
-25.66113909937556
 10
50.67655513229251
 20
-25.66113909937555
 42
0.4142135623730948
 10
50.67625513229251
 20
-25.66143909937555
 10
50.67625513229252
 20
-25.66713909937555
 42
0.4142135623730951
 10
50.67655513229252
 20
-25.66743909937554
 10
50.67745513229251
 20
-25.66743909937554
 42
0.414213562373095
 10
50.67775513229251
 20
-25.66713909937555
 10
50.67775513229251
 20
-25.66598909937555
 42
-1.0
 10
50.67875513229251
 20
-25.66598909937555
 10
50.67875513229251
 20
-25.66731043123644
 42
0.4060847441301588
 10
50.67914400050391
 20
-25.66771027631054
 10
50.68726865544757
 20
-25.667936468673
 42
-0.4062892005557546
  0
LINE
  5
FC
330
17
100
AcDbEntity
  8
0
 62
11
100
AcDbLine
 10
51.70722512832016
 20
-25.64811147769703
 30
0.0
 11
51.70722512832016
 21
-25.65111147769703
 31
0.0
  0
LINE
  5
FD
330
17
100
AcDbEntity
  8
0
 62
11
100
AcDbLine
 10
51.70722512832016
 20
-25.65211147769704
 30
0.0
 11
51.70722512832016
 21
-25.65511147769704
 31
0.0
  0
LINE
  5
FE
330
17
100
AcDbEntity
  8
0
 62
11
100
AcDbLine
 10
51.70672512832005
 20
-25.65561147769715
 30
0.0
 11
51.70722512832016
 21
-25.65511147769704
 31
0.0
  0
LINE
  5
FF
330
17
100
AcDbEntity
  8
0
 62
11
100
AcDbLine
 10
51.70672512832016
 20
-25.64761147769704
 30
0.0
 11
51.70722512832016
 21
-25.64811147769703
 31
0.0
  0
LINE
  5
100
330
17
100
AcDbEntity
  8
0
 62
11
100
AcDbLine
 10
51.70672512832088
 20
-25.65161147769775
 30
0.0
 11
51.70722512832016
 21
-25.65211147769704
 31
0.0
  0
LINE
  5
101
330
17
100
AcDbEntity
  8
0
 62
11
100
AcDbLine
 10
51.70672512832016
 20
-25.65161147769704
 30
0.0
 11
51.70722512832016
 21
-25.65111147769703
 31
0.0
  0
LINE
  5
102
330
17
100
AcDbEntity
  8
0
 62
11
100
AcDbLine
 10
51.70722512832016
 20
-25.6301114776972
 30
0.0
 11
51.70722512832016
 21
-25.63211147769721
 31
0.0
  0
LINE
  5
103
330
17
100
AcDbEntity
  8
0
 62
11
100
AcDbLine
 10
51.70722512832017
 20
-25.63311147769721
 30
0.0
 11
51.70722512832016
 21
-25.63511147769721
 31
0.0
  0
LINE
  5
104
330
17
100
AcDbEntity
  8
0
 62
11
100
AcDbLine
 10
51.70672512832017
 20
-25.63261147769721
 30
0.0
 11
51.70722512832016
 21
-25.63311147769721
 31
0.0
  0
LINE
  5
105
330
17
100
AcDbEntity
  8
0
 62
11
100
AcDbLine
 10
51.70672512831963
 20
-25.63261147769775
 30
0.0
 11
51.70722512832016
 21
-25.63211147769721
 31
0.0
  0
LINE
  5
106
330
17
100
AcDbEntity
  8
0
 62
11
100
AcDbLine
 10
51.70672512832016
 20
-25.63561147769722
 30
0.0
 11
51.70722512832016
 21
-25.63511147769721
 31
0.0
  0
LINE
  5
107
330
17
100
AcDbEntity
  8
0
 62
11
100
AcDbLine
 10
51.70672512832012
 20
-25.62961147769715
 30
0.0
 11
51.70722512832016
 21
-25.6301114776972
 31
0.0
  0
LINE
  5
108
330
17
100
AcDbEntity
  8
0
 62
11
100
AcDbLine
 10
51.70672512832057
 20
-25.64761147769745
 30
0.0
 11
51.70722512832016
 21
-25.64811147769703
 31
0.0
  0
LWPOLYLINE
  5
109
330
17
100
AcDbEntity
  8
0
 62
8
100
AcDbPolyline
 90
6
 70
1
 10
51.69597529588258
 20
-25.63661147769719
 10
51.69597529588258
 20
-25.6466114776972
 10
51.70097529588257
 20
-25.6466114776972
 10
51.70397529588257
 20
-25.6431114776972
 10
51.70397529588257
 20
-25.64011147769719
 10
51.70097529588257
 20
-25.63661147769719
  0
LWPOLYLINE
  5
10A
330
17
100
AcDbEntity
  8
0
 62
8
100
AcDbPolyline
 90
6
 70
1
 10
51.69647529588257
 20
-25.6371114776972
 10
51.69647529588257
 20
-25.64611147769719
 10
51.70082390806371
 20
-25.64611147769719
 10
51.70347529588257
 20
-25.64284388581796
 10
51.70347529588257
 20
-25.64037906957644
 10
51.70082390806371
 20
-25.6371114776972
  0
LINE
  5
10B
330
17
100
AcDbEntity
  8
0
 62
11
100
AcDbLine
 10
51.70672512831974
 20
-25.63561147769745
 30
0.0
 11
51.70722512832016
 21
-25.63511147769704
 31
0.0
  0
ARC
  5
10C
330
17
100
AcDbEntity
  8
0
 62
8
100
AcDbCircle
 10
51.718915774487
 20
-25.64161147769704
 30
0.0
 40
0.0133761432333217
100
AcDbArc
 50
150.9259378909693
 51
209.0740621090173
  0
LINE
  5
10D
330
17
100
AcDbEntity
  8
0
 62
8
100
AcDbLine
 10
51.70097529588257
 20
-25.63661147769719
 30
0.0
 11
51.70097529588257
 21
-25.63561147769719
 31
0.0
  0
LINE
  5
10E
330
17
100
AcDbEntity
  8
0
 62
8
100
AcDbLine
 10
51.70097529588257
 20
-25.6466114776972
 30
0.0
 11
51.70097529588257
 21
-25.64761147769719
 31
0.0
  0
LINE
  5
10F
330
17
100
AcDbEntity
  8
0
 62
8
100
AcDbLine
 10
51.69597529588258
 20
-25.63561147769745
 30
0.0
 11
51.69597529588258
 21
-25.64761147769719
 31
0.0
  0
LWPOLYLINE
  5
110
330
17
100
AcDbEntity
  8
0
 62
0
100
AcDbPolyline
 90
4
 70
1
 10
51.73650513229251
 20
-25.66657331072454
 10
51.74950513229251
 20
-25.66657331072454
 10
51.74950513229251
 20
-25.667473310724542
 10
51.73650513229251
 20
-25.667473310724542
  0
LINE
  5
111
330
17
100
AcDbEntity
  8
0
 62
0
100
AcDbLine
 10
51.74305513229251
 20
-25.673573310724542
 30
0.0
 11
51.74305513229251
 21
-25.667473310724542
 31
0.0
  0
LINE
  5
112
330
17
100
AcDbEntity
  8
0
 62
0
100
AcDbLine
 10
51.74295513229251
 20
-25.673573310724542
 30
0.0
 11
51.74295513229251
 21
-25.667473310724542
 31
0.0
  0
LINE
  5
113
330
17
100
AcDbEntity
  8
0
 62
0
100
AcDbLine
 10
51.74790513229251
 20
-25.667473310724542
 30
0.0
 11
51.75066319680864
 21
-25.673573310724542
 31
0.0
  0
LINE
  5
114
330
17
100
AcDbEntity
  8
0
 62
0
100
AcDbLine
 10
51.74877599538208
 20
-25.673573310724542
 30
0.0
 11
51.74730383460324
 21
-25.667473310724542
 31
0.0
  0
LINE
  5
115
330
17
100
AcDbEntity
  8
0
 62
0
100
AcDbLine
 10
51.747877733558795
 20
-25.673573310724542
 30
0.0
 11
51.74730383460324
 21
-25.667473310724542
 31
0.0
  0
LINE
  5
116
330
17
100
AcDbEntity
  8
0
 62
0
100
AcDbLine
 10
51.74968576501447
 20
-25.673573310724542
 30
0.0
 11
51.747624130551735
 21
-25.667473310724542
 31
0.0
  0
LINE
  5
117
330
17
100
AcDbEntity
  8
0
 62
0
100
AcDbLine
 10
51.74753108008025
 20
-25.673573310724542
 30
0.0
 11
51.74695718112469
 21
-25.667473310724542
 31
0.0
  0
LINE
  5
118
330
17
100
AcDbEntity
  8
0
 62
0
100
AcDbLine
 10
51.747212536781205
 20
-25.673573310724542
 30
0.0
 11
51.746638637825654
 21
-25.667473310724542
 31
0.0
  0
LINE
  5
119
330
17
100
AcDbEntity
  8
0
 62
0
100
AcDbLine
 10
51.746800296757364
 20
-25.673573310724542
 30
0.0
 11
51.746226397801806
 21
-25.667473310724542
 31
0.0
  0
LINE
  5
11A
330
17
100
AcDbEntity
  8
0
 62
0
100
AcDbLine
 10
51.746322481808804
 20
-25.673573310724542
 30
0.0
 11
51.745748582853246
 21
-25.667473310724542
 31
0.0
  0
LINE
  5
11B
330
17
100
AcDbEntity
  8
0
 62
0
100
AcDbLine
 10
51.74583528905335
 20
-25.673573310724542
 30
0.0
 11
51.745261390097795
 21
-25.667473310724542
 31
0.0
  0
LINE
  5
11C
330
17
100
AcDbEntity
  8
0
 62
0
100
AcDbLine
 10
51.745385584284286
 20
-25.673573310724542
 30
0.0
 11
51.74481168532873
 21
-25.667473310724542
 31
0.0
  0
LINE
  5
11D
330
17
100
AcDbEntity
  8
0
 62
0
100
AcDbLine
 10
51.744992076633054
 20
-25.673573310724542
 30
0.0
 11
51.744418177677495
 21
-25.667473310724542
 31
0.0
  0
LINE
  5
11E
330
17
100
AcDbEntity
  8
0
 62
0
100
AcDbLine
 10
51.744570482043486
 20
-25.673573310724542
 30
0.0
 11
51.74399658308793
 21
-25.667473310724542
 31
0.0
  0
LINE
  5
11F
330
17
100
AcDbEntity
  8
0
 62
0
100
AcDbLine
 10
51.74421445075806
 20
-25.673573310724542
 30
0.0
 11
51.7436405518025
 21
-25.667473310724542
 31
0.0
  0
LINE
  5
120
330
17
100
AcDbEntity
  8
0
 62
0
100
AcDbLine
 10
51.74391465145221
 20
-25.673573310724542
 30
0.0
 11
51.74334075249665
 21
-25.667473310724542
 31
0.0
  0
LINE
  5
121
330
17
100
AcDbEntity
  8
0
 62
0
100
AcDbLine
 10
51.74368979325738
 20
-25.673573310724542
 30
0.0
 11
51.74311589430182
 21
-25.667473310724542
 31
0.0
  0
LINE
  5
122
330
17
100
AcDbEntity
  8
0
 62
0
100
AcDbLine
 10
51.74327350987198
 20
-25.673573310724542
 30
0.0
 11
51.74321093697553
 21
-25.667473310724542
 31
0.0
  0
LINE
  5
123
330
17
100
AcDbEntity
  8
0
 62
0
100
AcDbLine
 10
51.73810513229251
 20
-25.667473310724542
 30
0.0
 11
51.73534706777638
 21
-25.673573310724542
 31
0.0
  0
LINE
  5
124
330
17
100
AcDbEntity
  8
0
 62
0
100
AcDbLine
 10
51.737234269202936
 20
-25.673573310724542
 30
0.0
 11
51.73870642998178
 21
-25.667473310724542
 31
0.0
  0
LINE
  5
125
330
17
100
AcDbEntity
  8
0
 62
0
100
AcDbLine
 10
51.738132531026224
 20
-25.673573310724542
 30
0.0
 11
51.73870642998178
 21
-25.667473310724542
 31
0.0
  0
LINE
  5
126
330
17
100
AcDbEntity
  8
0
 62
0
100
AcDbLine
 10
51.73632449957055
 20
-25.673573310724542
 30
0.0
 11
51.738386134033284
 21
-25.667473310724542
 31
0.0
  0
LINE
  5
127
330
17
100
AcDbEntity
  8
0
 62
0
100
AcDbLine
 10
51.73847918450477
 20
-25.673573310724542
 30
0.0
 11
51.73905308346033
 21
-25.667473310724542
 31
0.0
  0
LINE
  5
128
330
17
100
AcDbEntity
  8
0
 62
0
100
AcDbLine
 10
51.738797727803814
 20
-25.673573310724542
 30
0.0
 11
51.739371626759365
 21
-25.667473310724542
 31
0.0
  0
LINE
  5
129
330
17
100
AcDbEntity
  8
0
 62
0
100
AcDbLine
 10
51.739209967827655
 20
-25.673573310724542
 30
0.0
 11
51.73978386678321
 21
-25.667473310724542
 31
0.0
  0
LINE
  5
12A
330
17
100
AcDbEntity
  8
0
 62
0
100
AcDbLine
 10
51.739687782776215
 20
-25.673573310724542
 30
0.0
 11
51.74026168173177
 21
-25.667473310724542
 31
0.0
  0
LINE
  5
12B
330
17
100
AcDbEntity
  8
0
 62
0
100
AcDbLine
 10
51.740174975531666
 20
-25.673573310724542
 30
0.0
 11
51.740748874487224
 21
-25.667473310724542
 31
0.0
  0
LINE
  5
12C
330
17
100
AcDbEntity
  8
0
 62
0
100
AcDbLine
 10
51.74062468030073
 20
-25.673573310724542
 30
0.0
 11
51.74119857925629
 21
-25.667473310724542
 31
0.0
  0
LINE
  5
12D
330
17
100
AcDbEntity
  8
0
 62
0
100
AcDbLine
 10
51.741018187951966
 20
-25.673573310724542
 30
0.0
 11
51.741592086907524
 21
-25.667473310724542
 31
0.0
  0
LINE
  5
12E
330
17
100
AcDbEntity
  8
0
 62
0
100
AcDbLine
 10
51.74143978254153
 20
-25.673573310724542
 30
0.0
 11
51.74201368149709
 21
-25.667473310724542
 31
0.0
  0
LINE
  5
12F
330
17
100
AcDbEntity
  8
0
 62
0
100
AcDbLine
 10
51.74179581382696
 20
-25.673573310724542
 30
0.0
 11
51.74236971278252
 21
-25.667473310724542
 31
0.0
  0
LINE
  5
130
330
17
100
AcDbEntity
  8
0
 62
0
100
AcDbLine
 10
51.74209561313281
 20
-25.673573310724542
 30
0.0
 11
51.74266951208837
 21
-25.667473310724542
 31
0.0
  0
LINE
  5
131
330
17
100
AcDbEntity
  8
0
 62
0
100
AcDbLine
 10
51.74232047132764
 20
-25.673573310724542
 30
0.0
 11
51.742894370283196
 21
-25.667473310724542
 31
0.0
  0
LINE
  5
132
330
17
100
AcDbEntity
  8
0
 62
0
100
AcDbLine
 10
51.742736754713036
 20
-25.673573310724542
 30
0.0
 11
51.74279932760949
 21
-25.667473310724542
 31
0.0
  0
LINE
  5
133
330
17
100
AcDbEntity
  8
0
 62
8
100
AcDbLine
 10
51.72814619000317
 20
-25.6673595010501
 30
0.0
 11
51.72814619000317
 21
-25.66035950105007
 31
0.0
  0
LWPOLYLINE
  5
134
330
17
100
AcDbEntity
  8
0
 62
11
100
AcDbPolyline
 90
8
 70
1
 10
51.72800513229252
 20
-25.62753909937542
 42
0.4142135623730622
 10
51.72770513229251
 20
-25.62723909937541
 10
51.71230513229252
 20
-25.62723909937541
 42
0.4142135623731641
 10
51.71200513229251
 20
-25.62753909937541
 10
51.71200513229251
 20
-25.65763909937555
 42
0.4142135623730921
 10
51.71230513229251
 20
-25.65793909937556
 10
51.72770513229251
 20
-25.65793909937556
 42
0.4142135623730618
 10
51.72800513229251
 20
-25.65763909937555
  0
LWPOLYLINE
  5
135
330
17
100
AcDbEntity
  8
0
 62
11
100
AcDbPolyline
 90
164
 70
1
 10
51.71020513229251
 20
-25.62753909937541
 42
0.414213562373095
 10
51.70990513229252
 20
-25.62723909937541
 10
51.70570513229252
 20
-25.62723909937541
 42
0.4142135623730937
 10
51.70540513229251
 20
-25.62753909937541
 10
51.70540513229251
 20
-25.62853909937542
 42
-0.414213562373095
 10
51.70490513229252
 20
-25.62903909937541
 10
51.70340513229252
 20
-25.62903909937541
 42
-0.4142135623730905
 10
51.70310513229252
 20
-25.62873909937541
 10
51.70310513229252
 20
-25.62833909937541
 42
-0.4142135623730977
 10
51.70340513229252
 20
-25.62803909937541
 10
51.70420513229252
 20
-25.62803909937541
 42
0.4142135623730955
 10
51.70440513229252
 20
-25.62783909937541
 10
51.70440513229252
 20
-25.62678909937541
 42
0.4142135623730969
 10
51.70420513229252
 20
-25.62658909937541
 10
51.69730513229251
 20
-25.62658909937541
 42
0.4142135623730951
 10
51.69710513229252
 20
-25.62678909937541
 10
51.69710513229252
 20
-25.62783909937542
 42
0.4142135623743959
 10
51.69730513229251
 20
-25.62803909937541
 10
51.69810513229252
 20
-25.62803909937541
 42
-0.4142135623743958
 10
51.69840513229252
 20
-25.62833909937541
 10
51.69840513229252
 20
-25.62873909937541
 42
-0.4142135623730951
 10
51.69810513229252
 20
-25.62903909937541
 10
51.69630513229252
 20
-25.62903909937541
 42
-0.4142135623730974
 10
51.69600513229251
 20
-25.62873909937541
 10
51.69600513229251
 20
-25.62573909937541
 42
-0.4142135623730786
 10
51.69650513229251
 20
-25.62523909937541
 10
51.75550513229251
 20
-25.62523909937541
 42
-0.414213562372788
 10
51.75600513229252
 20
-25.62573909937541
 10
51.75600513229252
 20
-25.62893909937541
 42
-0.4142135623737455
 10
51.75570513229252
 20
-25.62923909937542
 10
51.75370513229251
 20
-25.62923909937541
 42
-0.4142135623777762
 10
51.75340513229251
 20
-25.62893909937541
 10
51.75340513229253
 20
-25.6285390993754
 42
-0.4142135623678924
 10
51.75370513229252
 20
-25.62823909937541
 10
51.75460513229253
 20
-25.62823909937541
 42
0.414213562373095
 10
51.75490513229252
 20
-25.62793909937541
 10
51.75490513229252
 20
-25.62708909937541
 42
0.414213562373095
 10
51.75460513229253
 20
-25.62678909937541
 10
51.74790513229251
 20
-25.62678909937541
 42
0.414213562374319
 10
51.74760513229252
 20
-25.62708909937541
 10
51.74760513229252
 20
-25.62793909937541
 42
0.4142135623707157
 10
51.74790513229251
 20
-25.62823909937541
 10
51.74880513229251
 20
-25.62823909937542
 42
-0.4142135623719366
 10
51.74910513229251
 20
-25.62853909937541
 10
51.74910513229251
 20
-25.62893909937541
 42
-0.4142135623730977
 10
51.74880513229251
 20
-25.62923909937541
 10
51.74540513229252
 20
-25.62923909937541
 42
-0.4142135623730953
 10
51.74510513229252
 20
-25.62893909937541
 10
51.74510513229252
 20
-25.62873909937541
 42
-0.4142135623730951
 10
51.74540513229252
 20
-25.62843909937541
 10
51.74630513229252
 20
-25.62843909937541
 42
0.4142135623730951
 10
51.74660513229252
 20
-25.62813909937541
 10
51.74660513229252
 20
-25.62728909937542
 42
0.4142135623729392
 10
51.74630513229252
 20
-25.62698909937542
 10
51.73960513229251
 20
-25.62698909937541
 42
0.4142135623734031
 10
51.73930513229251
 20
-25.62728909937541
 10
51.73930513229251
 20
-25.62813909937541
 42
0.4142135623730959
 10
51.73960513229252
 20
-25.62843909937541
 10
51.74050513229253
 20
-25.62843909937542
 42
-0.4142135623730951
 10
51.74080513229252
 20
-25.62873909937541
 10
51.74080513229252
 20
-25.62893909937541
 42
-0.4142135623730951
 10
51.74050513229251
 20
-25.62923909937541
 10
51.73880513229251
 20
-25.62923909937541
 42
-0.4142135623720545
 10
51.73830513229252
 20
-25.62873909937542
 10
51.73830513229251
 20
-25.62773909937541
 42
0.4142135623720546
 10
51.73780513229252
 20
-25.62723909937541
 10
51.73100513229251
 20
-25.62723909937541
 42
0.4142135623704937
 10
51.73000513229252
 20
-25.6282390993754
 10
51.73000513229252
 20
-25.6286390993754
 42
0.4142135623761128
 10
51.73100513229252
 20
-25.62963909937541
 10
51.73350513229252
 20
-25.62963909937541
 42
-0.4142135623730951
 10
51.73450513229251
 20
-25.63063909937541
 10
51.73450513229251
 20
-25.63323909937542
 42
-0.414213562373095
 10
51.73400513229252
 20
-25.63373909937541
 10
51.73350513229252
 20
-25.63373909937541
 42
-0.414213562373095
 10
51.73300513229252
 20
-25.63323909937542
 10
51.73300513229252
 20
-25.63143909937541
 42
0.4142135623726616
 10
51.73270513229252
 20
-25.63113909937542
 10
51.73030513229252
 20
-25.63113909937541
 42
0.4142135623735287
 10
51.73000513229252
 20
-25.63143909937541
 10
51.73000513229252
 20
-25.64341948413329
 42
-0.2679491924334693
 10
51.72985513229251
 20
-25.64367929175442
 42
0.5773502691946075
 10
51.72985513229251
 20
-25.64419890699669
 42
-0.2679491924327813
 10
51.73000513229252
 20
-25.64445871461782
 10
51.73000513229252
 20
-25.65373909937556
 42
0.4142135623735287
 10
51.73030513229252
 20
-25.65403909937556
 10
51.73270513229252
 20
-25.65403909937555
 42
0.4142135623732408
 10
51.73300513229252
 20
-25.65373909937556
 10
51.73300513229252
 20
-25.65193909937555
 42
-0.4142135623757533
 10
51.73350513229252
 20
-25.65143909937555
 10
51.73400513229252
 20
-25.65143909937556
 42
-0.4142135623706133
 10
51.73450513229251
 20
-25.65193909937555
 10
51.73450513229252
 20
-25.65453909937556
 42
-0.4142135623739115
 10
51.73350513229252
 20
-25.65553909937556
 10
51.73100513229251
 20
-25.65553909937555
 42
0.4142135623735112
 10
51.73000513229252
 20
-25.65653909937555
 10
51.73000513229252
 20
-25.65693909937555
 42
0.4142135623732481
 10
51.73100513229252
 20
-25.65793909937556
 10
51.73780513229252
 20
-25.65793909937556
 42
0.4142135623719009
 10
51.73830513229251
 20
-25.65743909937556
 10
51.73830513229252
 20
-25.65643909937556
 42
-0.4142135623720544
 10
51.73880513229253
 20
-25.65593909937556
 10
51.74050513229253
 20
-25.65593909937556
 42
-0.414213562373095
 10
51.74080513229252
 20
-25.65623909937555
 10
51.74080513229252
 20
-25.65643909937556
 42
-0.414213562373095
 10
51.74050513229253
 20
-25.65673909937555
 10
51.73960513229251
 20
-25.65673909937555
 42
0.414213562371872
 10
51.73930513229251
 20
-25.65703909937555
 10
51.73930513229251
 20
-25.65788909937555
 42
0.4142135623744771
 10
51.73960513229251
 20
-25.65818909937555
 10
51.74630513229252
 20
-25.65818909937555
 42
0.414213562373095
 10
51.74660513229252
 20
-25.65788909937556
 10
51.74660513229252
 20
-25.65703909937555
 42
0.414213562373095
 10
51.74630513229252
 20
-25.65673909937555
 10
51.74540513229252
 20
-25.65673909937555
 42
-0.414213562373095
 10
51.74510513229252
 20
-25.65643909937556
 10
51.74510513229252
 20
-25.65623909937555
 42
-0.414213562373095
 10
51.74540513229252
 20
-25.65593909937556
 10
51.74880513229251
 20
-25.65593909937556
 42
-0.414213562373095
 10
51.74910513229251
 20
-25.65623909937555
 10
51.74910513229251
 20
-25.65663909937555
 42
-0.4142135623719402
 10
51.74880513229251
 20
-25.65693909937555
 10
51.74790513229251
 20
-25.65693909937556
 42
0.4142135623719402
 10
51.74760513229252
 20
-25.65723909937556
 10
51.74760513229252
 20
-25.65808909937556
 42
0.4142135623730951
 10
51.74790513229251
 20
-25.65838909937556
 10
51.75460513229253
 20
-25.65838909937556
 42
0.4142135623718722
 10
51.75490513229252
 20
-25.65808909937556
 10
51.75490513229252
 20
-25.65723909937556
 42
0.4142135623743214
 10
51.75460513229251
 20
-25.65693909937556
 10
51.75370513229251
 20
-25.65693909937555
 42
-0.4142135623771394
 10
51.75340513229251
 20
-25.65663909937555
 10
51.75340513229253
 20
-25.65623909937555
 42
-0.4142135623678993
 10
51.75370513229252
 20
-25.65593909937556
 10
51.75570513229252
 20
-25.65593909937556
 42
-0.414213562373095
 10
51.75600513229252
 20
-25.65623909937555
 10
51.75600513229252
 20
-25.65943909937555
 42
-0.4142135623730951
 10
51.75550513229252
 20
-25.65993909937555
 10
51.69650513229251
 20
-25.65993909937555
 42
-0.4142135623730962
 10
51.69600513229251
 20
-25.65943909937555
 10
51.69600513229251
 20
-25.65643909937556
 42
-0.4142135623730969
 10
51.69630513229252
 20
-25.65613909937555
 10
51.69810513229252
 20
-25.65613909937555
 42
-0.4142135623730895
 10
51.69840513229252
 20
-25.65643909937556
 10
51.69840513229252
 20
-25.65683909937555
 42
-0.4142135623744001
 10
51.69810513229251
 20
-25.65713909937556
 10
51.69730513229251
 20
-25.65713909937555
 42
0.414213562374396
 10
51.69710513229252
 20
-25.65733909937555
 10
51.69710513229252
 20
-25.65838909937556
 42
0.4142135623730981
 10
51.69730513229251
 20
-25.65858909937555
 10
51.70420513229252
 20
-25.65858909937555
 42
0.4142135623721053
 10
51.70440513229252
 20
-25.65838909937556
 10
51.70440513229252
 20
-25.65733909937555
 42
0.4142135623753897
 10
51.70420513229252
 20
-25.65713909937555
 10
51.70340513229252
 20
-25.65713909937555
 42
-0.4142135623743903
 10
51.70310513229252
 20
-25.65683909937555
 10
51.70310513229252
 20
-25.65643909937556
 42
-0.4142135623756971
 10
51.70340513229252
 20
-25.65613909937555
 10
51.70490513229252
 20
-25.65613909937555
 42
-0.4142135623730913
 10
51.70540513229251
 20
-25.65663909937555
 10
51.70540513229251
 20
-25.65763909937555
 42
0.4142135623730895
 10
51.70570513229252
 20
-25.65793909937556
 10
51.70990513229252
 20
-25.65793909937556
 42
0.4142135623730934
 10
51.71020513229252
 20
-25.65763909937555
  0
LWPOLYLINE
  5
136
330
17
100
AcDbEntity
  8
0
 62
11
100
AcDbPolyline
 90
87
 70
1
 10
51.72375517300427
 20
-25.66843628466097
 10
51.72375517300427
 20
-25.66843909937554
 42
0.4142135623730177
 10
51.72425517300426
 20
-25.66893909937554
 10
51.73775513229251
 20
-25.66893909937554
 42
0.4142135623731697
 10
51.73805513229251
 20
-25.66863909937554
 10
51.73805513229251
 20
-25.6684717796346
 10
51.73805513229251
 20
-25.66793909937554
 42
0.414213562373962
 10
51.73775513229251
 20
-25.66763909937554
 10
51.73655513229252
 20
-25.66763909937554
 42
-0.4142135623739623
 10
51.73625513229251
 20
-25.66733909937554
 10
51.73625513229251
 20
-25.66673909937554
 42
-0.4142135623730951
 10
51.73655513229252
 20
-25.66643909937554
 10
51.73775513229251
 20
-25.66643909937554
 42
0.4142135623730951
 10
51.73805513229251
 20
-25.66613909937554
 10
51.73805513229251
 20
-25.66573909937554
 42
0.4142135623730948
 10
51.73775513229251
 20
-25.66543909937554
 10
51.73655513229252
 20
-25.66543909937554
 42
-0.4142135623730951
 10
51.73625513229251
 20
-25.66513909937554
 10
51.73625513229251
 20
-25.66223909937555
 42
-0.4142135623730951
 10
51.73655513229252
 20
-25.66193909937555
 10
51.74270513229251
 20
-25.66193909937555
 10
51.74300513229251
 20
-25.66163909937555
 10
51.74330513229252
 20
-25.66193909937555
 10
51.74945513229251
 20
-25.66193909937555
 42
-0.4142135623725666
 10
51.74975513229251
 20
-25.66223909937555
 10
51.74975513229252
 20
-25.66513909937554
 42
-0.4142135623734541
 10
51.74945513229251
 20
-25.66543909937554
 10
51.74825513229251
 20
-25.66543909937554
 42
0.4142135623730951
 10
51.74795513229252
 20
-25.66573909937554
 10
51.74795513229252
 20
-25.66613909937554
 42
0.4142135623730951
 10
51.74825513229251
 20
-25.66643909937554
 10
51.74945513229251
 20
-25.66643909937554
 42
-0.4142135623713607
 10
51.74975513229251
 20
-25.66673909937554
 10
51.74975513229252
 20
-25.66733909937554
 42
-0.4142135623739637
 10
51.74945513229252
 20
-25.66763909937554
 10
51.74825513229251
 20
-25.66763909937554
 42
0.4142135623722281
 10
51.74795513229252
 20
-25.66793909937554
 10
51.74795513229252
 20
-25.66863909937554
 42
0.4142135623730951
 10
51.74825513229251
 20
-25.66893909937554
 10
51.75600513229252
 20
-25.66893909937554
 42
0.4142135623731449
 10
51.75700513229251
 20
-25.66793909937554
 10
51.75700513229251
 20
-25.62643909937541
 42
0.289689863304937
 10
51.75643370372108
 20
-25.62553559147251
 42
0.550760424584259
 10
51.75600513229251
 20
-25.62580664384338
 10
51.75600513229252
 20
-25.62899188578058
 42
0.2134217649611505
 10
51.75610513229223
 20
-25.62921549257808
 42
-1.057279695476605
 10
51.75568152549463
 20
-25.62963909937527
 42
0.2134217652140254
 10
51.75545791869713
 20
-25.62953909937542
 10
51.75335513229251
 20
-25.62953909937541
 42
-0.3152987888775828
 10
51.752744332089
 20
-25.62911141246857
 10
51.75243738755913
 20
-25.62826808930374
 42
1.0
 10
51.75149769493835
 20
-25.62861010944707
 10
51.75180463946821
 20
-25.62945343261189
 42
0.3152987888796157
 10
51.75335513229251
 20
-25.63053909937541
 10
51.75550513229251
 20
-25.63053909937541
 42
-0.4142135623730379
 10
51.75600513229252
 20
-25.63103909937541
 10
51.75600513229252
 20
-25.66763909937554
 42
-0.4142135623731527
 10
51.75570513229252
 20
-25.66793909937554
 10
51.75105513229251
 20
-25.66793909937554
 42
-0.414213562373095
 10
51.75075513229251
 20
-25.66763909937554
 10
51.75075513229251
 20
-25.66023909937555
 42
0.4142135623730948
 10
51.75045513229251
 20
-25.65993909937555
 10
51.75005513229251
 20
-25.65993909937555
 42
0.4142135623704938
 10
51.74975513229252
 20
-25.66023909937555
 10
51.74975513229251
 20
-25.66063909937556
 42
-0.4142135623704938
 10
51.74945513229251
 20
-25.66093909937555
 10
51.73655513229252
 20
-25.66093909937555
 42
-0.4142135623730951
 10
51.73625513229251
 20
-25.66063909937555
 10
51.7362551322925
 20
-25.66023909937555
 42
0.414213562373095
 10
51.73595513229251
 20
-25.65993909937555
 10
51.73305513229252
 20
-25.65993909937556
 42
0.4142135623730948
 10
51.73275513229251
 20
-25.66023909937556
 10
51.73275513229251
 20
-25.66178909937554
 42
1.0
 10
51.73375513229252
 20
-25.66178909937555
 10
51.73375513229252
 20
-25.66143909937555
 42
-0.4142135623701211
 10
51.73405513229251
 20
-25.66113909937555
 10
51.73495513229251
 20
-25.66113909937555
 42
-0.4142135623730948
 10
51.73525513229251
 20
-25.66143909937555
 10
51.7352551322925
 20
-25.66713909937554
 42
-0.4142135623730951
 10
51.73495513229251
 20
-25.66743909937554
 10
51.73405513229251
 20
-25.66743909937554
 42
-0.414213562373095
 10
51.73375513229252
 20
-25.66713909937555
 10
51.73375513229252
 20
-25.66598909937555
 42
1.0
 10
51.73275513229251
 20
-25.66598909937554
 10
51.73275513229251
 20
-25.66731043123643
 42
-0.4060847441301588
 10
51.73236626408112
 20
-25.66771027631053
 10
51.72424160913745
 20
-25.667936468673
 42
0.4062892005557546
  0
LINE
  5
137
330
17
100
AcDbEntity
  8
0
 62
11
100
AcDbLine
 10
51.80728513626492
 20
-25.62961147769715
 30
0.0
 11
52.80922512832017
 21
-25.6296114776972
 31
0.0
  0
LINE
  5
138
330
17
100
AcDbEntity
  8
0
 62
11
100
AcDbLine
 10
51.8072851362654
 20
-25.63261147769775
 30
0.0
 11
52.80922512832066
 21
-25.63261147769769
 31
0.0
  0
LINE
  5
139
330
17
100
AcDbEntity
  8
0
 62
11
100
AcDbLine
 10
51.80728513626529
 20
-25.63561147769745
 30
0.0
 11
52.80922512832025
 21
-25.63561147769746
 31
0.0
  0
LINE
  5
13A
330
17
100
AcDbEntity
  8
0
 62
11
100
AcDbLine
 10
51.80728513626445
 20
-25.64761147769745
 30
0.0
 11
52.80922512832057
 21
-25.64761147769744
 31
0.0
  0
LINE
  5
13B
330
17
100
AcDbEntity
  8
0
 62
11
100
AcDbLine
 10
51.80728513626416
 20
-25.65161147769775
 30
0.0
 11
52.80922512832083
 21
-25.6516114776977
 31
0.0
  0
LINE
  5
13C
330
17
100
AcDbEntity
  8
0
  6
CONTINUOUS
 62
8
100
AcDbLine
 10
51.80678513626486
 20
-25.65216147769775
 30
0.0
 11
52.80972512832033
 21
-25.6521614776977
 31
0.0
  0
LINE
  5
13D
330
17
100
AcDbEntity
  8
0
 62
11
100
AcDbLine
 10
51.80728513626497
 20
-25.65561147769715
 30
0.0
 11
52.80922512832031
 21
-25.65561147769721
 31
0.0
  0
LINE
  5
13E
330
17
100
AcDbEntity
  8
0
 62
11
100
AcDbLine
 10
52.80972512832017
 20
-25.64811147769704
 30
0.0
 11
52.80972512832017
 21
-25.65111147769704
 31
0.0
  0
LINE
  5
13F
330
17
100
AcDbEntity
  8
0
 62
11
100
AcDbLine
 10
52.80972512832017
 20
-25.65211147769704
 30
0.0
 11
52.80972512832017
 21
-25.65511147769704
 31
0.0
  0
LINE
  5
140
330
17
100
AcDbEntity
  8
0
 62
11
100
AcDbLine
 10
52.80922512832017
 20
-25.65561147769705
 30
0.0
 11
52.80972512832017
 21
-25.65511147769704
 31
0.0
  0
LINE
  5
141
330
17
100
AcDbEntity
  8
0
 62
11
100
AcDbLine
 10
52.80922512832017
 20
-25.64761147769704
 30
0.0
 11
52.80972512832017
 21
-25.64811147769704
 31
0.0
  0
LINE
  5
142
330
17
100
AcDbEntity
  8
0
 62
11
100
AcDbLine
 10
52.80922512832017
 20
-25.65161147769704
 30
0.0
 11
52.80972512832017
 21
-25.65211147769704
 31
0.0
  0
LINE
  5
143
330
17
100
AcDbEntity
  8
0
 62
11
100
AcDbLine
 10
52.80922512832017
 20
-25.65161147769704
 30
0.0
 11
52.80972512832017
 21
-25.65111147769704
 31
0.0
  0
LINE
  5
144
330
17
100
AcDbEntity
  8
0
 62
11
100
AcDbLine
 10
52.80972512832017
 20
-25.63011147769721
 30
0.0
 11
52.80972512832017
 21
-25.63211147769721
 31
0.0
  0
LINE
  5
145
330
17
100
AcDbEntity
  8
0
 62
11
100
AcDbLine
 10
52.80972512832017
 20
-25.63311147769721
 30
0.0
 11
52.80972512832017
 21
-25.63511147769722
 31
0.0
  0
LINE
  5
146
330
17
100
AcDbEntity
  8
0
 62
11
100
AcDbLine
 10
52.80922512832018
 20
-25.63261147769721
 30
0.0
 11
52.80972512832017
 21
-25.63311147769721
 31
0.0
  0
LINE
  5
147
330
17
100
AcDbEntity
  8
0
 62
11
100
AcDbLine
 10
52.80922512832018
 20
-25.63261147769721
 30
0.0
 11
52.80972512832017
 21
-25.63211147769722
 31
0.0
  0
LINE
  5
148
330
17
100
AcDbEntity
  8
0
 62
11
100
AcDbLine
 10
52.80922512832017
 20
-25.63561147769722
 30
0.0
 11
52.80972512832017
 21
-25.63511147769722
 31
0.0
  0
LINE
  5
149
330
17
100
AcDbEntity
  8
0
 62
11
100
AcDbLine
 10
52.80922512832017
 20
-25.6296114776972
 30
0.0
 11
52.80972512832017
 21
-25.63011147769721
 31
0.0
  0
LINE
  5
14A
330
17
100
AcDbEntity
  8
0
 62
11
100
AcDbLine
 10
52.80922512832017
 20
-25.64761147769704
 30
0.0
 11
52.80972512832017
 21
-25.64811147769704
 31
0.0
  0
LWPOLYLINE
  5
14B
330
17
100
AcDbEntity
  8
0
 62
8
100
AcDbPolyline
 90
6
 70
1
 10
52.79847529588257
 20
-25.6366114776972
 10
52.79847529588257
 20
-25.6466114776972
 10
52.80347529588257
 20
-25.6466114776972
 10
52.80647529588257
 20
-25.6431114776972
 10
52.80647529588257
 20
-25.6401114776972
 10
52.80347529588257
 20
-25.6366114776972
  0
LWPOLYLINE
  5
14C
330
17
100
AcDbEntity
  8
0
 62
8
100
AcDbPolyline
 90
6
 70
1
 10
52.79897529588257
 20
-25.6371114776972
 10
52.79897529588257
 20
-25.6461114776972
 10
52.80332390806371
 20
-25.6461114776972
 10
52.80597529588257
 20
-25.64284388581796
 10
52.80597529588257
 20
-25.64037906957645
 10
52.80332390806371
 20
-25.6371114776972
  0
LINE
  5
14D
330
17
100
AcDbEntity
  8
0
 62
11
100
AcDbLine
 10
52.80922512832017
 20
-25.63561147769704
 30
0.0
 11
52.80972512832017
 21
-25.63511147769704
 31
0.0
  0
ARC
  5
14E
330
17
100
AcDbEntity
  8
0
 62
8
100
AcDbCircle
 10
52.82141577448701
 20
-25.64161147769704
 30
0.0
 40
0.0133761432333217
100
AcDbArc
 50
150.9259378909693
 51
209.0740621090173
  0
LINE
  5
14F
330
17
100
AcDbEntity
  8
0
 62
8
100
AcDbLine
 10
52.80347529588257
 20
-25.6366114776972
 30
0.0
 11
52.80347529588257
 21
-25.6356114776972
 31
0.0
  0
LINE
  5
150
330
17
100
AcDbEntity
  8
0
 62
8
100
AcDbLine
 10
52.80347529588257
 20
-25.6466114776972
 30
0.0
 11
52.80347529588257
 21
-25.6476114776972
 31
0.0
  0
LINE
  5
151
330
17
100
AcDbEntity
  8
0
 62
8
100
AcDbLine
 10
52.79847529588257
 20
-25.63561147769746
 30
0.0
 11
52.79847529588257
 21
-25.6476114776972
 31
0.0
  0
LWPOLYLINE
  5
152
330
17
100
AcDbEntity
  8
0
 62
0
100
AcDbPolyline
 90
4
 70
1
 10
52.83900513229252
 20
-25.66657331072454
 10
52.852005132292526
 20
-25.66657331072454
 10
52.852005132292526
 20
-25.667473310724542
 10
52.83900513229252
 20
-25.667473310724542
  0
LINE
  5
153
330
17
100
AcDbEntity
  8
0
 62
0
100
AcDbLine
 10
52.845555132292525
 20
-25.673573310724542
 30
0.0
 11
52.845555132292525
 21
-25.667473310724542
 31
0.0
  0
LINE
  5
154
330
17
100
AcDbEntity
  8
0
 62
0
100
AcDbLine
 10
52.84545513229252
 20
-25.673573310724542
 30
0.0
 11
52.84545513229252
 21
-25.667473310724542
 31
0.0
  0
LINE
  5
155
330
17
100
AcDbEntity
  8
0
 62
0
100
AcDbLine
 10
52.85040513229252
 20
-25.667473310724542
 30
0.0
 11
52.85316319680865
 21
-25.673573310724542
 31
0.0
  0
LINE
  5
156
330
17
100
AcDbEntity
  8
0
 62
0
100
AcDbLine
 10
52.851275995382096
 20
-25.673573310724542
 30
0.0
 11
52.84980383460325
 21
-25.667473310724542
 31
0.0
  0
LINE
  5
157
330
17
100
AcDbEntity
  8
0
 62
0
100
AcDbLine
 10
52.85037773355881
 20
-25.673573310724542
 30
0.0
 11
52.84980383460325
 21
-25.667473310724542
 31
0.0
  0
LINE
  5
158
330
17
100
AcDbEntity
  8
0
 62
0
100
AcDbLine
 10
52.85218576501448
 20
-25.673573310724542
 30
0.0
 11
52.85012413055175
 21
-25.667473310724542
 31
0.0
  0
LINE
  5
159
330
17
100
AcDbEntity
  8
0
 62
0
100
AcDbLine
 10
52.850031080080264
 20
-25.673573310724542
 30
0.0
 11
52.849457181124706
 21
-25.667473310724542
 31
0.0
  0
LINE
  5
15A
330
17
100
AcDbEntity
  8
0
 62
0
100
AcDbLine
 10
52.84971253678122
 20
-25.673573310724542
 30
0.0
 11
52.84913863782567
 21
-25.667473310724542
 31
0.0
  0
LINE
  5
15B
330
17
100
AcDbEntity
  8
0
 62
0
100
AcDbLine
 10
52.84930029675738
 20
-25.673573310724542
 30
0.0
 11
52.84872639780182
 21
-25.667473310724542
 31
0.0
  0
LINE
  5
15C
330
17
100
AcDbEntity
  8
0
 62
0
100
AcDbLine
 10
52.84882248180882
 20
-25.673573310724542
 30
0.0
 11
52.84824858285326
 21
-25.667473310724542
 31
0.0
  0
LINE
  5
15D
330
17
100
AcDbEntity
  8
0
 62
0
100
AcDbLine
 10
52.84833528905337
 20
-25.673573310724542
 30
0.0
 11
52.84776139009781
 21
-25.667473310724542
 31
0.0
  0
LINE
  5
15E
330
17
100
AcDbEntity
  8
0
 62
0
100
AcDbLine
 10
52.8478855842843
 20
-25.673573310724542
 30
0.0
 11
52.84731168532874
 21
-25.667473310724542
 31
0.0
  0
LINE
  5
15F
330
17
100
AcDbEntity
  8
0
 62
0
100
AcDbLine
 10
52.84749207663307
 20
-25.673573310724542
 30
0.0
 11
52.84691817767751
 21
-25.667473310724542
 31
0.0
  0
LINE
  5
160
330
17
100
AcDbEntity
  8
0
 62
0
100
AcDbLine
 10
52.8470704820435
 20
-25.673573310724542
 30
0.0
 11
52.84649658308794
 21
-25.667473310724542
 31
0.0
  0
LINE
  5
161
330
17
100
AcDbEntity
  8
0
 62
0
100
AcDbLine
 10
52.84671445075807
 20
-25.673573310724542
 30
0.0
 11
52.84614055180251
 21
-25.667473310724542
 31
0.0
  0
LINE
  5
162
330
17
100
AcDbEntity
  8
0
 62
0
100
AcDbLine
 10
52.84641465145222
 20
-25.673573310724542
 30
0.0
 11
52.84584075249666
 21
-25.667473310724542
 31
0.0
  0
LINE
  5
163
330
17
100
AcDbEntity
  8
0
 62
0
100
AcDbLine
 10
52.846189793257395
 20
-25.673573310724542
 30
0.0
 11
52.84561589430184
 21
-25.667473310724542
 31
0.0
  0
LINE
  5
164
330
17
100
AcDbEntity
  8
0
 62
0
100
AcDbLine
 10
52.845773509872
 20
-25.673573310724542
 30
0.0
 11
52.84571093697554
 21
-25.667473310724542
 31
0.0
  0
LINE
  5
165
330
17
100
AcDbEntity
  8
0
 62
0
100
AcDbLine
 10
52.840605132292524
 20
-25.667473310724542
 30
0.0
 11
52.837847067776394
 21
-25.673573310724542
 31
0.0
  0
LINE
  5
166
330
17
100
AcDbEntity
  8
0
 62
0
100
AcDbLine
 10
52.83973426920295
 20
-25.673573310724542
 30
0.0
 11
52.841206429981796
 21
-25.667473310724542
 31
0.0
  0
LINE
  5
167
330
17
100
AcDbEntity
  8
0
 62
0
100
AcDbLine
 10
52.84063253102624
 20
-25.673573310724542
 30
0.0
 11
52.841206429981796
 21
-25.667473310724542
 31
0.0
  0
LINE
  5
168
330
17
100
AcDbEntity
  8
0
 62
0
100
AcDbLine
 10
52.83882449957056
 20
-25.673573310724542
 30
0.0
 11
52.8408861340333
 21
-25.667473310724542
 31
0.0
  0
LINE
  5
169
330
17
100
AcDbEntity
  8
0
 62
0
100
AcDbLine
 10
52.84097918450478
 20
-25.673573310724542
 30
0.0
 11
52.84155308346034
 21
-25.667473310724542
 31
0.0
  0
LINE
  5
16A
330
17
100
AcDbEntity
  8
0
 62
0
100
AcDbLine
 10
52.84129772780383
 20
-25.673573310724542
 30
0.0
 11
52.84187162675938
 21
-25.667473310724542
 31
0.0
  0
LINE
  5
16B
330
17
100
AcDbEntity
  8
0
 62
0
100
AcDbLine
 10
52.84170996782767
 20
-25.673573310724542
 30
0.0
 11
52.84228386678323
 21
-25.667473310724542
 31
0.0
  0
LINE
  5
16C
330
17
100
AcDbEntity
  8
0
 62
0
100
AcDbLine
 10
52.84218778277623
 20
-25.673573310724542
 30
0.0
 11
52.84276168173179
 21
-25.667473310724542
 31
0.0
  0
LINE
  5
16D
330
17
100
AcDbEntity
  8
0
 62
0
100
AcDbLine
 10
52.84267497553168
 20
-25.673573310724542
 30
0.0
 11
52.84324887448724
 21
-25.667473310724542
 31
0.0
  0
LINE
  5
16E
330
17
100
AcDbEntity
  8
0
 62
0
100
AcDbLine
 10
52.84312468030075
 20
-25.673573310724542
 30
0.0
 11
52.843698579256305
 21
-25.667473310724542
 31
0.0
  0
LINE
  5
16F
330
17
100
AcDbEntity
  8
0
 62
0
100
AcDbLine
 10
52.84351818795198
 20
-25.673573310724542
 30
0.0
 11
52.84409208690754
 21
-25.667473310724542
 31
0.0
  0
LINE
  5
170
330
17
100
AcDbEntity
  8
0
 62
0
100
AcDbLine
 10
52.84393978254155
 20
-25.673573310724542
 30
0.0
 11
52.844513681497105
 21
-25.667473310724542
 31
0.0
  0
LINE
  5
171
330
17
100
AcDbEntity
  8
0
 62
0
100
AcDbLine
 10
52.844295813826974
 20
-25.673573310724542
 30
0.0
 11
52.84486971278253
 21
-25.667473310724542
 31
0.0
  0
LINE
  5
172
330
17
100
AcDbEntity
  8
0
 62
0
100
AcDbLine
 10
52.844595613132824
 20
-25.673573310724542
 30
0.0
 11
52.84516951208838
 21
-25.667473310724542
 31
0.0
  0
LINE
  5
173
330
17
100
AcDbEntity
  8
0
 62
0
100
AcDbLine
 10
52.84482047132765
 20
-25.673573310724542
 30
0.0
 11
52.84539437028321
 21
-25.667473310724542
 31
0.0
  0
LINE
  5
174
330
17
100
AcDbEntity
  8
0
 62
0
100
AcDbLine
 10
52.84523675471305
 20
-25.673573310724542
 30
0.0
 11
52.8452993276095
 21
-25.667473310724542
 31
0.0
  0
LINE
  5
175
330
17
100
AcDbEntity
  8
0
 62
8
100
AcDbLine
 10
52.83064619000318
 20
-25.66735950105011
 30
0.0
 11
52.83064619000318
 21
-25.66035950105007
 31
0.0
  0
LWPOLYLINE
  5
176
330
17
100
AcDbEntity
  8
0
 62
11
100
AcDbPolyline
 90
8
 70
1
 10
52.83050513229252
 20
-25.62753909937542
 42
0.4142135623730622
 10
52.83020513229252
 20
-25.62723909937542
 10
52.81480513229252
 20
-25.62723909937541
 42
0.4142135623731641
 10
52.81450513229252
 20
-25.62753909937542
 10
52.81450513229252
 20
-25.65763909937556
 42
0.4142135623730921
 10
52.81480513229252
 20
-25.65793909937556
 10
52.83020513229252
 20
-25.65793909937556
 42
0.4142135623730618
 10
52.83050513229252
 20
-25.65763909937556
  0
LWPOLYLINE
  5
177
330
17
100
AcDbEntity
  8
0
 62
11
100
AcDbPolyline
 90
164
 70
1
 10
52.81270513229252
 20
-25.62753909937541
 42
0.414213562373095
 10
52.81240513229253
 20
-25.62723909937542
 10
52.80820513229252
 20
-25.62723909937542
 42
0.4142135623730937
 10
52.80790513229252
 20
-25.62753909937542
 10
52.80790513229252
 20
-25.62853909937542
 42
-0.414213562373095
 10
52.80740513229253
 20
-25.62903909937542
 10
52.80590513229252
 20
-25.62903909937542
 42
-0.4142135623730905
 10
52.80560513229252
 20
-25.62873909937542
 10
52.80560513229252
 20
-25.62833909937542
 42
-0.4142135623730977
 10
52.80590513229252
 20
-25.62803909937541
 10
52.80670513229252
 20
-25.62803909937541
 42
0.4142135623730955
 10
52.80690513229252
 20
-25.62783909937542
 10
52.80690513229252
 20
-25.62678909937542
 42
0.4142135623730969
 10
52.80670513229252
 20
-25.62658909937542
 10
52.79980513229252
 20
-25.62658909937542
 42
0.4142135623730951
 10
52.79960513229251
 20
-25.62678909937542
 10
52.79960513229251
 20
-25.62783909937542
 42
0.4142135623743959
 10
52.79980513229252
 20
-25.62803909937542
 10
52.80060513229252
 20
-25.62803909937541
 42
-0.4142135623743958
 10
52.80090513229252
 20
-25.62833909937541
 10
52.80090513229252
 20
-25.62873909937542
 42
-0.4142135623730951
 10
52.80060513229252
 20
-25.62903909937542
 10
52.79880513229252
 20
-25.62903909937542
 42
-0.4142135623730974
 10
52.79850513229252
 20
-25.62873909937542
 10
52.79850513229252
 20
-25.62573909937541
 42
-0.4142135623730786
 10
52.79900513229252
 20
-25.62523909937542
 10
52.85800513229252
 20
-25.62523909937541
 42
-0.414213562372788
 10
52.85850513229252
 20
-25.62573909937541
 10
52.85850513229252
 20
-25.62893909937541
 42
-0.4142135623737455
 10
52.85820513229252
 20
-25.62923909937542
 10
52.85620513229251
 20
-25.62923909937542
 42
-0.4142135623777762
 10
52.85590513229251
 20
-25.62893909937541
 10
52.85590513229252
 20
-25.62853909937541
 42
-0.4142135623678924
 10
52.85620513229252
 20
-25.62823909937542
 10
52.85710513229252
 20
-25.62823909937542
 42
0.414213562373095
 10
52.85740513229252
 20
-25.62793909937542
 10
52.85740513229252
 20
-25.62708909937541
 42
0.414213562373095
 10
52.85710513229252
 20
-25.62678909937542
 10
52.85040513229251
 20
-25.62678909937542
 42
0.414213562374319
 10
52.85010513229252
 20
-25.62708909937541
 10
52.85010513229252
 20
-25.62793909937542
 42
0.4142135623707157
 10
52.85040513229252
 20
-25.62823909937542
 10
52.85130513229252
 20
-25.62823909937542
 42
-0.4142135623719366
 10
52.85160513229252
 20
-25.62853909937542
 10
52.85160513229252
 20
-25.62893909937541
 42
-0.4142135623730977
 10
52.85130513229251
 20
-25.62923909937542
 10
52.84790513229252
 20
-25.62923909937542
 42
-0.4142135623730953
 10
52.84760513229252
 20
-25.62893909937542
 10
52.84760513229252
 20
-25.62873909937542
 42
-0.4142135623730951
 10
52.84790513229252
 20
-25.62843909937542
 10
52.84880513229253
 20
-25.62843909937542
 42
0.4142135623730951
 10
52.84910513229252
 20
-25.62813909937542
 10
52.84910513229252
 20
-25.62728909937542
 42
0.4142135623729392
 10
52.84880513229253
 20
-25.62698909937542
 10
52.84210513229251
 20
-25.62698909937541
 42
0.4142135623734031
 10
52.84180513229252
 20
-25.62728909937541
 10
52.84180513229252
 20
-25.62813909937541
 42
0.4142135623730959
 10
52.84210513229252
 20
-25.62843909937542
 10
52.84300513229252
 20
-25.62843909937542
 42
-0.4142135623730951
 10
52.84330513229252
 20
-25.62873909937542
 10
52.84330513229252
 20
-25.62893909937542
 42
-0.4142135623730951
 10
52.84300513229251
 20
-25.62923909937542
 10
52.84130513229252
 20
-25.62923909937542
 42
-0.4142135623720545
 10
52.84080513229252
 20
-25.62873909937542
 10
52.84080513229252
 20
-25.62773909937541
 42
0.4142135623720546
 10
52.84030513229252
 20
-25.62723909937542
 10
52.83350513229251
 20
-25.62723909937542
 42
0.4142135623704937
 10
52.83250513229252
 20
-25.62823909937541
 10
52.83250513229252
 20
-25.6286390993754
 42
0.4142135623761128
 10
52.83350513229252
 20
-25.62963909937542
 10
52.83600513229252
 20
-25.62963909937542
 42
-0.4142135623730951
 10
52.83700513229252
 20
-25.63063909937541
 10
52.83700513229252
 20
-25.63323909937542
 42
-0.414213562373095
 10
52.83650513229253
 20
-25.63373909937542
 10
52.83600513229251
 20
-25.63373909937542
 42
-0.414213562373095
 10
52.83550513229252
 20
-25.63323909937542
 10
52.83550513229252
 20
-25.63143909937542
 42
0.4142135623726616
 10
52.83520513229252
 20
-25.63113909937542
 10
52.83280513229252
 20
-25.63113909937542
 42
0.4142135623735287
 10
52.83250513229252
 20
-25.63143909937542
 10
52.83250513229252
 20
-25.64341948413329
 42
-0.2679491924334693
 10
52.83235513229252
 20
-25.64367929175443
 42
0.5773502691946075
 10
52.83235513229252
 20
-25.6441989069967
 42
-0.2679491924327813
 10
52.83250513229252
 20
-25.64445871461783
 10
52.83250513229252
 20
-25.65373909937556
 42
0.4142135623735287
 10
52.83280513229252
 20
-25.65403909937556
 10
52.83520513229252
 20
-25.65403909937556
 42
0.4142135623732408
 10
52.83550513229252
 20
-25.65373909937556
 10
52.83550513229251
 20
-25.65193909937556
 42
-0.4142135623757533
 10
52.83600513229252
 20
-25.65143909937556
 10
52.83650513229253
 20
-25.65143909937556
 42
-0.4142135623706133
 10
52.83700513229252
 20
-25.65193909937556
 10
52.83700513229252
 20
-25.65453909937556
 42
-0.4142135623739115
 10
52.83600513229252
 20
-25.65553909937556
 10
52.83350513229251
 20
-25.65553909937556
 42
0.4142135623735112
 10
52.83250513229252
 20
-25.65653909937556
 10
52.83250513229252
 20
-25.65693909937556
 42
0.4142135623732481
 10
52.83350513229252
 20
-25.65793909937556
 10
52.84030513229253
 20
-25.65793909937556
 42
0.4142135623719009
 10
52.84080513229252
 20
-25.65743909937557
 10
52.84080513229252
 20
-25.65643909937556
 42
-0.4142135623720544
 10
52.84130513229253
 20
-25.65593909937556
 10
52.84300513229252
 20
-25.65593909937556
 42
-0.414213562373095
 10
52.84330513229252
 20
-25.65623909937555
 10
52.84330513229252
 20
-25.65643909937556
 42
-0.414213562373095
 10
52.84300513229252
 20
-25.65673909937556
 10
52.84210513229251
 20
-25.65673909937556
 42
0.414213562371872
 10
52.84180513229252
 20
-25.65703909937556
 10
52.84180513229252
 20
-25.65788909937556
 42
0.4142135623744771
 10
52.84210513229251
 20
-25.65818909937556
 10
52.84880513229253
 20
-25.65818909937556
 42
0.414213562373095
 10
52.84910513229252
 20
-25.65788909937556
 10
52.84910513229252
 20
-25.65703909937556
 42
0.414213562373095
 10
52.84880513229253
 20
-25.65673909937556
 10
52.84790513229252
 20
-25.65673909937556
 42
-0.414213562373095
 10
52.84760513229252
 20
-25.65643909937556
 10
52.84760513229252
 20
-25.65623909937555
 42
-0.414213562373095
 10
52.84790513229252
 20
-25.65593909937556
 10
52.85130513229252
 20
-25.65593909937556
 42
-0.414213562373095
 10
52.85160513229252
 20
-25.65623909937555
 10
52.85160513229252
 20
-25.65663909937556
 42
-0.4142135623719402
 10
52.85130513229252
 20
-25.65693909937556
 10
52.85040513229252
 20
-25.65693909937556
 42
0.4142135623719402
 10
52.85010513229252
 20
-25.65723909937556
 10
52.85010513229252
 20
-25.65808909937556
 42
0.4142135623730951
 10
52.85040513229252
 20
-25.65838909937556
 10
52.85710513229252
 20
-25.65838909937556
 42
0.4142135623718722
 10
52.85740513229252
 20
-25.65808909937556
 10
52.85740513229252
 20
-25.65723909937557
 42
0.4142135623743214
 10
52.85710513229251
 20
-25.65693909937556
 10
52.85620513229251
 20
-25.65693909937556
 42
-0.4142135623771394
 10
52.85590513229251
 20
-25.65663909937555
 10
52.85590513229252
 20
-25.65623909937555
 42
-0.4142135623678993
 10
52.85620513229252
 20
-25.65593909937556
 10
52.85820513229253
 20
-25.65593909937556
 42
-0.414213562373095
 10
52.85850513229252
 20
-25.65623909937555
 10
52.85850513229252
 20
-25.65943909937556
 42
-0.4142135623730951
 10
52.85800513229252
 20
-25.65993909937556
 10
52.79900513229252
 20
-25.65993909937556
 42
-0.4142135623730962
 10
52.79850513229252
 20
-25.65943909937556
 10
52.79850513229252
 20
-25.65643909937556
 42
-0.4142135623730969
 10
52.79880513229252
 20
-25.65613909937556
 10
52.80060513229251
 20
-25.65613909937556
 42
-0.4142135623730895
 10
52.80090513229252
 20
-25.65643909937556
 10
52.80090513229252
 20
-25.65683909937556
 42
-0.4142135623744001
 10
52.80060513229251
 20
-25.65713909937556
 10
52.79980513229252
 20
-25.65713909937556
 42
0.414213562374396
 10
52.79960513229251
 20
-25.65733909937556
 10
52.79960513229252
 20
-25.65838909937556
 42
0.4142135623730981
 10
52.79980513229252
 20
-25.65858909937556
 10
52.80670513229252
 20
-25.65858909937556
 42
0.4142135623721053
 10
52.80690513229252
 20
-25.65838909937556
 10
52.80690513229252
 20
-25.65733909937556
 42
0.4142135623753897
 10
52.80670513229252
 20
-25.65713909937556
 10
52.80590513229252
 20
-25.65713909937556
 42
-0.4142135623743903
 10
52.80560513229253
 20
-25.65683909937556
 10
52.80560513229252
 20
-25.65643909937556
 42
-0.4142135623756971
 10
52.80590513229252
 20
-25.65613909937556
 10
52.80740513229252
 20
-25.65613909937556
 42
-0.4142135623730913
 10
52.80790513229252
 20
-25.65663909937556
 10
52.80790513229252
 20
-25.65763909937556
 42
0.4142135623730895
 10
52.80820513229252
 20
-25.65793909937556
 10
52.81240513229253
 20
-25.65793909937556
 42
0.4142135623730934
 10
52.81270513229252
 20
-25.65763909937556
  0
LWPOLYLINE
  5
178
330
17
100
AcDbEntity
  8
0
 62
11
100
AcDbPolyline
 90
87
 70
1
 10
52.82625517300427
 20
-25.66843628466097
 10
52.82625517300426
 20
-25.66843909937555
 42
0.4142135623730177
 10
52.82675517300425
 20
-25.66893909937554
 10
52.84025513229251
 20
-25.66893909937555
 42
0.4142135623731697
 10
52.84055513229252
 20
-25.66863909937554
 10
52.84055513229252
 20
-25.6684717796346
 10
52.84055513229252
 20
-25.66793909937555
 42
0.414213562373962
 10
52.84025513229251
 20
-25.66763909937554
 10
52.83905513229252
 20
-25.66763909937554
 42
-0.4142135623739623
 10
52.83875513229252
 20
-25.66733909937555
 10
52.83875513229252
 20
-25.66673909937554
 42
-0.4142135623730951
 10
52.83905513229251
 20
-25.66643909937555
 10
52.84025513229251
 20
-25.66643909937555
 42
0.4142135623730951
 10
52.84055513229252
 20
-25.66613909937554
 10
52.84055513229252
 20
-25.66573909937555
 42
0.4142135623730948
 10
52.84025513229252
 20
-25.66543909937554
 10
52.83905513229251
 20
-25.66543909937554
 42
-0.4142135623730951
 10
52.83875513229252
 20
-25.66513909937555
 10
52.83875513229252
 20
-25.66223909937555
 42
-0.4142135623730951
 10
52.83905513229251
 20
-25.66193909937556
 10
52.84520513229252
 20
-25.66193909937556
 10
52.84550513229252
 20
-25.66163909937555
 10
52.84580513229252
 20
-25.66193909937555
 10
52.85195513229251
 20
-25.66193909937556
 42
-0.4142135623725666
 10
52.85225513229251
 20
-25.66223909937555
 10
52.85225513229252
 20
-25.66513909937554
 42
-0.4142135623734541
 10
52.85195513229251
 20
-25.66543909937554
 10
52.85075513229251
 20
-25.66543909937554
 42
0.4142135623730951
 10
52.85045513229253
 20
-25.66573909937555
 10
52.85045513229253
 20
-25.66613909937555
 42
0.4142135623730951
 10
52.85075513229251
 20
-25.66643909937555
 10
52.85195513229251
 20
-25.66643909937555
 42
-0.4142135623713607
 10
52.85225513229251
 20
-25.66673909937554
 10
52.85225513229252
 20
-25.66733909937554
 42
-0.4142135623739637
 10
52.85195513229251
 20
-25.66763909937554
 10
52.85075513229251
 20
-25.66763909937554
 42
0.4142135623722281
 10
52.85045513229253
 20
-25.66793909937555
 10
52.85045513229253
 20
-25.66863909937555
 42
0.4142135623730951
 10
52.85075513229251
 20
-25.66893909937555
 10
52.85850513229252
 20
-25.66893909937555
 42
0.4142135623731449
 10
52.85950513229252
 20
-25.66793909937555
 10
52.85950513229251
 20
-25.62643909937542
 42
0.289689863304937
 10
52.85893370372108
 20
-25.62553559147251
 42
0.550760424584259
 10
52.85850513229251
 20
-25.62580664384338
 10
52.85850513229251
 20
-25.62899188578059
 42
0.2134217649611505
 10
52.85860513229224
 20
-25.62921549257808
 42
-1.057279695476605
 10
52.85818152549463
 20
-25.62963909937527
 42
0.2134217652140254
 10
52.85795791869714
 20
-25.62953909937542
 10
52.85585513229251
 20
-25.62953909937541
 42
-0.3152987888775828
 10
52.855244332089
 20
-25.62911141246857
 10
52.85493738755913
 20
-25.62826808930375
 42
1.0
 10
52.85399769493835
 20
-25.62861010944708
 10
52.85430463946821
 20
-25.6294534326119
 42
0.3152987888796157
 10
52.85585513229252
 20
-25.63053909937541
 10
52.85800513229251
 20
-25.63053909937541
 42
-0.4142135623730379
 10
52.85850513229251
 20
-25.63103909937542
 10
52.85850513229251
 20
-25.66763909937555
 42
-0.4142135623731527
 10
52.85820513229252
 20
-25.66793909937555
 10
52.85355513229252
 20
-25.66793909937555
 42
-0.414213562373095
 10
52.85325513229252
 20
-25.66763909937555
 10
52.85325513229252
 20
-25.66023909937556
 42
0.4142135623730948
 10
52.85295513229252
 20
-25.65993909937556
 10
52.85255513229252
 20
-25.65993909937556
 42
0.4142135623704938
 10
52.85225513229252
 20
-25.66023909937555
 10
52.85225513229251
 20
-25.66063909937556
 42
-0.4142135623704938
 10
52.85195513229251
 20
-25.66093909937555
 10
52.83905513229251
 20
-25.66093909937555
 42
-0.4142135623730951
 10
52.83875513229252
 20
-25.66063909937556
 10
52.83875513229251
 20
-25.66023909937555
 42
0.414213562373095
 10
52.83845513229251
 20
-25.65993909937556
 10
52.83555513229251
 20
-25.65993909937556
 42
0.4142135623730948
 10
52.83525513229252
 20
-25.66023909937556
 10
52.83525513229252
 20
-25.66178909937555
 42
1.0
 10
52.83625513229251
 20
-25.66178909937555
 10
52.83625513229252
 20
-25.66143909937555
 42
-0.4142135623701211
 10
52.83655513229252
 20
-25.66113909937556
 10
52.83745513229252
 20
-25.66113909937555
 42
-0.4142135623730948
 10
52.83775513229251
 20
-25.66143909937555
 10
52.83775513229251
 20
-25.66713909937555
 42
-0.4142135623730951
 10
52.83745513229252
 20
-25.66743909937554
 10
52.83655513229252
 20
-25.66743909937554
 42
-0.414213562373095
 10
52.83625513229252
 20
-25.66713909937555
 10
52.83625513229252
 20
-25.66598909937555
 42
1.0
 10
52.83525513229252
 20
-25.66598909937555
 10
52.83525513229252
 20
-25.66731043123644
 42
-0.4060847441301588
 10
52.83486626408112
 20
-25.66771027631054
 10
52.82674160913746
 20
-25.667936468673
 42
0.4062892005557546
  0
LINE
  5
179
330
17
100
AcDbEntity
  8
0
 62
11
100
AcDbLine
 10
51.80678513626487
 20
-25.64811147769703
 30
0.0
 11
51.80678513626487
 21
-25.65111147769703
 31
0.0
  0
LINE
  5
17A
330
17
100
AcDbEntity
  8
0
 62
11
100
AcDbLine
 10
51.80678513626487
 20
-25.65211147769704
 30
0.0
 11
51.80678513626487
 21
-25.65511147769704
 31
0.0
  0
LINE
  5
17B
330
17
100
AcDbEntity
  8
0
 62
11
100
AcDbLine
 10
51.80728513626497
 20
-25.65561147769715
 30
0.0
 11
51.80678513626487
 21
-25.65511147769704
 31
0.0
  0
LINE
  5
17C
330
17
100
AcDbEntity
  8
0
 62
11
100
AcDbLine
 10
51.80728513626487
 20
-25.64761147769704
 30
0.0
 11
51.80678513626487
 21
-25.64811147769703
 31
0.0
  0
LINE
  5
17D
330
17
100
AcDbEntity
  8
0
 62
11
100
AcDbLine
 10
51.80728513626416
 20
-25.65161147769775
 30
0.0
 11
51.80678513626487
 21
-25.65211147769704
 31
0.0
  0
LINE
  5
17E
330
17
100
AcDbEntity
  8
0
 62
11
100
AcDbLine
 10
51.80728513626487
 20
-25.65161147769704
 30
0.0
 11
51.80678513626487
 21
-25.65111147769703
 31
0.0
  0
LINE
  5
17F
330
17
100
AcDbEntity
  8
0
 62
11
100
AcDbLine
 10
51.80678513626487
 20
-25.6301114776972
 30
0.0
 11
51.80678513626487
 21
-25.63211147769721
 31
0.0
  0
LINE
  5
180
330
17
100
AcDbEntity
  8
0
 62
11
100
AcDbLine
 10
51.80678513626486
 20
-25.63311147769721
 30
0.0
 11
51.80678513626487
 21
-25.63511147769721
 31
0.0
  0
LINE
  5
181
330
17
100
AcDbEntity
  8
0
 62
11
100
AcDbLine
 10
51.80728513626486
 20
-25.63261147769721
 30
0.0
 11
51.80678513626487
 21
-25.63311147769721
 31
0.0
  0
LINE
  5
182
330
17
100
AcDbEntity
  8
0
 62
11
100
AcDbLine
 10
51.8072851362654
 20
-25.63261147769775
 30
0.0
 11
51.80678513626487
 21
-25.63211147769721
 31
0.0
  0
LINE
  5
183
330
17
100
AcDbEntity
  8
0
 62
11
100
AcDbLine
 10
51.80728513626487
 20
-25.63561147769722
 30
0.0
 11
51.80678513626487
 21
-25.63511147769721
 31
0.0
  0
LINE
  5
184
330
17
100
AcDbEntity
  8
0
 62
11
100
AcDbLine
 10
51.80728513626492
 20
-25.62961147769715
 30
0.0
 11
51.80678513626487
 21
-25.6301114776972
 31
0.0
  0
LINE
  5
185
330
17
100
AcDbEntity
  8
0
 62
11
100
AcDbLine
 10
51.80728513626445
 20
-25.64761147769745
 30
0.0
 11
51.80678513626487
 21
-25.64811147769703
 31
0.0
  0
LWPOLYLINE
  5
186
330
17
100
AcDbEntity
  8
0
 62
8
100
AcDbPolyline
 90
6
 70
1
 10
51.81803496870246
 20
-25.63661147769719
 10
51.81803496870246
 20
-25.6466114776972
 10
51.81303496870246
 20
-25.6466114776972
 10
51.81003496870246
 20
-25.6431114776972
 10
51.81003496870246
 20
-25.64011147769719
 10
51.81303496870246
 20
-25.63661147769719
  0
LWPOLYLINE
  5
187
330
17
100
AcDbEntity
  8
0
 62
8
100
AcDbPolyline
 90
6
 70
1
 10
51.81753496870246
 20
-25.6371114776972
 10
51.81753496870246
 20
-25.64611147769719
 10
51.81318635652132
 20
-25.64611147769719
 10
51.81053496870245
 20
-25.64284388581796
 10
51.81053496870245
 20
-25.64037906957644
 10
51.81318635652132
 20
-25.6371114776972
  0
LINE
  5
188
330
17
100
AcDbEntity
  8
0
 62
11
100
AcDbLine
 10
51.80728513626529
 20
-25.63561147769745
 30
0.0
 11
51.80678513626487
 21
-25.63511147769704
 31
0.0
  0
ARC
  5
189
330
17
100
AcDbEntity
  8
0
 62
8
100
AcDbCircle
 10
51.79509449009803
 20
-25.64161147769704
 30
0.0
 40
0.0133761432333217
100
AcDbArc
 50
330.9259378909827
 51
29.07406210903063
  0
LINE
  5
18A
330
17
100
AcDbEntity
  8
0
 62
8
100
AcDbLine
 10
51.81303496870246
 20
-25.63661147769719
 30
0.0
 11
51.81303496870246
 21
-25.63561147769719
 31
0.0
  0
LINE
  5
18B
330
17
100
AcDbEntity
  8
0
 62
8
100
AcDbLine
 10
51.81303496870246
 20
-25.6466114776972
 30
0.0
 11
51.81303496870246
 21
-25.64761147769719
 31
0.0
  0
LINE
  5
18C
330
17
100
AcDbEntity
  8
0
 62
8
100
AcDbLine
 10
51.81803496870246
 20
-25.63561147769745
 30
0.0
 11
51.81803496870246
 21
-25.64761147769719
 31
0.0
  0
LWPOLYLINE
  5
18D
330
17
100
AcDbEntity
  8
0
 62
0
100
AcDbPolyline
 90
4
 70
1
 10
-51.777505132292525
 20
-25.66657331072454
 10
-51.76450513229252
 20
-25.66657331072454
 10
-51.76450513229252
 20
-25.667473310724542
 10
-51.777505132292525
 20
-25.667473310724542
210
0.0
220
-0.0
230
-1.0
  0
LINE
  5
18E
330
17
100
AcDbEntity
  8
0
 62
0
100
AcDbLine
 10
51.77095513229252
 20
-25.673573310724542
 30
0.0
 11
51.77095513229252
 21
-25.667473310724542
 31
0.0
  0
LINE
  5
18F
330
17
100
AcDbEntity
  8
0
 62
0
100
AcDbLine
 10
51.771055132292524
 20
-25.673573310724542
 30
0.0
 11
51.771055132292524
 21
-25.667473310724542
 31
0.0
  0
LINE
  5
190
330
17
100
AcDbEntity
  8
0
 62
0
100
AcDbLine
 10
51.76610513229252
 20
-25.667473310724542
 30
0.0
 11
51.763347067776394
 21
-25.673573310724542
 31
0.0
  0
LINE
  5
191
330
17
100
AcDbEntity
  8
0
 62
0
100
AcDbLine
 10
51.76523426920295
 20
-25.673573310724542
 30
0.0
 11
51.766706429981795
 21
-25.667473310724542
 31
0.0
  0
LINE
  5
192
330
17
100
AcDbEntity
  8
0
 62
0
100
AcDbLine
 10
51.76613253102624
 20
-25.673573310724542
 30
0.0
 11
51.766706429981795
 21
-25.667473310724542
 31
0.0
  0
LINE
  5
193
330
17
100
AcDbEntity
  8
0
 62
0
100
AcDbLine
 10
51.76432449957056
 20
-25.673573310724542
 30
0.0
 11
51.7663861340333
 21
-25.667473310724542
 31
0.0
  0
LINE
  5
194
330
17
100
AcDbEntity
  8
0
 62
0
100
AcDbLine
 10
51.76647918450478
 20
-25.673573310724542
 30
0.0
 11
51.76705308346034
 21
-25.667473310724542
 31
0.0
  0
LINE
  5
195
330
17
100
AcDbEntity
  8
0
 62
0
100
AcDbLine
 10
51.76679772780383
 20
-25.673573310724542
 30
0.0
 11
51.76737162675938
 21
-25.667473310724542
 31
0.0
  0
LINE
  5
196
330
17
100
AcDbEntity
  8
0
 62
0
100
AcDbLine
 10
51.76720996782767
 20
-25.673573310724542
 30
0.0
 11
51.767783866783226
 21
-25.667473310724542
 31
0.0
  0
LINE
  5
197
330
17
100
AcDbEntity
  8
0
 62
0
100
AcDbLine
 10
51.76768778277623
 20
-25.673573310724542
 30
0.0
 11
51.768261681731786
 21
-25.667473310724542
 31
0.0
  0
LINE
  5
198
330
17
100
AcDbEntity
  8
0
 62
0
100
AcDbLine
 10
51.76817497553168
 20
-25.673573310724542
 30
0.0
 11
51.76874887448724
 21
-25.667473310724542
 31
0.0
  0
LINE
  5
199
330
17
100
AcDbEntity
  8
0
 62
0
100
AcDbLine
 10
51.768624680300746
 20
-25.673573310724542
 30
0.0
 11
51.769198579256305
 21
-25.667473310724542
 31
0.0
  0
LINE
  5
19A
330
17
100
AcDbEntity
  8
0
 62
0
100
AcDbLine
 10
51.76901818795198
 20
-25.673573310724542
 30
0.0
 11
51.76959208690754
 21
-25.667473310724542
 31
0.0
  0
LINE
  5
19B
330
17
100
AcDbEntity
  8
0
 62
0
100
AcDbLine
 10
51.769439782541546
 20
-25.673573310724542
 30
0.0
 11
51.770013681497105
 21
-25.667473310724542
 31
0.0
  0
LINE
  5
19C
330
17
100
AcDbEntity
  8
0
 62
0
100
AcDbLine
 10
51.769795813826974
 20
-25.673573310724542
 30
0.0
 11
51.77036971278253
 21
-25.667473310724542
 31
0.0
  0
LINE
  5
19D
330
17
100
AcDbEntity
  8
0
 62
0
100
AcDbLine
 10
51.770095613132824
 20
-25.673573310724542
 30
0.0
 11
51.77066951208838
 21
-25.667473310724542
 31
0.0
  0
LINE
  5
19E
330
17
100
AcDbEntity
  8
0
 62
0
100
AcDbLine
 10
51.77032047132765
 20
-25.673573310724542
 30
0.0
 11
51.77089437028321
 21
-25.667473310724542
 31
0.0
  0
LINE
  5
19F
330
17
100
AcDbEntity
  8
0
 62
0
100
AcDbLine
 10
51.77073675471305
 20
-25.673573310724542
 30
0.0
 11
51.7707993276095
 21
-25.667473310724542
 31
0.0
  0
LINE
  5
1A0
330
17
100
AcDbEntity
  8
0
 62
0
100
AcDbLine
 10
51.77590513229252
 20
-25.667473310724542
 30
0.0
 11
51.77866319680865
 21
-25.673573310724542
 31
0.0
  0
LINE
  5
1A1
330
17
100
AcDbEntity
  8
0
 62
0
100
AcDbLine
 10
51.776775995382096
 20
-25.673573310724542
 30
0.0
 11
51.77530383460325
 21
-25.667473310724542
 31
0.0
  0
LINE
  5
1A2
330
17
100
AcDbEntity
  8
0
 62
0
100
AcDbLine
 10
51.77587773355881
 20
-25.673573310724542
 30
0.0
 11
51.77530383460325
 21
-25.667473310724542
 31
0.0
  0
LINE
  5
1A3
330
17
100
AcDbEntity
  8
0
 62
0
100
AcDbLine
 10
51.77768576501448
 20
-25.673573310724542
 30
0.0
 11
51.77562413055175
 21
-25.667473310724542
 31
0.0
  0
LINE
  5
1A4
330
17
100
AcDbEntity
  8
0
 62
0
100
AcDbLine
 10
51.77553108008026
 20
-25.673573310724542
 30
0.0
 11
51.774957181124705
 21
-25.667473310724542
 31
0.0
  0
LINE
  5
1A5
330
17
100
AcDbEntity
  8
0
 62
0
100
AcDbLine
 10
51.77521253678122
 20
-25.673573310724542
 30
0.0
 11
51.77463863782567
 21
-25.667473310724542
 31
0.0
  0
LINE
  5
1A6
330
17
100
AcDbEntity
  8
0
 62
0
100
AcDbLine
 10
51.77480029675738
 20
-25.673573310724542
 30
0.0
 11
51.77422639780182
 21
-25.667473310724542
 31
0.0
  0
LINE
  5
1A7
330
17
100
AcDbEntity
  8
0
 62
0
100
AcDbLine
 10
51.77432248180882
 20
-25.673573310724542
 30
0.0
 11
51.77374858285326
 21
-25.667473310724542
 31
0.0
  0
LINE
  5
1A8
330
17
100
AcDbEntity
  8
0
 62
0
100
AcDbLine
 10
51.773835289053366
 20
-25.673573310724542
 30
0.0
 11
51.77326139009781
 21
-25.667473310724542
 31
0.0
  0
LINE
  5
1A9
330
17
100
AcDbEntity
  8
0
 62
0
100
AcDbLine
 10
51.7733855842843
 20
-25.673573310724542
 30
0.0
 11
51.77281168532874
 21
-25.667473310724542
 31
0.0
  0
LINE
  5
1AA
330
17
100
AcDbEntity
  8
0
 62
0
100
AcDbLine
 10
51.77299207663307
 20
-25.673573310724542
 30
0.0
 11
51.77241817767751
 21
-25.667473310724542
 31
0.0
  0
LINE
  5
1AB
330
17
100
AcDbEntity
  8
0
 62
0
100
AcDbLine
 10
51.7725704820435
 20
-25.673573310724542
 30
0.0
 11
51.77199658308794
 21
-25.667473310724542
 31
0.0
  0
LINE
  5
1AC
330
17
100
AcDbEntity
  8
0
 62
0
100
AcDbLine
 10
51.77221445075807
 20
-25.673573310724542
 30
0.0
 11
51.77164055180251
 21
-25.667473310724542
 31
0.0
  0
LINE
  5
1AD
330
17
100
AcDbEntity
  8
0
 62
0
100
AcDbLine
 10
51.77191465145222
 20
-25.673573310724542
 30
0.0
 11
51.77134075249666
 21
-25.667473310724542
 31
0.0
  0
LINE
  5
1AE
330
17
100
AcDbEntity
  8
0
 62
0
100
AcDbLine
 10
51.771689793257394
 20
-25.673573310724542
 30
0.0
 11
51.771115894301836
 21
-25.667473310724542
 31
0.0
  0
LINE
  5
1AF
330
17
100
AcDbEntity
  8
0
 62
0
100
AcDbLine
 10
51.771273509871996
 20
-25.673573310724542
 30
0.0
 11
51.77121093697554
 21
-25.667473310724542
 31
0.0
  0
LINE
  5
1B0
330
17
100
AcDbEntity
  8
0
 62
8
100
AcDbLine
 10
51.78586407458185
 20
-25.6673595010501
 30
0.0
 11
51.78586407458185
 21
-25.66035950105007
 31
0.0
  0
LWPOLYLINE
  5
1B1
330
17
100
AcDbEntity
  8
0
 62
11
100
AcDbPolyline
 90
8
 70
1
 10
51.78600513229252
 20
-25.62753909937542
 42
-0.4142135623730622
 10
51.78630513229251
 20
-25.62723909937541
 10
51.80170513229251
 20
-25.62723909937541
 42
-0.4142135623731641
 10
51.80200513229252
 20
-25.62753909937541
 10
51.80200513229252
 20
-25.65763909937555
 42
-0.4142135623730921
 10
51.80170513229251
 20
-25.65793909937556
 10
51.78630513229251
 20
-25.65793909937556
 42
-0.4142135623730618
 10
51.78600513229252
 20
-25.65763909937555
  0
LWPOLYLINE
  5
1B2
330
17
100
AcDbEntity
  8
0
 62
11
100
AcDbPolyline
 90
164
 70
1
 10
51.80380513229251
 20
-25.62753909937541
 42
-0.414213562373095
 10
51.80410513229251
 20
-25.62723909937541
 10
51.80830513229252
 20
-25.62723909937541
 42
-0.4142135623730937
 10
51.80860513229252
 20
-25.62753909937541
 10
51.80860513229252
 20
-25.62853909937542
 42
0.414213562373095
 10
51.80910513229251
 20
-25.62903909937541
 10
51.81060513229251
 20
-25.62903909937541
 42
0.4142135623730905
 10
51.81090513229252
 20
-25.62873909937541
 10
51.81090513229252
 20
-25.62833909937541
 42
0.4142135623730977
 10
51.81060513229251
 20
-25.62803909937541
 10
51.80980513229251
 20
-25.62803909937541
 42
-0.4142135623730955
 10
51.80960513229251
 20
-25.62783909937541
 10
51.80960513229251
 20
-25.62678909937541
 42
-0.4142135623730969
 10
51.80980513229251
 20
-25.62658909937541
 10
51.81670513229251
 20
-25.62658909937541
 42
-0.4142135623730951
 10
51.81690513229252
 20
-25.62678909937541
 10
51.81690513229252
 20
-25.62783909937542
 42
-0.4142135623743959
 10
51.81670513229251
 20
-25.62803909937541
 10
51.81590513229251
 20
-25.62803909937541
 42
0.4142135623743958
 10
51.81560513229252
 20
-25.62833909937541
 10
51.81560513229252
 20
-25.62873909937541
 42
0.4142135623730951
 10
51.81590513229251
 20
-25.62903909937541
 10
51.81770513229252
 20
-25.62903909937541
 42
0.4142135623730974
 10
51.81800513229251
 20
-25.62873909937541
 10
51.81800513229251
 20
-25.62573909937541
 42
0.4142135623730786
 10
51.81750513229252
 20
-25.62523909937541
 10
51.75850513229251
 20
-25.62523909937541
 42
0.414213562372788
 10
51.75800513229251
 20
-25.62573909937541
 10
51.75800513229251
 20
-25.62893909937541
 42
0.4142135623737455
 10
51.75830513229252
 20
-25.62923909937542
 10
51.76030513229251
 20
-25.62923909937541
 42
0.4142135623777762
 10
51.76060513229251
 20
-25.62893909937541
 10
51.76060513229251
 20
-25.6285390993754
 42
0.4142135623678924
 10
51.76030513229251
 20
-25.62823909937541
 10
51.75940513229251
 20
-25.62823909937541
 42
-0.414213562373095
 10
51.75910513229251
 20
-25.62793909937541
 10
51.75910513229251
 20
-25.62708909937541
 42
-0.414213562373095
 10
51.75940513229251
 20
-25.62678909937541
 10
51.76610513229253
 20
-25.62678909937541
 42
-0.414213562374319
 10
51.76640513229251
 20
-25.62708909937541
 10
51.76640513229251
 20
-25.62793909937541
 42
-0.4142135623707157
 10
51.76610513229251
 20
-25.62823909937541
 10
51.76520513229251
 20
-25.62823909937542
 42
0.4142135623719366
 10
51.76490513229251
 20
-25.62853909937541
 10
51.76490513229251
 20
-25.62893909937541
 42
0.4142135623730977
 10
51.76520513229252
 20
-25.62923909937541
 10
51.7686051322925
 20
-25.62923909937541
 42
0.4142135623730953
 10
51.76890513229252
 20
-25.62893909937541
 10
51.76890513229252
 20
-25.62873909937541
 42
0.4142135623730951
 10
51.76860513229252
 20
-25.62843909937541
 10
51.7677051322925
 20
-25.62843909937541
 42
-0.4142135623730951
 10
51.76740513229251
 20
-25.62813909937541
 10
51.76740513229251
 20
-25.62728909937542
 42
-0.4142135623729392
 10
51.7677051322925
 20
-25.62698909937542
 10
51.77440513229251
 20
-25.62698909937541
 42
-0.4142135623734031
 10
51.77470513229251
 20
-25.62728909937541
 10
51.77470513229251
 20
-25.62813909937541
 42
-0.4142135623730959
 10
51.77440513229251
 20
-25.62843909937541
 10
51.77350513229251
 20
-25.62843909937542
 42
0.4142135623730951
 10
51.77320513229251
 20
-25.62873909937541
 10
51.77320513229251
 20
-25.62893909937541
 42
0.4142135623730951
 10
51.77350513229251
 20
-25.62923909937541
 10
51.77520513229251
 20
-25.62923909937541
 42
0.4142135623720545
 10
51.77570513229252
 20
-25.62873909937542
 10
51.77570513229252
 20
-25.62773909937541
 42
-0.4142135623720546
 10
51.77620513229252
 20
-25.62723909937541
 10
51.78300513229252
 20
-25.62723909937541
 42
-0.4142135623704937
 10
51.78400513229251
 20
-25.6282390993754
 10
51.78400513229251
 20
-25.6286390993754
 42
-0.4142135623761128
 10
51.78300513229252
 20
-25.62963909937541
 10
51.78050513229251
 20
-25.62963909937541
 42
0.4142135623730951
 10
51.77950513229252
 20
-25.63063909937541
 10
51.77950513229252
 20
-25.63323909937542
 42
0.414213562373095
 10
51.78000513229251
 20
-25.63373909937541
 10
51.78050513229251
 20
-25.63373909937541
 42
0.414213562373095
 10
51.78100513229251
 20
-25.63323909937542
 10
51.78100513229251
 20
-25.63143909937541
 42
-0.4142135623726616
 10
51.78130513229252
 20
-25.63113909937542
 10
51.78370513229251
 20
-25.63113909937541
 42
-0.4142135623735287
 10
51.78400513229251
 20
-25.63143909937541
 10
51.78400513229251
 20
-25.64341948413329
 42
0.2679491924334693
 10
51.78415513229251
 20
-25.64367929175442
 42
-0.5773502691946075
 10
51.78415513229251
 20
-25.64419890699669
 42
0.2679491924327813
 10
51.78400513229251
 20
-25.64445871461782
 10
51.78400513229251
 20
-25.65373909937556
 42
-0.4142135623735287
 10
51.78370513229251
 20
-25.65403909937556
 10
51.78130513229252
 20
-25.65403909937555
 42
-0.4142135623732408
 10
51.78100513229251
 20
-25.65373909937556
 10
51.78100513229252
 20
-25.65193909937555
 42
0.4142135623757533
 10
51.78050513229251
 20
-25.65143909937555
 10
51.7800051322925
 20
-25.65143909937556
 42
0.4142135623706133
 10
51.77950513229252
 20
-25.65193909937555
 10
51.77950513229252
 20
-25.65453909937556
 42
0.4142135623739115
 10
51.78050513229251
 20
-25.65553909937556
 10
51.78300513229252
 20
-25.65553909937555
 42
-0.4142135623735112
 10
51.78400513229251
 20
-25.65653909937555
 10
51.78400513229251
 20
-25.65693909937555
 42
-0.4142135623732481
 10
51.78300513229252
 20
-25.65793909937556
 10
51.7762051322925
 20
-25.65793909937556
 42
-0.4142135623719009
 10
51.77570513229252
 20
-25.65743909937556
 10
51.77570513229252
 20
-25.65643909937556
 42
0.4142135623720544
 10
51.77520513229251
 20
-25.65593909937556
 10
51.77350513229251
 20
-25.65593909937556
 42
0.414213562373095
 10
51.77320513229251
 20
-25.65623909937555
 10
51.77320513229251
 20
-25.65643909937556
 42
0.414213562373095
 10
51.77350513229251
 20
-25.65673909937555
 10
51.77440513229251
 20
-25.65673909937555
 42
-0.414213562371872
 10
51.77470513229251
 20
-25.65703909937555
 10
51.77470513229252
 20
-25.65788909937555
 42
-0.4142135623744771
 10
51.77440513229251
 20
-25.65818909937555
 10
51.7677051322925
 20
-25.65818909937555
 42
-0.414213562373095
 10
51.76740513229251
 20
-25.65788909937556
 10
51.76740513229251
 20
-25.65703909937555
 42
-0.414213562373095
 10
51.7677051322925
 20
-25.65673909937555
 10
51.76860513229252
 20
-25.65673909937555
 42
0.414213562373095
 10
51.76890513229252
 20
-25.65643909937556
 10
51.76890513229252
 20
-25.65623909937555
 42
0.414213562373095
 10
51.76860513229252
 20
-25.65593909937556
 10
51.76520513229251
 20
-25.65593909937556
 42
0.414213562373095
 10
51.76490513229251
 20
-25.65623909937555
 10
51.76490513229251
 20
-25.65663909937555
 42
0.4142135623719402
 10
51.76520513229251
 20
-25.65693909937555
 10
51.76610513229251
 20
-25.65693909937556
 42
-0.4142135623719402
 10
51.76640513229251
 20
-25.65723909937556
 10
51.76640513229251
 20
-25.65808909937556
 42
-0.4142135623730951
 10
51.76610513229251
 20
-25.65838909937556
 10
51.75940513229251
 20
-25.65838909937556
 42
-0.4142135623718722
 10
51.75910513229251
 20
-25.65808909937556
 10
51.75910513229251
 20
-25.65723909937556
 42
-0.4142135623743214
 10
51.75940513229251
 20
-25.65693909937556
 10
51.76030513229251
 20
-25.65693909937555
 42
0.4142135623771394
 10
51.76060513229251
 20
-25.65663909937555
 10
51.76060513229251
 20
-25.65623909937555
 42
0.4142135623678993
 10
51.76030513229251
 20
-25.65593909937556
 10
51.7583051322925
 20
-25.65593909937556
 42
0.414213562373095
 10
51.75800513229251
 20
-25.65623909937555
 10
51.75800513229251
 20
-25.65943909937555
 42
0.4142135623730951
 10
51.75850513229251
 20
-25.65993909937555
 10
51.81750513229251
 20
-25.65993909937555
 42
0.4142135623730962
 10
51.81800513229251
 20
-25.65943909937555
 10
51.81800513229251
 20
-25.65643909937556
 42
0.4142135623730969
 10
51.81770513229252
 20
-25.65613909937555
 10
51.81590513229251
 20
-25.65613909937555
 42
0.4142135623730895
 10
51.81560513229252
 20
-25.65643909937556
 10
51.81560513229252
 20
-25.65683909937555
 42
0.4142135623744001
 10
51.81590513229251
 20
-25.65713909937556
 10
51.81670513229251
 20
-25.65713909937555
 42
-0.414213562374396
 10
51.81690513229252
 20
-25.65733909937555
 10
51.81690513229251
 20
-25.65838909937556
 42
-0.4142135623730981
 10
51.81670513229251
 20
-25.65858909937555
 10
51.80980513229251
 20
-25.65858909937555
 42
-0.4142135623721053
 10
51.80960513229251
 20
-25.65838909937556
 10
51.80960513229251
 20
-25.65733909937555
 42
-0.4142135623753897
 10
51.80980513229251
 20
-25.65713909937555
 10
51.81060513229251
 20
-25.65713909937555
 42
0.4142135623743903
 10
51.81090513229251
 20
-25.65683909937555
 10
51.81090513229252
 20
-25.65643909937556
 42
0.4142135623756971
 10
51.81060513229251
 20
-25.65613909937555
 10
51.80910513229251
 20
-25.65613909937555
 42
0.4142135623730913
 10
51.80860513229252
 20
-25.65663909937555
 10
51.80860513229252
 20
-25.65763909937555
 42
-0.4142135623730895
 10
51.80830513229252
 20
-25.65793909937556
 10
51.80410513229251
 20
-25.65793909937556
 42
-0.4142135623730934
 10
51.80380513229251
 20
-25.65763909937555
  0
LWPOLYLINE
  5
1B3
330
17
100
AcDbEntity
  8
0
 62
11
100
AcDbPolyline
 90
87
 70
1
 10
51.79025509158076
 20
-25.66843628466097
 10
51.79025509158077
 20
-25.66843909937554
 42
-0.4142135623730177
 10
51.78975509158077
 20
-25.66893909937554
 10
51.77625513229251
 20
-25.66893909937554
 42
-0.4142135623731697
 10
51.77595513229252
 20
-25.66863909937554
 10
51.77595513229252
 20
-25.6684717796346
 10
51.77595513229252
 20
-25.66793909937554
 42
-0.414213562373962
 10
51.77625513229251
 20
-25.66763909937554
 10
51.77745513229251
 20
-25.66763909937554
 42
0.4142135623739623
 10
51.77775513229251
 20
-25.66733909937554
 10
51.77775513229251
 20
-25.66673909937554
 42
0.4142135623730951
 10
51.77745513229251
 20
-25.66643909937554
 10
51.77625513229251
 20
-25.66643909937554
 42
-0.4142135623730951
 10
51.77595513229252
 20
-25.66613909937554
 10
51.77595513229252
 20
-25.66573909937554
 42
-0.4142135623730948
 10
51.77625513229251
 20
-25.66543909937554
 10
51.77745513229251
 20
-25.66543909937554
 42
0.4142135623730951
 10
51.77775513229251
 20
-25.66513909937554
 10
51.77775513229251
 20
-25.66223909937555
 42
0.4142135623730951
 10
51.77745513229251
 20
-25.66193909937555
 10
51.77130513229251
 20
-25.66193909937555
 10
51.77100513229252
 20
-25.66163909937555
 10
51.77070513229252
 20
-25.66193909937555
 10
51.76455513229251
 20
-25.66193909937555
 42
0.4142135623725666
 10
51.76425513229252
 20
-25.66223909937555
 10
51.76425513229252
 20
-25.66513909937554
 42
0.4142135623734541
 10
51.76455513229251
 20
-25.66543909937554
 10
51.76575513229251
 20
-25.66543909937554
 42
-0.4142135623730951
 10
51.76605513229251
 20
-25.66573909937554
 10
51.76605513229251
 20
-25.66613909937554
 42
-0.4142135623730951
 10
51.76575513229251
 20
-25.66643909937554
 10
51.76455513229251
 20
-25.66643909937554
 42
0.4142135623713607
 10
51.76425513229252
 20
-25.66673909937554
 10
51.76425513229252
 20
-25.66733909937554
 42
0.4142135623739637
 10
51.76455513229251
 20
-25.66763909937554
 10
51.76575513229251
 20
-25.66763909937554
 42
-0.4142135623722281
 10
51.76605513229251
 20
-25.66793909937554
 10
51.76605513229251
 20
-25.66863909937554
 42
-0.4142135623730951
 10
51.76575513229251
 20
-25.66893909937554
 10
51.75800513229251
 20
-25.66893909937554
 42
-0.4142135623731449
 10
51.75700513229251
 20
-25.66793909937554
 10
51.75700513229251
 20
-25.62643909937541
 42
-0.289689863304937
 10
51.75757656086395
 20
-25.62553559147251
 42
-0.550760424584259
 10
51.75800513229252
 20
-25.62580664384338
 10
51.75800513229252
 20
-25.62899188578058
 42
-0.2134217649611505
 10
51.7579051322928
 20
-25.62921549257808
 42
1.057279695476605
 10
51.7583287390904
 20
-25.62963909937527
 42
-0.2134217652140254
 10
51.7585523458879
 20
-25.62953909937542
 10
51.76065513229253
 20
-25.62953909937541
 42
0.3152987888775828
 10
51.76126593249603
 20
-25.62911141246857
 10
51.7615728770259
 20
-25.62826808930374
 42
-1.0
 10
51.76251256964668
 20
-25.62861010944707
 10
51.76220562511682
 20
-25.62945343261189
 42
-0.3152987888796157
 10
51.76065513229252
 20
-25.63053909937541
 10
51.75850513229253
 20
-25.63053909937541
 42
0.4142135623730379
 10
51.75800513229252
 20
-25.63103909937541
 10
51.75800513229252
 20
-25.66763909937554
 42
0.4142135623731527
 10
51.75830513229252
 20
-25.66793909937554
 10
51.76295513229252
 20
-25.66793909937554
 42
0.414213562373095
 10
51.76325513229251
 20
-25.66763909937554
 10
51.76325513229251
 20
-25.66023909937555
 42
-0.4142135623730948
 10
51.76355513229252
 20
-25.65993909937555
 10
51.76395513229252
 20
-25.65993909937555
 42
-0.4142135623704938
 10
51.76425513229252
 20
-25.66023909937555
 10
51.76425513229252
 20
-25.66063909937556
 42
0.4142135623704938
 10
51.76455513229251
 20
-25.66093909937555
 10
51.77745513229251
 20
-25.66093909937555
 42
0.4142135623730951
 10
51.77775513229251
 20
-25.66063909937555
 10
51.77775513229253
 20
-25.66023909937555
 42
-0.414213562373095
 10
51.77805513229252
 20
-25.65993909937555
 10
51.78095513229251
 20
-25.65993909937556
 42
-0.4142135623730948
 10
51.78125513229251
 20
-25.66023909937556
 10
51.78125513229251
 20
-25.66178909937554
 42
-1.0
 10
51.78025513229252
 20
-25.66178909937555
 10
51.78025513229251
 20
-25.66143909937555
 42
0.4142135623701211
 10
51.77995513229252
 20
-25.66113909937555
 10
51.77905513229251
 20
-25.66113909937555
 42
0.4142135623730948
 10
51.77875513229252
 20
-25.66143909937555
 10
51.77875513229252
 20
-25.66713909937554
 42
0.4142135623730951
 10
51.77905513229251
 20
-25.66743909937554
 10
51.77995513229252
 20
-25.66743909937554
 42
0.414213562373095
 10
51.7802551322925
 20
-25.66713909937555
 10
51.7802551322925
 20
-25.66598909937555
 42
-1.0
 10
51.78125513229251
 20
-25.66598909937554
 10
51.78125513229251
 20
-25.66731043123643
 42
0.4060847441301588
 10
51.78164400050391
 20
-25.66771027631053
 10
51.78976865544758
 20
-25.667936468673
 42
-0.4062892005557546
  0
LINE
  5
1B4
330
17
100
AcDbEntity
  8
0
 62
8
100
AcDbLine
 10
49.61700513229251
 20
-25.67238645062208
 30
0.0
 11
49.61700513229251
 21
-25.62299275713782
 31
0.0
  0
LINE
  5
1B5
330
17
100
AcDbEntity
  8
0
 62
8
100
AcDbLine
 10
53.89700513229251
 20
-25.67238645062208
 30
0.0
 11
53.89700513229251
 21
-25.62299275713787
 31
0.0
  0
LINE
  5
1B6
330
17
100
AcDbEntity
  8
0
 62
8
100
AcDbLine
 10
53.83300513229251
 20
-25.6713864506221
 30
0.0
 11
52.85850513229251
 21
-25.67138645062208
 31
0.0
  0
LINE
  5
1B7
330
17
100
AcDbEntity
  8
0
 62
11
100
AcDbLine
 10
52.79466958989903
 20
-25.87708645062186
 30
0.0
 11
52.79466958989903
 21
-25.88008645062185
 31
0.0
  0
LINE
  5
1B8
330
17
100
AcDbEntity
  8
0
 62
11
100
AcDbLine
 10
52.79466958989903
 20
-25.88108645062186
 30
0.0
 11
52.79466958989903
 21
-25.88408645062186
 31
0.0
  0
LINE
  5
1B9
330
17
100
AcDbEntity
  8
0
 62
11
100
AcDbLine
 10
52.79516958989904
 20
-25.88458645062186
 30
0.0
 11
52.79466958989903
 21
-25.88408645062186
 31
0.0
  0
LINE
  5
1BA
330
17
100
AcDbEntity
  8
0
 62
11
100
AcDbLine
 10
52.79516958989903
 20
-25.87658645062186
 30
0.0
 11
52.79466958989903
 21
-25.87708645062186
 31
0.0
  0
LINE
  5
1BB
330
17
100
AcDbEntity
  8
0
 62
11
100
AcDbLine
 10
52.79516958989903
 20
-25.88058645062186
 30
0.0
 11
52.79466958989903
 21
-25.88108645062186
 31
0.0
  0
LINE
  5
1BC
330
17
100
AcDbEntity
  8
0
 62
11
100
AcDbLine
 10
52.79516958989903
 20
-25.88058645062186
 30
0.0
 11
52.79466958989903
 21
-25.88008645062185
 31
0.0
  0
LINE
  5
1BD
330
17
100
AcDbEntity
  8
0
 62
11
100
AcDbLine
 10
52.79466958989903
 20
-25.85908645062203
 30
0.0
 11
52.79466958989903
 21
-25.86108645062203
 31
0.0
  0
LINE
  5
1BE
330
17
100
AcDbEntity
  8
0
 62
11
100
AcDbLine
 10
52.79466958989903
 20
-25.86208645062202
 30
0.0
 11
52.79466958989903
 21
-25.86408645062203
 31
0.0
  0
LINE
  5
1BF
330
17
100
AcDbEntity
  8
0
 62
11
100
AcDbLine
 10
52.79516958989902
 20
-25.86158645062203
 30
0.0
 11
52.79466958989903
 21
-25.86208645062202
 31
0.0
  0
LINE
  5
1C0
330
17
100
AcDbEntity
  8
0
 62
11
100
AcDbLine
 10
52.79516958989902
 20
-25.86158645062203
 30
0.0
 11
52.79466958989903
 21
-25.86108645062203
 31
0.0
  0
LINE
  5
1C1
330
17
100
AcDbEntity
  8
0
 62
11
100
AcDbLine
 10
52.79516958989903
 20
-25.86458645062204
 30
0.0
 11
52.79466958989903
 21
-25.86408645062203
 31
0.0
  0
LINE
  5
1C2
330
17
100
AcDbEntity
  8
0
 62
11
100
AcDbLine
 10
52.79516958989903
 20
-25.85858645062202
 30
0.0
 11
52.79466958989903
 21
-25.85908645062203
 31
0.0
  0
LINE
  5
1C3
330
17
100
AcDbEntity
  8
0
 62
11
100
AcDbLine
 10
52.79516958989903
 20
-25.87658645062186
 30
0.0
 11
52.79466958989903
 21
-25.87708645062186
 31
0.0
  0
LWPOLYLINE
  5
1C4
330
17
100
AcDbEntity
  8
0
 62
8
100
AcDbPolyline
 90
6
 70
1
 10
52.80735508696551
 20
-25.86558645062186
 10
52.80735508696551
 20
-25.87558645062186
 10
52.80235508696552
 20
-25.87558645062186
 10
52.79935508696552
 20
-25.87208645062186
 10
52.79935508696552
 20
-25.86908645062186
 10
52.80235508696552
 20
-25.86558645062186
  0
LWPOLYLINE
  5
1C5
330
17
100
AcDbEntity
  8
0
 62
8
100
AcDbPolyline
 90
6
 70
1
 10
52.80685508696552
 20
-25.86608645062186
 10
52.80685508696552
 20
-25.87508645062186
 10
52.80250647478438
 20
-25.87508645062186
 10
52.79985508696551
 20
-25.87181885874262
 10
52.79985508696551
 20
-25.86935404250111
 10
52.80250647478438
 20
-25.86608645062186
  0
ARC
  5
1C6
330
17
100
AcDbEntity
  8
0
 62
8
100
AcDbCircle
 10
52.7829789437322
 20
-25.87058645062186
 30
0.0
 40
0.0133761432333217
100
AcDbArc
 50
330.9259378909825
 51
29.0740621090306
  0
LINE
  5
1C7
330
17
100
AcDbEntity
  8
0
 62
8
100
AcDbLine
 10
52.80235508696552
 20
-25.86558645062186
 30
0.0
 11
52.80235508696552
 21
-25.86458645062186
 31
0.0
  0
LINE
  5
1C8
330
17
100
AcDbEntity
  8
0
 62
8
100
AcDbLine
 10
52.80235508696552
 20
-25.87558645062186
 30
0.0
 11
52.80235508696552
 21
-25.87658645062186
 31
0.0
  0
LINE
  5
1C9
330
17
100
AcDbEntity
  8
0
 62
8
100
AcDbLine
 10
52.80735508696551
 20
-25.86458645062212
 30
0.0
 11
52.80735508696551
 21
-25.87658645062186
 31
0.0
  0
LWPOLYLINE
  5
1CA
330
17
100
AcDbEntity
  8
0
 62
8
100
AcDbPolyline
 90
6
 70
0
 10
52.00866871737118
 20
-25.46432278055259
 10
52.00866871737118
 20
-25.46432278055259
 10
52.57541562494226
 20
-25.46432278055259
 10
52.4693496077643
 20
-25.57038879773056
 10
52.57541562494226
 20
-25.46432278055259
 10
52.46581407385834
 20
-25.35472122946867
  0
LWPOLYLINE
  5
1CB
330
17
100
AcDbEntity
  8
0
 62
8
100
AcDbPolyline
 90
6
 70
0
 10
51.50534154721386
 20
-25.46432278055259
 10
51.50534154721386
 20
-25.46432278055259
 10
50.93859463964277
 20
-25.46432278055259
 10
51.04466065682074
 20
-25.57038879773056
 10
50.93859463964277
 20
-25.46432278055259
 10
51.0481961907267
 20
-25.35472122946867
  0
LINE
  5
1CC
330
17
100
AcDbEntity
  8
0-TEXTO
 62
12
100
AcDbLine
 10
54.23406774993607
 20
-25.56068348363567
 30
0.0
 11
53.59386242212639
 21
-25.56068348363567
 31
0.0
  0
CIRCLE
  5
1CD
330
17
100
AcDbEntity
  8
0-TEXTO
100
AcDbCircle
 10
53.59386242212639
 20
-25.74606325298326
 30
0.0
 40
0.0143465129660836
  0
LINE
  5
1CE
330
17
100
AcDbEntity
  8
0-TEXTO
 62
12
100
AcDbLine
 10
53.59386242212639
 20
-25.74606325298326
 30
0.0
 11
53.59386242212639
 21
-25.56068348363567
 31
0.0
  0
LINE
  5
1CF
330
17
100
AcDbEntity
  8
0
 62
4
100
AcDbLine
 10
53.90200513229252
 20
-25.6551144926707
 30
0.0
 11
54.02682339626625
 21
-25.6551144926707
 31
0.0
  0
LINE
  5
1D0
330
17
100
AcDbEntity
  8
0
 62
4
100
AcDbLine
 10
53.90200513229252
 20
-25.88998163139265
 30
0.0
 11
54.02682339626625
 21
-25.88998163139265
 31
0.0
  0
LWPOLYLINE
  5
1D1
330
17
100
AcDbEntity
  8
0
 62
8
100
AcDbPolyline
 90
4
 70
1
 10
52.7945051322925
 20
-25.6713864506221
 10
53.89700513229252
 20
-25.6713864506221
 10
53.89700513229252
 20
-25.84137535435701
 10
52.7945051322925
 20
-25.84138645062211
  0
LINE
  5
1D3
330
17
100
AcDbEntity
  8
0-TEXTO DETALLE
 62
12
100
AcDbLine
 10
50.6864336516997
 20
-25.68537030124832
 30
0.0
 11
50.79491450892276
 21
-25.68537030124832
 31
0.0
  0
CIRCLE
  5
1D4
330
17
100
AcDbEntity
  8
0-TEXTO DETALLE
100
AcDbCircle
 10
50.6864336516997
 20
-25.68537030124832
 30
0.0
 40
0.0008966570603802
  0
LINE
  5
1D5
330
17
100
AcDbEntity
  8
0-TEXTO DETALLE
 62
12
100
AcDbLine
 10
50.69909106904484
 20
-25.91747789604071
 30
0.0
 11
50.7937535563197
 21
-25.91747789604071
 31
0.0
  0
LINE
  5
1D6
330
17
100
AcDbEntity
  8
0-TEXTO DETALLE
 62
12
100
AcDbLine
 10
50.69599748820635
 20
-25.79864556848036
 30
0.0
 11
50.7937535563197
 21
-25.79864556848036
 31
0.0
  0
LINE
  5
1D7
330
17
100
AcDbEntity
  8
0-TEXTO DETALLE
 62
12
100
AcDbLine
 10
50.67655578428285
 20
-25.74998204822792
 30
0.0
 11
50.7937535563197
 21
-25.74998204822792
 31
0.0
  0
LINE
  5
1D8
330
17
100
AcDbEntity
  8
0-TEXTO DETALLE
 62
12
100
AcDbLine
 10
50.67655578428285
 20
-25.8615864506222
 30
0.0
 11
50.67655578428285
 21
-25.74998204822792
 31
0.0
  0
LINE
  5
1D9
330
17
100
AcDbEntity
  8
0-TEXTO DETALLE
 62
12
100
AcDbLine
 10
50.69909106904484
 20
-25.88058645062221
 30
0.0
 11
50.69909106904484
 21
-25.91747789604071
 31
0.0
  0
CIRCLE
  5
1DA
330
17
100
AcDbEntity
  8
0-TEXTO DETALLE
100
AcDbCircle
 10
50.69909106904484
 20
-25.88058645062221
 30
0.0
 40
0.0008966570603802
  0
LINE
  5
1DB
330
17
100
AcDbEntity
  8
0-TEXTO DETALLE
 62
12
100
AcDbLine
 10
50.69599748820635
 20
-25.79864556848036
 30
0.0
 11
50.69599748820635
 21
-25.87057636042181
 31
0.0
  0
CIRCLE
  5
1DC
330
17
100
AcDbEntity
  8
0-TEXTO DETALLE
100
AcDbCircle
 10
50.69599748820635
 20
-25.87057636042181
 30
0.0
 40
0.0008966570603802
  0
CIRCLE
  5
1DD
330
17
100
AcDbEntity
  8
0-TEXTO DETALLE
100
AcDbCircle
 10
50.67655578428285
 20
-25.8615864506222
 30
0.0
 40
0.0008966570603802
  0
LINE
  5
1DE
330
17
100
AcDbEntity
  8
0-TEXTO DETALLE
 62
12
100
AcDbLine
 10
50.73465871213432
 20
-25.58391059955472
 30
0.0
 11
50.79491450892276
 21
-25.58391059955472
 31
0.0
  0
LINE
  5
1DF
330
17
100
AcDbEntity
  8
0-TEXTO DETALLE
 62
12
100
AcDbLine
 10
50.73465871213432
 20
-25.64097195116398
 30
0.0
 11
50.73465871213432
 21
-25.58391059955472
 31
0.0
  0
CIRCLE
  5
1E0
330
17
100
AcDbEntity
  8
0-TEXTO DETALLE
100
AcDbCircle
 10
50.73465871213432
 20
-25.64097195116398
 30
0.0
 40
0.0008966570603802
  0
LINE
  5
1E1
330
17
100
AcDbEntity
  8
0
 62
251
100
AcDbLine
 10
50.68768124473403
 20
-25.85376722180236
 30
0.0
 11
50.68699548662517
 21
-25.85376722180236
 31
0.0
  0
LINE
  5
1E2
330
17
100
AcDbEntity
  8
0
 62
251
100
AcDbLine
 10
50.6893383656796
 20
-25.8517672218023
 30
0.0
 11
50.68533836567961
 21
-25.8517672218023
 31
0.0
  0
LINE
  5
1E3
330
17
100
AcDbEntity
  8
0
 62
251
100
AcDbLine
 10
50.68933836567961
 20
-25.8314041591858
 30
0.0
 11
50.6893383656796
 21
-25.8517672218023
 31
0.0
  0
LINE
  5
1E4
330
17
100
AcDbEntity
  8
0
 62
251
100
AcDbLine
 10
50.685338365679726
 20
-25.831404159186082
 30
0.0
 11
50.68533836567961
 21
-25.8517672218023
 31
0.0
  0
LINE
  5
1E5
330
17
100
AcDbEntity
  8
0
 62
251
100
AcDbLine
 10
50.6893383656796
 20
-25.8517672218023
 30
0.0
 11
50.69233836567961
 21
-25.85376722180225
 31
0.0
  0
LINE
  5
1E6
330
17
100
AcDbEntity
  8
0
 62
251
100
AcDbLine
 10
50.68533836567961
 20
-25.8517672218023
 30
0.0
 11
50.68233836567959
 21
-25.85376722180225
 31
0.0
  0
LINE
  5
1E7
330
17
100
AcDbEntity
  8
0
 62
251
100
AcDbLine
 10
50.687338365679736
 20
-25.827115145345083
 30
0.0
 11
50.685338365679726
 21
-25.831404159186082
 31
0.0
  0
LINE
  5
1E8
330
17
100
AcDbEntity
  8
0
 62
251
100
AcDbLine
 10
50.687338365679736
 20
-25.827115145345083
 30
0.0
 11
50.68933836567971
 21
-25.831404159186032
 31
0.0
  0
LINE
  5
1E9
330
17
100
AcDbEntity
  8
0
 62
251
100
AcDbLine
 10
50.68983836567962
 20
-25.8463238461293
 30
0.0
 11
50.684838365679624
 21
-25.84921059747526
 31
0.0
  0
LINE
  5
1EA
330
17
100
AcDbEntity
  8
0
 62
251
100
AcDbLine
 10
50.68983836567962
 20
-25.844323846129292
 30
0.0
 11
50.684838365679624
 21
-25.84721059747525
 31
0.0
  0
LINE
  5
1EB
330
17
100
AcDbEntity
  8
0
 62
251
100
AcDbLine
 10
50.68983836567962
 20
-25.84832384612931
 30
0.0
 11
50.684838365679624
 21
-25.85121059747527
 31
0.0
  0
ARC
  5
1EC
330
17
100
AcDbEntity
  8
0
 62
251
100
AcDbCircle
 10
50.687338365679466
 20
-25.83085883783749
 30
0.0
 40
0.0234476876445912
100
AcDbArc
 50
-102.31233016112002
 51
-90.83787464319441
  0
ARC
  5
1ED
330
17
100
AcDbEntity
  8
0
 62
251
100
AcDbCircle
 10
50.687338365679466
 20
-25.83085883783749
 30
0.0
 40
0.0234476876445912
100
AcDbArc
 50
-89.16212535632039
 51
-77.68766983823993
  0
LINE
  5
1EE
330
17
100
AcDbEntity
  8
0
 62
251
100
AcDbLine
 10
50.68699548662517
 20
-25.85376722180225
 30
0.0
 11
50.68699548662517
 21
-25.85430652548208
 31
0.0
  0
LINE
  5
1EF
330
17
100
AcDbEntity
  8
0
 62
251
100
AcDbLine
 10
50.68768124473401
 20
-25.85376722180225
 30
0.0
 11
50.68768124473401
 21
-25.85430652548208
 31
0.0
  0
LINE
  5
1F0
330
17
100
AcDbEntity
  8
0
 62
251
100
AcDbLine
 10
50.68983836567962
 20
-25.842323846129283
 30
0.0
 11
50.684838365679624
 21
-25.84521059747524
 31
0.0
  0
LINE
  5
1F1
330
17
100
AcDbEntity
  8
0
 62
251
100
AcDbLine
 10
50.68983836567962
 20
-25.84032384612928
 30
0.0
 11
50.684838365679624
 21
-25.84321059747523
 31
0.0
  0
LINE
  5
1F2
330
17
100
AcDbEntity
  8
0
 62
251
100
AcDbLine
 10
50.68983836567962
 20
-25.83832384612926
 30
0.0
 11
50.684838365679624
 21
-25.84121059747522
 31
0.0
  0
LINE
  5
1F3
330
17
100
AcDbEntity
  8
0
 62
251
100
AcDbLine
 10
50.68983836567962
 20
-25.83632384612926
 30
0.0
 11
50.684838365679624
 21
-25.839210597475212
 31
0.0
  0
LINE
  5
1F4
330
17
100
AcDbEntity
  8
0
 62
251
100
AcDbLine
 10
50.68983836567962
 20
-25.83432384612924
 30
0.0
 11
50.684838365679624
 21
-25.837210597475202
 31
0.0
  0
LINE
  5
1F5
330
17
100
AcDbEntity
  8
0
 62
251
100
AcDbLine
 10
50.68983836567962
 20
-25.832323846129242
 30
0.0
 11
50.684838365679624
 21
-25.83521059747519
 31
0.0
  0
LINE
  5
1F6
330
17
100
AcDbEntity
  8
0
 62
4
100
AcDbLine
 10
49.48718686831877
 20
-25.65511449267059
 30
0.0
 11
49.61200513229251
 21
-25.65511449267059
 31
0.0
  0
LINE
  5
1F7
330
17
100
AcDbEntity
  8
0
 62
4
100
AcDbLine
 10
49.48718686831877
 20
-25.88998163139255
 30
0.0
 11
49.6120051322925
 21
-25.88998163139255
 31
0.0
  0
LWPOLYLINE
  5
1F8
330
17
100
AcDbEntity
  8
0-TEXTO
  6
CONTINUOUS
 48
5.0
100
AcDbPolyline
 90
8
 70
1
 10
55.57740466651975
 20
-21.85251644296469
 10
55.84040622387201
 20
-21.85251644296469
 42
-0.4142135623730951
 10
55.91540622394186
 20
-21.92751644408228
 10
55.91540622394186
 20
-22.19602546231719
 42
-0.4142135623730951
 10
55.84040622387201
 20
-22.27102546343477
 10
55.57740466651975
 20
-22.27102546343477
 42
-0.4142135623730951
 10
55.50240466653722
 20
-22.19602546231719
 10
55.50240466653722
 20
-21.92751644408228
 42
-0.4142135623730951
  0
LWPOLYLINE
  5
1F9
330
17
100
AcDbEntity
  8
0
100
AcDbPolyline
 90
4
 70
1
 10
-55.71901470099253
 20
-22.118209166055095
 10
-55.69961470099253
 20
-22.118209166055095
 10
-55.69961470099253
 20
-22.115709166055094
 10
-55.71901470099253
 20
-22.115709166055094
210
0.0
220
0.0
230
-1.0
  0
LINE
  5
1FA
330
17
100
AcDbEntity
  8
0
100
AcDbLine
 10
55.70631470099253
 20
-22.099783436230922
 30
0.0
 11
55.70631470099253
 21
-22.111209166055097
 31
0.0
  0
LINE
  5
1FB
330
17
100
AcDbEntity
  8
0
100
AcDbLine
 10
55.70231470099253
 20
-22.111209166055094
 30
0.0
 11
55.70231470099253
 21
-22.115709166055094
 31
0.0
  0
LINE
  5
1FC
330
17
100
AcDbEntity
  8
0
100
AcDbLine
 10
55.71231470099253
 20
-22.099783436230922
 30
0.0
 11
55.71231470099253
 21
-22.111209166055097
 31
0.0
  0
LINE
  5
1FD
330
17
100
AcDbEntity
  8
0
100
AcDbLine
 10
55.71631470099253
 20
-22.111209166055094
 30
0.0
 11
55.71631470099253
 21
-22.115709166055094
 31
0.0
  0
LINE
  5
1FE
330
17
100
AcDbEntity
  8
0
100
AcDbLine
 10
55.71631470099253
 20
-22.111209166055094
 30
0.0
 11
55.70231470099253
 21
-22.111209166055094
 31
0.0
  0
LINE
  5
1FF
330
17
100
AcDbEntity
  8
0
100
AcDbLine
 10
55.71631470099253
 20
-22.113709166055095
 30
0.0
 11
55.70231470099253
 21
-22.113709166055095
 31
0.0
  0
LINE
  5
200
330
17
100
AcDbEntity
  8
0
100
AcDbLine
 10
55.704514700992526
 20
-22.091783436230923
 30
0.0
 11
55.71411470099253
 21
-22.091783436230923
 31
0.0
  0
ARC
  5
201
330
17
100
AcDbEntity
  8
0
100
AcDbCircle
 10
-55.71411470099253
 20
-22.09228343623092
 30
0.0
 40
0.0005
210
0.0
220
0.0
230
-1.0
100
AcDbArc
 50
90.0
 51
180.0
  0
LINE
  5
202
330
17
100
AcDbEntity
  8
0
100
AcDbLine
 10
55.71461470099253
 20
-22.09228343623092
 30
0.0
 11
55.71461470099253
 21
-22.099283436230923
 31
0.0
  0
ARC
  5
203
330
17
100
AcDbEntity
  8
0
100
AcDbCircle
 10
-55.71411470099253
 20
-22.099283436230923
 30
0.0
 40
0.0005
210
0.0
220
0.0
230
-1.0
100
AcDbArc
 50
180.0
 51
-90.00000000000001
  0
LINE
  5
204
330
17
100
AcDbEntity
  8
0
100
AcDbLine
 10
55.71411470099253
 20
-22.099783436230922
 30
0.0
 11
55.704514700992526
 21
-22.099783436230922
 31
0.0
  0
ARC
  5
205
330
17
100
AcDbEntity
  8
0
100
AcDbCircle
 10
-55.704514700992526
 20
-22.099283436230923
 30
0.0
 40
0.0005
210
0.0
220
0.0
230
-1.0
100
AcDbArc
 50
-90.00000000000021
 51
0.0
  0
LINE
  5
206
330
17
100
AcDbEntity
  8
0
100
AcDbLine
 10
55.70401470099253
 20
-22.099283436230923
 30
0.0
 11
55.70401470099253
 21
-22.09228343623092
 31
0.0
  0
ARC
  5
207
330
17
100
AcDbEntity
  8
0
100
AcDbCircle
 10
-55.704514700992526
 20
-22.09228343623092
 30
0.0
 40
0.0005
210
0.0
220
0.0
230
-1.0
100
AcDbArc
 50
0.0
 51
90.0
  0
LWPOLYLINE
  5
208
330
17
100
AcDbEntity
  8
0
 62
11
100
AcDbPolyline
 90
179
 70
1
 10
55.69414355370112
 20
-22.13685135067069
 42
-0.4142135623735948
 10
55.69444355370112
 20
-22.13655135067069
 10
55.69544355370112
 20
-22.13655135067069
 42
-0.4142135623764249
 10
55.69564355370111
 20
-22.13675135067068
 10
55.69564355370111
 20
-22.13755135067069
 42
0.4142135623724848
 10
55.69594355370111
 20
-22.13785135067069
 10
55.69634355370112
 20
-22.13785135067069
 42
0.4142135623717077
 10
55.69664355370111
 20
-22.13755135067069
 10
55.69664355370111
 20
-22.13685135067069
 42
-0.4142135623728177
 10
55.69694355370112
 20
-22.13655135067069
 10
55.72334355370126
 20
-22.13655135067069
 42
-0.414213562375093
 10
55.72364355370126
 20
-22.13685135067069
 10
55.72364355370126
 20
-22.13755135067069
 42
0.4142135623717074
 10
55.72394355370126
 20
-22.1378513506707
 10
55.72434355370126
 20
-22.1378513506707
 42
0.4142135623738167
 10
55.72464355370126
 20
-22.13755135067069
 10
55.72464355370126
 20
-22.13675135067069
 42
-0.4142135623751761
 10
55.72484355370126
 20
-22.13655135067069
 10
55.72584355370126
 20
-22.13655135067069
 42
-0.4142135623729287
 10
55.72614355370126
 20
-22.13685135067069
 10
55.72614355370126
 20
-22.14355135067069
 42
-0.4142135623728178
 10
55.72584355370126
 20
-22.1438513506707
 10
55.72484355370126
 20
-22.1438513506707
 42
-0.4142135623721793
 10
55.72464355370126
 20
-22.14365135067069
 10
55.72464355370126
 20
-22.14285135067069
 42
0.4142135623760919
 10
55.72434355370126
 20
-22.1425513506707
 10
55.72394355370126
 20
-22.14255135067069
 42
0.4142135623738166
 10
55.72364355370126
 20
-22.14285135067069
 10
55.72364355370126
 20
-22.1446513506707
 42
0.4142135623742605
 10
55.72394355370126
 20
-22.14495135067069
 10
55.72584355370126
 20
-22.14495135067069
 42
-0.4142135623742051
 10
55.72614355370126
 20
-22.1452513506707
 10
55.72614355370126
 20
-22.14792882860505
 42
-0.24543573724201
 10
55.72601494228082
 20
-22.14817505198898
 42
0.0951283628813846
 10
55.72490894962903
 20
-22.14930875308996
 42
-0.5526471097437529
 10
55.72440105763781
 20
-22.14929742951339
 42
0.2638913283817033
 10
55.72414355370127
 20
-22.14915135067069
 10
55.72394355370126
 20
-22.14915135067069
 42
0.4142135623728177
 10
55.72364355370126
 20
-22.14945135067069
 10
55.72364355370126
 20
-22.15045135067069
 42
0.4142135623723737
 10
55.72394355370126
 20
-22.15075135067069
 10
55.72532906876863
 20
-22.15075135067069
 42
0.3115563722354438
 10
55.72560955182554
 20
-22.15055778964282
 42
-0.2145550635874846
 10
55.72734999267339
 20
-22.148817348795
 42
0.3115563722355165
 10
55.72754355370125
 20
-22.14853686573807
 10
55.72754355370125
 20
-22.09125135067069
 42
0.4142135623746268
 10
55.72704355370126
 20
-22.09075135067069
 10
55.72414355370127
 20
-22.09075135067069
 42
0.4142135623714302
 10
55.72384355370125
 20
-22.09105135067069
 10
55.72384355370125
 20
-22.09305135067069
 42
0.4142135623737057
 10
55.72414355370126
 20
-22.09335135067069
 10
55.72434355370126
 20
-22.09335135067069
 42
0.4142135623719298
 10
55.72464355370126
 20
-22.0930513506707
 10
55.72464355370126
 20
-22.09215135067069
 42
-0.4142135623731507
 10
55.72494355370126
 20
-22.0918513506707
 10
55.72584355370127
 20
-22.09185135067069
 42
-0.4142135623699318
 10
55.72614355370126
 20
-22.09215135067069
 10
55.72614355370126
 20
-22.09885135067069
 42
-0.4142135623712638
 10
55.72584355370126
 20
-22.09915135067069
 10
55.72494355370126
 20
-22.09915135067069
 42
-0.4142135623728175
 10
55.72464355370126
 20
-22.09885135067069
 10
55.72464355370126
 20
-22.0979513506707
 42
0.4142135623728177
 10
55.72434355370126
 20
-22.09765135067069
 10
55.72414355370126
 20
-22.09765135067069
 42
0.4142135623738166
 10
55.72384355370125
 20
-22.0979513506707
 10
55.72384355370125
 20
-22.10135135067069
 42
0.4142135623737057
 10
55.72414355370126
 20
-22.10165135067069
 10
55.72434355370126
 20
-22.10165135067069
 42
0.4142135623719298
 10
55.72464355370126
 20
-22.1013513506707
 10
55.72464355370126
 20
-22.10045135067069
 42
-0.4142135623735947
 10
55.72494355370126
 20
-22.10015135067069
 10
55.72584355370126
 20
-22.1001513506707
 42
-0.4142135623740386
 10
55.72614355370126
 20
-22.10045135067069
 10
55.72614355370126
 20
-22.10715135067069
 42
-0.4142135623731507
 10
55.72584355370126
 20
-22.10745135067069
 10
55.72494355370126
 20
-22.10745135067069
 42
-0.4142135623728175
 10
55.72464355370126
 20
-22.10715135067069
 10
55.72464355370126
 20
-22.10625135067069
 42
0.4142135623728177
 10
55.72434355370126
 20
-22.1059513506707
 10
55.72414355370126
 20
-22.1059513506707
 42
0.4142135623738166
 10
55.72384355370125
 20
-22.10625135067069
 10
55.72384355370125
 20
-22.10795135067069
 42
0.4142135623732283
 10
55.72434355370126
 20
-22.10845135067069
 10
55.72534355370127
 20
-22.10845135067069
 42
-0.3104661910082529
 10
55.72614355370126
 20
-22.10895135067069
 10
55.72614355370126
 20
-22.11645135067069
 42
-0.4142135623681557
 10
55.72584355370126
 20
-22.1167513506707
 10
55.72344355370126
 20
-22.1167513506707
 42
-0.4142135623705421
 10
55.72314355370126
 20
-22.11645135067069
 10
55.72314355370126
 20
-22.11325135067069
 42
0.4142135623731117
 10
55.72214355370125
 20
-22.11225135067069
 10
55.71954355370126
 20
-22.11225135067069
 42
0.4142135623732949
 10
55.71904355370126
 20
-22.11275135067069
 10
55.71904355370126
 20
-22.11325135067069
 42
0.4142135623746268
 10
55.71954355370126
 20
-22.11375135067069
 10
55.72134355370126
 20
-22.11375135067069
 42
-0.4142135623705423
 10
55.72164355370126
 20
-22.1140513506707
 10
55.72164355370126
 20
-22.11645135067069
 42
-0.4142135623723183
 10
55.72134355370126
 20
-22.1167513506707
 10
55.71206316894353
 20
-22.1167513506707
 10
55.69894355370111
 20
-22.1167513506707
 42
-0.4142135623725956
 10
55.69864355370111
 20
-22.11645135067069
 10
55.69864355370111
 20
-22.11405135067069
 42
-0.4142135623724845
 10
55.69894355370111
 20
-22.11375135067069
 10
55.70074355370111
 20
-22.11375135067069
 42
0.4142135623746268
 10
55.70124355370111
 20
-22.11325135067069
 10
55.70124355370111
 20
-22.11275135067069
 42
0.4142135623732616
 10
55.70074355370111
 20
-22.11225135067069
 10
55.69814355370112
 20
-22.11225135067069
 42
0.4142135623730951
 10
55.69714355370111
 20
-22.11325135067069
 10
55.69714355370112
 20
-22.11645135067069
 42
-0.4142135623700986
 10
55.69684355370111
 20
-22.11675135067069
 10
55.69444355370112
 20
-22.11675135067069
 42
-0.4142135623704866
 10
55.69414355370112
 20
-22.11645135067069
 10
55.69414355370112
 20
-22.10895135067069
 42
-0.3104661910104984
 10
55.69494355370111
 20
-22.10845135067069
 10
55.69594355370111
 20
-22.10845135067069
 42
0.4142135623732616
 10
55.69644355370112
 20
-22.10795135067069
 10
55.69644355370112
 20
-22.10625135067069
 42
0.4142135623724846
 10
55.69614355370112
 20
-22.10595135067069
 10
55.69594355370111
 20
-22.10595135067069
 42
0.4142135623728177
 10
55.69564355370111
 20
-22.10625135067069
 10
55.69564355370111
 20
-22.10715135067069
 42
-0.4142135623737057
 10
55.69534355370112
 20
-22.10745135067069
 10
55.69444355370112
 20
-22.10745135067069
 42
-0.4142135623724848
 10
55.69414355370112
 20
-22.10715135067069
 10
55.69414355370112
 20
-22.10045135067069
 42
-0.4142135623740385
 10
55.69444355370112
 20
-22.10015135067069
 10
55.69534355370112
 20
-22.10015135067069
 42
-0.4142135623724846
 10
55.69564355370111
 20
-22.10045135067069
 10
55.69564355370111
 20
-22.10135135067069
 42
0.4142135623723183
 10
55.69594355370111
 20
-22.10165135067069
 10
55.69614355370112
 20
-22.10165135067069
 42
0.4142135623728178
 10
55.69644355370112
 20
-22.10135135067069
 10
55.69644355370112
 20
-22.09795135067069
 42
0.4142135623724846
 10
55.69614355370112
 20
-22.09765135067069
 10
55.69594355370111
 20
-22.09765135067069
 42
0.4142135623728177
 10
55.69564355370111
 20
-22.09795135067069
 10
55.69564355370111
 20
-22.09885135067068
 42
-0.4142135623737057
 10
55.69534355370112
 20
-22.09915135067069
 10
55.69444355370112
 20
-22.09915135067069
 42
-0.4142135623705422
 10
55.69414355370112
 20
-22.09885135067069
 10
55.69414355370112
 20
-22.09215135067069
 42
-0.4142135623717077
 10
55.69444355370112
 20
-22.09185135067069
 10
55.69534355370112
 20
-22.09185135067069
 42
-0.4142135623707086
 10
55.69564355370111
 20
-22.09215135067069
 10
55.69564355370111
 20
-22.09305135067069
 42
0.4142135623723183
 10
55.69594355370111
 20
-22.09335135067069
 10
55.69614355370112
 20
-22.09335135067069
 42
0.4142135623737057
 10
55.69644355370112
 20
-22.09305135067069
 10
55.69644355370112
 20
-22.09105135067069
 42
0.4142135623692104
 10
55.69614355370112
 20
-22.09075135067069
 10
55.69324355370111
 20
-22.09075135067069
 42
0.4142135623745602
 10
55.69274355370112
 20
-22.09125135067069
 10
55.69274355370112
 20
-22.14853686573807
 42
0.3115563722320174
 10
55.69293711472899
 20
-22.14881734879497
 42
-0.2145550635875904
 10
55.69467755557681
 20
-22.15055778964282
 42
0.3115563722342129
 10
55.69495803863374
 20
-22.15075135067069
 10
55.69634355370111
 20
-22.15075135067069
 42
0.4142135623724291
 10
55.69664355370111
 20
-22.15045135067069
 10
55.69664355370111
 20
-22.14945135067069
 42
0.414213562375093
 10
55.69634355370111
 20
-22.14915135067069
 10
55.69614355370111
 20
-22.14915135067069
 42
0.2638913283790971
 10
55.69588604976456
 20
-22.14929742951339
 42
-0.5526471097437212
 10
55.69537815777334
 20
-22.14930875308996
 42
0.0951283628812907
 10
55.69427216512156
 20
-22.14817505198898
 42
-0.245435737242128
 10
55.69414355370112
 20
-22.14792882860504
 10
55.69414355370112
 20
-22.14525135067069
 42
-0.4142135623728177
 10
55.69444355370112
 20
-22.14495135067069
 10
55.69634355370111
 20
-22.14495135067069
 42
0.4142135623718743
 10
55.69664355370112
 20
-22.14465135067069
 10
55.69664355370112
 20
-22.14285135067069
 42
0.4142135623724846
 10
55.69634355370111
 20
-22.14255135067069
 10
55.69594355370111
 20
-22.14255135067069
 42
0.4142135623762032
 10
55.69564355370111
 20
-22.14285135067069
 10
55.69564355370111
 20
-22.14365135067069
 42
-0.4142135623690996
 10
55.69544355370112
 20
-22.14385135067069
 10
55.69444355370112
 20
-22.14385135067069
 42
-0.4142135623759811
 10
55.69414355370112
 20
-22.14355135067069
  0
LWPOLYLINE
  5
209
330
17
100
AcDbEntity
  8
0
 62
11
100
AcDbPolyline
 90
25
 70
1
 10
55.69414355370112
 20
-22.12635135067069
 10
55.69474355370111
 20
-22.12635135067069
 10
55.69474355370111
 20
-22.12695135067069
 10
55.69414355370112
 20
-22.12695135067069
 10
55.69414355370112
 20
-22.13465135067069
 10
55.69574355370112
 20
-22.13465135067069
 10
55.69574355370112
 20
-22.13515135067069
 10
55.70984355370119
 20
-22.13515135067069
 10
55.70984355370119
 20
-22.13465135067069
 10
55.71044355370119
 20
-22.13465135067069
 10
55.71044355370119
 20
-22.1351513506707
 10
55.72454355370126
 20
-22.13515135067069
 10
55.72454355370126
 20
-22.13465135067069
 10
55.72614355370126
 20
-22.13465135067069
 10
55.72614355370126
 20
-22.1269513506707
 10
55.72554355370126
 20
-22.1269513506707
 10
55.72554355370126
 20
-22.12635135067069
 10
55.72614355370126
 20
-22.12635135067069
 10
55.72614355370126
 20
-22.11865135067069
 10
55.72454355370126
 20
-22.11865135067069
 10
55.72454355370126
 20
-22.11815135067069
 10
55.71184355370125
 20
-22.1181513506707
 10
55.69574355370112
 20
-22.11815135067069
 10
55.69574355370112
 20
-22.11865135067069
 10
55.69414355370112
 20
-22.11865135067069
  0
LWPOLYLINE
  5
20A
330
17
100
AcDbEntity
  8
0
100
AcDbPolyline
 90
179
 70
1
 10
55.69307924241505
 20
-24.3725757837271
 42
0.4142135623735948
 10
55.69337924241506
 20
-24.3728757837271
 10
55.69437924241507
 20
-24.3728757837271
 42
0.4142135623764249
 10
55.69457924241506
 20
-24.372675783727107
 10
55.69457924241506
 20
-24.3718757837271
 42
-0.4142135623724848
 10
55.69487924241507
 20
-24.3715757837271
 10
55.69527924241507
 20
-24.3715757837271
 42
-0.4142135623717077
 10
55.69557924241506
 20
-24.3718757837271
 10
55.69557924241506
 20
-24.3725757837271
 42
0.4142135623728177
 10
55.69587924241506
 20
-24.3728757837271
 10
55.72227924241521
 20
-24.3728757837271
 42
0.414213562375093
 10
55.72257924241521
 20
-24.3725757837271
 10
55.72257924241521
 20
-24.3718757837271
 42
-0.4142135623717074
 10
55.7228792424152
 20
-24.37157578372709
 10
55.7232792424152
 20
-24.37157578372709
 42
-0.4142135623738167
 10
55.72357924241521
 20
-24.3718757837271
 10
55.72357924241521
 20
-24.3726757837271
 42
0.4142135623751761
 10
55.723779242415205
 20
-24.3728757837271
 10
55.72477924241521
 20
-24.3728757837271
 42
0.4142135623729287
 10
55.725079242415205
 20
-24.3725757837271
 10
55.725079242415205
 20
-24.3658757837271
 42
0.4142135623728178
 10
55.72477924241521
 20
-24.3655757837271
 10
55.723779242415205
 20
-24.3655757837271
 42
0.4142135623721793
 10
55.72357924241521
 20
-24.3657757837271
 10
55.72357924241521
 20
-24.3665757837271
 42
-0.4142135623760919
 10
55.7232792424152
 20
-24.36687578372709
 10
55.7228792424152
 20
-24.3668757837271
 42
-0.4142135623738166
 10
55.72257924241521
 20
-24.3665757837271
 10
55.72257924241521
 20
-24.36477578372709
 42
-0.4142135623742605
 10
55.7228792424152
 20
-24.364475783727098
 10
55.72477924241521
 20
-24.364475783727098
 42
0.4142135623742051
 10
55.725079242415205
 20
-24.364175783727088
 10
55.725079242415205
 20
-24.36149830579274
 42
0.24543573724201
 10
55.72495063099477
 20
-24.36125208240881
 42
-0.0951283628813846
 10
55.72384463834299
 20
-24.360118381307828
 42
0.5526471097437529
 10
55.72333674635176
 20
-24.3601297048844
 42
-0.2638913283817033
 10
55.72307924241521
 20
-24.3602757837271
 10
55.7228792424152
 20
-24.3602757837271
 42
-0.4142135623728177
 10
55.72257924241521
 20
-24.359975783727098
 10
55.72257924241521
 20
-24.3589757837271
 42
-0.4142135623723737
 10
55.7228792424152
 20
-24.358675783727097
 10
55.72426475748257
 20
-24.358675783727097
 42
-0.3115563722354438
 10
55.724545240539484
 20
-24.358869344754968
 42
0.2145550635874846
 10
55.72628568138734
 20
-24.3606097856028
 42
-0.3115563722355165
 10
55.72647924241521
 20
-24.36089026865972
 10
55.72647924241521
 20
-24.4181757837271
 42
-0.4142135623746268
 10
55.72597924241521
 20
-24.4186757837271
 10
55.72307924241521
 20
-24.4186757837271
 42
-0.4142135623714302
 10
55.72277924241521
 20
-24.4183757837271
 10
55.72277924241521
 20
-24.416375783727098
 42
-0.4142135623737057
 10
55.72307924241521
 20
-24.4160757837271
 10
55.7232792424152
 20
-24.4160757837271
 42
-0.4142135623719298
 10
55.72357924241521
 20
-24.41637578372709
 10
55.72357924241521
 20
-24.4172757837271
 42
0.4142135623731507
 10
55.72387924241521
 20
-24.417575783727088
 10
55.72477924241521
 20
-24.4175757837271
 42
0.4142135623699318
 10
55.725079242415205
 20
-24.4172757837271
 10
55.725079242415205
 20
-24.4105757837271
 42
0.4142135623712638
 10
55.72477924241521
 20
-24.410275783727098
 10
55.72387924241521
 20
-24.410275783727098
 42
0.4142135623728175
 10
55.72357924241521
 20
-24.4105757837271
 10
55.72357924241521
 20
-24.411475783727088
 42
-0.4142135623728177
 10
55.7232792424152
 20
-24.411775783727098
 10
55.72307924241521
 20
-24.411775783727098
 42
-0.4142135623738166
 10
55.72277924241521
 20
-24.411475783727088
 10
55.72277924241521
 20
-24.4080757837271
 42
-0.4142135623737057
 10
55.72307924241521
 20
-24.4077757837271
 10
55.7232792424152
 20
-24.4077757837271
 42
-0.4142135623719298
 10
55.72357924241521
 20
-24.40807578372709
 10
55.72357924241521
 20
-24.408975783727097
 42
0.4142135623735947
 10
55.72387924241521
 20
-24.4092757837271
 10
55.72477924241521
 20
-24.40927578372709
 42
0.4142135623740386
 10
55.725079242415205
 20
-24.408975783727097
 10
55.725079242415205
 20
-24.4022757837271
 42
0.4142135623731507
 10
55.72477924241521
 20
-24.4019757837271
 10
55.72387924241521
 20
-24.4019757837271
 42
0.4142135623728175
 10
55.72357924241521
 20
-24.4022757837271
 10
55.72357924241521
 20
-24.4031757837271
 42
-0.4142135623728177
 10
55.7232792424152
 20
-24.40347578372709
 10
55.72307924241521
 20
-24.40347578372709
 42
-0.4142135623738166
 10
55.72277924241521
 20
-24.4031757837271
 10
55.72277924241521
 20
-24.4014757837271
 42
-0.4142135623732283
 10
55.7232792424152
 20
-24.400975783727098
 10
55.72427924241521
 20
-24.400975783727098
 42
0.3104661910082529
 10
55.725079242415205
 20
-24.4004757837271
 10
55.725079242415205
 20
-24.3929757837271
 42
0.4142135623681557
 10
55.72477924241521
 20
-24.3926757837271
 10
55.72237924241521
 20
-24.3926757837271
 42
0.4142135623705421
 10
55.722079242415205
 20
-24.3929757837271
 10
55.722079242415205
 20
-24.3961757837271
 42
-0.4142135623731117
 10
55.72107924241521
 20
-24.3971757837271
 10
55.718479242415206
 20
-24.3971757837271
 42
-0.4142135623732949
 10
55.71797924241521
 20
-24.396675783727098
 10
55.71797924241521
 20
-24.3961757837271
 42
-0.4142135623746268
 10
55.718479242415206
 20
-24.3956757837271
 10
55.7202792424152
 20
-24.3956757837271
 42
0.4142135623705423
 10
55.72057924241521
 20
-24.39537578372709
 10
55.72057924241521
 20
-24.3929757837271
 42
0.4142135623723183
 10
55.7202792424152
 20
-24.3926757837271
 10
55.71099885765747
 20
-24.3926757837271
 10
55.697879242415056
 20
-24.3926757837271
 42
0.4142135623725956
 10
55.69757924241507
 20
-24.3929757837271
 10
55.69757924241507
 20
-24.3953757837271
 42
0.4142135623724845
 10
55.697879242415056
 20
-24.3956757837271
 10
55.69967924241506
 20
-24.3956757837271
 42
-0.4142135623746268
 10
55.70017924241507
 20
-24.3961757837271
 10
55.70017924241507
 20
-24.396675783727098
 42
-0.4142135623732616
 10
55.69967924241506
 20
-24.3971757837271
 10
55.69707924241506
 20
-24.3971757837271
 42
-0.4142135623730951
 10
55.69607924241505
 20
-24.3961757837271
 10
55.69607924241505
 20
-24.3929757837271
 42
0.4142135623700986
 10
55.69577924241506
 20
-24.3926757837271
 10
55.69337924241506
 20
-24.3926757837271
 42
0.4142135623704866
 10
55.69307924241505
 20
-24.3929757837271
 10
55.69307924241505
 20
-24.4004757837271
 42
0.3104661910104984
 10
55.69387924241506
 20
-24.400975783727098
 10
55.69487924241507
 20
-24.400975783727098
 42
-0.4142135623732616
 10
55.69537924241506
 20
-24.4014757837271
 10
55.69537924241506
 20
-24.4031757837271
 42
-0.4142135623724846
 10
55.69507924241506
 20
-24.4034757837271
 10
55.69487924241507
 20
-24.4034757837271
 42
-0.4142135623728177
 10
55.69457924241506
 20
-24.4031757837271
 10
55.69457924241506
 20
-24.4022757837271
 42
0.4142135623737057
 10
55.694279242415064
 20
-24.4019757837271
 10
55.69337924241506
 20
-24.4019757837271
 42
0.4142135623724848
 10
55.69307924241505
 20
-24.4022757837271
 10
55.69307924241505
 20
-24.408975783727097
 42
0.4142135623740385
 10
55.69337924241506
 20
-24.4092757837271
 10
55.694279242415064
 20
-24.4092757837271
 42
0.4142135623724846
 10
55.69457924241506
 20
-24.408975783727097
 10
55.69457924241506
 20
-24.4080757837271
 42
-0.4142135623723183
 10
55.69487924241507
 20
-24.4077757837271
 10
55.69507924241506
 20
-24.4077757837271
 42
-0.4142135623728178
 10
55.69537924241506
 20
-24.4080757837271
 10
55.69537924241506
 20
-24.4114757837271
 42
-0.4142135623724846
 10
55.69507924241506
 20
-24.411775783727098
 10
55.69487924241507
 20
-24.411775783727098
 42
-0.4142135623728177
 10
55.69457924241506
 20
-24.4114757837271
 10
55.69457924241506
 20
-24.410575783727108
 42
0.4142135623737057
 10
55.694279242415064
 20
-24.410275783727098
 10
55.69337924241506
 20
-24.410275783727098
 42
0.4142135623705422
 10
55.69307924241505
 20
-24.4105757837271
 10
55.69307924241505
 20
-24.4172757837271
 42
0.4142135623717077
 10
55.69337924241506
 20
-24.4175757837271
 10
55.694279242415064
 20
-24.4175757837271
 42
0.4142135623707086
 10
55.69457924241506
 20
-24.41727578372711
 10
55.69457924241506
 20
-24.416375783727098
 42
-0.4142135623723183
 10
55.69487924241507
 20
-24.4160757837271
 10
55.69507924241506
 20
-24.4160757837271
 42
-0.4142135623737057
 10
55.69537924241506
 20
-24.416375783727098
 10
55.69537924241506
 20
-24.4183757837271
 42
-0.4142135623692104
 10
55.69507924241506
 20
-24.4186757837271
 10
55.69217924241506
 20
-24.4186757837271
 42
-0.4142135623745602
 10
55.691679242415056
 20
-24.4181757837271
 10
55.691679242415056
 20
-24.36089026865972
 42
-0.3115563722320174
 10
55.691872803442934
 20
-24.36060978560282
 42
0.2145550635875904
 10
55.69361324429076
 20
-24.358869344754968
 42
-0.3115563722342129
 10
55.693893727347685
 20
-24.358675783727097
 10
55.695279242415054
 20
-24.358675783727097
 42
-0.4142135623724291
 10
55.69557924241506
 20
-24.3589757837271
 10
55.69557924241506
 20
-24.359975783727098
 42
-0.414213562375093
 10
55.695279242415054
 20
-24.3602757837271
 10
55.69507924241506
 20
-24.3602757837271
 42
-0.2638913283790971
 10
55.69482173847852
 20
-24.3601297048844
 42
0.5526471097437212
 10
55.69431384648729
 20
-24.360118381307828
 42
-0.0951283628812907
 10
55.6932078538355
 20
-24.36125208240881
 42
0.245435737242128
 10
55.69307924241505
 20
-24.36149830579275
 10
55.69307924241505
 20
-24.3641757837271
 42
0.4142135623728177
 10
55.69337924241506
 20
-24.364475783727098
 10
55.695279242415054
 20
-24.364475783727098
 42
-0.4142135623718743
 10
55.695579242415064
 20
-24.364775783727097
 10
55.695579242415064
 20
-24.3665757837271
 42
-0.4142135623724846
 10
55.695279242415054
 20
-24.3668757837271
 10
55.69487924241507
 20
-24.3668757837271
 42
-0.4142135623762032
 10
55.69457924241506
 20
-24.3665757837271
 10
55.69457924241506
 20
-24.3657757837271
 42
0.4142135623690996
 10
55.69437924241507
 20
-24.3655757837271
 10
55.69337924241506
 20
-24.3655757837271
 42
0.4142135623759811
 10
55.69307924241505
 20
-24.3658757837271
  0
LWPOLYLINE
  5
20B
330
17
100
AcDbEntity
  8
0
100
AcDbPolyline
 90
25
 70
1
 10
55.69307924241505
 20
-24.383075783727097
 10
55.69367924241507
 20
-24.383075783727097
 10
55.69367924241507
 20
-24.3824757837271
 10
55.69307924241505
 20
-24.3824757837271
 10
55.69307924241505
 20
-24.3747757837271
 10
55.694679242415056
 20
-24.3747757837271
 10
55.694679242415056
 20
-24.3742757837271
 10
55.70877924241513
 20
-24.3742757837271
 10
55.70877924241513
 20
-24.3747757837271
 10
55.70937924241514
 20
-24.3747757837271
 10
55.70937924241514
 20
-24.37427578372709
 10
55.72347924241521
 20
-24.3742757837271
 10
55.72347924241521
 20
-24.3747757837271
 10
55.725079242415205
 20
-24.3747757837271
 10
55.725079242415205
 20
-24.382475783727088
 10
55.72447924241521
 20
-24.382475783727088
 10
55.72447924241521
 20
-24.383075783727097
 10
55.725079242415205
 20
-24.383075783727097
 10
55.725079242415205
 20
-24.3907757837271
 10
55.72347924241521
 20
-24.3907757837271
 10
55.72347924241521
 20
-24.3912757837271
 10
55.71077924241521
 20
-24.39127578372709
 10
55.694679242415056
 20
-24.3912757837271
 10
55.694679242415056
 20
-24.3907757837271
 10
55.69307924241505
 20
-24.3907757837271
  0
LINE
  5
20C
330
17
100
AcDbEntity
  8
0
 62
11
100
AcDbLine
 10
55.69664355370126
 20
-24.36929615162235
 30
0.0
 11
55.69964355370126
 21
-24.36929615162235
 31
0.0
  0
LINE
  5
20D
330
17
100
AcDbEntity
  8
0
 62
11
100
AcDbLine
 10
55.70064355370125
 20
-24.36929615162235
 30
0.0
 11
55.70364355370125
 21
-24.36929615162235
 31
0.0
  0
LINE
  5
20E
330
17
100
AcDbEntity
  8
0
 62
11
100
AcDbLine
 10
55.70414355370127
 20
-24.36879615162235
 30
0.0
 11
55.70364355370125
 21
-24.36929615162235
 31
0.0
  0
LINE
  5
20F
330
17
100
AcDbEntity
  8
0
 62
11
100
AcDbLine
 10
55.69614355370126
 20
-24.36879615162236
 30
0.0
 11
55.69664355370126
 21
-24.36929615162235
 31
0.0
  0
LINE
  5
210
330
17
100
AcDbEntity
  8
0
 62
11
100
AcDbLine
 10
55.70014355370126
 20
-24.36879615162236
 30
0.0
 11
55.70064355370125
 21
-24.36929615162235
 31
0.0
  0
LINE
  5
211
330
17
100
AcDbEntity
  8
0
 62
11
100
AcDbLine
 10
55.70014355370126
 20
-24.36879615162236
 30
0.0
 11
55.69964355370126
 21
-24.36929615162235
 31
0.0
  0
LINE
  5
212
330
17
100
AcDbEntity
  8
0
 62
11
100
AcDbLine
 10
55.71664355370096
 20
-24.36929615162253
 30
0.0
 11
55.71864355370095
 21
-24.36929615162252
 31
0.0
  0
LINE
  5
213
330
17
100
AcDbEntity
  8
0
 62
11
100
AcDbLine
 10
55.71964355370096
 20
-24.36929615162253
 30
0.0
 11
55.72164355370095
 21
-24.36929615162253
 31
0.0
  0
LINE
  5
214
330
17
100
AcDbEntity
  8
0
 62
11
100
AcDbLine
 10
55.71914355370096
 20
-24.36879615162253
 30
0.0
 11
55.71964355370096
 21
-24.36929615162253
 31
0.0
  0
LINE
  5
215
330
17
100
AcDbEntity
  8
0
 62
11
100
AcDbLine
 10
55.71914355370096
 20
-24.36879615162253
 30
0.0
 11
55.71864355370095
 21
-24.36929615162253
 31
0.0
  0
LINE
  5
216
330
17
100
AcDbEntity
  8
0
 62
11
100
AcDbLine
 10
55.72214355370096
 20
-24.36879615162253
 30
0.0
 11
55.72164355370095
 21
-24.36929615162253
 31
0.0
  0
LINE
  5
217
330
17
100
AcDbEntity
  8
0
 62
11
100
AcDbLine
 10
55.71614355370096
 20
-24.36879615162253
 30
0.0
 11
55.71664355370096
 21
-24.36929615162253
 31
0.0
  0
LINE
  5
218
330
17
100
AcDbEntity
  8
0
 62
11
100
AcDbLine
 10
55.69614355370126
 20
-24.36879615162236
 30
0.0
 11
55.69664355370126
 21
-24.36929615162235
 31
0.0
  0
LINE
  5
219
330
17
100
AcDbEntity
  8
0
 62
11
100
AcDbLine
 10
55.72214355370096
 20
-24.36879615162253
 30
0.0
 11
55.72164355370095
 21
-24.36929615162253
 31
0.0
  0
LINE
  5
21A
330
17
100
AcDbEntity
  8
0
 62
11
100
AcDbLine
 10
55.69614355370173
 20
-24.36879615162283
 30
0.0
 11
55.69664355370126
 21
-24.36929615162235
 31
0.0
  0
LINE
  5
21B
330
17
100
AcDbEntity
  8
0
 62
8
100
AcDbLine
 10
55.71514355370092
 20
-24.35661065455605
 30
0.0
 11
55.70314355370093
 21
-24.35661065455605
 31
0.0
  0
LWPOLYLINE
  5
21C
330
17
100
AcDbEntity
  8
0
 62
8
100
AcDbPolyline
 90
6
 70
1
 10
55.70414355370093
 20
-24.35661065455605
 10
55.71414355370092
 20
-24.35661065455605
 10
55.71414355370092
 20
-24.36161065455604
 10
55.71064355370094
 20
-24.36461065455604
 10
55.70764355370093
 20
-24.36461065455604
 10
55.70414355370093
 20
-24.36161065455604
  0
LWPOLYLINE
  5
21D
330
17
100
AcDbEntity
  8
0
 62
8
100
AcDbPolyline
 90
6
 70
1
 10
55.70464355370093
 20
-24.35711065455604
 10
55.71364355370093
 20
-24.35711065455604
 10
55.71364355370093
 20
-24.36145926673718
 10
55.71037596182168
 20
-24.36411065455605
 10
55.70791114558017
 20
-24.36411065455605
 10
55.70464355370093
 20
-24.36145926673718
  0
LINE
  5
21E
330
17
100
AcDbEntity
  8
0
 62
11
100
AcDbLine
 10
55.72214355370125
 20
-24.36879615162205
 30
0.0
 11
55.72164355370079
 21
-24.36929615162252
 31
0.0
  0
ARC
  5
21F
330
17
100
AcDbEntity
  8
0
 62
8
100
AcDbCircle
 10
55.71014355370096
 20
-24.38098679778937
 30
0.0
 40
0.0133761432333217
100
AcDbArc
 50
60.92593789098252
 51
119.0740621090305
  0
LINE
  5
220
330
17
100
AcDbEntity
  8
0
 62
8
100
AcDbLine
 10
55.70414355370093
 20
-24.36161065455604
 30
0.0
 11
55.70314355370093
 21
-24.36161065455604
 31
0.0
  0
LINE
  5
221
330
17
100
AcDbEntity
  8
0
 62
8
100
AcDbLine
 10
55.71414355370092
 20
-24.36161065455604
 30
0.0
 11
55.71514355370092
 21
-24.36161065455604
 31
0.0
  0
LINE
  5
222
330
17
100
AcDbEntity
  8
0-TEXTO
 62
12
100
AcDbLine
 10
55.99091090546534
 20
-22.77268616824069
 30
0.0
 11
55.70998747926978
 21
-22.77268616824069
 31
0.0
  0
CIRCLE
  5
223
330
17
100
AcDbEntity
  8
0-TEXTO
100
AcDbCircle
 10
55.70998747926978
 20
-22.77268616824069
 30
0.0
 40
0.0143465129660836
  0
LINE
  5
224
330
17
100
AcDbEntity
  8
0
 62
11
100
AcDbLine
 10
55.59665951587547
 20
-21.98079307551951
 30
0.0
 11
55.72265716083014
 21
-21.98079307551951
 31
0.0
  0
LINE
  5
225
330
17
100
AcDbEntity
  8
0
 62
11
100
AcDbLine
 10
55.72564032694745
 20
-21.98079307551951
 30
0.0
 11
55.73270544022269
 21
-21.98079307551951
 31
0.0
  0
LINE
  5
226
330
17
100
AcDbEntity
  8
0
 62
11
100
AcDbLine
 10
55.73756231594708
 20
-22.0025311966382
 30
0.0
 11
55.73756231594708
 21
-22.00738468914404
 31
0.0
  0
LINE
  5
227
330
17
100
AcDbEntity
  8
0
 62
11
100
AcDbLine
 10
55.73756231594708
 20
-22.01827407497047
 30
0.0
 11
55.73756231594708
 21
-22.05831968066821
 31
0.0
  0
ARC
  5
228
330
17
100
AcDbEntity
  8
0
 62
11
100
AcDbCircle
 10
55.73308892109573
 20
-22.05831968066821
 30
0.0
 40
0.0044733948513702
100
AcDbArc
 50
270.0
 51
0.0
  0
LINE
  5
229
330
17
100
AcDbEntity
  8
0
 62
11
100
AcDbLine
 10
55.58548446769966
 20
-21.98434799274572
 30
0.0
 11
55.58548446769966
 21
-22.09631283324974
 31
0.0
  0
ARC
  5
22A
330
17
100
AcDbEntity
  8
0
 62
11
100
AcDbCircle
 10
55.58995786255101
 20
-22.09631283324974
 30
0.0
 40
0.0044733948513702
100
AcDbArc
 50
180.0
 51
270.0
  0
ARC
  5
22B
330
17
100
AcDbEntity
  8
0
 62
11
100
AcDbCircle
 10
55.58615547692735
 20
-21.98434799274572
 30
0.0
 40
0.0006710092277055
100
AcDbArc
 50
90.0
 51
180.0
  0
LINE
  5
22C
330
17
100
AcDbEntity
  8
0
 62
11
100
AcDbLine
 10
55.67838592202948
 20
-22.10078622810113
 30
0.0
 11
55.58995786255101
 21
-22.10078622810113
 31
0.0
  0
LINE
  5
22D
330
17
100
AcDbEntity
  8
0
 62
11
100
AcDbLine
 10
55.73301748110694
 20
-22.00434689400425
 30
0.0
 11
55.73301748110694
 21
-22.02072159648504
 31
0.0
  0
LINE
  5
22E
330
17
100
AcDbEntity
  8
0
 62
11
100
AcDbLine
 10
55.73362696184849
 20
-22.0213310772266
 30
0.0
 11
55.73362696184849
 21
-22.0514002515148
 31
0.0
  0
LINE
  5
22F
330
17
100
AcDbEntity
  8
0
 62
11
100
AcDbLine
 10
55.73362696184849
 20
-22.0213310772266
 30
0.0
 11
55.73301748110694
 21
-22.02072159648504
 31
0.0
  0
LINE
  5
230
330
17
100
AcDbEntity
  8
0
 62
11
100
AcDbLine
 10
55.73706480877305
 20
-22.00788219631807
 30
0.0
 11
55.73706480877305
 21
-22.01777656779644
 31
0.0
  0
LINE
  5
231
330
17
100
AcDbEntity
  8
0
 62
11
100
AcDbLine
 10
55.73758044383733
 20
-22.01829220286084
 30
0.0
 11
55.73706480877305
 21
-22.01777656779644
 31
0.0
  0
LINE
  5
232
330
17
100
AcDbEntity
  8
0
 62
11
100
AcDbLine
 10
55.73758044383733
 20
-22.00736656125367
 30
0.0
 11
55.73706480877305
 21
-22.00788219631807
 31
0.0
  0
LINE
  5
233
330
17
100
AcDbEntity
  8
0
 62
11
100
AcDbLine
 10
55.72799400233222
 20
-22.05720911792458
 30
0.0
 11
55.71915308623894
 21
-22.05720911792458
 31
0.0
  0
LINE
  5
234
330
17
100
AcDbEntity
  8
0
 62
11
100
AcDbLine
 10
55.71915308623894
 20
-22.05720911792458
 30
0.0
 11
55.71915308623894
 21
-22.05514401527001
 31
0.0
  0
LINE
  5
235
330
17
100
AcDbEntity
  8
0
 62
11
100
AcDbLine
 10
55.70399134839052
 20
-22.0578612645237
 30
0.0
 11
55.70399134839052
 21
-22.05514401527001
 31
0.0
  0
ARC
  5
236
330
17
100
AcDbEntity
  8
0
 62
11
100
AcDbCircle
 10
55.71157221731473
 20
-22.06055452276121
 30
0.0
 40
0.0093136010735738
100
AcDbArc
 50
35.51565716753066
 51
144.4843428324693
  0
LINE
  5
237
330
17
100
AcDbEntity
  8
0
 62
11
100
AcDbLine
 10
55.70399134839052
 20
-22.0578612645237
 30
0.0
 11
55.70172560631775
 21
-22.0578612645237
 31
0.0
  0
LINE
  5
238
330
17
100
AcDbEntity
  8
0
 62
11
100
AcDbLine
 10
55.71920442181302
 20
-22.06279307551961
 30
0.0
 11
55.73308892109573
 21
-22.06279307551961
 31
0.0
  0
ARC
  5
239
330
17
100
AcDbEntity
  8
0
 62
11
100
AcDbCircle
 10
55.7316551073238
 20
-22.05521264444326
 30
0.0
 40
0.0022928741295318
100
AcDbArc
 50
171.3736766017116
 51
103.9706759828636
  0
LINE
  5
23A
330
17
100
AcDbEntity
  8
0
 62
11
100
AcDbLine
 10
55.70172560631775
 20
-22.0578612645237
 30
0.0
 11
55.70172560631775
 21
-22.06023341918206
 31
0.0
  0
LINE
  5
23B
330
17
100
AcDbEntity
  8
0
 62
11
100
AcDbLine
 10
55.7079751956572
 20
-22.06023341918206
 30
0.0
 11
55.70172560631775
 21
-22.06023341918206
 31
0.0
  0
LINE
  5
23C
330
17
100
AcDbEntity
  8
0
 62
11
100
AcDbLine
 10
55.71358998100211
 20
-22.05768498922169
 30
0.0
 11
55.70955445362735
 21
-22.05768498922169
 31
0.0
  0
LINE
  5
23D
330
17
100
AcDbEntity
  8
0
 62
11
100
AcDbLine
 10
55.71516923897226
 20
-22.05916420208371
 30
0.0
 11
55.71516923897226
 21
-22.06162493921182
 31
0.0
  0
LINE
  5
23E
330
17
100
AcDbEntity
  8
0
 62
11
100
AcDbLine
 10
55.71516923897226
 20
-22.06162493921182
 30
0.0
 11
55.71803628550522
 21
-22.06162493921182
 31
0.0
  0
LINE
  5
23F
330
17
100
AcDbEntity
  8
0
 62
11
100
AcDbLine
 10
55.71920442181302
 20
-22.06279307551961
 30
0.0
 11
55.71803628550522
 21
-22.06162493921182
 31
0.0
  0
LINE
  5
240
330
17
100
AcDbEntity
  8
0
 62
11
100
AcDbLine
 10
55.71516923897226
 20
-22.05916420208371
 30
0.0
 11
55.71358998100211
 21
-22.05768498922169
 31
0.0
  0
LINE
  5
241
330
17
100
AcDbEntity
  8
0
 62
251
100
AcDbLine
 10
55.71157221731473
 20
-22.00764055384674
 30
0.0
 11
55.71157221731473
 21
-22.06000054599407
 31
0.0
  0
LINE
  5
242
330
17
100
AcDbEntity
  8
0
 62
11
100
AcDbLine
 10
55.7079751956572
 20
-22.05916420208371
 30
0.0
 11
55.70955445362735
 21
-22.05768498922169
 31
0.0
  0
LINE
  5
243
330
17
100
AcDbEntity
  8
0
 62
11
100
AcDbLine
 10
55.7079751956572
 20
-22.05916420208371
 30
0.0
 11
55.7079751956572
 21
-22.06023341918206
 31
0.0
  0
LINE
  5
244
330
17
100
AcDbEntity
  8
0
 62
11
100
AcDbLine
 10
55.73362696184849
 20
-22.0514002515148
 30
0.0
 11
55.7307913604504
 21
-22.0514002515148
 31
0.0
  0
LINE
  5
245
330
17
100
AcDbEntity
  8
0
 62
11
100
AcDbLine
 10
55.72769331023661
 20
-22.05445158080477
 30
0.0
 11
55.72769331023661
 21
-22.05720911792458
 31
0.0
  0
LINE
  5
246
330
17
100
AcDbEntity
  8
0
 62
11
100
AcDbLine
 10
55.72897101477596
 20
-22.05445158080477
 30
0.0
 11
55.72769331023661
 21
-22.05445158080477
 31
0.0
  0
LINE
  5
247
330
17
100
AcDbEntity
  8
0
 62
11
100
AcDbLine
 10
55.73110154957728
 20
-22.05298759487176
 30
0.0
 11
55.7307913604504
 21
-22.05267740574494
 31
0.0
  0
LINE
  5
248
330
17
100
AcDbEntity
  8
0
 62
11
100
AcDbLine
 10
55.7307913604504
 20
-22.05267740574494
 30
0.0
 11
55.7307913604504
 21
-22.0514002515148
 31
0.0
  0
LINE
  5
249
330
17
100
AcDbEntity
  8
0
 62
11
100
AcDbLine
 10
55.72897101477596
 20
-22.05445158080477
 30
0.0
 11
55.72938817115933
 21
-22.05486873718804
 31
0.0
  0
LINE
  5
24A
330
17
100
AcDbEntity
  8
0
 62
11
100
AcDbLine
 10
55.73119932819312
 20
-21.99868228621165
 30
0.0
 11
55.72616426810483
 21
-21.99141962515217
 31
0.0
  0
LINE
  5
24B
330
17
100
AcDbEntity
  8
0
 62
11
100
AcDbLine
 10
55.72616426810483
 20
-21.99141962515217
 30
0.0
 11
55.72616426810483
 21
-21.98407981981848
 31
0.0
  0
LINE
  5
24C
330
17
100
AcDbEntity
  8
0
 62
11
100
AcDbLine
 10
55.72616426810483
 20
-21.98407981981848
 30
0.0
 11
55.7268032926415
 21
-21.98333849765812
 31
0.0
  0
LINE
  5
24D
330
17
100
AcDbEntity
  8
0
 62
11
100
AcDbLine
 10
55.7268032926415
 20
-21.98333849765812
 30
0.0
 11
55.73190015716974
 21
-21.98333849765812
 31
0.0
  0
LINE
  5
24E
330
17
100
AcDbEntity
  8
0
 62
11
100
AcDbLine
 10
55.73190015716974
 20
-21.98333849765812
 30
0.0
 11
55.73261609893401
 21
-21.98404575941403
 31
0.0
  0
LINE
  5
24F
330
17
100
AcDbEntity
  8
0
 62
11
100
AcDbLine
 10
55.73261609893401
 20
-21.98404575941403
 30
0.0
 11
55.73261609893401
 21
-21.98758854983783
 31
0.0
  0
LINE
  5
250
330
17
100
AcDbEntity
  8
0
 62
11
100
AcDbLine
 10
55.73261609893401
 20
-21.98758854983783
 30
0.0
 11
55.73317122942856
 21
-21.98845514142079
 31
0.0
  0
LINE
  5
251
330
17
100
AcDbEntity
  8
0
 62
11
100
AcDbLine
 10
55.73317122942856
 20
-21.98845514142079
 30
0.0
 11
55.73515385064243
 21
-21.98845514142079
 31
0.0
  0
LINE
  5
252
330
17
100
AcDbEntity
  8
0
 62
11
100
AcDbLine
 10
55.73515385064243
 20
-21.98845514142079
 30
0.0
 11
55.73583189366072
 21
-21.98796605265341
 31
0.0
  0
LINE
  5
253
330
17
100
AcDbEntity
  8
0
 62
11
100
AcDbLine
 10
55.73583189366072
 20
-21.98796605265341
 30
0.0
 11
55.73583189366072
 21
-21.98619851253705
 31
0.0
  0
LINE
  5
254
330
17
100
AcDbEntity
  8
0
 62
11
100
AcDbLine
 10
55.73583189366072
 20
-21.98619851253705
 30
0.0
 11
55.73513662393971
 21
-21.98619851253705
 31
0.0
  0
LINE
  5
255
330
17
100
AcDbEntity
  8
0
 62
11
100
AcDbLine
 10
55.73513662393971
 20
-21.98619851253705
 30
0.0
 11
55.73513662393971
 21
-21.98323826517447
 31
0.0
  0
LINE
  5
256
330
17
100
AcDbEntity
  8
0
 62
11
100
AcDbLine
 10
55.73513662393971
 20
-21.98323826517447
 30
0.0
 11
55.73270544022269
 21
-21.98079307551951
 31
0.0
  0
ARC
  5
257
330
17
100
AcDbEntity
  8
0
 62
11
100
AcDbCircle
 10
55.73138284671543
 20
-22.00507434951408
 30
0.0
 40
0.00668232493487
100
AcDbArc
 50
22.36955495835477
 51
73.05063748578641
  0
LINE
  5
258
330
17
100
AcDbEntity
  8
0
 62
11
100
AcDbLine
 10
55.73333092096262
 20
-21.99868228621165
 30
0.0
 11
55.73119932819312
 21
-21.99868228621165
 31
0.0
  0
LINE
  5
259
330
17
100
AcDbEntity
  8
0
 62
11
100
AcDbLine
 10
55.73189913239408
 20
-22.00322854529134
 30
0.0
 11
55.73154590875398
 21
-22.00322854529134
 31
0.0
  0
ARC
  5
25A
330
17
100
AcDbEntity
  8
0
 62
11
100
AcDbCircle
 10
55.73189913239408
 20
-22.00434689400425
 30
0.0
 40
0.0011183487128426
100
AcDbArc
 50
0.0
 51
90.0
  0
LINE
  5
25B
330
17
100
AcDbEntity
  8
0
 62
11
100
AcDbLine
 10
55.72184424173493
 20
-21.99115269155971
 30
0.0
 11
55.72184424173493
 21
-21.99257942554562
 31
0.0
  0
ARC
  5
25C
330
17
100
AcDbEntity
  8
0
 62
11
100
AcDbCircle
 10
55.72296259044779
 20
-21.99257942554562
 30
0.0
 40
0.0011183487128426
100
AcDbArc
 50
180.0
 51
215.7659218082154
  0
LINE
  5
25D
330
17
100
AcDbEntity
  8
0
 62
11
100
AcDbLine
 10
55.72205514933531
 20
-21.99323307259932
 30
0.0
 11
55.72791614430403
 21
-22.00136973865518
 31
0.0
  0
ARC
  5
25E
330
17
100
AcDbEntity
  8
0
 62
11
100
AcDbCircle
 10
55.73154590875398
 20
-21.99875515044017
 30
0.0
 40
0.0044733948513702
100
AcDbArc
 50
215.7659218082154
 51
270.0
  0
LINE
  5
25F
330
17
100
AcDbEntity
  8
0
 62
11
100
AcDbLine
 10
55.71468362704965
 20
-21.98519377297033
 30
0.0
 11
55.70054532312028
 21
-21.98519377297033
 31
0.0
  0
ARC
  5
260
330
17
100
AcDbEntity
  8
0
 62
11
100
AcDbCircle
 10
55.71468362704965
 20
-21.98631212168324
 30
0.0
 40
0.0011183487128426
100
AcDbArc
 50
0.0
 51
90.0
  0
LINE
  5
261
330
17
100
AcDbEntity
  8
0
 62
11
100
AcDbLine
 10
55.6996087890898
 20
-21.98425723893991
 30
0.0
 11
55.65811356744822
 21
-21.98425723893991
 31
0.0
  0
ARC
  5
262
330
17
100
AcDbEntity
  8
0
 62
11
100
AcDbCircle
 10
55.71976377284974
 20
-21.98734029863147
 30
0.0
 40
0.0022928741295318
100
AcDbArc
 50
256.0293240171364
 51
188.6263233982884
  0
LINE
  5
263
330
17
100
AcDbEntity
  8
0
 62
11
100
AcDbLine
 10
55.72184424173493
 20
-21.99115269155971
 30
0.0
 11
55.71890002597629
 21
-21.99115269155971
 31
0.0
  0
LINE
  5
264
330
17
100
AcDbEntity
  8
0
 62
11
100
AcDbLine
 10
55.71580197576249
 20
-21.98810136226997
 30
0.0
 11
55.71580197576249
 21
-21.98631212168324
 31
0.0
  0
LINE
  5
265
330
17
100
AcDbEntity
  8
0
 62
11
100
AcDbLine
 10
55.71707968030184
 20
-21.98810136226997
 30
0.0
 11
55.71580197576249
 21
-21.98810136226997
 31
0.0
  0
LINE
  5
266
330
17
100
AcDbEntity
  8
0
 62
11
100
AcDbLine
 10
55.71921021510316
 20
-21.98956534820275
 30
0.0
 11
55.71890002597629
 21
-21.9898755373298
 31
0.0
  0
LINE
  5
267
330
17
100
AcDbEntity
  8
0
 62
11
100
AcDbLine
 10
55.71890002597629
 20
-21.9898755373298
 30
0.0
 11
55.71890002597629
 21
-21.99115269155971
 31
0.0
  0
LINE
  5
268
330
17
100
AcDbEntity
  8
0
 62
11
100
AcDbLine
 10
55.71707968030184
 20
-21.98810136226997
 30
0.0
 11
55.71749683668528
 21
-21.98768420588647
 31
0.0
  0
LINE
  5
269
330
17
100
AcDbEntity
  8
0
 62
11
100
AcDbLine
 10
55.6996087890898
 20
-21.98425723893991
 30
0.0
 11
55.70054532312028
 21
-21.98519377297033
 31
0.0
  0
LINE
  5
26A
330
17
100
AcDbEntity
  8
0
 62
11
100
AcDbLine
 10
55.72414874388877
 20
-21.98228465857813
 30
0.0
 11
55.72564032694745
 21
-21.98079307551951
 31
0.0
  0
LINE
  5
26B
330
17
100
AcDbEntity
  8
0
 62
11
100
AcDbLine
 10
55.72414874388877
 20
-21.98228465857813
 30
0.0
 11
55.72265716083014
 21
-21.98079307551951
 31
0.0
  0
LINE
  5
26C
330
17
100
AcDbEntity
  8
0
 62
11
100
AcDbLine
 10
55.64840522855891
 20
-21.98439822529065
 30
0.0
 11
55.63493073228803
 21
-21.98439822529065
 31
0.0
  0
ARC
  5
26D
330
17
100
AcDbEntity
  8
0
 62
11
100
AcDbCircle
 10
55.64840522855891
 20
-21.98506923451817
 30
0.0
 40
0.0006710092277055
100
AcDbArc
 50
0.0
 51
90.0
  0
LINE
  5
26E
330
17
100
AcDbEntity
  8
0
 62
11
100
AcDbLine
 10
55.63164005838054
 20
-21.98447800690122
 30
0.0
 11
55.63164005838054
 21
-21.99273175563224
 31
0.0
  0
LINE
  5
26F
330
17
100
AcDbEntity
  8
0
 62
11
100
AcDbLine
 10
55.63096904915286
 20
-21.9838069976737
 30
0.0
 11
55.62235704811993
 21
-21.9838069976737
 31
0.0
  0
ARC
  5
270
330
17
100
AcDbEntity
  8
0
 62
11
100
AcDbCircle
 10
55.63096904915286
 20
-21.98447800690122
 30
0.0
 40
0.0006710092277055
100
AcDbArc
 50
0.0
 51
90.0
  0
LINE
  5
271
330
17
100
AcDbEntity
  8
0
 62
11
100
AcDbLine
 10
55.63425972306029
 20
-21.98506923451817
 30
0.0
 11
55.63425972306029
 21
-21.9896467364232
 31
0.0
  0
ARC
  5
272
330
17
100
AcDbEntity
  8
0
 62
11
100
AcDbCircle
 10
55.63493073228803
 20
-21.9896467364232
 30
0.0
 40
0.0006710092277055
100
AcDbArc
 50
180.0
 51
270.0
  0
ARC
  5
273
330
17
100
AcDbEntity
  8
0
 62
11
100
AcDbCircle
 10
55.63493073228803
 20
-21.98506923451817
 30
0.0
 40
0.0006710092277055
100
AcDbArc
 50
90.0
 51
180.0
  0
LINE
  5
274
330
17
100
AcDbEntity
  8
0
 62
11
100
AcDbLine
 10
55.64840522855891
 20
-21.99031774565095
 30
0.0
 11
55.64722939214751
 21
-21.99031774565095
 31
0.0
  0
LINE
  5
275
330
17
100
AcDbEntity
  8
0
 62
11
100
AcDbLine
 10
55.63588865091023
 20
-21.99031774565095
 30
0.0
 11
55.63493073228803
 21
-21.99031774565095
 31
0.0
  0
ARC
  5
276
330
17
100
AcDbEntity
  8
0
 62
11
100
AcDbCircle
 10
55.63588865091023
 20
-21.99098875487869
 30
0.0
 40
0.0006710092277055
100
AcDbArc
 50
0.0
 51
90.0
  0
LINE
  5
277
330
17
100
AcDbEntity
  8
0
 62
11
100
AcDbLine
 10
55.64907623778659
 20
-21.98506923451817
 30
0.0
 11
55.64907623778659
 21
-21.9896467364232
 31
0.0
  0
ARC
  5
278
330
17
100
AcDbEntity
  8
0
 62
11
100
AcDbCircle
 10
55.64840522855891
 20
-21.9896467364232
 30
0.0
 40
0.0006710092277055
100
AcDbArc
 50
270.0
 51
0.0
  0
LINE
  5
279
330
17
100
AcDbEntity
  8
0
 62
11
100
AcDbLine
 10
55.64655838291983
 20
-21.99098875487869
 30
0.0
 11
55.64655838291983
 21
-21.99273175563224
 31
0.0
  0
ARC
  5
27A
330
17
100
AcDbEntity
  8
0
 62
11
100
AcDbCircle
 10
55.64722939214751
 20
-21.99098875487869
 30
0.0
 40
0.0006710092277055
100
AcDbArc
 50
90.0
 51
180.0
  0
LINE
  5
27B
330
17
100
AcDbEntity
  8
0
 62
11
100
AcDbLine
 10
55.63655966013797
 20
-21.99098875487869
 30
0.0
 11
55.63655966013797
 21
-21.99273175563224
 31
0.0
  0
LINE
  5
27C
330
17
100
AcDbEntity
  8
0
 62
11
100
AcDbLine
 10
55.65114695325385
 20
-21.99273175563224
 30
0.0
 11
55.60103199755505
 21
-21.99273175563224
 31
0.0
  0
LINE
  5
27D
330
17
100
AcDbEntity
  8
0
 62
11
100
AcDbLine
 10
55.62168603889219
 20
-21.98447800690122
 30
0.0
 11
55.62168603889219
 21
-21.99273175563224
 31
0.0
  0
ARC
  5
27E
330
17
100
AcDbEntity
  8
0
 62
11
100
AcDbCircle
 10
55.62235704811993
 20
-21.98447800690122
 30
0.0
 40
0.0006710092277055
100
AcDbArc
 50
90.0
 51
180.0
  0
LINE
  5
27F
330
17
100
AcDbEntity
  8
0
 62
11
100
AcDbLine
 10
55.61848485770528
 20
-21.98390189233272
 30
0.0
 11
55.60485790511549
 21
-21.98390189233272
 31
0.0
  0
ARC
  5
280
330
17
100
AcDbEntity
  8
0
 62
11
100
AcDbCircle
 10
55.61848485770528
 20
-21.98457290156046
 30
0.0
 40
0.0006710092277055
100
AcDbArc
 50
0.0
 51
90.0
  0
LINE
  5
281
330
17
100
AcDbEntity
  8
0
 62
11
100
AcDbLine
 10
55.60418689588774
 20
-21.98457290156046
 30
0.0
 11
55.60418689588774
 21
-21.98977302257448
 31
0.0
  0
ARC
  5
282
330
17
100
AcDbEntity
  8
0
 62
11
100
AcDbCircle
 10
55.60485790511549
 20
-21.98977302257448
 30
0.0
 40
0.0006710092277055
100
AcDbArc
 50
180.0
 51
270.0
  0
ARC
  5
283
330
17
100
AcDbEntity
  8
0
 62
11
100
AcDbCircle
 10
55.60485790511549
 20
-21.98457290156046
 30
0.0
 40
0.0006710092277055
100
AcDbArc
 50
90.0
 51
180.0
  0
LINE
  5
284
330
17
100
AcDbEntity
  8
0
 62
11
100
AcDbLine
 10
55.61848485770528
 20
-21.99044403180222
 30
0.0
 11
55.6173811150447
 21
-21.99044403180222
 31
0.0
  0
LINE
  5
285
330
17
100
AcDbEntity
  8
0
 62
11
100
AcDbLine
 10
55.60607129573875
 20
-21.99044403180222
 30
0.0
 11
55.60485790511549
 21
-21.99044403180222
 31
0.0
  0
ARC
  5
286
330
17
100
AcDbEntity
  8
0
 62
11
100
AcDbCircle
 10
55.60607129573875
 20
-21.99111504102996
 30
0.0
 40
0.0006710092277055
100
AcDbArc
 50
0.0
 51
90.0
  0
LINE
  5
287
330
17
100
AcDbEntity
  8
0
 62
11
100
AcDbLine
 10
55.61671010581695
 20
-21.99111504102996
 30
0.0
 11
55.61671010581695
 21
-21.99273175563224
 31
0.0
  0
ARC
  5
288
330
17
100
AcDbEntity
  8
0
 62
11
100
AcDbCircle
 10
55.6173811150447
 20
-21.99111504102996
 30
0.0
 40
0.0006710092277055
100
AcDbArc
 50
90.0
 51
180.0
  0
LINE
  5
289
330
17
100
AcDbEntity
  8
0
 62
11
100
AcDbLine
 10
55.60674230496649
 20
-21.99111504102996
 30
0.0
 11
55.60674230496649
 21
-21.99273175563224
 31
0.0
  0
LINE
  5
28A
330
17
100
AcDbEntity
  8
0
 62
11
100
AcDbLine
 10
55.61915586693296
 20
-21.98457290156046
 30
0.0
 11
55.61915586693296
 21
-21.98977302257448
 31
0.0
  0
ARC
  5
28B
330
17
100
AcDbEntity
  8
0
 62
11
100
AcDbCircle
 10
55.61848485770528
 20
-21.98977302257448
 30
0.0
 40
0.0006710092277055
100
AcDbArc
 50
270.0
 51
0.0
  0
LINE
  5
28C
330
17
100
AcDbEntity
  8
0
 62
11
100
AcDbLine
 10
55.65181796248154
 20
-21.99101331502937
 30
0.0
 11
55.65181796248154
 21
-21.9920607464045
 31
0.0
  0
ARC
  5
28D
330
17
100
AcDbEntity
  8
0
 62
11
100
AcDbCircle
 10
55.65114695325385
 20
-21.9920607464045
 30
0.0
 40
0.0006710092277055
100
AcDbArc
 50
270.0
 51
0.0
  0
ARC
  5
28E
330
17
100
AcDbEntity
  8
0
 62
11
100
AcDbCircle
 10
55.65389843136673
 20
-21.9872009221009
 30
0.0
 40
0.0022928741295318
100
AcDbArc
 50
351.3736766017116
 51
283.9706759828636
  0
LINE
  5
28F
330
17
100
AcDbEntity
  8
0
 62
11
100
AcDbLine
 10
55.65181796248154
 20
-21.99101331502937
 30
0.0
 11
55.65476217824018
 21
-21.99101331502937
 31
0.0
  0
LINE
  5
290
330
17
100
AcDbEntity
  8
0
 62
11
100
AcDbLine
 10
55.65786022845397
 20
-21.9879619857394
 30
0.0
 11
55.65786022845397
 21
-21.98617274515267
 31
0.0
  0
LINE
  5
291
330
17
100
AcDbEntity
  8
0
 62
11
100
AcDbLine
 10
55.65658252391463
 20
-21.9879619857394
 30
0.0
 11
55.65786022845397
 21
-21.9879619857394
 31
0.0
  0
LINE
  5
292
330
17
100
AcDbEntity
  8
0
 62
11
100
AcDbLine
 10
55.6544519891133
 20
-21.98942597167218
 30
0.0
 11
55.65476217824018
 21
-21.98973616079923
 31
0.0
  0
LINE
  5
293
330
17
100
AcDbEntity
  8
0
 62
11
100
AcDbLine
 10
55.65476217824018
 20
-21.98973616079923
 30
0.0
 11
55.65476217824018
 21
-21.99101331502937
 31
0.0
  0
LINE
  5
294
330
17
100
AcDbEntity
  8
0
 62
11
100
AcDbLine
 10
55.65658252391463
 20
-21.9879619857394
 30
0.0
 11
55.65616536753119
 21
-21.98754482935613
 31
0.0
  0
LINE
  5
295
330
17
100
AcDbEntity
  8
0
 62
11
100
AcDbLine
 10
55.65786022845397
 20
-21.98430690065005
 30
0.0
 11
55.65786022845397
 21
-21.98425723893991
 31
0.0
  0
LINE
  5
296
330
17
100
AcDbEntity
  8
0
 62
11
100
AcDbLine
 10
55.60100130486679
 20
-21.98218751864363
 30
0.0
 11
55.59665951587547
 21
-21.98218751864363
 31
0.0
  0
ARC
  5
297
330
17
100
AcDbEntity
  8
0
 62
11
100
AcDbCircle
 10
55.60100130486679
 20
-21.98285852787138
 30
0.0
 40
0.0006710092277055
100
AcDbArc
 50
0.0
 51
90.0
  0
LINE
  5
298
330
17
100
AcDbEntity
  8
0
 62
11
100
AcDbLine
 10
55.59665951587547
 20
-21.98079307551951
 30
0.0
 11
55.59665951587547
 21
-21.98218751864363
 31
0.0
  0
LINE
  5
299
330
17
100
AcDbEntity
  8
0
 62
11
100
AcDbLine
 10
55.60167231409447
 20
-21.98285852787138
 30
0.0
 11
55.60167231409447
 21
-21.9880301489119
 31
0.0
  0
LINE
  5
29A
330
17
100
AcDbEntity
  8
0
 62
11
100
AcDbLine
 10
55.59885101085958
 20
-21.99120331616576
 30
0.0
 11
55.59143534601432
 21
-21.99263338715094
 31
0.0
  0
ARC
  5
29B
330
17
100
AcDbEntity
  8
0
 62
11
100
AcDbCircle
 10
55.59748446731824
 20
-21.98714749311387
 30
0.0
 40
0.0042798530207287
100
AcDbArc
 50
288.6204060325011
 51
348.09819142517
  0
LINE
  5
29C
330
17
100
AcDbEntity
  8
0
 62
11
100
AcDbLine
 10
55.5992284479158
 20
-21.99376631923463
 30
0.0
 11
55.59176377310128
 21
-21.9950579456903
 31
0.0
  0
LINE
  5
29D
330
17
100
AcDbEntity
  8
0
 62
11
100
AcDbLine
 10
55.58972223656414
 20
-21.98904624194677
 30
0.0
 11
55.58970621573067
 21
-21.99154980876245
 31
0.0
  0
LINE
  5
29E
330
17
100
AcDbEntity
  8
0
 62
11
100
AcDbLine
 10
55.58779224292706
 20
-21.98838584269414
 30
0.0
 11
55.58779224292706
 21
-21.9924587216691
 31
0.0
  0
ARC
  5
29F
330
17
100
AcDbEntity
  8
0
 62
11
100
AcDbCircle
 10
55.59081239361798
 20
-21.99217782595736
 30
0.0
 40
0.0030331852229574
100
AcDbArc
 50
185.3136327325163
 51
288.2797512859983
  0
ARC
  5
2A0
330
17
100
AcDbEntity
  8
0
 62
11
100
AcDbCircle
 10
55.59137885568835
 20
-21.99090434968514
 30
0.0
 40
0.001729960032713
100
AcDbArc
 50
194.9547320104361
 51
271.8712760275715
  0
ARC
  5
2A1
330
17
100
AcDbEntity
  8
0
 62
11
100
AcDbCircle
 10
55.58929777060958
 20
-21.98713635984189
 30
0.0
 40
0.001956481791744
100
AcDbArc
 50
282.5301716023083
 51
219.6903042478367
  0
ARC
  5
2A2
330
17
100
AcDbEntity
  8
0
 62
11
100
AcDbCircle
 10
55.59846099266493
 20
-21.99033907686192
 30
0.0
 40
0.0035121187113878
100
AcDbArc
 50
282.6219041794701
 51
317.0575327407265
  0
LINE
  5
2A3
330
17
100
AcDbEntity
  8
0
 62
11
100
AcDbLine
 10
55.65786022845397
 20
-21.98617274515267
 30
0.0
 11
55.65744255822047
 21
-21.98520343189114
 31
0.0
  0
LINE
  5
2A4
330
17
100
AcDbEntity
  8
0
 62
11
100
AcDbLine
 10
55.65744255822047
 20
-21.98520343189114
 30
0.0
 11
55.65744255822047
 21
-21.98492824816765
 31
0.0
  0
ARC
  5
2A5
330
17
100
AcDbEntity
  8
0
 62
11
100
AcDbCircle
 10
55.65811356744822
 20
-21.98492824816765
 30
0.0
 40
0.0006710092277055
100
AcDbArc
 50
90.0
 51
180.0
  0
LINE
  5
2A6
330
17
100
AcDbEntity
  8
0
 62
11
100
AcDbLine
 10
55.58771515343246
 20
-21.98908396522314
 30
0.0
 11
55.58771515343246
 21
-22.03230587865244
 31
0.0
  0
LINE
  5
2A7
330
17
100
AcDbEntity
  8
0
 62
11
100
AcDbLine
 10
55.58771515343246
 20
-22.03424389024565
 30
0.0
 11
55.58771515343246
 21
-22.03621541151518
 31
0.0
  0
LINE
  5
2A8
330
17
100
AcDbEntity
  8
0
 62
11
100
AcDbLine
 10
55.58771515343246
 20
-22.03815342310839
 30
0.0
 11
55.58771515343246
 21
-22.09631884494264
 31
0.0
  0
ARC
  5
2A9
330
17
100
AcDbEntity
  8
0
 62
11
100
AcDbCircle
 10
55.58995185085811
 20
-22.09631884494264
 30
0.0
 40
0.0022366974256851
100
AcDbArc
 50
180.0
 51
270.0
  0
ARC
  5
2AA
330
17
100
AcDbEntity
  8
0
 62
11
100
AcDbCircle
 10
55.58929777060958
 20
-21.98713635984189
 30
0.0
 40
0.0025095505276194
100
AcDbArc
 50
0.0
 51
233.1358850800095
  0
LINE
  5
2AB
330
17
100
AcDbEntity
  8
0
 62
11
100
AcDbLine
 10
55.59357352435355
 20
-21.98631912195413
 30
0.0
 11
55.59357352435355
 21
-21.98931999609261
 31
0.0
  0
LINE
  5
2AC
330
17
100
AcDbEntity
  8
0
 62
11
100
AcDbLine
 10
55.59075497739106
 20
-21.98367698351797
 30
0.0
 11
55.58615547692735
 21
-21.98367698351797
 31
0.0
  0
LINE
  5
2AD
330
17
100
AcDbEntity
  8
0
 62
11
100
AcDbLine
 10
55.59180732113722
 20
-21.98713635984189
 30
0.0
 11
55.59180732113722
 21
-21.9886489868651
 31
0.0
  0
ARC
  5
2AE
330
17
100
AcDbEntity
  8
0
 62
11
100
AcDbCircle
 10
55.5924783303649
 20
-21.9886489868651
 30
0.0
 40
0.0006710092277055
100
AcDbArc
 50
180.0
 51
270.0
  0
LINE
  5
2AF
330
17
100
AcDbEntity
  8
0
 62
11
100
AcDbLine
 10
55.59357352435355
 20
-21.98931999609261
 30
0.0
 11
55.5924783303649
 21
-21.98931999609261
 31
0.0
  0
ARC
  5
2B0
330
17
100
AcDbEntity
  8
0
 62
11
100
AcDbCircle
 10
55.59041449014998
 20
-21.98686464030823
 30
0.0
 40
0.0032057896646477
100
AcDbArc
 50
9.797506150824756
 51
83.90310992477953
  0
ARC
  5
2B1
330
17
100
AcDbEntity
  8
0
 62
11
100
AcDbCircle
 10
55.59109253463051
 20
-22.0352296508803
 30
0.0
 40
0.0021886351659999
100
AcDbArc
 50
206.769331549938
 51
329.1295463933884
  0
ARC
  5
2B2
330
17
100
AcDbEntity
  8
0
 62
11
100
AcDbCircle
 10
55.59109253463051
 20
-22.0352296508803
 30
0.0
 40
0.0021886351659999
100
AcDbArc
 50
30.87045360661168
 51
153.2306684500619
  0
LINE
  5
2B3
330
17
100
AcDbEntity
  8
0
 62
11
100
AcDbLine
 10
55.58913846199609
 20
-22.03424389024565
 30
0.0
 11
55.58771515343246
 21
-22.03424389024565
 31
0.0
  0
LINE
  5
2B4
330
17
100
AcDbEntity
  8
0
 62
11
100
AcDbLine
 10
55.58913846199609
 20
-22.03621541151518
 30
0.0
 11
55.58771515343246
 21
-22.03621541151518
 31
0.0
  0
ARC
  5
2B5
330
17
100
AcDbEntity
  8
0
 62
11
100
AcDbCircle
 10
55.59109253463051
 20
-22.0352296508803
 30
0.0
 40
0.0040598392246518
100
AcDbArc
 50
226.0684732614985
 51
329.1295463933884
  0
ARC
  5
2B6
330
17
100
AcDbEntity
  8
0
 62
11
100
AcDbCircle
 10
55.59109253463051
 20
-22.0352296508803
 30
0.0
 40
0.0040598392246518
100
AcDbArc
 50
30.87045360661168
 51
133.9315267385016
  0
LINE
  5
2B7
330
17
100
AcDbEntity
  8
0
 62
11
100
AcDbLine
 10
55.58827582547112
 20
-22.03230587865244
 30
0.0
 11
55.58771515343246
 21
-22.03230587865244
 31
0.0
  0
LINE
  5
2B8
330
17
100
AcDbEntity
  8
0
 62
11
100
AcDbLine
 10
55.58827582547112
 20
-22.03815342310839
 30
0.0
 11
55.58771515343246
 21
-22.03815342310839
 31
0.0
  0
LINE
  5
2B9
330
17
100
AcDbEntity
  8
0
 62
251
100
AcDbLine
 10
55.59297110501105
 20
-22.03635263672858
 30
0.0
 11
55.59457721487128
 21
-22.03731274908967
 31
0.0
  0
LINE
  5
2BA
330
17
100
AcDbEntity
  8
0
 62
251
100
AcDbLine
 10
55.59297110501105
 20
-22.03410666503226
 30
0.0
 11
55.59457721487128
 21
-22.03314655267116
 31
0.0
  0
LINE
  5
2BB
330
17
100
AcDbEntity
  8
0
 62
11
100
AcDbLine
 10
55.58995185085811
 20
-22.09855554236845
 30
0.0
 11
55.65336249981921
 21
-22.09855554236845
 31
0.0
  0
LINE
  5
2BC
330
17
100
AcDbEntity
  8
0
 62
11
100
AcDbLine
 10
55.65520834101365
 20
-22.09855554236845
 30
0.0
 11
55.657190876094
 21
-22.09855554236845
 31
0.0
  0
LINE
  5
2BD
330
17
100
AcDbEntity
  8
0
 62
11
100
AcDbLine
 10
55.65993595116943
 20
-22.09855554236845
 30
0.0
 11
55.67838592202948
 21
-22.09855554236845
 31
0.0
  0
LINE
  5
2BE
330
17
100
AcDbEntity
  8
0
 62
11
100
AcDbLine
 10
55.67838592202948
 20
-22.09855554236845
 30
0.0
 11
55.67838592202948
 21
-22.10078622810113
 31
0.0
  0
LINE
  5
2BF
330
17
100
AcDbEntity
  8
0
 62
251
100
AcDbLine
 10
55.67316536977588
 20
-22.09162692504322
 30
0.0
 11
55.67316536977588
 21
-22.09855554236845
 31
0.0
  0
LINE
  5
2C0
330
17
100
AcDbEntity
  8
0
 62
251
100
AcDbLine
 10
55.6710279666382
 20
-22.09373369092976
 30
0.0
 11
55.6710279666382
 21
-22.09855554236845
 31
0.0
  0
LINE
  5
2C1
330
17
100
AcDbEntity
  8
0
 62
11
100
AcDbLine
 10
55.65993595116943
 20
-22.09373369092976
 30
0.0
 11
55.65993595116943
 21
-22.09855554236845
 31
0.0
  0
LINE
  5
2C2
330
17
100
AcDbEntity
  8
0
 62
11
100
AcDbLine
 10
55.6710279666382
 20
-22.09373369092976
 30
0.0
 11
55.65993595116943
 21
-22.09373369092976
 31
0.0
  0
LINE
  5
2C3
330
17
100
AcDbEntity
  8
0
 62
11
100
AcDbLine
 10
55.6710279666382
 20
-22.09163304514175
 30
0.0
 11
55.65615718779846
 21
-22.09163304514175
 31
0.0
  0
LINE
  5
2C4
330
17
100
AcDbEntity
  8
0
 62
11
100
AcDbLine
 10
55.65615718779846
 20
-22.09163304514175
 30
0.0
 11
55.65615718779846
 21
-22.09280189756967
 31
0.0
  0
LINE
  5
2C5
330
17
100
AcDbEntity
  8
0
 62
11
100
AcDbLine
 10
55.657190876094
 20
-22.09721153218096
 30
0.0
 11
55.657190876094
 21
-22.09855554236845
 31
0.0
  0
LINE
  5
2C6
330
17
100
AcDbEntity
  8
0
 62
11
100
AcDbLine
 10
55.65520834101365
 20
-22.09718963579497
 30
0.0
 11
55.65520834101365
 21
-22.09855554236845
 31
0.0
  0
ARC
  5
2C7
330
17
100
AcDbEntity
  8
0
 62
11
100
AcDbCircle
 10
55.65610636902547
 20
-22.09513978406779
 30
0.0
 40
0.0023384387581881
100
AcDbArc
 50
297.6309054779593
 51
88.75475445401956
  0
ARC
  5
2C8
330
17
100
AcDbEntity
  8
0
 62
11
100
AcDbCircle
 10
55.65610636902547
 20
-22.09513978406779
 30
0.0
 40
0.0023384387581881
100
AcDbArc
 50
151.2515766674082
 51
247.4165349736642
  0
ARC
  5
2C9
330
17
100
AcDbEntity
  8
0
 62
11
100
AcDbCircle
 10
55.65610636902547
 20
-22.09513978406779
 30
0.0
 40
0.0038126138418317
100
AcDbArc
 50
151.2515766674082
 51
223.9717755391782
  0
LINE
  5
2CA
330
17
100
AcDbEntity
  8
0
 62
11
100
AcDbLine
 10
55.65405616624908
 20
-22.09401507770543
 30
0.0
 11
55.65276369799917
 21
-22.09330605161257
 31
0.0
  0
LINE
  5
2CB
330
17
100
AcDbEntity
  8
0
 62
11
100
AcDbLine
 10
55.65336249981921
 20
-22.09778689685084
 30
0.0
 11
55.65336249981921
 21
-22.09855554236845
 31
0.0
  0
LINE
  5
2CC
330
17
100
AcDbEntity
  8
0
 62
251
100
AcDbLine
 10
55.65781930620854
 20
-22.08873227639573
 30
0.0
 11
55.65781930620854
 21
-22.09163304514175
 31
0.0
  0
LINE
  5
2CD
330
17
100
AcDbEntity
  8
0
 62
251
100
AcDbLine
 10
55.65781930620854
 20
-22.08873227639573
 30
0.0
 11
55.67362652860722
 21
-22.088799253385
 31
0.0
  0
LINE
  5
2CE
330
17
100
AcDbEntity
  8
0
 62
251
100
AcDbLine
 10
55.67362652860722
 20
-22.088799253385
 30
0.0
 11
55.68167251850436
 21
-22.07503724018
 31
0.0
  0
LINE
  5
2CF
330
17
100
AcDbEntity
  8
0
 62
251
100
AcDbLine
 10
55.68167251850436
 20
-22.07503724018
 30
0.0
 11
55.68496212965217
 21
-22.07503724018
 31
0.0
  0
LINE
  5
2D0
330
17
100
AcDbEntity
  8
0
 62
251
100
AcDbLine
 10
55.67614558476506
 20
-22.09052525410664
 30
0.0
 11
55.68496212965217
 21
-22.07544526908181
 31
0.0
  0
ARC
  5
2D1
330
17
100
AcDbEntity
  8
0
 62
251
100
AcDbCircle
 10
55.67421468193603
 20
-22.08939634771617
 30
0.0
 40
0.0022366974256851
100
AcDbArc
 50
270.0
 51
329.6872190701471
  0
LINE
  5
2D2
330
17
100
AcDbEntity
  8
0
 62
251
100
AcDbLine
 10
55.68496212965217
 20
-22.07503724018
 30
0.0
 11
55.68496212965217
 21
-22.07544526908181
 31
0.0
  0
LWPOLYLINE
  5
2D3
330
17
100
AcDbEntity
  8
0
 62
251
100
AcDbPolyline
 90
4
 70
1
 10
55.6708018661653
 20
-22.08165254173708
 10
55.65997746752295
 20
-22.08165254173708
 10
55.65997746752295
 20
-22.08562341721894
 10
55.6708018661653
 20
-22.08562341721894
  0
LINE
  5
2D4
330
17
100
AcDbEntity
  8
0
 62
251
100
AcDbLine
 10
55.67155475920682
 20
-22.08699794941015
 30
0.0
 11
55.65922457448138
 21
-22.08699794941015
 31
0.0
  0
LINE
  5
2D5
330
17
100
AcDbEntity
  8
0
 62
251
100
AcDbLine
 10
55.67155475920682
 20
-22.08699794941015
 30
0.0
 11
55.67154716420926
 21
-22.0887904428829
 31
0.0
  0
LINE
  5
2D6
330
17
100
AcDbEntity
  8
0
 62
251
100
AcDbLine
 10
55.67001624238858
 20
-22.08562341721894
 30
0.0
 11
55.67001624238858
 21
-22.08699794941015
 31
0.0
  0
LINE
  5
2D7
330
17
100
AcDbEntity
  8
0
 62
251
100
AcDbLine
 10
55.65922457448138
 20
-22.08699794941015
 30
0.0
 11
55.65923216947899
 21
-22.0887904428829
 31
0.0
  0
LINE
  5
2D8
330
17
100
AcDbEntity
  8
0
 62
251
100
AcDbLine
 10
55.66076309129968
 20
-22.08562341721894
 30
0.0
 11
55.66076309129968
 21
-22.08699794941015
 31
0.0
  0
LINE
  5
2D9
330
17
100
AcDbEntity
  8
0
 62
251
100
AcDbLine
 10
55.72165922694793
 20
-22.00714816071184
 30
0.0
 11
55.72165922694793
 21
-22.05518112586004
 31
0.0
  0
LINE
  5
2DA
330
17
100
AcDbEntity
  8
0
 62
251
100
AcDbLine
 10
55.7196145034708
 20
-22.00714816071184
 30
0.0
 11
55.7196145034708
 21
-22.05518112586004
 31
0.0
  0
LINE
  5
2DB
330
17
100
AcDbEntity
  8
0
 62
251
100
AcDbLine
 10
55.72165922694793
 20
-22.00714816071184
 30
0.0
 11
55.7196145034708
 21
-22.00714816071184
 31
0.0
  0
LINE
  5
2DC
330
17
100
AcDbEntity
  8
0
 62
251
100
AcDbLine
 10
55.70352993115866
 20
-22.00714816071184
 30
0.0
 11
55.70148520768153
 21
-22.00714816071184
 31
0.0
  0
LINE
  5
2DD
330
17
100
AcDbEntity
  8
0
 62
251
100
AcDbLine
 10
55.70148520768153
 20
-22.00714816071184
 30
0.0
 11
55.70148520768153
 21
-22.05518112586004
 31
0.0
  0
LINE
  5
2DE
330
17
100
AcDbEntity
  8
0
 62
251
100
AcDbLine
 10
55.70352993115866
 20
-22.00714816071184
 30
0.0
 11
55.70352993115866
 21
-22.05518112586004
 31
0.0
  0
ARC
  5
2DF
330
17
100
AcDbEntity
  8
0
 62
251
100
AcDbCircle
 10
55.71157221731473
 20
-22.00093098494802
 30
0.0
 40
0.0101652172182545
100
AcDbArc
 50
217.7062019235277
 51
322.2937980764723
  0
LINE
  5
2E0
330
17
100
AcDbEntity
  8
0
 62
251
100
AcDbLine
 10
55.72418164689096
 20
-22.03116464328594
 30
0.0
 11
55.67479785825739
 21
-22.03116464328594
 31
0.0
  0
LINE
  5
2E1
330
17
100
AcDbEntity
  8
0
 62
251
100
AcDbLine
 10
55.72165922694793
 20
-22.05518112586004
 30
0.0
 11
55.7196145034708
 21
-22.05518112586004
 31
0.0
  0
LINE
  5
2E2
330
17
100
AcDbEntity
  8
0
 62
251
100
AcDbLine
 10
55.70352993115866
 20
-22.05518112586004
 30
0.0
 11
55.70148520768153
 21
-22.05518112586004
 31
0.0
  0
ARC
  5
2E3
330
17
100
AcDbEntity
  8
0
 62
251
100
AcDbCircle
 10
55.71157221731473
 20
-22.06139830162386
 30
0.0
 40
0.0101652172182545
100
AcDbArc
 50
37.70620192352772
 51
142.2937980764723
  0
LINE
  5
2E4
330
17
100
AcDbEntity
  8
0
 62
11
100
AcDbLine
 10
55.72915430689269
 20
-22.08423494737452
 30
0.0
 11
55.69616610103545
 21
-22.08423494737452
 31
0.0
  0
LINE
  5
2E5
330
17
100
AcDbEntity
  8
0
 62
11
100
AcDbLine
 10
55.72915430689269
 20
-22.08927571777384
 30
0.0
 11
55.69803359491615
 21
-22.08927571777384
 31
0.0
  0
LINE
  5
2E6
330
17
100
AcDbEntity
  8
0
 62
11
100
AcDbLine
 10
55.69392940360975
 20
-22.00578496277683
 30
0.0
 11
55.69392940360975
 21
-22.08199824994893
 31
0.0
  0
ARC
  5
2E7
330
17
100
AcDbEntity
  8
0
 62
11
100
AcDbCircle
 10
55.69616610103545
 20
-22.08199824994893
 30
0.0
 40
0.0022366974256851
100
AcDbArc
 50
180.0
 51
270.0
  0
LINE
  5
2E8
330
17
100
AcDbEntity
  8
0
 62
11
100
AcDbLine
 10
55.68908680521346
 20
-22.0043026765776
 30
0.0
 11
55.68908680521346
 21
-22.08032892807104
 31
0.0
  0
ARC
  5
2E9
330
17
100
AcDbEntity
  8
0
 62
11
100
AcDbCircle
 10
55.69803359491615
 20
-22.08032892807104
 30
0.0
 40
0.0089467897027404
100
AcDbArc
 50
180.0
 51
270.0
  0
LINE
  5
2EA
330
17
100
AcDbEntity
  8
0
 62
11
100
AcDbLine
 10
55.72915430689269
 20
-22.08423494737452
 30
0.0
 11
55.72915430689269
 21
-22.08927571777384
 31
0.0
  0
LINE
  5
2EB
330
17
100
AcDbEntity
  8
0
 62
11
100
AcDbLine
 10
55.65317688209759
 20
-21.99907487049985
 30
0.0
 11
55.6872193113327
 21
-21.99907487049985
 31
0.0
  0
ARC
  5
2EC
330
17
100
AcDbEntity
  8
0
 62
11
100
AcDbCircle
 10
55.6872193113327
 20
-22.00578496277683
 30
0.0
 40
0.0067100922770553
100
AcDbArc
 50
0.0
 51
90.0
  0
LINE
  5
2ED
330
17
100
AcDbEntity
  8
0
 62
11
100
AcDbLine
 10
55.68908680521346
 20
-22.0043026765776
 30
0.0
 11
55.65317688209759
 21
-22.0043026765776
 31
0.0
  0
LINE
  5
2EE
330
17
100
AcDbEntity
  8
0
 62
11
100
AcDbLine
 10
55.65317688209759
 20
-21.99907487049985
 30
0.0
 11
55.65317688209759
 21
-22.0043026765776
 31
0.0
  0
LWPOLYLINE
  5
2EF
330
17
100
AcDbEntity
  8
0
 62
251
100
AcDbPolyline
 90
4
 70
1
 10
55.71643471255273
 20
-22.09178343623092
 10
55.70219468943232
 20
-22.09178343623092
 10
55.70219468943232
 20
-22.09724072640154
 10
55.71643471255273
 20
-22.09724072640154
  0
LWPOLYLINE
  5
2F0
330
17
100
AcDbEntity
  8
0
 62
251
100
AcDbPolyline
 90
4
 70
1
 10
55.71309359356379
 20
-22.08927571777384
 10
55.70519351383856
 20
-22.08927571777384
 10
55.70519351383856
 20
-22.09724072640154
 10
55.71309359356379
 20
-22.09724072640154
  0
LWPOLYLINE
  5
2F1
330
17
100
AcDbEntity
  8
0
 62
251
100
AcDbPolyline
 90
4
 70
1
 10
55.71714307456775
 20
-22.0823763676948
 10
55.7013272388178
 20
-22.0823763676948
 10
55.7013272388178
 20
-22.08423494737452
 10
55.71714307456775
 20
-22.08423494737452
  0
LWPOLYLINE
  5
2F2
330
17
100
AcDbEntity
  8
0
 62
251
100
AcDbPolyline
 90
4
 70
1
 10
55.71526183249929
 20
-22.08042513863109
 10
55.70300623939655
 20
-22.08042513863109
 10
55.70300623939655
 20
-22.0823763676948
 10
55.71526183249929
 20
-22.0823763676948
  0
LWPOLYLINE
  5
2F3
330
17
100
AcDbEntity
  8
0
 62
251
100
AcDbPolyline
 90
10
 70
0
 10
55.69927605532714
 20
-22.06082100352194
 10
55.70944945687434
 20
-22.06082100352194
 10
55.70944945687434
 20
-22.05928171895164
 10
55.71420997003232
 20
-22.05928171895164
 10
55.71420997003232
 20
-22.06151521726236
 10
55.71485330124474
 20
-22.06233376842409
 10
55.71485330124474
 20
-22.0736150064771
 10
55.7167115456651
 20
-22.0736150064771
 10
55.7167115456651
 20
-22.08042513863109
 10
55.71526183249929
 20
-22.08042513863109
  0
LWPOLYLINE
  5
2F4
330
17
100
AcDbEntity
  8
0
 62
251
100
AcDbPolyline
 90
6
 70
0
 10
55.70300623939655
 20
-22.08042513863109
 10
55.70184240336206
 20
-22.08042513863109
 10
55.70184240336206
 20
-22.07686802928118
 10
55.69938320541794
 20
-22.07686802928118
 10
55.69938320541794
 20
-22.07890313844508
 10
55.69392940360975
 20
-22.07890313844508
  0
LINE
  5
2F5
330
17
100
AcDbEntity
  8
0
 62
251
100
AcDbLine
 10
55.70148520768153
 20
-22.04844834979861
 30
0.0
 11
55.69927605532714
 21
-22.04844834979861
 31
0.0
  0
LINE
  5
2F6
330
17
100
AcDbEntity
  8
0
 62
251
100
AcDbLine
 10
55.69927605532714
 20
-22.04844834979861
 30
0.0
 11
55.69927605532714
 21
-22.06082100352194
 31
0.0
  0
LWPOLYLINE
  5
2F7
330
17
100
AcDbEntity
  8
0
 62
251
100
AcDbPolyline
 90
4
 70
1
 10
55.70267066322795
 20
-22.018106079105
 10
55.69338193899792
 20
-22.018106079105
 10
55.69338193899792
 20
-22.02223336131932
 10
55.70267066322795
 20
-22.02223336131932
  0
LWPOLYLINE
  5
2F8
330
17
100
AcDbEntity
  8
0
 62
251
100
AcDbPolyline
 90
4
 70
1
 10
55.70540264600932
 20
-22.03116464328594
 10
55.70148520768153
 20
-22.03116464328594
 10
55.70148520768153
 20
-22.03613259050702
 10
55.70540264600932
 20
-22.03613259050702
  0
LINE
  5
2F9
330
17
100
AcDbEntity
  8
0
 62
251
100
AcDbLine
 10
55.69927605532714
 20
-22.018106079105
 30
0.0
 11
55.69927605532714
 21
-22.00697747741664
 31
0.0
  0
LINE
  5
2FA
330
17
100
AcDbEntity
  8
0
 62
251
100
AcDbLine
 10
55.69927605532714
 20
-22.00697747741664
 30
0.0
 11
55.69392940360975
 21
-22.00697747741664
 31
0.0
  0
LWPOLYLINE
  5
2FB
330
17
100
AcDbEntity
  8
0
 62
251
100
AcDbPolyline
 90
4
 70
1
 10
55.68318097472641
 20
-22.00655947491612
 10
55.65327137056194
 20
-22.00655947491612
 10
55.65327137056194
 20
-22.01019889691009
 10
55.68318097472641
 20
-22.01019889691009
  0
LWPOLYLINE
  5
2FC
330
17
100
AcDbEntity
  8
0
 62
251
100
AcDbPolyline
 90
4
 70
1
 10
55.68908680521346
 20
-22.01019889691009
 10
55.68742391160171
 20
-22.01019889691009
 10
55.68742391160171
 20
-22.02221417056911
 10
55.68908680521346
 20
-22.02221417056911
  0
LWPOLYLINE
  5
2FD
330
17
100
AcDbEntity
  8
0
 62
251
100
AcDbPolyline
 90
4
 70
1
 10
55.68742391160171
 20
-22.01165925793123
 10
55.68610038403314
 20
-22.01165925793123
 10
55.68610038403314
 20
-22.02079863032885
 10
55.68742391160171
 20
-22.02079863032885
  0
LWPOLYLINE
  5
2FE
330
17
100
AcDbEntity
  8
0
 62
251
100
AcDbPolyline
 90
5
 70
0
 10
55.6818219601503
 20
-22.01252678706568
 10
55.6818219601503
 20
-22.021814130272
 10
55.6857002077294
 20
-22.021814130272
 10
55.6857002077294
 20
-22.01048989307663
 10
55.68258909741936
 20
-22.01048989307663
  0
LINE
  5
2FF
330
17
100
AcDbEntity
  8
0
 62
11
100
AcDbLine
 10
55.68318967421125
 20
-21.99907487049985
 30
0.0
 11
55.68318967421125
 21
-22.0043026765776
 31
0.0
  0
LWPOLYLINE
  5
300
330
17
100
AcDbEntity
  8
0
 62
251
100
AcDbPolyline
 90
4
 70
1
 10
55.68074537736495
 20
-22.0043026765776
 10
55.67654955552151
 20
-22.0043026765776
 10
55.67654955552151
 20
-22.00655947491612
 10
55.68074537736495
 20
-22.00655947491612
  0
LWPOLYLINE
  5
301
330
17
100
AcDbEntity
  8
0
 62
251
100
AcDbPolyline
 90
4
 70
1
 10
55.66028212176027
 20
-22.0043026765776
 10
55.65629508755355
 20
-22.0043026765776
 10
55.65629508755355
 20
-22.00655947491612
 10
55.66028212176027
 20
-22.00655947491612
  0
LINE
  5
302
330
17
100
AcDbEntity
  8
0
 62
251
100
AcDbLine
 10
55.67926698173916
 20
-22.01278329364084
 30
0.0
 11
55.67926698173916
 21
-22.05803622655129
 31
0.0
  0
LINE
  5
303
330
17
100
AcDbEntity
  8
0
 62
251
100
AcDbLine
 10
55.67926698173916
 20
-22.05803622655129
 30
0.0
 11
55.67660580070585
 21
-22.05803622655129
 31
0.0
  0
LINE
  5
304
330
17
100
AcDbEntity
  8
0
 62
251
100
AcDbLine
 10
55.67660580070585
 20
-22.05803622655129
 30
0.0
 11
55.67660580070585
 21
-22.01297397259635
 31
0.0
  0
LINE
  5
305
330
17
100
AcDbEntity
  8
0
 62
251
100
AcDbLine
 10
55.65959658512625
 20
-22.01315371476688
 30
0.0
 11
55.65959658512625
 21
-22.05584750665788
 31
0.0
  0
LINE
  5
306
330
17
100
AcDbEntity
  8
0
 62
251
100
AcDbLine
 10
55.65959658512625
 20
-22.05584750665788
 30
0.0
 11
55.67660580070585
 21
-22.05584750665788
 31
0.0
  0
LINE
  5
307
330
17
100
AcDbEntity
  8
0
 62
251
100
AcDbLine
 10
55.67660580070585
 20
-22.05287145763999
 30
0.0
 11
55.65959658512625
 21
-22.05287145763999
 31
0.0
  0
LWPOLYLINE
  5
308
330
17
100
AcDbEntity
  8
0
 62
251
100
AcDbPolyline
 90
4
 70
1
 10
55.68908680521346
 20
-22.02416702264498
 10
55.68766372199692
 20
-22.02416702264498
 10
55.68766372199692
 20
-22.03830218975543
 10
55.68908680521346
 20
-22.03830218975543
  0
LWPOLYLINE
  5
309
330
17
100
AcDbEntity
  8
0
 62
251
100
AcDbPolyline
 90
4
 70
1
 10
55.68766372199692
 20
-22.02536625935216
 10
55.68259029654964
 20
-22.02536625935216
 10
55.68259029654964
 20
-22.03702431424007
 10
55.68766372199692
 20
-22.03702431424007
  0
LINE
  5
30A
330
17
100
AcDbEntity
  8
0
 62
251
100
AcDbLine
 10
55.68766372199692
 20
-22.0284134773425
 30
0.0
 11
55.68259029654964
 21
-22.0284134773425
 31
0.0
  0
LINE
  5
30B
330
17
100
AcDbEntity
  8
0
 62
251
100
AcDbLine
 10
55.68766372199692
 20
-22.03391580922938
 30
0.0
 11
55.68259029654964
 21
-22.03391580922938
 31
0.0
  0
LINE
  5
30C
330
17
100
AcDbEntity
  8
0
 62
251
100
AcDbLine
 10
55.68158466804922
 20
-22.02852442337269
 30
0.0
 11
55.68158466804922
 21
-22.03379439051549
 31
0.0
  0
LINE
  5
30D
330
17
100
AcDbEntity
  8
0
 62
251
100
AcDbLine
 10
55.68030137778228
 20
-22.02743885567441
 30
0.0
 11
55.67926698173916
 21
-22.02743885567441
 31
0.0
  0
ARC
  5
30E
330
17
100
AcDbEntity
  8
0
 62
251
100
AcDbCircle
 10
55.67991818368031
 20
-22.02919314039821
 30
0.0
 40
0.0017956482428854
100
AcDbArc
 50
21.86431363991685
 51
77.6782338950522
  0
LINE
  5
30F
330
17
100
AcDbEntity
  8
0
 62
251
100
AcDbLine
 10
55.68030137778228
 20
-22.03489043089747
 30
0.0
 11
55.67926698173916
 21
-22.03489043089747
 31
0.0
  0
ARC
  5
310
330
17
100
AcDbEntity
  8
0
 62
251
100
AcDbCircle
 10
55.67991818368031
 20
-22.03313614617344
 30
0.0
 40
0.0017956482428854
100
AcDbArc
 50
282.3217661049477
 51
338.1356863600831
  0
LINE
  5
311
330
17
100
AcDbEntity
  8
0
 62
251
100
AcDbLine
 10
55.68258909741936
 20
-22.01019889691009
 30
0.0
 11
55.68258909741936
 21
-22.01210836229996
 31
0.0
  0
LINE
  5
312
330
17
100
AcDbEntity
  8
0
 62
251
100
AcDbLine
 10
55.67450740127505
 20
-22.01210836229996
 30
0.0
 11
55.67450740127505
 21
-22.01019889691009
 31
0.0
  0
ARC
  5
313
330
17
100
AcDbEntity
  8
0
 62
251
100
AcDbCircle
 10
55.67854824934723
 20
-22.00561234213036
 30
0.0
 40
0.0076502765430742
100
AcDbArc
 50
238.1163303807225
 51
301.8836696192773
  0
LINE
  5
314
330
17
100
AcDbEntity
  8
0
 62
251
100
AcDbLine
 10
55.66235118674321
 20
-22.01019889691009
 30
0.0
 11
55.66235118674321
 21
-22.01210836229996
 31
0.0
  0
LINE
  5
315
330
17
100
AcDbEntity
  8
0
 62
251
100
AcDbLine
 10
55.65426949059891
 20
-22.01210836229996
 30
0.0
 11
55.65426949059891
 21
-22.01019889691009
 31
0.0
  0
ARC
  5
316
330
17
100
AcDbEntity
  8
0
 62
251
100
AcDbCircle
 10
55.65831033867109
 20
-22.00561234213036
 30
0.0
 40
0.0076502765430742
100
AcDbArc
 50
238.1163303807225
 51
301.8836696192773
  0
LINE
  5
317
330
17
100
AcDbEntity
  8
0
 62
251
100
AcDbLine
 10
55.65167391004646
 20
-21.99247616176593
 30
0.0
 11
55.65167391004652
 21
-22.0023445793346
 31
0.0
  0
LINE
  5
318
330
17
100
AcDbEntity
  8
0
 62
251
100
AcDbLine
 10
55.60169980948816
 20
-21.99273175563224
 30
0.0
 11
55.60169980948816
 21
-22.00234298239969
 31
0.0
  0
LINE
  5
319
330
17
100
AcDbEntity
  8
0
 62
251
100
AcDbLine
 10
55.65167391004652
 20
-21.99565110849551
 30
0.0
 11
55.60169980948816
 21
-21.99565110849551
 31
0.0
  0
LINE
  5
31A
330
17
100
AcDbEntity
  8
0
 62
251
100
AcDbLine
 10
55.65254154389921
 20
-22.0023445793346
 30
0.0
 11
55.60056981855771
 21
-22.0023445793346
 31
0.0
  0
LINE
  5
31B
330
17
100
AcDbEntity
  8
0
 62
251
100
AcDbLine
 10
55.60056981855771
 20
-22.0023445793346
 30
0.0
 11
55.60056981855771
 21
-22.00743069422573
 31
0.0
  0
LINE
  5
31C
330
17
100
AcDbEntity
  8
0
 62
251
100
AcDbLine
 10
55.60056981855771
 20
-22.00743069422573
 30
0.0
 11
55.65254154389921
 21
-22.00743069422573
 31
0.0
  0
LINE
  5
31D
330
17
100
AcDbEntity
  8
0
 62
251
100
AcDbLine
 10
55.65254154389921
 20
-22.00743069422573
 30
0.0
 11
55.65254154389921
 21
-22.0023445793346
 31
0.0
  0
LWPOLYLINE
  5
31E
330
17
100
AcDbEntity
  8
0
 62
251
100
AcDbPolyline
 90
6
 70
0
 10
55.64032201626602
 20
-22.05338646852227
 10
55.649592156809
 20
-22.05338646852227
 10
55.649592156809
 20
-22.00743069422573
 10
55.60547542888119
 20
-22.00743069422573
 10
55.60547542888119
 20
-22.05338646852227
 10
55.61541925973593
 20
-22.05338646852227
  0
LWPOLYLINE
  5
31F
330
17
100
AcDbEntity
  8
0
 62
251
100
AcDbPolyline
 90
4
 70
1
 10
55.65222812911744
 20
-22.02531110367671
 10
55.649592156809
 20
-22.02531110367671
 10
55.649592156809
 20
-22.03725918651493
 10
55.65222812911744
 20
-22.03725918651493
  0
LWPOLYLINE
  5
320
330
17
100
AcDbEntity
  8
0
 62
251
100
AcDbPolyline
 90
4
 70
1
 10
55.65959658512625
 20
-22.0263898741647
 10
55.65222812911744
 20
-22.0263898741647
 10
55.65222812911744
 20
-22.03628216944447
 10
55.65959658512625
 20
-22.03628216944447
  0
CIRCLE
  5
321
330
17
100
AcDbEntity
  8
0
 62
251
100
AcDbCircle
 10
55.62787063800097
 20
-22.05620123011375
 30
0.0
 40
0.0031027626628755
  0
ARC
  5
322
330
17
100
AcDbEntity
  8
0
 62
251
100
AcDbCircle
 10
55.62787063800097
 20
-22.05620123011375
 30
0.0
 40
0.0285197984611859
100
AcDbArc
 50
319.6472202844921
 51
40.39194084674072
  0
ARC
  5
323
330
17
100
AcDbEntity
  8
0
 62
251
100
AcDbCircle
 10
55.62787063800097
 20
-22.05620123011375
 30
0.0
 40
0.0285197984611859
100
AcDbArc
 50
141.7439273960956
 51
219.3492798582703
  0
LWPOLYLINE
  5
324
330
17
100
AcDbEntity
  8
0
 62
251
100
AcDbPolyline
 90
6
 70
0
 10
55.60799884604719
 20
-22.06924095041507
 10
55.6058164160195
 20
-22.06924095041507
 10
55.6058164160195
 20
-22.08514099744469
 10
55.64960478345803
 20
-22.08514099744469
 10
55.64960478345803
 20
-22.06924095041507
 10
55.64774242995476
 20
-22.06924095041507
  0
ARC
  5
325
330
17
100
AcDbEntity
  8
0
 62
251
100
AcDbCircle
 10
55.62787063800097
 20
-22.05620123011375
 30
0.0
 40
0.0090320436264963
100
AcDbArc
 50
10.33281524076216
 51
169.6671847592378
  0
LINE
  5
326
330
17
100
AcDbEntity
  8
0
 62
251
100
AcDbLine
 10
55.64408853167279
 20
-22.06536878526948
 30
0.0
 11
55.63899290161887
 21
-22.06536878526948
 31
0.0
  0
LINE
  5
327
330
17
100
AcDbEntity
  8
0
 62
251
100
AcDbLine
 10
55.63675620419317
 20
-22.05458119137496
 30
0.0
 11
55.63675620419317
 21
-22.06313208784389
 31
0.0
  0
ARC
  5
328
330
17
100
AcDbEntity
  8
0
 62
251
100
AcDbCircle
 10
55.63899290161887
 20
-22.06313208784389
 30
0.0
 40
0.0022366974256851
100
AcDbArc
 50
180.0
 51
270.0
  0
ARC
  5
329
330
17
100
AcDbEntity
  8
0
 62
251
100
AcDbCircle
 10
55.64195236831622
 20
-22.07104458694051
 30
0.0
 40
0.0060644800679678
100
AcDbArc
 50
17.30210307735957
 51
69.37550512130984
  0
LINE
  5
32A
330
17
100
AcDbEntity
  8
0
 62
251
100
AcDbLine
 10
55.61165274432911
 20
-22.06536878526948
 30
0.0
 11
55.61674837438308
 21
-22.06536878526948
 31
0.0
  0
LINE
  5
32B
330
17
100
AcDbEntity
  8
0
 62
251
100
AcDbLine
 10
55.61898507180878
 20
-22.05458119137496
 30
0.0
 11
55.61898507180878
 21
-22.06313208784389
 31
0.0
  0
ARC
  5
32C
330
17
100
AcDbEntity
  8
0
 62
251
100
AcDbCircle
 10
55.61674837438308
 20
-22.06313208784389
 30
0.0
 40
0.0022366974256851
100
AcDbArc
 50
270.0
 51
0.0
  0
ARC
  5
32D
330
17
100
AcDbEntity
  8
0
 62
251
100
AcDbCircle
 10
55.61378890768573
 20
-22.07104458694051
 30
0.0
 40
0.0060644800679678
100
AcDbArc
 50
110.6244948786901
 51
162.6978969226404
  0
ARC
  5
32E
330
17
100
AcDbEntity
  8
0
 62
251
100
AcDbCircle
 10
55.62787063800097
 20
-22.05620123011375
 30
0.0
 40
0.0127655671051252
100
AcDbArc
 50
318.2655268751382
 51
20.47470557343195
  0
ARC
  5
32F
330
17
100
AcDbEntity
  8
0
 62
251
100
AcDbCircle
 10
55.62787063800097
 20
-22.05620123011375
 30
0.0
 40
0.0127655671051252
100
AcDbArc
 50
119.5682778329326
 51
221.7344731544587
  0
LINE
  5
330
330
17
100
AcDbEntity
  8
0
 62
251
100
AcDbLine
 10
55.62787063800097
 20
-22.04509814489428
 30
0.0
 11
55.62157133628389
 21
-22.04509814489428
 31
0.0
  0
LINE
  5
331
330
17
100
AcDbEntity
  8
0
 62
251
100
AcDbLine
 10
55.63985461118224
 20
-22.05173591345977
 30
0.0
 11
55.63572167355365
 21
-22.05173591345977
 31
0.0
  0
LINE
  5
332
330
17
100
AcDbEntity
  8
0
 62
251
100
AcDbLine
 10
55.62787063800097
 20
-22.04716918648717
 30
0.0
 11
55.62787063800097
 21
-22.04259138333271
 31
0.0
  0
LINE
  5
333
330
17
100
AcDbEntity
  8
0
 62
251
100
AcDbLine
 10
55.649592156809
 20
-22.04259138333271
 30
0.0
 11
55.62787063800097
 21
-22.04259138333271
 31
0.0
  0
LINE
  5
334
330
17
100
AcDbEntity
  8
0
 62
251
100
AcDbLine
 10
55.64262744511855
 20
-22.06716220661509
 30
0.0
 11
55.61266248506907
 21
-22.06716220661509
 31
0.0
  0
LINE
  5
335
330
17
100
AcDbEntity
  8
0
 62
251
100
AcDbLine
 10
55.64262744511855
 20
-22.07324977860879
 30
0.0
 11
55.61266248506907
 21
-22.07324977860879
 31
0.0
  0
LINE
  5
336
330
17
100
AcDbEntity
  8
0
 62
251
100
AcDbLine
 10
55.61266248506907
 20
-22.07324977860879
 30
0.0
 11
55.61266248506907
 21
-22.06716220661509
 31
0.0
  0
CIRCLE
  5
337
330
17
100
AcDbEntity
  8
0
 62
251
100
AcDbCircle
 10
55.61266248506907
 20
-22.07020599261194
 30
0.0
 40
0.0021578275952441
  0
ARC
  5
338
330
17
100
AcDbEntity
  8
0
 62
251
100
AcDbCircle
 10
55.61266248506907
 20
-22.07020599261194
 30
0.0
 40
0.0030437859967858
100
AcDbArc
 50
90.0
 51
270.0
  0
CIRCLE
  5
339
330
17
100
AcDbEntity
  8
0
 62
251
100
AcDbCircle
 10
55.64262744511855
 20
-22.07020599261194
 30
0.0
 40
0.0021578275952441
  0
ARC
  5
33A
330
17
100
AcDbEntity
  8
0
 62
251
100
AcDbCircle
 10
55.64262744511855
 20
-22.07020599261194
 30
0.0
 40
0.0030437859967858
100
AcDbArc
 50
270.0
 51
90.0
  0
CIRCLE
  5
33B
330
17
100
AcDbEntity
  8
0
 62
251
100
AcDbCircle
 10
55.62768407273139
 20
-22.01330565079969
 30
0.0
 40
0.0020351888431972
  0
LINE
  5
33C
330
17
100
AcDbEntity
  8
0
 62
251
100
AcDbLine
 10
55.65524926557096
 20
-22.04821438739271
 30
0.0
 11
55.649592156809
 21
-22.04821438739271
 31
0.0
  0
LINE
  5
33D
330
17
100
AcDbEntity
  8
0
 62
251
100
AcDbLine
 10
55.60547542888119
 20
-22.04821438739271
 30
0.0
 11
55.60049201043099
 21
-22.04821438739271
 31
0.0
  0
LINE
  5
33E
330
17
100
AcDbEntity
  8
0-TEXTO DETALLE
 62
12
100
AcDbLine
 10
55.63066477919949
 20
-22.02972274210117
 30
0.0
 11
55.79889364022149
 21
-22.02972274210117
 31
0.0
  0
CIRCLE
  5
33F
330
17
100
AcDbEntity
  8
0-TEXTO DETALLE
100
AcDbCircle
 10
55.63066477919949
 20
-22.02972274210117
 30
0.0
 40
0.0008966570603802
  0
LINE
  5
340
330
17
100
AcDbEntity
  8
0
 62
11
100
AcDbLine
 10
55.6710279666382
 20
-22.09373369092976
 30
0.0
 11
55.6710279666382
 21
-22.09163304514175
 31
0.0
  0
LINE
  5
341
330
17
100
AcDbEntity
  8
0
 62
251
100
AcDbLine
 10
55.6710279666382
 20
-22.09163304514175
 30
0.0
 11
55.67421468193596
 21
-22.09163304514185
 31
0.0
  0
LINE
  5
342
330
17
100
AcDbEntity
  8
0
 62
4
100
AcDbLine
 10
55.74462251297195
 20
-21.97579307551951
 30
0.0
 11
55.51241176240407
 21
-21.97579307551951
 31
0.0
  0
LINE
  5
343
330
17
100
AcDbEntity
  8
0
 62
4
100
AcDbLine
 10
55.51241176240407
 20
-21.97579307551951
 30
0.0
 11
55.51241176240407
 21
-21.92579307551951
 31
0.0
  0
LINE
  5
344
330
17
100
AcDbEntity
  8
0
 62
4
100
AcDbLine
 10
55.74462251297195
 20
-21.97579307551951
 30
0.0
 11
55.74462251297195
 21
-21.92579307551951
 31
0.0
  0
LINE
  5
345
330
17
100
AcDbEntity
  8
0-TEXTO
 62
12
100
AcDbLine
 10
55.99091090546534
 20
-22.77268616824069
 30
0.0
 11
55.70998747926978
 21
-22.77268616824069
 31
0.0
  0
CIRCLE
  5
346
330
17
100
AcDbEntity
  8
0-TEXTO
100
AcDbCircle
 10
55.70998747926978
 20
-22.77268616824069
 30
0.0
 40
0.0143465129660836
  0
LWPOLYLINE
  5
347
330
17
100
AcDbEntity
  8
0
 62
11
100
AcDbPolyline
 90
4
 70
1
 10
49.9254359186807
 20
-21.96859892088637
 10
51.02793591868071
 20
-21.96859892088637
 10
51.02793591868071
 20
-24.42057947372224
 10
49.9254359186807
 20
-24.42057947372224
  0
LWPOLYLINE
  5
348
330
17
100
AcDbEntity
  8
0
 62
11
100
AcDbPolyline
 90
4
 70
1
 10
53.1029359186807
 20
-21.96859892088639
 10
54.2059359186807
 20
-21.96859892088639
 10
54.2059359186807
 20
-24.42057947372224
 10
53.1029359186807
 20
-24.42057947372224
  0
LWPOLYLINE
  5
349
330
17
100
AcDbEntity
  8
0
 62
8
100
AcDbPolyline
 90
4
 70
1
 10
51.07790104125026
 20
-22.13855719603758
 10
52.01547079611117
 20
-22.13855719603758
 10
52.01547079611117
 20
-24.35867578372711
 10
51.07790104125026
 20
-24.35867578372711
  0
LWPOLYLINE
  5
34A
330
17
100
AcDbEntity
  8
0
 62
8
100
AcDbPolyline
 90
4
 70
1
 10
52.11540104125026
 20
-22.13855719603757
 10
53.05297079611116
 20
-22.13855719603757
 10
53.05297079611116
 20
-24.35867578372711
 10
52.11540104125026
 20
-24.35867578372711
  0
LINE
  5
34B
330
17
100
AcDbEntity
  8
0-TEXTO
 62
12
100
AcDbLine
 10
54.54299853632425
 20
-22.52779745016418
 30
0.0
 11
52.59759505611667
 21
-22.52779745016418
 31
0.0
  0
CIRCLE
  5
34C
330
17
100
AcDbEntity
  8
0-TEXTO
100
AcDbCircle
 10
52.59759505611667
 20
-22.52779745016418
 30
0.0
 40
0.0143465129660836
  0
LINE
  5
34D
330
17
100
AcDbEntity
  8
0-TEXTO
 62
12
100
AcDbLine
 10
54.54299853632425
 20
-23.20467153486841
 30
0.0
 11
53.78568633270822
 21
-23.20467153486841
 31
0.0
  0
LINE
  5
34E
330
17
100
AcDbEntity
  8
0-TEXTO
 62
12
100
AcDbLine
 10
54.54299853632425
 20
-23.90699328227852
 30
0.0
 11
54.17398480835116
 21
-23.90699328227852
 31
0.0
  0
CIRCLE
  5
34F
330
17
100
AcDbEntity
  8
0-TEXTO
100
AcDbCircle
 10
54.17398480835116
 20
-23.90699328227852
 30
0.0
 40
0.0143465129660836
  0
CIRCLE
  5
350
330
17
100
AcDbEntity
  8
0-TEXTO
100
AcDbCircle
 10
53.78568633270822
 20
-23.20467153486841
 30
0.0
 40
0.0143465129660836
  0
LWPOLYLINE
  5
351
330
17
100
AcDbEntity
  8
0
 62
8
100
AcDbPolyline
 90
4
 70
1
 10
55.51980718253054
 20
-21.98079307551951
 10
55.68980718253055
 20
-21.98079307551951
 10
55.68980718253055
 20
-24.42057947372224
 10
55.51980718253054
 20
-24.42057947372224
  0
LINE
  5
352
330
17
100
AcDbEntity
  8
0-TEXTO DETALLE
 62
12
100
AcDbLine
 10
55.70014355370077
 20
-22.16772189724304
 30
0.0
 11
55.79889364022149
 21
-22.16772189724304
 31
0.0
  0
LINE
  5
353
330
17
100
AcDbEntity
  8
0
 62
11
100
AcDbLine
 10
55.72295756683208
 20
-24.36879615162255
 30
0.0
 11
55.72295756683196
 21
-22.1379888174369
 31
0.0
  0
LINE
  5
354
330
17
100
AcDbEntity
  8
0
 62
11
100
AcDbLine
 10
55.7199575668315
 20
-24.36879615162313
 30
0.0
 11
55.71995756683162
 21
-22.137988817437
 31
0.0
  0
LINE
  5
355
330
17
100
AcDbEntity
  8
0
 62
11
100
AcDbLine
 10
55.7169575668318
 20
-24.36879615162205
 30
0.0
 11
55.71695756683179
 21
-22.13798881743702
 31
0.0
  0
LINE
  5
356
330
17
100
AcDbEntity
  8
0
 62
11
100
AcDbLine
 10
55.70495756683179
 20
-24.368796151623
 30
0.0
 11
55.70495756683179
 21
-22.13798881743657
 31
0.0
  0
LINE
  5
357
330
17
100
AcDbEntity
  8
0
 62
11
100
AcDbLine
 10
55.7009575668315
 20
-24.36879615162329
 30
0.0
 11
55.7009575668316
 21
-22.13798881743637
 31
0.0
  0
LINE
  5
358
330
17
100
AcDbEntity
  8
0
 62
8
100
AcDbLine
 10
55.7004075668315
 20
-24.36929615162252
 30
0.0
 11
55.70040756683162
 21
-22.13748881743679
 31
0.0
  0
LINE
  5
359
330
17
100
AcDbEntity
  8
0
 62
11
100
AcDbLine
 10
55.69695756683208
 20
-24.36879615162236
 30
0.0
 11
55.69695756683195
 21
-22.13798881743685
 31
0.0
  0
LINE
  5
35A
330
17
100
AcDbEntity
  8
0
 62
11
100
AcDbLine
 10
55.70445756683201
 20
-22.13748881743679
 30
0.0
 11
55.70145756683201
 21
-22.13748881743679
 31
0.0
  0
LINE
  5
35B
330
17
100
AcDbEntity
  8
0
 62
11
100
AcDbLine
 10
55.70045756683202
 20
-22.13748881743679
 30
0.0
 11
55.69745756683202
 21
-22.13748881743679
 31
0.0
  0
LINE
  5
35C
330
17
100
AcDbEntity
  8
0
 62
11
100
AcDbLine
 10
55.69695756683195
 20
-22.13798881743685
 30
0.0
 11
55.69745756683202
 21
-22.13748881743679
 31
0.0
  0
LINE
  5
35D
330
17
100
AcDbEntity
  8
0
 62
11
100
AcDbLine
 10
55.70495756683201
 20
-22.13798881743679
 30
0.0
 11
55.70445756683201
 21
-22.13748881743679
 31
0.0
  0
LINE
  5
35E
330
17
100
AcDbEntity
  8
0
 62
11
100
AcDbLine
 10
55.70095756683201
 20
-22.13798881743679
 30
0.0
 11
55.70045756683202
 21
-22.13748881743679
 31
0.0
  0
LINE
  5
35F
330
17
100
AcDbEntity
  8
0
 62
11
100
AcDbLine
 10
55.70095756683201
 20
-22.13798881743679
 30
0.0
 11
55.70145756683201
 21
-22.13748881743679
 31
0.0
  0
LINE
  5
360
330
17
100
AcDbEntity
  8
0
 62
11
100
AcDbLine
 10
55.72245756683184
 20
-22.13748881743679
 30
0.0
 11
55.72045756683184
 21
-22.13748881743679
 31
0.0
  0
LINE
  5
361
330
17
100
AcDbEntity
  8
0
 62
11
100
AcDbLine
 10
55.71945756683184
 20
-22.13748881743679
 30
0.0
 11
55.71745756683185
 21
-22.13748881743679
 31
0.0
  0
LINE
  5
362
330
17
100
AcDbEntity
  8
0
 62
11
100
AcDbLine
 10
55.71995756683184
 20
-22.13798881743679
 30
0.0
 11
55.71945756683184
 21
-22.13748881743679
 31
0.0
  0
LINE
  5
363
330
17
100
AcDbEntity
  8
0
 62
11
100
AcDbLine
 10
55.71995756683162
 20
-22.137988817437
 30
0.0
 11
55.72045756683184
 21
-22.13748881743679
 31
0.0
  0
LINE
  5
364
330
17
100
AcDbEntity
  8
0
 62
8
100
AcDbLine
 10
55.71695756683184
 20
-22.13798881743679
 30
0.0
 11
55.71745756683185
 21
-22.13748881743679
 31
0.0
  0
LINE
  5
365
330
17
100
AcDbEntity
  8
0
 62
11
100
AcDbLine
 10
55.72295756683196
 20
-22.1379888174369
 30
0.0
 11
55.72245756683184
 21
-22.13748881743679
 31
0.0
  0
LINE
  5
366
330
17
100
AcDbEntity
  8
0
 62
8
100
AcDbLine
 10
55.70495756683201
 20
-22.15017431450327
 30
0.0
 11
55.71695756683201
 21
-22.15017431450327
 31
0.0
  0
LWPOLYLINE
  5
367
330
17
100
AcDbEntity
  8
0
 62
8
100
AcDbPolyline
 90
6
 70
1
 10
55.71595756683201
 20
-22.15017431450327
 10
55.70595756683202
 20
-22.15017431450327
 10
55.70595756683202
 20
-22.14517431450328
 10
55.70945756683201
 20
-22.14217431450328
 10
55.712457566832
 20
-22.14217431450328
 10
55.71595756683201
 20
-22.14517431450328
  0
LWPOLYLINE
  5
368
330
17
100
AcDbEntity
  8
0
 62
8
100
AcDbPolyline
 90
6
 70
1
 10
55.715457566832
 20
-22.14967431450328
 10
55.70645756683201
 20
-22.14967431450328
 10
55.70645756683201
 20
-22.14532570232214
 10
55.70972515871126
 20
-22.14267431450327
 10
55.71218997495277
 20
-22.14267431450327
 10
55.715457566832
 20
-22.14532570232214
  0
LINE
  5
369
330
17
100
AcDbEntity
  8
0
 62
11
100
AcDbLine
 10
55.71695756683179
 20
-22.13798881743702
 30
0.0
 11
55.71745756683202
 21
-22.13748881743679
 31
0.0
  0
ARC
  5
36A
330
17
100
AcDbEntity
  8
0
 62
8
100
AcDbCircle
 10
55.71095756683202
 20
-22.12579817126995
 30
0.0
 40
0.0133761432333217
100
AcDbArc
 50
240.9259378909825
 51
299.0740621090306
  0
LINE
  5
36B
330
17
100
AcDbEntity
  8
0
 62
8
100
AcDbLine
 10
55.71595756683201
 20
-22.14517431450328
 30
0.0
 11
55.71695756683201
 21
-22.14517431450328
 31
0.0
  0
LINE
  5
36C
330
17
100
AcDbEntity
  8
0-TEXTO DETALLE
 62
12
100
AcDbLine
 10
55.70962598164135
 20
-22.19168956588692
 30
0.0
 11
55.79889364022149
 21
-22.19168956588692
 31
0.0
  0
LINE
  5
36D
330
17
100
AcDbEntity
  8
0-TEXTO DETALLE
 62
12
100
AcDbLine
 10
55.71914355370079
 20
-22.24204420379021
 30
0.0
 11
55.79889364022149
 21
-22.24204420379022
 31
0.0
  0
CIRCLE
  5
36E
330
17
100
AcDbEntity
  8
0-TEXTO DETALLE
100
AcDbCircle
 10
55.70014355370077
 20
-22.16772189724304
 30
0.0
 40
0.0008966570603802
  0
CIRCLE
  5
36F
330
17
100
AcDbEntity
  8
0-TEXTO DETALLE
100
AcDbCircle
 10
55.70962598164135
 20
-22.19168956588692
 30
0.0
 40
0.0008966570603802
  0
CIRCLE
  5
370
330
17
100
AcDbEntity
  8
0-TEXTO DETALLE
100
AcDbCircle
 10
55.71914355370079
 20
-22.24204420379021
 30
0.0
 40
0.0008966570603802
  0
LWPOLYLINE
  5
371
330
17
100
AcDbEntity
  8
0
 62
8
100
AcDbPolyline
 90
6
 70
0
 10
54.96493042152796
 20
-24.17125251100689
 10
54.49471284337157
 20
-24.17125251100689
 10
54.49471284337157
 20
-24.41265573619959
 10
54.3886468261936
 20
-24.30658971902162
 10
54.49471284337157
 20
-24.41265573619959
 10
54.60431439445549
 20
-24.30305418511566
  0
LWPOLYLINE
  5
372
330
17
100
AcDbEntity
  8
0
 62
8
100
AcDbPolyline
 90
6
 70
0
 10
56.44880329262679
 20
-24.17917624852954
 10
55.9785857144704
 20
-24.17917624852954
 10
55.9785857144704
 20
-24.42057947372224
 10
55.87251969729243
 20
-24.31451345654427
 10
55.9785857144704
 20
-24.42057947372224
 10
56.08818726555433
 20
-24.31097792263831
  0
ENDSEC
  0
SECTION
  2
OBJECTS
  0
DICTIONARY
  5
A
330
0
100
AcDbDictionary
281
1
  3
ACAD_COLOR
350
B
  3
ACAD_GROUP
350
C
  3
ACAD_LAYOUT
350
D
  3
ACAD_MATERIAL
350
E
  3
ACAD_MLEADERSTYLE
350
F
  3
ACAD_MLINESTYLE
350
10
  3
ACAD_PLOTSETTINGS
350
11
  3
ACAD_PLOTSTYLENAME
350
12
  3
ACAD_SCALELIST
350
14
  3
ACAD_TABLESTYLE
350
15
  3
ACAD_VISUALSTYLE
350
16
  3
EZDXF_META
350
2D
  0
DICTIONARY
  5
B
330
A
100
AcDbDictionary
281
1
  0
DICTIONARY
  5
C
330
A
100
AcDbDictionary
281
1
  0
DICTIONARY
  5
D
330
A
100
AcDbDictionary
281
1
  3
Model
350
1A
  3
Layout1
350
1E
  0
DICTIONARY
  5
E
330
A
100
AcDbDictionary
281
1
  3
ByBlock
350
1F
  3
ByLayer
350
20
  3
Global
350
21
  0
DICTIONARY
  5
F
330
A
100
AcDbDictionary
281
1
  3
Standard
350
2C
  0
DICTIONARY
  5
10
330
A
100
AcDbDictionary
281
1
  3
Standard
350
22
  0
DICTIONARY
  5
11
330
A
100
AcDbDictionary
281
1
  0
ACDBDICTIONARYWDFLT
  5
12
330
A
100
AcDbDictionary
281
1
  3
Normal
350
13
100
AcDbDictionaryWithDefault
340
13
  0
ACDBPLACEHOLDER
  5
13
330
12
  0
DICTIONARY
  5
14
330
A
100
AcDbDictionary
281
1
  0
DICTIONARY
  5
15
330
A
100
AcDbDictionary
281
1
  0
DICTIONARY
  5
16
330
A
100
AcDbDictionary
281
1
  0
LAYOUT
  5
1A
330
D
100
AcDbPlotSettings
  1

  4
A3
  6

 40
7.5
 41
20.0
 42
7.5
 43
20.0
 44
420.0
 45
297.0
 46
0.0
 47
0.0
 48
0.0
 49
0.0
140
0.0
141
0.0
142
1.0
143
1.0
 70
1024
 72
1
 73
0
 74
5
  7

 75
16
 76
0
 77
2
 78
300
147
1.0
148
0.0
149
0.0
100
AcDbLayout
  1
Model
 70
1
 71
0
 10
0.0
 20
0.0
 11
420.0
 21
297.0
 12
0.0
 22
0.0
 32
0.0
 14
1e+20
 24
1e+20
 34
1e+20
 15
-1e+20
 25
-1e+20
 35
-1e+20
146
0.0
 13
0.0
 23
0.0
 33
0.0
 16
1.0
 26
0.0
 36
0.0
 17
0.0
 27
1.0
 37
0.0
 76
1
330
17
  0
LAYOUT
  5
1E
330
D
100
AcDbPlotSettings
  1

  4
A3
  6

 40
7.5
 41
20.0
 42
7.5
 43
20.0
 44
420.0
 45
297.0
 46
0.0
 47
0.0
 48
0.0
 49
0.0
140
0.0
141
0.0
142
1.0
143
1.0
 70
0
 72
1
 73
0
 74
5
  7

 75
16
 76
0
 77
2
 78
300
147
1.0
148
0.0
149
0.0
100
AcDbLayout
  1
Layout1
 70
1
 71
1
 10
0.0
 20
0.0
 11
420.0
 21
297.0
 12
0.0
 22
0.0
 32
0.0
 14
1e+20
 24
1e+20
 34
1e+20
 15
-1e+20
 25
-1e+20
 35
-1e+20
146
0.0
 13
0.0
 23
0.0
 33
0.0
 16
1.0
 26
0.0
 36
0.0
 17
0.0
 27
1.0
 37
0.0
 76
1
330
1B
  0
MATERIAL
  5
1F
102
{ACAD_REACTORS
330
E
102
}
330
E
100
AcDbMaterial
  1
ByBlock
  2

 70
0
 40
1.0
 71
1
 41
1.0
 91
-1023410177
 42
1.0
 72
1
  3

 73
1
 74
1
 75
1
 44
0.5
 73
0
 45
1.0
 46
1.0
 77
1
  4

 78
1
 79
1
170
1
 48
1.0
171
1
  6

172
1
173
1
174
1
140
1.0
141
1.0
175
1
  7

176
1
177
1
178
1
143
1.0
179
1
  8

270
1
271
1
272
1
145
1.0
146
1.0
273
1
  9

274
1
275
1
276
1
 42
1.0
 72
1
  3

 73
1
 74
1
 75
1
 94
63
  0
MATERIAL
  5
20
102
{ACAD_REACTORS
330
E
102
}
330
E
100
AcDbMaterial
  1
ByLayer
  2

 70
0
 40
1.0
 71
1
 41
1.0
 91
-1023410177
 42
1.0
 72
1
  3

 73
1
 74
1
 75
1
 44
0.5
 73
0
 45
1.0
 46
1.0
 77
1
  4

 78
1
 79
1
170
1
 48
1.0
171
1
  6

172
1
173
1
174
1
140
1.0
141
1.0
175
1
  7

176
1
177
1
178
1
143
1.0
179
1
  8

270
1
271
1
272
1
145
1.0
146
1.0
273
1
  9

274
1
275
1
276
1
 42
1.0
 72
1
  3

 73
1
 74
1
 75
1
 94
63
  0
MATERIAL
  5
21
102
{ACAD_REACTORS
330
E
102
}
330
E
100
AcDbMaterial
  1
Global
  2

 70
0
 40
1.0
 71
1
 41
1.0
 91
-1023410177
 42
1.0
 72
1
  3

 73
1
 74
1
 75
1
 44
0.5
 73
0
 45
1.0
 46
1.0
 77
1
  4

 78
1
 79
1
170
1
 48
1.0
171
1
  6

172
1
173
1
174
1
140
1.0
141
1.0
175
1
  7

176
1
177
1
178
1
143
1.0
179
1
  8

270
1
271
1
272
1
145
1.0
146
1.0
273
1
  9

274
1
275
1
276
1
 42
1.0
 72
1
  3

 73
1
 74
1
 75
1
 94
63
  0
MLINESTYLE
  5
22
102
{ACAD_REACTORS
330
10
102
}
330
10
100
AcDbMlineStyle
  2
Standard
 70
0
  3

 62
256
 51
90.0
 52
90.0
 71
2
 49
0.5
 62
256
  6
BYLAYER
 49
-0.5
 62
256
  6
BYLAYER
  0
MLEADERSTYLE
  5
2C
102
{ACAD_REACTORS
330
F
102
}
330
F
100
AcDbMLeaderStyle
179
2
170
2
171
1
172
0
 90
2
 40
0.0
 41
0.0
173
1
 91
-1056964608
 92
-2
290
1
 42
2.0
291
1
 43
8.0
  3
Standard
 44
4.0
300

342
29
174
1
175
1
176
0
178
1
 93
-1056964608
 45
4.0
292
0
297
0
 46
4.0
 94
-1056964608
 47
1.0
 49
1.0
140
1.0
294
1
141
0.0
177
0
142
1.0
295
0
296
0
143
3.75
271
0
272
9
273
9
  0
DICTIONARY
  5
2D
330
A
100
AcDbDictionary
280
1
281
1
  3
CREATED_BY_EZDXF
350
2E
  3
WRITTEN_BY_EZDXF
350
375
  0
DICTIONARYVAR
  5
2E
330
2D
100
DictionaryVariables
280
0
  1
1.4.4 @ 2026-10-03T07:35:31.959174+00:00
  0
DICTIONARYVAR
  5
375
330
2D
100
DictionaryVariables
280
0
  1
1.4.4 @ 2026-10-03T07:35:31.988877+00:00
  0
ENDSEC
  0
EOF
